model_bert,feature,feature_label,metric_label,metric_source_bert,class,layer,bert_mean,ci_low_bert,ci_high_bert,n_tokens_bert,source_csv_bert,model_gpt,metric_source_gpt,gpt_mean,ci_low_gpt,ci_high_gpt,n_tokens_gpt,source_csv_gpt,delta_gpt_minus_bert,abs_delta,ratio_gpt_to_bert
BERT,arity,Arity,IsoScore,iso,0,12,0.0128892306238412,0.0126115754246711,0.0132957678288221,30000,/home/ldomenichelli/linguistic_profiling_of_the_geometry_copy/geometric_profiling_of_a_neural_language_model/bert/tables_ARITY/arity_bootstrap/arity_raw_iso_bert-base-uncased.csv,GPT,iso,0.0017304703360423,0.0017198089044541,0.0017416373593732,30000,/home/ldomenichelli/linguistic_profiling_of_the_geometry_copy/geometric_profiling_of_a_neural_language_model/gpt2/tables_ARITY/arity_bootstrap/arity_raw_iso_gpt2.csv,-0.011158760287798901,0.011158760287798901,0.1342570698394868
BERT,arity,Arity,IsoScore,iso,1,12,0.0326408185064792,0.0317584425210952,0.0333397351205349,20239,/home/ldomenichelli/linguistic_profiling_of_the_geometry_copy/geometric_profiling_of_a_neural_language_model/bert/tables_ARITY/arity_bootstrap/arity_raw_iso_bert-base-uncased.csv,GPT,iso,0.001687592593953,0.0016732094809412,0.0017033274052664,20239,/home/ldomenichelli/linguistic_profiling_of_the_geometry_copy/geometric_profiling_of_a_neural_language_model/gpt2/tables_ARITY/arity_bootstrap/arity_raw_iso_gpt2.csv,-0.0309532259125262,0.0309532259125262,0.05170190795362601
BERT,arity,Arity,IsoScore,iso,2,12,0.0380358286201953,0.0371457785367965,0.0388606414198875,18037,/home/ldomenichelli/linguistic_profiling_of_the_geometry_copy/geometric_profiling_of_a_neural_language_model/bert/tables_ARITY/arity_bootstrap/arity_raw_iso_bert-base-uncased.csv,GPT,iso,0.0017230323283001,0.0017081501428037,0.0017374743474647,18037,/home/ldomenichelli/linguistic_profiling_of_the_geometry_copy/geometric_profiling_of_a_neural_language_model/gpt2/tables_ARITY/arity_bootstrap/arity_raw_iso_gpt2.csv,-0.0363127962918952,0.0363127962918952,0.045300244290859173
BERT,arity,Arity,IsoScore,iso,3,12,0.0357803851366043,0.0349651500582695,0.0366191789507865,13546,/home/ldomenichelli/linguistic_profiling_of_the_geometry_copy/geometric_profiling_of_a_neural_language_model/bert/tables_ARITY/arity_bootstrap/arity_raw_iso_bert-base-uncased.csv,GPT,iso,0.0016974139725789,0.0016818990698084,0.0017139635747298,13546,/home/ldomenichelli/linguistic_profiling_of_the_geometry_copy/geometric_profiling_of_a_neural_language_model/gpt2/tables_ARITY/arity_bootstrap/arity_raw_iso_gpt2.csv,-0.0340829711640254,0.0340829711640254,0.04743979043541372
BERT,arity,Arity,IsoScore,iso,4,12,0.0403220355510711,0.0396358668804168,0.0412342883646488,14030,/home/ldomenichelli/linguistic_profiling_of_the_geometry_copy/geometric_profiling_of_a_neural_language_model/bert/tables_ARITY/arity_bootstrap/arity_raw_iso_bert-base-uncased.csv,GPT,iso,0.001732358825393,0.0017079426907002,0.0017584124580025,14030,/home/ldomenichelli/linguistic_profiling_of_the_geometry_copy/geometric_profiling_of_a_neural_language_model/gpt2/tables_ARITY/arity_bootstrap/arity_raw_iso_gpt2.csv,-0.0385896767256781,0.0385896767256781,0.0429630796589827
BERT,arity,Arity,LID,pca99,0,12,702.9400024414062,702.0,703.0,30000,/home/ldomenichelli/linguistic_profiling_of_the_geometry_copy/geometric_profiling_of_a_neural_language_model/bert/tables_ARITY/arity_bootstrap/arity_raw_pca99_bert-base-uncased.csv,GPT,pca99,124.66000366210938,119.2249984741211,129.77499389648438,30000,/home/ldomenichelli/linguistic_profiling_of_the_geometry_copy/geometric_profiling_of_a_neural_language_model/gpt2/tables_ARITY/arity_bootstrap/arity_raw_pca99_gpt2.csv,-578.2799987792969,578.2799987792969,0.177340887172658
BERT,arity,Arity,LID,pca99,1,12,705.4400024414062,705.0,706.0,20239,/home/ldomenichelli/linguistic_profiling_of_the_geometry_copy/geometric_profiling_of_a_neural_language_model/bert/tables_ARITY/arity_bootstrap/arity_raw_pca99_bert-base-uncased.csv,GPT,pca99,191.97999572753903,185.2250061035156,204.5500030517578,20239,/home/ldomenichelli/linguistic_profiling_of_the_geometry_copy/geometric_profiling_of_a_neural_language_model/gpt2/tables_ARITY/arity_bootstrap/arity_raw_pca99_gpt2.csv,-513.4600067138672,513.4600067138672,0.2721422021194281
BERT,arity,Arity,LID,pca99,2,12,703.9600219726562,703.2249755859375,704.0,18037,/home/ldomenichelli/linguistic_profiling_of_the_geometry_copy/geometric_profiling_of_a_neural_language_model/bert/tables_ARITY/arity_bootstrap/arity_raw_pca99_bert-base-uncased.csv,GPT,pca99,192.8999938964844,185.0,202.5500030517578,18037,/home/ldomenichelli/linguistic_profiling_of_the_geometry_copy/geometric_profiling_of_a_neural_language_model/gpt2/tables_ARITY/arity_bootstrap/arity_raw_pca99_gpt2.csv,-511.0600280761719,511.0600280761719,0.2740212339841895
BERT,arity,Arity,LID,pca99,3,12,699.0,699.0,699.0,13546,/home/ldomenichelli/linguistic_profiling_of_the_geometry_copy/geometric_profiling_of_a_neural_language_model/bert/tables_ARITY/arity_bootstrap/arity_raw_pca99_bert-base-uncased.csv,GPT,pca99,168.6199951171875,161.4499969482422,176.0,13546,/home/ldomenichelli/linguistic_profiling_of_the_geometry_copy/geometric_profiling_of_a_neural_language_model/gpt2/tables_ARITY/arity_bootstrap/arity_raw_pca99_gpt2.csv,-530.3800048828125,530.3800048828125,0.24123032205606224
BERT,arity,Arity,LID,pca99,4,12,697.1799926757812,697.0,698.0,14030,/home/ldomenichelli/linguistic_profiling_of_the_geometry_copy/geometric_profiling_of_a_neural_language_model/bert/tables_ARITY/arity_bootstrap/arity_raw_pca99_bert-base-uncased.csv,GPT,pca99,180.1199951171875,169.0,190.7749938964844,14030,/home/ldomenichelli/linguistic_profiling_of_the_geometry_copy/geometric_profiling_of_a_neural_language_model/gpt2/tables_ARITY/arity_bootstrap/arity_raw_pca99_gpt2.csv,-517.0599975585938,517.0599975585938,0.2583550833492594
BERT,arity,Arity,NLID,gride,0,12,19.440401077270508,19.132673263549805,19.81858253479004,30000,/home/ldomenichelli/linguistic_profiling_of_the_geometry_copy/geometric_profiling_of_a_neural_language_model/bert/tables_ARITY/arity_bootstrap/arity_raw_gride_bert-base-uncased.csv,GPT,gride,7.176501274108887,7.029927730560303,7.310005187988281,30000,/home/ldomenichelli/linguistic_profiling_of_the_geometry_copy/geometric_profiling_of_a_neural_language_model/gpt2/tables_ARITY/arity_bootstrap/arity_raw_gride_gpt2.csv,-12.263899803161621,12.263899803161621,0.369153971956863
BERT,arity,Arity,NLID,gride,1,12,27.70027542114257,26.82968521118164,28.409421920776367,20239,/home/ldomenichelli/linguistic_profiling_of_the_geometry_copy/geometric_profiling_of_a_neural_language_model/bert/tables_ARITY/arity_bootstrap/arity_raw_gride_bert-base-uncased.csv,GPT,gride,8.665558815002441,8.503085136413574,8.812149047851562,20239,/home/ldomenichelli/linguistic_profiling_of_the_geometry_copy/geometric_profiling_of_a_neural_language_model/gpt2/tables_ARITY/arity_bootstrap/arity_raw_gride_gpt2.csv,-19.03471660614013,19.03471660614013,0.31283294780485643
BERT,arity,Arity,NLID,gride,2,12,28.740886688232425,28.175434112548828,29.27538299560547,18037,/home/ldomenichelli/linguistic_profiling_of_the_geometry_copy/geometric_profiling_of_a_neural_language_model/bert/tables_ARITY/arity_bootstrap/arity_raw_gride_bert-base-uncased.csv,GPT,gride,8.893715858459473,8.743228912353516,9.02765941619873,18037,/home/ldomenichelli/linguistic_profiling_of_the_geometry_copy/geometric_profiling_of_a_neural_language_model/gpt2/tables_ARITY/arity_bootstrap/arity_raw_gride_gpt2.csv,-19.847170829772953,19.847170829772953,0.30944472781700527
BERT,arity,Arity,NLID,gride,3,12,28.83230209350586,28.45959854125977,29.469858169555664,13546,/home/ldomenichelli/linguistic_profiling_of_the_geometry_copy/geometric_profiling_of_a_neural_language_model/bert/tables_ARITY/arity_bootstrap/arity_raw_gride_bert-base-uncased.csv,GPT,gride,9.102095603942873,8.81214714050293,9.3003568649292,13546,/home/ldomenichelli/linguistic_profiling_of_the_geometry_copy/geometric_profiling_of_a_neural_language_model/gpt2/tables_ARITY/arity_bootstrap/arity_raw_gride_gpt2.csv,-19.73020648956299,19.73020648956299,0.3156909071784807
BERT,arity,Arity,NLID,gride,4,12,28.36086082458496,27.849193572998047,28.93566131591797,14030,/home/ldomenichelli/linguistic_profiling_of_the_geometry_copy/geometric_profiling_of_a_neural_language_model/bert/tables_ARITY/arity_bootstrap/arity_raw_gride_bert-base-uncased.csv,GPT,gride,9.426331520080566,9.249678611755373,9.600001335144045,14030,/home/ldomenichelli/linguistic_profiling_of_the_geometry_copy/geometric_profiling_of_a_neural_language_model/gpt2/tables_ARITY/arity_bootstrap/arity_raw_gride_gpt2.csv,-18.934529304504395,18.934529304504395,0.3323711356430068
BERT,head_dist,Head distance,IsoScore,iso,-6,12,0.0044500795193016,0.0044017559848725,0.0045177126303315,19585,/home/ldomenichelli/linguistic_profiling_of_the_geometry_copy/geometric_profiling_of_a_neural_language_model/bert/tables_HEADDIST/headdist_bootstrap/headdist_raw_iso_bert-base-uncased.csv,GPT,iso,0.0016801336314529,0.001663759117946,0.0016973097808659,19585,/home/ldomenichelli/linguistic_profiling_of_the_geometry_copy/geometric_profiling_of_a_neural_language_model/gpt2_no_index/tables_HEADDIST_no_index/headdist_bootstrap/headdist_raw_iso_gpt2.csv,-0.0027699458878487,0.0027699458878487,0.37755137277110545
BERT,head_dist,Head distance,IsoScore,iso,-5,12,0.0117207765579223,0.0108813839033246,0.0126536386087536,4545,/home/ldomenichelli/linguistic_profiling_of_the_geometry_copy/geometric_profiling_of_a_neural_language_model/bert/tables_HEADDIST/headdist_bootstrap/headdist_raw_iso_bert-base-uncased.csv,GPT,iso,0.0017592769581824,0.001694678212516,0.0018135992577299,4545,/home/ldomenichelli/linguistic_profiling_of_the_geometry_copy/geometric_profiling_of_a_neural_language_model/gpt2_no_index/tables_HEADDIST_no_index/headdist_bootstrap/headdist_raw_iso_gpt2.csv,-0.0099614995997399,0.0099614995997399,0.15009901003472934
BERT,head_dist,Head distance,IsoScore,iso,-4,12,0.0166005548089742,0.0154218021780252,0.0179027374833822,6684,/home/ldomenichelli/linguistic_profiling_of_the_geometry_copy/geometric_profiling_of_a_neural_language_model/bert/tables_HEADDIST/headdist_bootstrap/headdist_raw_iso_bert-base-uncased.csv,GPT,iso,0.0017386669060215,0.0016939209308475,0.0017890760209411,6684,/home/ldomenichelli/linguistic_profiling_of_the_geometry_copy/geometric_profiling_of_a_neural_language_model/gpt2_no_index/tables_HEADDIST_no_index/headdist_bootstrap/headdist_raw_iso_gpt2.csv,-0.0148618879029527,0.0148618879029527,0.10473546974957626
BERT,head_dist,Head distance,IsoScore,iso,-3,12,0.0249901078641414,0.02320790104568,0.0270352195948362,10487,/home/ldomenichelli/linguistic_profiling_of_the_geometry_copy/geometric_profiling_of_a_neural_language_model/bert/tables_HEADDIST/headdist_bootstrap/headdist_raw_iso_bert-base-uncased.csv,GPT,iso,0.0017706109210848,0.0017372027505189,0.0017962199635803,10487,/home/ldomenichelli/linguistic_profiling_of_the_geometry_copy/geometric_profiling_of_a_neural_language_model/gpt2_no_index/tables_HEADDIST_no_index/headdist_bootstrap/headdist_raw_iso_gpt2.csv,-0.023219496943056597,0.023219496943056597,0.07085247213460293
BERT,head_dist,Head distance,IsoScore,iso,-2,12,0.0387647040188312,0.0380114428699016,0.0399167947471141,15690,/home/ldomenichelli/linguistic_profiling_of_the_geometry_copy/geometric_profiling_of_a_neural_language_model/bert/tables_HEADDIST/headdist_bootstrap/headdist_raw_iso_bert-base-uncased.csv,GPT,iso,0.001783144311048,0.0017624836182221,0.0018051551887765,15690,/home/ldomenichelli/linguistic_profiling_of_the_geometry_copy/geometric_profiling_of_a_neural_language_model/gpt2_no_index/tables_HEADDIST_no_index/headdist_bootstrap/headdist_raw_iso_gpt2.csv,-0.0369815597077832,0.0369815597077832,0.04599917260252472
BERT,head_dist,Head distance,IsoScore,iso,-1,12,0.011731319129467,0.0113042099401354,0.012131305411458,13038,/home/ldomenichelli/linguistic_profiling_of_the_geometry_copy/geometric_profiling_of_a_neural_language_model/bert/tables_HEADDIST/headdist_bootstrap/headdist_raw_iso_bert-base-uncased.csv,GPT,iso,0.001820936333388,0.0017834653845056,0.001861213822849,13038,/home/ldomenichelli/linguistic_profiling_of_the_geometry_copy/geometric_profiling_of_a_neural_language_model/gpt2_no_index/tables_HEADDIST_no_index/headdist_bootstrap/headdist_raw_iso_gpt2.csv,-0.009910382796079,0.009910382796079,0.1552200833761422
BERT,head_dist,Head distance,IsoScore,iso,1,12,0.030463745817542,0.0298214592039585,0.0310443695634603,57036,/home/ldomenichelli/linguistic_profiling_of_the_geometry_copy/geometric_profiling_of_a_neural_language_model/bert/tables_HEADDIST/headdist_bootstrap/headdist_raw_iso_bert-base-uncased.csv,GPT,iso,0.0018821635749191,0.001874865614809,0.0018894165987148,53836,/home/ldomenichelli/linguistic_profiling_of_the_geometry_copy/geometric_profiling_of_a_neural_language_model/gpt2_no_index/tables_HEADDIST_no_index/headdist_bootstrap/headdist_raw_iso_gpt2.csv,-0.0285815822426229,0.0285815822426229,0.0617837210890622
BERT,head_dist,Head distance,IsoScore,iso,2,12,0.0254697315394878,0.0248774103820323,0.0263205152004957,28588,/home/ldomenichelli/linguistic_profiling_of_the_geometry_copy/geometric_profiling_of_a_neural_language_model/bert/tables_HEADDIST/headdist_bootstrap/headdist_raw_iso_bert-base-uncased.csv,GPT,iso,0.0018797754310071,0.0018667849944904,0.0018925089389085,26199,/home/ldomenichelli/linguistic_profiling_of_the_geometry_copy/geometric_profiling_of_a_neural_language_model/gpt2_no_index/tables_HEADDIST_no_index/headdist_bootstrap/headdist_raw_iso_gpt2.csv,-0.0235899561084807,0.0235899561084807,0.07380428914583301
BERT,head_dist,Head distance,IsoScore,iso,3,12,0.021258158609271,0.0204940494149923,0.0219812449067831,13592,/home/ldomenichelli/linguistic_profiling_of_the_geometry_copy/geometric_profiling_of_a_neural_language_model/bert/tables_HEADDIST/headdist_bootstrap/headdist_raw_iso_bert-base-uncased.csv,GPT,iso,0.0018807011656463,0.0018654197920113,0.0019013339187949,12161,/home/ldomenichelli/linguistic_profiling_of_the_geometry_copy/geometric_profiling_of_a_neural_language_model/gpt2_no_index/tables_HEADDIST_no_index/headdist_bootstrap/headdist_raw_iso_gpt2.csv,-0.0193774574436247,0.0193774574436247,0.08846961772249165
BERT,head_dist,Head distance,IsoScore,iso,4,12,0.0182414334267377,0.0166604258120059,0.0197081081569194,6439,/home/ldomenichelli/linguistic_profiling_of_the_geometry_copy/geometric_profiling_of_a_neural_language_model/bert/tables_HEADDIST/headdist_bootstrap/headdist_raw_iso_bert-base-uncased.csv,GPT,iso,0.0018888446502387,0.0018453643424436,0.001928896876052,5719,/home/ldomenichelli/linguistic_profiling_of_the_geometry_copy/geometric_profiling_of_a_neural_language_model/gpt2_no_index/tables_HEADDIST_no_index/headdist_bootstrap/headdist_raw_iso_gpt2.csv,-0.016352588776499,0.016352588776499,0.10354694206597236
BERT,head_dist,Head distance,IsoScore,iso,5,12,0.0129754515364766,0.011902691796422,0.0144291091710329,3249,/home/ldomenichelli/linguistic_profiling_of_the_geometry_copy/geometric_profiling_of_a_neural_language_model/bert/tables_HEADDIST/headdist_bootstrap/headdist_raw_iso_bert-base-uncased.csv,GPT,iso,0.0019056174205616,0.0018512131646275,0.0019698448013514,2883,/home/ldomenichelli/linguistic_profiling_of_the_geometry_copy/geometric_profiling_of_a_neural_language_model/gpt2_no_index/tables_HEADDIST_no_index/headdist_bootstrap/headdist_raw_iso_gpt2.csv,-0.011069834115915,0.011069834115915,0.1468632837327107
BERT,head_dist,Head distance,IsoScore,iso,6,12,0.0149681977927684,0.0140445930883288,0.0159446820616722,5937,/home/ldomenichelli/linguistic_profiling_of_the_geometry_copy/geometric_profiling_of_a_neural_language_model/bert/tables_HEADDIST/headdist_bootstrap/headdist_raw_iso_bert-base-uncased.csv,GPT,iso,0.0017572661163285,0.0017268370138481,0.0017931243637576,5107,/home/ldomenichelli/linguistic_profiling_of_the_geometry_copy/geometric_profiling_of_a_neural_language_model/gpt2_no_index/tables_HEADDIST_no_index/headdist_bootstrap/headdist_raw_iso_gpt2.csv,-0.013210931676439901,0.013210931676439901,0.11739997965402953
BERT,head_dist,Head distance,LID,lpca99,-6,12,655.0,653.0,657.5250244140625,19585,/home/ldomenichelli/linguistic_profiling_of_the_geometry_copy/geometric_profiling_of_a_neural_language_model/bert/tables_HEADDIST/headdist_bootstrap/headdist_raw_lpca99_bert-base-uncased.csv,GPT,pca99,104.8000030517578,97.4499969482422,111.0,19585,/home/ldomenichelli/linguistic_profiling_of_the_geometry_copy/geometric_profiling_of_a_neural_language_model/gpt2_no_index/tables_HEADDIST_no_index/headdist_bootstrap/headdist_raw_pca99_gpt2.csv,-550.1999969482422,550.1999969482422,0.16000000465917222
BERT,head_dist,Head distance,LID,lpca99,-5,12,663.2000122070312,661.4749755859375,664.0,4545,/home/ldomenichelli/linguistic_profiling_of_the_geometry_copy/geometric_profiling_of_a_neural_language_model/bert/tables_HEADDIST/headdist_bootstrap/headdist_raw_lpca99_bert-base-uncased.csv,GPT,pca99,175.52000427246094,158.6750030517578,193.5500030517578,4545,/home/ldomenichelli/linguistic_profiling_of_the_geometry_copy/geometric_profiling_of_a_neural_language_model/gpt2_no_index/tables_HEADDIST_no_index/headdist_bootstrap/headdist_raw_pca99_gpt2.csv,-487.6800079345703,487.6800079345703,0.26465621387484056
BERT,head_dist,Head distance,LID,lpca99,-4,12,677.6500244140625,676.0,679.0,6684,/home/ldomenichelli/linguistic_profiling_of_the_geometry_copy/geometric_profiling_of_a_neural_language_model/bert/tables_HEADDIST/headdist_bootstrap/headdist_raw_lpca99_bert-base-uncased.csv,GPT,pca99,188.8999938964844,173.22500610351562,204.0,6684,/home/ldomenichelli/linguistic_profiling_of_the_geometry_copy/geometric_profiling_of_a_neural_language_model/gpt2_no_index/tables_HEADDIST_no_index/headdist_bootstrap/headdist_raw_pca99_gpt2.csv,-488.7500305175781,488.7500305175781,0.27875745162087
BERT,head_dist,Head distance,LID,lpca99,-3,12,684.9000244140625,684.0,685.5250244140625,10487,/home/ldomenichelli/linguistic_profiling_of_the_geometry_copy/geometric_profiling_of_a_neural_language_model/bert/tables_HEADDIST/headdist_bootstrap/headdist_raw_lpca99_bert-base-uncased.csv,GPT,pca99,209.5800018310547,198.4499969482422,217.0,10487,/home/ldomenichelli/linguistic_profiling_of_the_geometry_copy/geometric_profiling_of_a_neural_language_model/gpt2_no_index/tables_HEADDIST_no_index/headdist_bootstrap/headdist_raw_pca99_gpt2.csv,-475.3200225830078,475.3200225830078,0.30600086780600144
BERT,head_dist,Head distance,LID,lpca99,-2,12,689.4500122070312,689.0,690.0,15690,/home/ldomenichelli/linguistic_profiling_of_the_geometry_copy/geometric_profiling_of_a_neural_language_model/bert/tables_HEADDIST/headdist_bootstrap/headdist_raw_lpca99_bert-base-uncased.csv,GPT,pca99,227.16000366210932,218.2250061035156,234.0,15690,/home/ldomenichelli/linguistic_profiling_of_the_geometry_copy/geometric_profiling_of_a_neural_language_model/gpt2_no_index/tables_HEADDIST_no_index/headdist_bootstrap/headdist_raw_pca99_gpt2.csv,-462.29000854492193,462.29000854492193,0.3294800197840836
BERT,head_dist,Head distance,LID,lpca99,-1,12,677.3499755859375,676.4749755859375,678.0,13038,/home/ldomenichelli/linguistic_profiling_of_the_geometry_copy/geometric_profiling_of_a_neural_language_model/bert/tables_HEADDIST/headdist_bootstrap/headdist_raw_lpca99_bert-base-uncased.csv,GPT,pca99,174.72000122070312,163.22500610351562,188.1000061035156,13038,/home/ldomenichelli/linguistic_profiling_of_the_geometry_copy/geometric_profiling_of_a_neural_language_model/gpt2_no_index/tables_HEADDIST_no_index/headdist_bootstrap/headdist_raw_pca99_gpt2.csv,-502.6299743652344,502.6299743652344,0.25794641989846184
BERT,head_dist,Head distance,LID,lpca99,1,12,693.1500244140625,693.0,694.0,57036,/home/ldomenichelli/linguistic_profiling_of_the_geometry_copy/geometric_profiling_of_a_neural_language_model/bert/tables_HEADDIST/headdist_bootstrap/headdist_raw_lpca99_bert-base-uncased.csv,GPT,pca99,291.5400085449219,288.2250061035156,295.7749938964844,53836,/home/ldomenichelli/linguistic_profiling_of_the_geometry_copy/geometric_profiling_of_a_neural_language_model/gpt2_no_index/tables_HEADDIST_no_index/headdist_bootstrap/headdist_raw_pca99_gpt2.csv,-401.6100158691406,401.6100158691406,0.4206015988982589
BERT,head_dist,Head distance,LID,lpca99,2,12,688.3499755859375,688.0,689.0,28588,/home/ldomenichelli/linguistic_profiling_of_the_geometry_copy/geometric_profiling_of_a_neural_language_model/bert/tables_HEADDIST/headdist_bootstrap/headdist_raw_lpca99_bert-base-uncased.csv,GPT,pca99,242.77999877929688,238.0,247.0,26199,/home/ldomenichelli/linguistic_profiling_of_the_geometry_copy/geometric_profiling_of_a_neural_language_model/gpt2_no_index/tables_HEADDIST_no_index/headdist_bootstrap/headdist_raw_pca99_gpt2.csv,-445.5699768066406,445.5699768066406,0.3526984926129148
BERT,head_dist,Head distance,LID,lpca99,3,12,681.3499755859375,680.4749755859375,682.0,13592,/home/ldomenichelli/linguistic_profiling_of_the_geometry_copy/geometric_profiling_of_a_neural_language_model/bert/tables_HEADDIST/headdist_bootstrap/headdist_raw_lpca99_bert-base-uncased.csv,GPT,pca99,198.8800048828125,193.2250061035156,204.7749938964844,12161,/home/ldomenichelli/linguistic_profiling_of_the_geometry_copy/geometric_profiling_of_a_neural_language_model/gpt2_no_index/tables_HEADDIST_no_index/headdist_bootstrap/headdist_raw_pca99_gpt2.csv,-482.469970703125,482.469970703125,0.29189111617973207
BERT,head_dist,Head distance,LID,lpca99,4,12,669.0,668.0,670.0,6439,/home/ldomenichelli/linguistic_profiling_of_the_geometry_copy/geometric_profiling_of_a_neural_language_model/bert/tables_HEADDIST/headdist_bootstrap/headdist_raw_lpca99_bert-base-uncased.csv,GPT,pca99,165.1999969482422,153.4499969482422,175.0,5719,/home/ldomenichelli/linguistic_profiling_of_the_geometry_copy/geometric_profiling_of_a_neural_language_model/gpt2_no_index/tables_HEADDIST_no_index/headdist_bootstrap/headdist_raw_pca99_gpt2.csv,-503.8000030517578,503.8000030517578,0.24693572040095993
BERT,head_dist,Head distance,LID,lpca99,5,12,630.9500122070312,628.4749755859375,634.0499877929688,3249,/home/ldomenichelli/linguistic_profiling_of_the_geometry_copy/geometric_profiling_of_a_neural_language_model/bert/tables_HEADDIST/headdist_bootstrap/headdist_raw_lpca99_bert-base-uncased.csv,GPT,pca99,142.10000610351562,125.125,155.0,2883,/home/ldomenichelli/linguistic_profiling_of_the_geometry_copy/geometric_profiling_of_a_neural_language_model/gpt2_no_index/tables_HEADDIST_no_index/headdist_bootstrap/headdist_raw_pca99_gpt2.csv,-488.8500061035156,488.8500061035156,0.22521594952737536
BERT,head_dist,Head distance,LID,lpca99,6,12,664.4000244140625,663.0,665.0,5937,/home/ldomenichelli/linguistic_profiling_of_the_geometry_copy/geometric_profiling_of_a_neural_language_model/bert/tables_HEADDIST/headdist_bootstrap/headdist_raw_lpca99_bert-base-uncased.csv,GPT,pca99,119.68000030517578,112.0,129.5500030517578,5107,/home/ldomenichelli/linguistic_profiling_of_the_geometry_copy/geometric_profiling_of_a_neural_language_model/gpt2_no_index/tables_HEADDIST_no_index/headdist_bootstrap/headdist_raw_pca99_gpt2.csv,-544.7200241088867,544.7200241088867,0.18013244417129895
BERT,head_dist,Head distance,NLID,gride,-6,12,19.305774688720703,18.69178581237793,20.134361267089844,19585,/home/ldomenichelli/linguistic_profiling_of_the_geometry_copy/geometric_profiling_of_a_neural_language_model/bert/tables_HEADDIST/headdist_bootstrap/headdist_raw_gride_bert-base-uncased.csv,GPT,gride,7.471240043640137,7.350174903869629,7.5868821144104,19585,/home/ldomenichelli/linguistic_profiling_of_the_geometry_copy/geometric_profiling_of_a_neural_language_model/gpt2_no_index/tables_HEADDIST_no_index/headdist_bootstrap/headdist_raw_gride_gpt2.csv,-11.834534645080566,11.834534645080566,0.38699509157771167
BERT,head_dist,Head distance,NLID,gride,-5,12,22.811967849731445,21.241254806518555,24.34620475769043,4545,/home/ldomenichelli/linguistic_profiling_of_the_geometry_copy/geometric_profiling_of_a_neural_language_model/bert/tables_HEADDIST/headdist_bootstrap/headdist_raw_gride_bert-base-uncased.csv,GPT,gride,8.126812934875488,7.944160461425781,8.37896728515625,4545,/home/ldomenichelli/linguistic_profiling_of_the_geometry_copy/geometric_profiling_of_a_neural_language_model/gpt2_no_index/tables_HEADDIST_no_index/headdist_bootstrap/headdist_raw_gride_gpt2.csv,-14.685154914855957,14.685154914855957,0.3562521650218423
BERT,head_dist,Head distance,NLID,gride,-4,12,24.158823013305664,23.37862014770508,25.29532241821289,6684,/home/ldomenichelli/linguistic_profiling_of_the_geometry_copy/geometric_profiling_of_a_neural_language_model/bert/tables_HEADDIST/headdist_bootstrap/headdist_raw_gride_bert-base-uncased.csv,GPT,gride,8.70834732055664,8.515290260314941,8.88737964630127,6684,/home/ldomenichelli/linguistic_profiling_of_the_geometry_copy/geometric_profiling_of_a_neural_language_model/gpt2_no_index/tables_HEADDIST_no_index/headdist_bootstrap/headdist_raw_gride_gpt2.csv,-15.450475692749023,15.450475692749023,0.3604623998346463
BERT,head_dist,Head distance,NLID,gride,-3,12,26.038070678710938,24.8728141784668,26.64877891540528,10487,/home/ldomenichelli/linguistic_profiling_of_the_geometry_copy/geometric_profiling_of_a_neural_language_model/bert/tables_HEADDIST/headdist_bootstrap/headdist_raw_gride_bert-base-uncased.csv,GPT,gride,9.035741806030272,8.911847114562988,9.16817855834961,10487,/home/ldomenichelli/linguistic_profiling_of_the_geometry_copy/geometric_profiling_of_a_neural_language_model/gpt2_no_index/tables_HEADDIST_no_index/headdist_bootstrap/headdist_raw_gride_gpt2.csv,-17.002328872680664,17.002328872680664,0.34702040398937894
BERT,head_dist,Head distance,NLID,gride,-2,12,26.021108627319336,24.25906181335449,28.1646728515625,15690,/home/ldomenichelli/linguistic_profiling_of_the_geometry_copy/geometric_profiling_of_a_neural_language_model/bert/tables_HEADDIST/headdist_bootstrap/headdist_raw_gride_bert-base-uncased.csv,GPT,gride,9.164647102355955,8.973573684692383,9.373088836669922,15690,/home/ldomenichelli/linguistic_profiling_of_the_geometry_copy/geometric_profiling_of_a_neural_language_model/gpt2_no_index/tables_HEADDIST_no_index/headdist_bootstrap/headdist_raw_gride_gpt2.csv,-16.85646152496338,16.85646152496338,0.3522004859060491
BERT,head_dist,Head distance,NLID,gride,-1,12,16.36886215209961,15.744309425354004,16.921985626220703,13038,/home/ldomenichelli/linguistic_profiling_of_the_geometry_copy/geometric_profiling_of_a_neural_language_model/bert/tables_HEADDIST/headdist_bootstrap/headdist_raw_gride_bert-base-uncased.csv,GPT,gride,7.521896362304687,7.384600162506103,7.635350227355957,13038,/home/ldomenichelli/linguistic_profiling_of_the_geometry_copy/geometric_profiling_of_a_neural_language_model/gpt2_no_index/tables_HEADDIST_no_index/headdist_bootstrap/headdist_raw_gride_gpt2.csv,-8.846965789794922,8.846965789794922,0.45952469343386
BERT,head_dist,Head distance,NLID,gride,1,12,22.720632553100582,22.08418083190918,23.179702758789062,57036,/home/ldomenichelli/linguistic_profiling_of_the_geometry_copy/geometric_profiling_of_a_neural_language_model/bert/tables_HEADDIST/headdist_bootstrap/headdist_raw_gride_bert-base-uncased.csv,GPT,gride,8.801522254943848,8.686274528503418,8.91153335571289,53836,/home/ldomenichelli/linguistic_profiling_of_the_geometry_copy/geometric_profiling_of_a_neural_language_model/gpt2_no_index/tables_HEADDIST_no_index/headdist_bootstrap/headdist_raw_gride_gpt2.csv,-13.919110298156735,13.919110298156735,0.3873801591735501
BERT,head_dist,Head distance,NLID,gride,2,12,20.46615219116211,19.96623420715332,20.75474548339844,28588,/home/ldomenichelli/linguistic_profiling_of_the_geometry_copy/geometric_profiling_of_a_neural_language_model/bert/tables_HEADDIST/headdist_bootstrap/headdist_raw_gride_bert-base-uncased.csv,GPT,gride,8.095785140991211,7.99323844909668,8.19990062713623,26199,/home/ldomenichelli/linguistic_profiling_of_the_geometry_copy/geometric_profiling_of_a_neural_language_model/gpt2_no_index/tables_HEADDIST_no_index/headdist_bootstrap/headdist_raw_gride_gpt2.csv,-12.370367050170898,12.370367050170898,0.39556947810088167
BERT,head_dist,Head distance,NLID,gride,3,12,18.408180236816406,17.86743927001953,18.82401466369629,13592,/home/ldomenichelli/linguistic_profiling_of_the_geometry_copy/geometric_profiling_of_a_neural_language_model/bert/tables_HEADDIST/headdist_bootstrap/headdist_raw_gride_bert-base-uncased.csv,GPT,gride,7.680712699890137,7.563506603240967,7.803800106048584,12161,/home/ldomenichelli/linguistic_profiling_of_the_geometry_copy/geometric_profiling_of_a_neural_language_model/gpt2_no_index/tables_HEADDIST_no_index/headdist_bootstrap/headdist_raw_gride_gpt2.csv,-10.72746753692627,10.72746753692627,0.4172445402576346
BERT,head_dist,Head distance,NLID,gride,4,12,17.085582733154297,16.485820770263672,17.742700576782227,6439,/home/ldomenichelli/linguistic_profiling_of_the_geometry_copy/geometric_profiling_of_a_neural_language_model/bert/tables_HEADDIST/headdist_bootstrap/headdist_raw_gride_bert-base-uncased.csv,GPT,gride,7.350656986236572,7.220273971557617,7.51005744934082,5719,/home/ldomenichelli/linguistic_profiling_of_the_geometry_copy/geometric_profiling_of_a_neural_language_model/gpt2_no_index/tables_HEADDIST_no_index/headdist_bootstrap/headdist_raw_gride_gpt2.csv,-9.734925746917725,9.734925746917725,0.4302257114106352
BERT,head_dist,Head distance,NLID,gride,5,12,17.687402725219727,16.901836395263672,18.16252517700196,3249,/home/ldomenichelli/linguistic_profiling_of_the_geometry_copy/geometric_profiling_of_a_neural_language_model/bert/tables_HEADDIST/headdist_bootstrap/headdist_raw_gride_bert-base-uncased.csv,GPT,gride,6.504012107849121,6.344173431396484,6.650516986846924,2883,/home/ldomenichelli/linguistic_profiling_of_the_geometry_copy/geometric_profiling_of_a_neural_language_model/gpt2_no_index/tables_HEADDIST_no_index/headdist_bootstrap/headdist_raw_gride_gpt2.csv,-11.183390617370605,11.183390617370605,0.367720021355952
BERT,head_dist,Head distance,NLID,gride,6,12,18.936674118041992,18.09608459472656,19.659683227539062,5937,/home/ldomenichelli/linguistic_profiling_of_the_geometry_copy/geometric_profiling_of_a_neural_language_model/bert/tables_HEADDIST/headdist_bootstrap/headdist_raw_gride_bert-base-uncased.csv,GPT,gride,7.515393733978271,7.369228839874268,7.669981956481934,5107,/home/ldomenichelli/linguistic_profiling_of_the_geometry_copy/geometric_profiling_of_a_neural_language_model/gpt2_no_index/tables_HEADDIST_no_index/headdist_bootstrap/headdist_raw_gride_gpt2.csv,-11.42128038406372,11.42128038406372,0.3968697822611812
BERT,index,Index,IsoScore,iso,1,12,0.0115152979269623,0.0113222058862447,0.0117313852533698,10067,/home/ldomenichelli/linguistic_profiling_of_the_geometry_copy/geometric_profiling_of_a_neural_language_model/bert/tables_INDEX/index_bootstrap/index_raw_iso_bert-base-uncased.csv,GPT,iso,0.0014028240693733,0.0013980688527226,0.0014080017572268,10067,/home/ldomenichelli/linguistic_profiling_of_the_geometry_copy/geometric_profiling_of_a_neural_language_model/gpt2/tables_INDEX/index_bootstrap/index_raw_iso_gpt2.csv,-0.010112473857589,0.010112473857589,0.12182264655859935
BERT,index,Index,IsoScore,iso,2,12,0.0251786336302757,0.0245481692254543,0.0257651749998331,9647,/home/ldomenichelli/linguistic_profiling_of_the_geometry_copy/geometric_profiling_of_a_neural_language_model/bert/tables_INDEX/index_bootstrap/index_raw_iso_bert-base-uncased.csv,GPT,iso,0.0016930325655266,0.0016815472627058,0.0017063869163393,9647,/home/ldomenichelli/linguistic_profiling_of_the_geometry_copy/geometric_profiling_of_a_neural_language_model/gpt2/tables_INDEX/index_bootstrap/index_raw_iso_gpt2.csv,-0.023485601064749097,0.023485601064749097,0.0672408435813942
BERT,index,Index,IsoScore,iso,3,12,0.0312644802033901,0.0306087564677,0.0321681089699268,9800,/home/ldomenichelli/linguistic_profiling_of_the_geometry_copy/geometric_profiling_of_a_neural_language_model/bert/tables_INDEX/index_bootstrap/index_raw_iso_bert-base-uncased.csv,GPT,iso,0.0018139770254492,0.0017984003061428,0.0018290547886863,9800,/home/ldomenichelli/linguistic_profiling_of_the_geometry_copy/geometric_profiling_of_a_neural_language_model/gpt2/tables_INDEX/index_bootstrap/index_raw_iso_gpt2.csv,-0.0294505031779409,0.0294505031779409,0.05802038011342038
BERT,index,Index,IsoScore,iso,4,12,0.0340469926595687,0.0330538302659988,0.034976489841938,9932,/home/ldomenichelli/linguistic_profiling_of_the_geometry_copy/geometric_profiling_of_a_neural_language_model/bert/tables_INDEX/index_bootstrap/index_raw_iso_bert-base-uncased.csv,GPT,iso,0.0018913079984486,0.0018716568592935,0.0019133907044306,9932,/home/ldomenichelli/linguistic_profiling_of_the_geometry_copy/geometric_profiling_of_a_neural_language_model/gpt2/tables_INDEX/index_bootstrap/index_raw_iso_gpt2.csv,-0.03215568466112011,0.03215568466112011,0.05554992822301617
BERT,index,Index,IsoScore,iso,5,12,0.0346627607941627,0.0339299775660038,0.0352411344647407,9948,/home/ldomenichelli/linguistic_profiling_of_the_geometry_copy/geometric_profiling_of_a_neural_language_model/bert/tables_INDEX/index_bootstrap/index_raw_iso_bert-base-uncased.csv,GPT,iso,0.0019425796344876,0.0019149460131302,0.001965814968571,9948,/home/ldomenichelli/linguistic_profiling_of_the_geometry_copy/geometric_profiling_of_a_neural_language_model/gpt2/tables_INDEX/index_bootstrap/index_raw_iso_gpt2.csv,-0.0327201811596751,0.0327201811596751,0.05604226524318673
BERT,index,Index,IsoScore,iso,6,12,0.0323834531009197,0.029200006276369,0.0348968766629695,9972,/home/ldomenichelli/linguistic_profiling_of_the_geometry_copy/geometric_profiling_of_a_neural_language_model/bert/tables_INDEX/index_bootstrap/index_raw_iso_bert-base-uncased.csv,GPT,iso,0.0019855389837175,0.0019569639116525,0.0020182016305625,9972,/home/ldomenichelli/linguistic_profiling_of_the_geometry_copy/geometric_profiling_of_a_neural_language_model/gpt2/tables_INDEX/index_bootstrap/index_raw_iso_gpt2.csv,-0.030397914117202204,0.030397914117202204,0.06131338055672358
BERT,index,Index,IsoScore,iso,7,12,0.0251320861279964,0.0231787841767072,0.0272736065089702,9559,/home/ldomenichelli/linguistic_profiling_of_the_geometry_copy/geometric_profiling_of_a_neural_language_model/bert/tables_INDEX/index_bootstrap/index_raw_iso_bert-base-uncased.csv,GPT,iso,0.0020380152855068,0.0020065754652023,0.0020762893836945,9559,/home/ldomenichelli/linguistic_profiling_of_the_geometry_copy/geometric_profiling_of_a_neural_language_model/gpt2/tables_INDEX/index_bootstrap/index_raw_iso_gpt2.csv,-0.0230940708424896,0.0230940708424896,0.08109216541465339
BERT,index,Index,IsoScore,iso,8,12,0.0219798143953084,0.0204249862581491,0.0239750426262617,9142,/home/ldomenichelli/linguistic_profiling_of_the_geometry_copy/geometric_profiling_of_a_neural_language_model/bert/tables_INDEX/index_bootstrap/index_raw_iso_bert-base-uncased.csv,GPT,iso,0.0020195471588522,0.0019945867825299,0.0020493138581514,9142,/home/ldomenichelli/linguistic_profiling_of_the_geometry_copy/geometric_profiling_of_a_neural_language_model/gpt2/tables_INDEX/index_bootstrap/index_raw_iso_gpt2.csv,-0.019960267236456202,0.019960267236456202,0.09188190230047043
BERT,index,Index,IsoScore,iso,9,12,0.0194500107318162,0.0179394297301769,0.0209953468292951,8704,/home/ldomenichelli/linguistic_profiling_of_the_geometry_copy/geometric_profiling_of_a_neural_language_model/bert/tables_INDEX/index_bootstrap/index_raw_iso_bert-base-uncased.csv,GPT,iso,0.0020104201976209,0.0019721158314496,0.002048208611086,8704,/home/ldomenichelli/linguistic_profiling_of_the_geometry_copy/geometric_profiling_of_a_neural_language_model/gpt2/tables_INDEX/index_bootstrap/index_raw_iso_gpt2.csv,-0.0174395905341953,0.0174395905341953,0.1033634492721522
BERT,index,Index,IsoScore,iso,10,12,0.0127838216722011,0.0125945163890719,0.0129572600126266,108145,/home/ldomenichelli/linguistic_profiling_of_the_geometry_copy/geometric_profiling_of_a_neural_language_model/bert/tables_INDEX/index_bootstrap/index_raw_iso_bert-base-uncased.csv,GPT,iso,0.0018673327285796,0.0018518122378736,0.0018782711122184,108145,/home/ldomenichelli/linguistic_profiling_of_the_geometry_copy/geometric_profiling_of_a_neural_language_model/gpt2/tables_INDEX/index_bootstrap/index_raw_iso_gpt2.csv,-0.010916488943621499,0.010916488943621499,0.14606999193677625
BERT,index,Index,LID,lpca99,1,12,655.5499877929688,655.0,656.5250244140625,10067,/home/ldomenichelli/linguistic_profiling_of_the_geometry_copy/geometric_profiling_of_a_neural_language_model/bert/tables_INDEX/index_bootstrap/index_raw_lpca99_bert-base-uncased.csv,GPT,lpca99,6.599999904632568,6.0,7.0,10067,/home/ldomenichelli/linguistic_profiling_of_the_geometry_copy/geometric_profiling_of_a_neural_language_model/gpt2/tables_INDEX/index_bootstrap/index_raw_lpca99_gpt2.csv,-648.9499878883362,648.9499878883362,0.010067881973200394
BERT,index,Index,LID,lpca99,2,12,675.25,675.0,676.0,9647,/home/ldomenichelli/linguistic_profiling_of_the_geometry_copy/geometric_profiling_of_a_neural_language_model/bert/tables_INDEX/index_bootstrap/index_raw_lpca99_bert-base-uncased.csv,GPT,lpca99,69.30000305175781,66.0,73.5250015258789,9647,/home/ldomenichelli/linguistic_profiling_of_the_geometry_copy/geometric_profiling_of_a_neural_language_model/gpt2/tables_INDEX/index_bootstrap/index_raw_lpca99_gpt2.csv,-605.9499969482422,605.9499969482422,0.1026286605727624
BERT,index,Index,LID,lpca99,3,12,682.2000122070312,681.4749755859375,683.0,9800,/home/ldomenichelli/linguistic_profiling_of_the_geometry_copy/geometric_profiling_of_a_neural_language_model/bert/tables_INDEX/index_bootstrap/index_raw_lpca99_bert-base-uncased.csv,GPT,lpca99,155.9499969482422,148.89999389648438,160.0,9800,/home/ldomenichelli/linguistic_profiling_of_the_geometry_copy/geometric_profiling_of_a_neural_language_model/gpt2/tables_INDEX/index_bootstrap/index_raw_lpca99_gpt2.csv,-526.2500152587891,526.2500152587891,0.22859864285800557
BERT,index,Index,LID,lpca99,4,12,685.4500122070312,684.4749755859375,686.0,9932,/home/ldomenichelli/linguistic_profiling_of_the_geometry_copy/geometric_profiling_of_a_neural_language_model/bert/tables_INDEX/index_bootstrap/index_raw_lpca99_bert-base-uncased.csv,GPT,lpca99,195.25,186.8999938964844,204.625,9932,/home/ldomenichelli/linguistic_profiling_of_the_geometry_copy/geometric_profiling_of_a_neural_language_model/gpt2/tables_INDEX/index_bootstrap/index_raw_lpca99_gpt2.csv,-490.20001220703125,490.20001220703125,0.2848493639548252
BERT,index,Index,LID,lpca99,5,12,687.2999877929688,686.4749755859375,688.0,9948,/home/ldomenichelli/linguistic_profiling_of_the_geometry_copy/geometric_profiling_of_a_neural_language_model/bert/tables_INDEX/index_bootstrap/index_raw_lpca99_bert-base-uncased.csv,GPT,lpca99,222.25,216.0,230.5249938964844,9948,/home/ldomenichelli/linguistic_profiling_of_the_geometry_copy/geometric_profiling_of_a_neural_language_model/gpt2/tables_INDEX/index_bootstrap/index_raw_lpca99_gpt2.csv,-465.04998779296875,465.04998779296875,0.32336680335712015
BERT,index,Index,LID,lpca99,6,12,686.4000244140625,685.4749755859375,687.0,9972,/home/ldomenichelli/linguistic_profiling_of_the_geometry_copy/geometric_profiling_of_a_neural_language_model/bert/tables_INDEX/index_bootstrap/index_raw_lpca99_bert-base-uncased.csv,GPT,lpca99,223.9499969482422,215.4250030517578,231.0,9972,/home/ldomenichelli/linguistic_profiling_of_the_geometry_copy/geometric_profiling_of_a_neural_language_model/gpt2/tables_INDEX/index_bootstrap/index_raw_lpca99_gpt2.csv,-462.4500274658203,462.4500274658203,0.32626746646667815
BERT,index,Index,LID,lpca99,7,12,685.7999877929688,685.0,686.5250244140625,9559,/home/ldomenichelli/linguistic_profiling_of_the_geometry_copy/geometric_profiling_of_a_neural_language_model/bert/tables_INDEX/index_bootstrap/index_raw_lpca99_bert-base-uncased.csv,GPT,lpca99,232.0500030517578,225.4750061035156,239.5749969482422,9559,/home/ldomenichelli/linguistic_profiling_of_the_geometry_copy/geometric_profiling_of_a_neural_language_model/gpt2/tables_INDEX/index_bootstrap/index_raw_lpca99_gpt2.csv,-453.74998474121094,453.74998474121094,0.3383639649783863
BERT,index,Index,LID,lpca99,8,12,684.6500244140625,684.0,685.0,9142,/home/ldomenichelli/linguistic_profiling_of_the_geometry_copy/geometric_profiling_of_a_neural_language_model/bert/tables_INDEX/index_bootstrap/index_raw_lpca99_bert-base-uncased.csv,GPT,lpca99,234.25,226.375,240.0500030517578,9142,/home/ldomenichelli/linguistic_profiling_of_the_geometry_copy/geometric_profiling_of_a_neural_language_model/gpt2/tables_INDEX/index_bootstrap/index_raw_lpca99_gpt2.csv,-450.4000244140625,450.4000244140625,0.3421456096499462
BERT,index,Index,LID,lpca99,9,12,684.5999755859375,684.0,685.0,8704,/home/ldomenichelli/linguistic_profiling_of_the_geometry_copy/geometric_profiling_of_a_neural_language_model/bert/tables_INDEX/index_bootstrap/index_raw_lpca99_bert-base-uncased.csv,GPT,lpca99,234.1000061035156,225.4250030517578,240.5749969482422,8704,/home/ldomenichelli/linguistic_profiling_of_the_geometry_copy/geometric_profiling_of_a_neural_language_model/gpt2/tables_INDEX/index_bootstrap/index_raw_lpca99_gpt2.csv,-450.4999694824219,450.4999694824219,0.34195152563824355
BERT,index,Index,LID,lpca99,10,12,694.2000122070312,693.4749755859375,695.0,108145,/home/ldomenichelli/linguistic_profiling_of_the_geometry_copy/geometric_profiling_of_a_neural_language_model/bert/tables_INDEX/index_bootstrap/index_raw_lpca99_bert-base-uncased.csv,GPT,lpca99,223.1499938964844,203.8999938964844,239.1000061035156,108145,/home/ldomenichelli/linguistic_profiling_of_the_geometry_copy/geometric_profiling_of_a_neural_language_model/gpt2/tables_INDEX/index_bootstrap/index_raw_lpca99_gpt2.csv,-471.0500183105469,471.0500183105469,0.32144913565621547
BERT,index,Index,NLID,gride,1,12,16.29314613342285,16.01766014099121,16.614898681640625,10067,/home/ldomenichelli/linguistic_profiling_of_the_geometry_copy/geometric_profiling_of_a_neural_language_model/bert/tables_INDEX/index_bootstrap/index_raw_gride_bert-base-uncased.csv,GPT,gride,0.6010562181472778,0.5108855366706848,0.7129396796226501,10067,/home/ldomenichelli/linguistic_profiling_of_the_geometry_copy/geometric_profiling_of_a_neural_language_model/gpt2/tables_INDEX/index_bootstrap/index_raw_gride_gpt2.csv,-15.692089915275574,15.692089915275574,0.03689012626691567
BERT,index,Index,NLID,gride,2,12,17.960960388183594,15.303962707519531,19.023170471191406,9647,/home/ldomenichelli/linguistic_profiling_of_the_geometry_copy/geometric_profiling_of_a_neural_language_model/bert/tables_INDEX/index_bootstrap/index_raw_gride_bert-base-uncased.csv,GPT,gride,4.056240081787109,2.022001504898072,5.824759483337402,9647,/home/ldomenichelli/linguistic_profiling_of_the_geometry_copy/geometric_profiling_of_a_neural_language_model/gpt2/tables_INDEX/index_bootstrap/index_raw_gride_gpt2.csv,-13.904720306396484,13.904720306396484,0.2258364805734823
BERT,index,Index,NLID,gride,3,12,22.84048080444336,22.1333236694336,23.4663314819336,9800,/home/ldomenichelli/linguistic_profiling_of_the_geometry_copy/geometric_profiling_of_a_neural_language_model/bert/tables_INDEX/index_bootstrap/index_raw_gride_bert-base-uncased.csv,GPT,gride,7.257888793945312,7.051634788513184,7.38709545135498,9800,/home/ldomenichelli/linguistic_profiling_of_the_geometry_copy/geometric_profiling_of_a_neural_language_model/gpt2/tables_INDEX/index_bootstrap/index_raw_gride_gpt2.csv,-15.582592010498047,15.582592010498047,0.3177642737071179
BERT,index,Index,NLID,gride,4,12,22.42852210998535,20.709272384643555,23.771215438842773,9932,/home/ldomenichelli/linguistic_profiling_of_the_geometry_copy/geometric_profiling_of_a_neural_language_model/bert/tables_INDEX/index_bootstrap/index_raw_gride_bert-base-uncased.csv,GPT,gride,7.570977210998535,7.386378765106201,7.742295265197754,9932,/home/ldomenichelli/linguistic_profiling_of_the_geometry_copy/geometric_profiling_of_a_neural_language_model/gpt2/tables_INDEX/index_bootstrap/index_raw_gride_gpt2.csv,-14.857544898986816,14.857544898986816,0.33756023575123917
BERT,index,Index,NLID,gride,5,12,24.59979248046875,23.767946243286133,25.85428810119629,9948,/home/ldomenichelli/linguistic_profiling_of_the_geometry_copy/geometric_profiling_of_a_neural_language_model/bert/tables_INDEX/index_bootstrap/index_raw_gride_bert-base-uncased.csv,GPT,gride,8.076960563659668,7.935717582702637,8.217737197875977,9948,/home/ldomenichelli/linguistic_profiling_of_the_geometry_copy/geometric_profiling_of_a_neural_language_model/gpt2/tables_INDEX/index_bootstrap/index_raw_gride_gpt2.csv,-16.522831916809082,16.522831916809082,0.32833449997891045
BERT,index,Index,NLID,gride,6,12,21.72721290588379,20.8308162689209,22.761499404907227,9972,/home/ldomenichelli/linguistic_profiling_of_the_geometry_copy/geometric_profiling_of_a_neural_language_model/bert/tables_INDEX/index_bootstrap/index_raw_gride_bert-base-uncased.csv,GPT,gride,7.868125915527344,7.741747856140137,8.040057182312012,9972,/home/ldomenichelli/linguistic_profiling_of_the_geometry_copy/geometric_profiling_of_a_neural_language_model/gpt2/tables_INDEX/index_bootstrap/index_raw_gride_gpt2.csv,-13.859086990356445,13.859086990356445,0.3621323153415887
BERT,index,Index,NLID,gride,7,12,22.37355232238769,21.748310089111328,23.0513916015625,9559,/home/ldomenichelli/linguistic_profiling_of_the_geometry_copy/geometric_profiling_of_a_neural_language_model/bert/tables_INDEX/index_bootstrap/index_raw_gride_bert-base-uncased.csv,GPT,gride,7.818207740783691,7.698750495910644,7.933435440063477,9559,/home/ldomenichelli/linguistic_profiling_of_the_geometry_copy/geometric_profiling_of_a_neural_language_model/gpt2/tables_INDEX/index_bootstrap/index_raw_gride_gpt2.csv,-14.555344581604,14.555344581604,0.3494397147189069
BERT,index,Index,NLID,gride,8,12,22.79989051818848,22.26912307739257,23.377525329589844,9142,/home/ldomenichelli/linguistic_profiling_of_the_geometry_copy/geometric_profiling_of_a_neural_language_model/bert/tables_INDEX/index_bootstrap/index_raw_gride_bert-base-uncased.csv,GPT,gride,7.949030876159668,7.831079483032227,8.045859336853027,9142,/home/ldomenichelli/linguistic_profiling_of_the_geometry_copy/geometric_profiling_of_a_neural_language_model/gpt2/tables_INDEX/index_bootstrap/index_raw_gride_gpt2.csv,-14.850859642028812,14.850859642028812,0.3486433792222982
BERT,index,Index,NLID,gride,9,12,22.754375457763672,22.01599502563477,23.193273544311523,8704,/home/ldomenichelli/linguistic_profiling_of_the_geometry_copy/geometric_profiling_of_a_neural_language_model/bert/tables_INDEX/index_bootstrap/index_raw_gride_bert-base-uncased.csv,GPT,gride,7.89093542098999,7.767203330993652,8.066118240356445,8704,/home/ldomenichelli/linguistic_profiling_of_the_geometry_copy/geometric_profiling_of_a_neural_language_model/gpt2/tables_INDEX/index_bootstrap/index_raw_gride_gpt2.csv,-14.863440036773682,14.863440036773682,0.3467876073169763
BERT,index,Index,NLID,gride,10,12,23.086673736572266,22.329965591430664,23.712703704833984,108145,/home/ldomenichelli/linguistic_profiling_of_the_geometry_copy/geometric_profiling_of_a_neural_language_model/bert/tables_INDEX/index_bootstrap/index_raw_gride_bert-base-uncased.csv,GPT,gride,8.10529613494873,7.986214637756348,8.254128456115723,108145,/home/ldomenichelli/linguistic_profiling_of_the_geometry_copy/geometric_profiling_of_a_neural_language_model/gpt2/tables_INDEX/index_bootstrap/index_raw_gride_gpt2.csv,-14.981377601623535,14.981377601623535,0.3510811573565445
BERT,length,Length,IsoScore,iso,1,12,0.0042401035316288,0.0042050364427268,0.0042771925218403,29626,/home/ldomenichelli/linguistic_profiling_of_the_geometry_copy/geometric_profiling_of_a_neural_language_model/bert/tables_LENGTH/length_bootstrap/length_raw_iso_bert-base-uncased.csv,GPT,iso,0.0017120417905971,0.0016998648643493,0.0017232849495485,29626,/home/ldomenichelli/linguistic_profiling_of_the_geometry_copy/geometric_profiling_of_a_neural_language_model/gpt2/tables_LENGTH/length_bootstrap/length_raw_iso_gpt2.csv,-0.0025280617410317003,0.0025280617410317003,0.40377358190106116
BERT,length,Length,IsoScore,iso,2,12,0.0279827769845724,0.0271988324820995,0.0288446024060249,29918,/home/ldomenichelli/linguistic_profiling_of_the_geometry_copy/geometric_profiling_of_a_neural_language_model/bert/tables_LENGTH/length_bootstrap/length_raw_iso_bert-base-uncased.csv,GPT,iso,0.0016066208481788,0.0015996058937162,0.0016131659504026,29918,/home/ldomenichelli/linguistic_profiling_of_the_geometry_copy/geometric_profiling_of_a_neural_language_model/gpt2/tables_LENGTH/length_bootstrap/length_raw_iso_gpt2.csv,-0.0263761561363936,0.0263761561363936,0.05741463218838395
BERT,length,Length,IsoScore,iso,3,12,0.0218456014990806,0.0216386020183563,0.0221846438944339,36097,/home/ldomenichelli/linguistic_profiling_of_the_geometry_copy/geometric_profiling_of_a_neural_language_model/bert/tables_LENGTH/length_bootstrap/length_raw_iso_bert-base-uncased.csv,GPT,iso,0.0016086117830127,0.001602616161108,0.0016147475689649,36097,/home/ldomenichelli/linguistic_profiling_of_the_geometry_copy/geometric_profiling_of_a_neural_language_model/gpt2/tables_LENGTH/length_bootstrap/length_raw_iso_gpt2.csv,-0.0202369897160679,0.0202369897160679,0.07363549971743284
BERT,length,Length,IsoScore,iso,4,12,0.0306753516197204,0.03008409217,0.0314033031463623,33008,/home/ldomenichelli/linguistic_profiling_of_the_geometry_copy/geometric_profiling_of_a_neural_language_model/bert/tables_LENGTH/length_bootstrap/length_raw_iso_bert-base-uncased.csv,GPT,iso,0.0017001505475491,0.0016917681787163,0.0017119842814281,33008,/home/ldomenichelli/linguistic_profiling_of_the_geometry_copy/geometric_profiling_of_a_neural_language_model/gpt2/tables_LENGTH/length_bootstrap/length_raw_iso_gpt2.csv,-0.0289752010721713,0.0289752010721713,0.055423995415789025
BERT,length,Length,IsoScore,iso,5,12,0.0347876772284507,0.033864676952362,0.0355892144143581,18892,/home/ldomenichelli/linguistic_profiling_of_the_geometry_copy/geometric_profiling_of_a_neural_language_model/bert/tables_LENGTH/length_bootstrap/length_raw_iso_bert-base-uncased.csv,GPT,iso,0.0016984747489914,0.001686910749413,0.0017154052620753,18892,/home/ldomenichelli/linguistic_profiling_of_the_geometry_copy/geometric_profiling_of_a_neural_language_model/gpt2/tables_LENGTH/length_bootstrap/length_raw_iso_gpt2.csv,-0.0330892024794593,0.0330892024794593,0.04882403437968897
BERT,length,Length,IsoScore,iso,6,12,0.0344349183142185,0.0332011468708515,0.035548198968172,14274,/home/ldomenichelli/linguistic_profiling_of_the_geometry_copy/geometric_profiling_of_a_neural_language_model/bert/tables_LENGTH/length_bootstrap/length_raw_iso_bert-base-uncased.csv,GPT,iso,0.0016978663625195,0.0016846439102664,0.0017109451582655,14274,/home/ldomenichelli/linguistic_profiling_of_the_geometry_copy/geometric_profiling_of_a_neural_language_model/gpt2/tables_LENGTH/length_bootstrap/length_raw_iso_gpt2.csv,-0.032737051951699,0.032737051951699,0.0493065308599392
BERT,length,Length,IsoScore,iso,7,12,0.0357771217823028,0.0341004356741905,0.0370739325881004,12188,/home/ldomenichelli/linguistic_profiling_of_the_geometry_copy/geometric_profiling_of_a_neural_language_model/bert/tables_LENGTH/length_bootstrap/length_raw_iso_bert-base-uncased.csv,GPT,iso,0.0017117054667323,0.0016876159934327,0.0017288187518715,12188,/home/ldomenichelli/linguistic_profiling_of_the_geometry_copy/geometric_profiling_of_a_neural_language_model/gpt2/tables_LENGTH/length_bootstrap/length_raw_iso_gpt2.csv,-0.0340654163155705,0.0340654163155705,0.047843576605958206
BERT,length,Length,IsoScore,iso,8,12,0.0358100272715091,0.0341667048633098,0.0369730815291404,7895,/home/ldomenichelli/linguistic_profiling_of_the_geometry_copy/geometric_profiling_of_a_neural_language_model/bert/tables_LENGTH/length_bootstrap/length_raw_iso_bert-base-uncased.csv,GPT,iso,0.0017494603525847,0.0017282482003793,0.0017844521207734,7895,/home/ldomenichelli/linguistic_profiling_of_the_geometry_copy/geometric_profiling_of_a_neural_language_model/gpt2/tables_LENGTH/length_bootstrap/length_raw_iso_gpt2.csv,-0.0340605669189244,0.0340605669189244,0.048853924050948495
BERT,length,Length,IsoScore,iso,9,12,0.0341149605810642,0.0324572511017322,0.0355711691081523,5526,/home/ldomenichelli/linguistic_profiling_of_the_geometry_copy/geometric_profiling_of_a_neural_language_model/bert/tables_LENGTH/length_bootstrap/length_raw_iso_bert-base-uncased.csv,GPT,iso,0.0017133974470198,0.0016850625397637,0.0017426728736609,5526,/home/ldomenichelli/linguistic_profiling_of_the_geometry_copy/geometric_profiling_of_a_neural_language_model/gpt2/tables_LENGTH/length_bootstrap/length_raw_iso_gpt2.csv,-0.0324015631340444,0.0324015631340444,0.05022422473414306
BERT,length,Length,IsoScore,iso,10,12,0.0351815409958362,0.0342153944075107,0.0363941229879856,7492,/home/ldomenichelli/linguistic_profiling_of_the_geometry_copy/geometric_profiling_of_a_neural_language_model/bert/tables_LENGTH/length_bootstrap/length_raw_iso_bert-base-uncased.csv,GPT,iso,0.0016396584687754,0.0016186403809115,0.0016630373429507,7492,/home/ldomenichelli/linguistic_profiling_of_the_geometry_copy/geometric_profiling_of_a_neural_language_model/gpt2/tables_LENGTH/length_bootstrap/length_raw_iso_gpt2.csv,-0.0335418825270608,0.0335418825270608,0.046605646664808015
BERT,length,Length,LID,lpca99,1,12,620.2999877929688,617.9500122070312,622.5250244140625,29626,/home/ldomenichelli/linguistic_profiling_of_the_geometry_copy/geometric_profiling_of_a_neural_language_model/bert/tables_LENGTH/length_bootstrap/length_raw_lpca99_bert-base-uncased.csv,GPT,lpca99,34.650001525878906,32.0,39.57500076293945,29626,/home/ldomenichelli/linguistic_profiling_of_the_geometry_copy/geometric_profiling_of_a_neural_language_model/gpt2/tables_LENGTH/length_bootstrap/length_raw_lpca99_gpt2.csv,-585.6499862670898,585.6499862670898,0.055860071268361344
BERT,length,Length,LID,lpca99,2,12,682.6500244140625,682.0,683.0,29918,/home/ldomenichelli/linguistic_profiling_of_the_geometry_copy/geometric_profiling_of_a_neural_language_model/bert/tables_LENGTH/length_bootstrap/length_raw_lpca99_bert-base-uncased.csv,GPT,lpca99,95.3000030517578,87.8499984741211,103.0,29918,/home/ldomenichelli/linguistic_profiling_of_the_geometry_copy/geometric_profiling_of_a_neural_language_model/gpt2/tables_LENGTH/length_bootstrap/length_raw_lpca99_gpt2.csv,-587.3500213623047,587.3500213623047,0.1396030171295408
BERT,length,Length,LID,lpca99,3,12,685.7999877929688,685.0,686.0,36097,/home/ldomenichelli/linguistic_profiling_of_the_geometry_copy/geometric_profiling_of_a_neural_language_model/bert/tables_LENGTH/length_bootstrap/length_raw_lpca99_bert-base-uncased.csv,GPT,lpca99,126.8499984741211,119.375,134.52499389648438,36097,/home/ldomenichelli/linguistic_profiling_of_the_geometry_copy/geometric_profiling_of_a_neural_language_model/gpt2/tables_LENGTH/length_bootstrap/length_raw_lpca99_gpt2.csv,-558.9499893188477,558.9499893188477,0.18496646359290245
BERT,length,Length,LID,lpca99,4,12,691.3499755859375,690.4749755859375,692.0,33008,/home/ldomenichelli/linguistic_profiling_of_the_geometry_copy/geometric_profiling_of_a_neural_language_model/bert/tables_LENGTH/length_bootstrap/length_raw_lpca99_bert-base-uncased.csv,GPT,lpca99,136.1999969482422,130.4250030517578,145.52499389648438,33008,/home/ldomenichelli/linguistic_profiling_of_the_geometry_copy/geometric_profiling_of_a_neural_language_model/gpt2/tables_LENGTH/length_bootstrap/length_raw_lpca99_gpt2.csv,-555.1499786376953,555.1499786376953,0.19700586064649683
BERT,length,Length,LID,lpca99,5,12,690.5999755859375,690.0,691.0,18892,/home/ldomenichelli/linguistic_profiling_of_the_geometry_copy/geometric_profiling_of_a_neural_language_model/bert/tables_LENGTH/length_bootstrap/length_raw_lpca99_bert-base-uncased.csv,GPT,lpca99,157.64999389648438,147.9499969482422,172.10000610351562,18892,/home/ldomenichelli/linguistic_profiling_of_the_geometry_copy/geometric_profiling_of_a_neural_language_model/gpt2/tables_LENGTH/length_bootstrap/length_raw_lpca99_gpt2.csv,-532.9499816894531,532.9499816894531,0.22827975596542224
BERT,length,Length,LID,lpca99,6,12,687.9500122070312,687.0,689.0,14274,/home/ldomenichelli/linguistic_profiling_of_the_geometry_copy/geometric_profiling_of_a_neural_language_model/bert/tables_LENGTH/length_bootstrap/length_raw_lpca99_bert-base-uncased.csv,GPT,lpca99,179.25,165.375,190.0500030517578,14274,/home/ldomenichelli/linguistic_profiling_of_the_geometry_copy/geometric_profiling_of_a_neural_language_model/gpt2/tables_LENGTH/length_bootstrap/length_raw_lpca99_gpt2.csv,-508.70001220703125,508.70001220703125,0.2605567218829507
BERT,length,Length,LID,lpca99,7,12,686.25,686.0,687.0,12188,/home/ldomenichelli/linguistic_profiling_of_the_geometry_copy/geometric_profiling_of_a_neural_language_model/bert/tables_LENGTH/length_bootstrap/length_raw_lpca99_bert-base-uncased.csv,GPT,lpca99,190.3500061035156,181.4750061035156,204.0500030517578,12188,/home/ldomenichelli/linguistic_profiling_of_the_geometry_copy/geometric_profiling_of_a_neural_language_model/gpt2/tables_LENGTH/length_bootstrap/length_raw_lpca99_gpt2.csv,-495.8999938964844,495.8999938964844,0.27737705807433966
BERT,length,Length,LID,lpca99,8,12,679.5499877929688,678.4749755859375,680.0,7895,/home/ldomenichelli/linguistic_profiling_of_the_geometry_copy/geometric_profiling_of_a_neural_language_model/bert/tables_LENGTH/length_bootstrap/length_raw_lpca99_bert-base-uncased.csv,GPT,lpca99,199.6999969482422,189.9499969482422,207.0500030517578,7895,/home/ldomenichelli/linguistic_profiling_of_the_geometry_copy/geometric_profiling_of_a_neural_language_model/gpt2/tables_LENGTH/length_bootstrap/length_raw_lpca99_gpt2.csv,-479.84999084472656,479.84999084472656,0.293870944795135
BERT,length,Length,LID,lpca99,9,12,668.75,668.0,669.5250244140625,5526,/home/ldomenichelli/linguistic_profiling_of_the_geometry_copy/geometric_profiling_of_a_neural_language_model/bert/tables_LENGTH/length_bootstrap/length_raw_lpca99_bert-base-uncased.csv,GPT,lpca99,160.8000030517578,152.9499969482422,171.0,5526,/home/ldomenichelli/linguistic_profiling_of_the_geometry_copy/geometric_profiling_of_a_neural_language_model/gpt2/tables_LENGTH/length_bootstrap/length_raw_lpca99_gpt2.csv,-507.9499969482422,507.9499969482422,0.24044860269421728
BERT,length,Length,LID,lpca99,10,12,673.8499755859375,673.0,675.0,7492,/home/ldomenichelli/linguistic_profiling_of_the_geometry_copy/geometric_profiling_of_a_neural_language_model/bert/tables_LENGTH/length_bootstrap/length_raw_lpca99_bert-base-uncased.csv,GPT,lpca99,171.5,156.89999389648438,185.1499938964844,7492,/home/ldomenichelli/linguistic_profiling_of_the_geometry_copy/geometric_profiling_of_a_neural_language_model/gpt2/tables_LENGTH/length_bootstrap/length_raw_lpca99_gpt2.csv,-502.3499755859375,502.3499755859375,0.2545076889716801
BERT,length,Length,NLID,gride,1,12,13.997262954711914,13.586984634399414,14.479940414428713,29626,/home/ldomenichelli/linguistic_profiling_of_the_geometry_copy/geometric_profiling_of_a_neural_language_model/bert/tables_LENGTH/length_bootstrap/length_raw_gride_bert-base-uncased.csv,GPT,gride,5.944385528564453,5.79957914352417,6.147038459777832,29626,/home/ldomenichelli/linguistic_profiling_of_the_geometry_copy/geometric_profiling_of_a_neural_language_model/gpt2/tables_LENGTH/length_bootstrap/length_raw_gride_gpt2.csv,-8.052877426147461,8.052877426147461,0.4246819930294578
BERT,length,Length,NLID,gride,2,12,19.17236328125,18.64162254333496,19.843965530395508,29918,/home/ldomenichelli/linguistic_profiling_of_the_geometry_copy/geometric_profiling_of_a_neural_language_model/bert/tables_LENGTH/length_bootstrap/length_raw_gride_bert-base-uncased.csv,GPT,gride,7.950611114501953,7.792995929718018,8.140922546386719,29918,/home/ldomenichelli/linguistic_profiling_of_the_geometry_copy/geometric_profiling_of_a_neural_language_model/gpt2/tables_LENGTH/length_bootstrap/length_raw_gride_gpt2.csv,-11.221752166748047,11.221752166748047,0.41469124060868456
BERT,length,Length,NLID,gride,3,12,19.58319664001465,18.705446243286133,20.16270637512207,36097,/home/ldomenichelli/linguistic_profiling_of_the_geometry_copy/geometric_profiling_of_a_neural_language_model/bert/tables_LENGTH/length_bootstrap/length_raw_gride_bert-base-uncased.csv,GPT,gride,7.960412502288818,7.527239799499512,8.298163414001465,36097,/home/ldomenichelli/linguistic_profiling_of_the_geometry_copy/geometric_profiling_of_a_neural_language_model/gpt2/tables_LENGTH/length_bootstrap/length_raw_gride_gpt2.csv,-11.62278413772583,11.62278413772583,0.4064919864014021
BERT,length,Length,NLID,gride,4,12,21.500316619873047,20.87995719909668,21.92208671569824,33008,/home/ldomenichelli/linguistic_profiling_of_the_geometry_copy/geometric_profiling_of_a_neural_language_model/bert/tables_LENGTH/length_bootstrap/length_raw_gride_bert-base-uncased.csv,GPT,gride,7.830174446105957,7.443074226379394,8.082472801208496,33008,/home/ldomenichelli/linguistic_profiling_of_the_geometry_copy/geometric_profiling_of_a_neural_language_model/gpt2/tables_LENGTH/length_bootstrap/length_raw_gride_gpt2.csv,-13.67014217376709,13.67014217376709,0.36418879705559387
BERT,length,Length,NLID,gride,5,12,22.790512084960938,22.256668090820312,23.726055145263672,18892,/home/ldomenichelli/linguistic_profiling_of_the_geometry_copy/geometric_profiling_of_a_neural_language_model/bert/tables_LENGTH/length_bootstrap/length_raw_gride_bert-base-uncased.csv,GPT,gride,8.125370979309082,7.953357696533203,8.259237289428711,18892,/home/ldomenichelli/linguistic_profiling_of_the_geometry_copy/geometric_profiling_of_a_neural_language_model/gpt2/tables_LENGTH/length_bootstrap/length_raw_gride_gpt2.csv,-14.665141105651855,14.665141105651855,0.35652428295680433
BERT,length,Length,NLID,gride,6,12,22.40755844116211,21.521228790283203,23.28701400756836,14274,/home/ldomenichelli/linguistic_profiling_of_the_geometry_copy/geometric_profiling_of_a_neural_language_model/bert/tables_LENGTH/length_bootstrap/length_raw_gride_bert-base-uncased.csv,GPT,gride,8.611637115478516,8.435778617858887,8.779369354248047,14274,/home/ldomenichelli/linguistic_profiling_of_the_geometry_copy/geometric_profiling_of_a_neural_language_model/gpt2/tables_LENGTH/length_bootstrap/length_raw_gride_gpt2.csv,-13.795921325683594,13.795921325683594,0.3843184047959085
BERT,length,Length,NLID,gride,7,12,26.16352844238281,25.50962448120117,26.837703704833984,12188,/home/ldomenichelli/linguistic_profiling_of_the_geometry_copy/geometric_profiling_of_a_neural_language_model/bert/tables_LENGTH/length_bootstrap/length_raw_gride_bert-base-uncased.csv,GPT,gride,8.663836479187012,8.546607971191406,8.83513069152832,12188,/home/ldomenichelli/linguistic_profiling_of_the_geometry_copy/geometric_profiling_of_a_neural_language_model/gpt2/tables_LENGTH/length_bootstrap/length_raw_gride_gpt2.csv,-17.499691963195797,17.499691963195797,0.33114174558934084
BERT,length,Length,NLID,gride,8,12,24.14790153503418,22.784564971923828,25.15039253234864,7895,/home/ldomenichelli/linguistic_profiling_of_the_geometry_copy/geometric_profiling_of_a_neural_language_model/bert/tables_LENGTH/length_bootstrap/length_raw_gride_bert-base-uncased.csv,GPT,gride,8.689210891723633,8.517660140991211,8.969292640686035,7895,/home/ldomenichelli/linguistic_profiling_of_the_geometry_copy/geometric_profiling_of_a_neural_language_model/gpt2/tables_LENGTH/length_bootstrap/length_raw_gride_gpt2.csv,-15.458690643310547,15.458690643310547,0.3598329601898194
BERT,length,Length,NLID,gride,9,12,18.664440155029297,17.756620407104492,19.71528625488281,5526,/home/ldomenichelli/linguistic_profiling_of_the_geometry_copy/geometric_profiling_of_a_neural_language_model/bert/tables_LENGTH/length_bootstrap/length_raw_gride_bert-base-uncased.csv,GPT,gride,8.405060768127441,8.24647045135498,8.534523010253906,5526,/home/ldomenichelli/linguistic_profiling_of_the_geometry_copy/geometric_profiling_of_a_neural_language_model/gpt2/tables_LENGTH/length_bootstrap/length_raw_gride_gpt2.csv,-10.259379386901855,10.259379386901855,0.45032482615679337
BERT,length,Length,NLID,gride,10,12,21.516096115112305,19.472450256347656,22.928747177124023,7492,/home/ldomenichelli/linguistic_profiling_of_the_geometry_copy/geometric_profiling_of_a_neural_language_model/bert/tables_LENGTH/length_bootstrap/length_raw_gride_bert-base-uncased.csv,GPT,gride,8.487789154052734,8.034651756286621,8.98497200012207,7492,/home/ldomenichelli/linguistic_profiling_of_the_geometry_copy/geometric_profiling_of_a_neural_language_model/gpt2/tables_LENGTH/length_bootstrap/length_raw_gride_gpt2.csv,-13.02830696105957,13.02830696105957,0.394485556703344
BERT,pos,POS,IsoScore,iso,ADJ,12,0.0342100262641906,0.0334189981222152,0.035031072795391,12648,/home/ldomenichelli/linguistic_profiling_of_the_geometry_copy/geometric_profiling_of_a_neural_language_model/bert/tables_POS/pos_bootstrap/pos_raw_iso_bert-base-uncased.csv,GPT,iso,0.0017563472501933,0.0017563472501933,0.0017563472501933,12648,/home/ldomenichelli/linguistic_profiling_of_the_geometry_copy/geometric_profiling_of_a_neural_language_model/bert/tables_POS/pos_bootstrap/pos_raw_iso_gpt2.csv,-0.032453679013997296,0.032453679013997296,0.05134013159270092
BERT,pos,POS,IsoScore,iso,ADP,12,0.0280755180865526,0.0274719856679439,0.0286320950835943,17557,/home/ldomenichelli/linguistic_profiling_of_the_geometry_copy/geometric_profiling_of_a_neural_language_model/bert/tables_POS/pos_bootstrap/pos_raw_iso_bert-base-uncased.csv,GPT,iso,0.0017172312363982,0.0017172312363982,0.0017172312363982,17557,/home/ldomenichelli/linguistic_profiling_of_the_geometry_copy/geometric_profiling_of_a_neural_language_model/bert/tables_POS/pos_bootstrap/pos_raw_iso_gpt2.csv,-0.0263582868501544,0.0263582868501544,0.06116472120315765
BERT,pos,POS,IsoScore,iso,ADV,12,0.0212874002754688,0.0203664973378181,0.0224699880927801,9913,/home/ldomenichelli/linguistic_profiling_of_the_geometry_copy/geometric_profiling_of_a_neural_language_model/bert/tables_POS/pos_bootstrap/pos_raw_iso_bert-base-uncased.csv,GPT,iso,0.0015422465512529,0.0015422465512529,0.0015422465512529,9913,/home/ldomenichelli/linguistic_profiling_of_the_geometry_copy/geometric_profiling_of_a_neural_language_model/bert/tables_POS/pos_bootstrap/pos_raw_iso_gpt2.csv,-0.019745153724215897,0.019745153724215897,0.07244879747153325
BERT,pos,POS,IsoScore,iso,AUX,12,0.0252637956291437,0.0248980578035116,0.0256676040589809,11526,/home/ldomenichelli/linguistic_profiling_of_the_geometry_copy/geometric_profiling_of_a_neural_language_model/bert/tables_POS/pos_bootstrap/pos_raw_iso_bert-base-uncased.csv,GPT,iso,0.0017260763561353,0.0017260763561353,0.0017260763561353,11526,/home/ldomenichelli/linguistic_profiling_of_the_geometry_copy/geometric_profiling_of_a_neural_language_model/bert/tables_POS/pos_bootstrap/pos_raw_iso_gpt2.csv,-0.0235377192730084,0.0235377192730084,0.06832213106347886
BERT,pos,POS,IsoScore,iso,CCONJ,12,0.0126380799338221,0.0123868100345134,0.0129085881635546,6627,/home/ldomenichelli/linguistic_profiling_of_the_geometry_copy/geometric_profiling_of_a_neural_language_model/bert/tables_POS/pos_bootstrap/pos_raw_iso_bert-base-uncased.csv,GPT,iso,0.0015651189023628,0.0015651189023628,0.0015651189023628,6627,/home/ldomenichelli/linguistic_profiling_of_the_geometry_copy/geometric_profiling_of_a_neural_language_model/bert/tables_POS/pos_bootstrap/pos_raw_iso_gpt2.csv,-0.0110729610314593,0.0110729610314593,0.12384150998873018
BERT,pos,POS,IsoScore,iso,DET,12,0.0155048742890357,0.0152893038466572,0.0156346820294857,16123,/home/ldomenichelli/linguistic_profiling_of_the_geometry_copy/geometric_profiling_of_a_neural_language_model/bert/tables_POS/pos_bootstrap/pos_raw_iso_bert-base-uncased.csv,GPT,iso,0.0015847033355385,0.0015847033355385,0.0015847033355385,16123,/home/ldomenichelli/linguistic_profiling_of_the_geometry_copy/geometric_profiling_of_a_neural_language_model/bert/tables_POS/pos_bootstrap/pos_raw_iso_gpt2.csv,-0.0139201709534972,0.0139201709534972,0.10220678387951368
BERT,pos,POS,IsoScore,iso,NOUN,12,0.0399092473089695,0.0392681807279586,0.0405066534876823,33607,/home/ldomenichelli/linguistic_profiling_of_the_geometry_copy/geometric_profiling_of_a_neural_language_model/bert/tables_POS/pos_bootstrap/pos_raw_iso_bert-base-uncased.csv,GPT,iso,0.0016638999804854,0.0016638999804854,0.0016638999804854,33607,/home/ldomenichelli/linguistic_profiling_of_the_geometry_copy/geometric_profiling_of_a_neural_language_model/bert/tables_POS/pos_bootstrap/pos_raw_iso_gpt2.csv,-0.0382453473284841,0.0382453473284841,0.041692091249023455
BERT,pos,POS,IsoScore,iso,NUM,12,0.0253978110849857,0.0244089402258396,0.0264084693044424,3675,/home/ldomenichelli/linguistic_profiling_of_the_geometry_copy/geometric_profiling_of_a_neural_language_model/bert/tables_POS/pos_bootstrap/pos_raw_iso_bert-base-uncased.csv,GPT,iso,0.001578923780471,0.001578923780471,0.001578923780471,3675,/home/ldomenichelli/linguistic_profiling_of_the_geometry_copy/geometric_profiling_of_a_neural_language_model/bert/tables_POS/pos_bootstrap/pos_raw_iso_gpt2.csv,-0.0238188873045147,0.0238188873045147,0.06216771103571224
BERT,pos,POS,IsoScore,iso,PRON,12,0.0118167558684945,0.0115779275074601,0.0120624704286456,18255,/home/ldomenichelli/linguistic_profiling_of_the_geometry_copy/geometric_profiling_of_a_neural_language_model/bert/tables_POS/pos_bootstrap/pos_raw_iso_bert-base-uncased.csv,GPT,iso,0.0014389241114258,0.0014389241114258,0.0014389241114258,18255,/home/ldomenichelli/linguistic_profiling_of_the_geometry_copy/geometric_profiling_of_a_neural_language_model/bert/tables_POS/pos_bootstrap/pos_raw_iso_gpt2.csv,-0.0103778317570687,0.0103778317570687,0.12176980953479954
BERT,pos,POS,IsoScore,iso,PROPN,12,0.0228071026504039,0.0220981147140264,0.0233970452100038,11203,/home/ldomenichelli/linguistic_profiling_of_the_geometry_copy/geometric_profiling_of_a_neural_language_model/bert/tables_POS/pos_bootstrap/pos_raw_iso_bert-base-uncased.csv,GPT,iso,0.0016546649858355,0.0016546649858355,0.0016546649858355,11203,/home/ldomenichelli/linguistic_profiling_of_the_geometry_copy/geometric_profiling_of_a_neural_language_model/bert/tables_POS/pos_bootstrap/pos_raw_iso_gpt2.csv,-0.0211524376645684,0.0211524376645684,0.07255042480401151
BERT,pos,POS,IsoScore,iso,PUNCT,12,0.0036281046923249,0.0035966311115771,0.0036581084132194,22123,/home/ldomenichelli/linguistic_profiling_of_the_geometry_copy/geometric_profiling_of_a_neural_language_model/bert/tables_POS/pos_bootstrap/pos_raw_iso_bert-base-uncased.csv,GPT,iso,0.0016484550433233,0.0016484550433233,0.0016484550433233,22123,/home/ldomenichelli/linguistic_profiling_of_the_geometry_copy/geometric_profiling_of_a_neural_language_model/bert/tables_POS/pos_bootstrap/pos_raw_iso_gpt2.csv,-0.0019796496490016,0.0019796496490016,0.454357077074026
BERT,pos,POS,IsoScore,iso,SCONJ,12,0.0158198550343513,0.0153277609497308,0.0164077747613191,3815,/home/ldomenichelli/linguistic_profiling_of_the_geometry_copy/geometric_profiling_of_a_neural_language_model/bert/tables_POS/pos_bootstrap/pos_raw_iso_bert-base-uncased.csv,GPT,iso,0.0014980369014665,0.0014980369014665,0.0014980369014665,3815,/home/ldomenichelli/linguistic_profiling_of_the_geometry_copy/geometric_profiling_of_a_neural_language_model/bert/tables_POS/pos_bootstrap/pos_raw_iso_gpt2.csv,-0.0143218181328848,0.0143218181328848,0.09469346578800225
BERT,pos,POS,IsoScore,iso,VERB,12,0.0339327976107597,0.0331875644624233,0.0345854870975017,22095,/home/ldomenichelli/linguistic_profiling_of_the_geometry_copy/geometric_profiling_of_a_neural_language_model/bert/tables_POS/pos_bootstrap/pos_raw_iso_bert-base-uncased.csv,GPT,iso,0.001717843231745,0.001717843231745,0.001717843231745,22095,/home/ldomenichelli/linguistic_profiling_of_the_geometry_copy/geometric_profiling_of_a_neural_language_model/bert/tables_POS/pos_bootstrap/pos_raw_iso_gpt2.csv,-0.0322149543790147,0.0322149543790147,0.05062486304401532
BERT,pos,POS,LID,lpca99,ADJ,12,680.9500122070312,680.0,682.0,12648,/home/ldomenichelli/linguistic_profiling_of_the_geometry_copy/geometric_profiling_of_a_neural_language_model/bert/tables_POS/pos_bootstrap/pos_raw_lpca99_bert-base-uncased.csv,GPT,lpca99,118.0,118.0,118.0,12648,/home/ldomenichelli/linguistic_profiling_of_the_geometry_copy/geometric_profiling_of_a_neural_language_model/bert/tables_POS/pos_bootstrap/pos_raw_lpca99_gpt2.csv,-562.9500122070312,562.9500122070312,0.17328731608000048
BERT,pos,POS,LID,lpca99,ADP,12,678.3499755859375,678.0,679.0,17557,/home/ldomenichelli/linguistic_profiling_of_the_geometry_copy/geometric_profiling_of_a_neural_language_model/bert/tables_POS/pos_bootstrap/pos_raw_lpca99_bert-base-uncased.csv,GPT,lpca99,116.0,116.0,116.0,17557,/home/ldomenichelli/linguistic_profiling_of_the_geometry_copy/geometric_profiling_of_a_neural_language_model/bert/tables_POS/pos_bootstrap/pos_raw_lpca99_gpt2.csv,-562.3499755859375,562.3499755859375,0.17100317560976225
BERT,pos,POS,LID,lpca99,ADV,12,672.25,672.0,673.0,9913,/home/ldomenichelli/linguistic_profiling_of_the_geometry_copy/geometric_profiling_of_a_neural_language_model/bert/tables_POS/pos_bootstrap/pos_raw_lpca99_bert-base-uncased.csv,GPT,lpca99,44.0,44.0,44.0,9913,/home/ldomenichelli/linguistic_profiling_of_the_geometry_copy/geometric_profiling_of_a_neural_language_model/bert/tables_POS/pos_bootstrap/pos_raw_lpca99_gpt2.csv,-628.25,628.25,0.06545184083302343
BERT,pos,POS,LID,lpca99,AUX,12,653.25,652.4749755859375,654.0,11526,/home/ldomenichelli/linguistic_profiling_of_the_geometry_copy/geometric_profiling_of_a_neural_language_model/bert/tables_POS/pos_bootstrap/pos_raw_lpca99_bert-base-uncased.csv,GPT,lpca99,70.0,70.0,70.0,11526,/home/ldomenichelli/linguistic_profiling_of_the_geometry_copy/geometric_profiling_of_a_neural_language_model/bert/tables_POS/pos_bootstrap/pos_raw_lpca99_gpt2.csv,-583.25,583.25,0.10715652506697283
BERT,pos,POS,LID,lpca99,CCONJ,12,638.5999755859375,638.0,639.5250244140625,6627,/home/ldomenichelli/linguistic_profiling_of_the_geometry_copy/geometric_profiling_of_a_neural_language_model/bert/tables_POS/pos_bootstrap/pos_raw_lpca99_bert-base-uncased.csv,GPT,lpca99,80.0,80.0,80.0,6627,/home/ldomenichelli/linguistic_profiling_of_the_geometry_copy/geometric_profiling_of_a_neural_language_model/bert/tables_POS/pos_bootstrap/pos_raw_lpca99_gpt2.csv,-558.5999755859375,558.5999755859375,0.12527404174514295
BERT,pos,POS,LID,lpca99,DET,12,671.3499755859375,671.0,672.0,16123,/home/ldomenichelli/linguistic_profiling_of_the_geometry_copy/geometric_profiling_of_a_neural_language_model/bert/tables_POS/pos_bootstrap/pos_raw_lpca99_bert-base-uncased.csv,GPT,lpca99,74.0,74.0,74.0,16123,/home/ldomenichelli/linguistic_profiling_of_the_geometry_copy/geometric_profiling_of_a_neural_language_model/bert/tables_POS/pos_bootstrap/pos_raw_lpca99_gpt2.csv,-597.3499755859375,597.3499755859375,0.11022566871386962
BERT,pos,POS,LID,lpca99,NOUN,12,687.75,687.0,688.0,33607,/home/ldomenichelli/linguistic_profiling_of_the_geometry_copy/geometric_profiling_of_a_neural_language_model/bert/tables_POS/pos_bootstrap/pos_raw_lpca99_bert-base-uncased.csv,GPT,lpca99,142.0,142.0,142.0,33607,/home/ldomenichelli/linguistic_profiling_of_the_geometry_copy/geometric_profiling_of_a_neural_language_model/bert/tables_POS/pos_bootstrap/pos_raw_lpca99_gpt2.csv,-545.75,545.75,0.2064703744093057
BERT,pos,POS,LID,lpca99,NUM,12,599.4000244140625,598.0,601.5250244140625,3675,/home/ldomenichelli/linguistic_profiling_of_the_geometry_copy/geometric_profiling_of_a_neural_language_model/bert/tables_POS/pos_bootstrap/pos_raw_lpca99_bert-base-uncased.csv,GPT,lpca99,57.0,57.0,57.0,3675,/home/ldomenichelli/linguistic_profiling_of_the_geometry_copy/geometric_profiling_of_a_neural_language_model/bert/tables_POS/pos_bootstrap/pos_raw_lpca99_gpt2.csv,-542.4000244140625,542.4000244140625,0.09509509122179262
BERT,pos,POS,LID,lpca99,PRON,12,649.75,649.0,650.5250244140625,18255,/home/ldomenichelli/linguistic_profiling_of_the_geometry_copy/geometric_profiling_of_a_neural_language_model/bert/tables_POS/pos_bootstrap/pos_raw_lpca99_bert-base-uncased.csv,GPT,lpca99,13.0,13.0,13.0,18255,/home/ldomenichelli/linguistic_profiling_of_the_geometry_copy/geometric_profiling_of_a_neural_language_model/bert/tables_POS/pos_bootstrap/pos_raw_lpca99_gpt2.csv,-636.75,636.75,0.020007695267410544
BERT,pos,POS,LID,lpca99,PROPN,12,668.5999755859375,668.0,669.5250244140625,11203,/home/ldomenichelli/linguistic_profiling_of_the_geometry_copy/geometric_profiling_of_a_neural_language_model/bert/tables_POS/pos_bootstrap/pos_raw_lpca99_bert-base-uncased.csv,GPT,lpca99,83.0,83.0,83.0,11203,/home/ldomenichelli/linguistic_profiling_of_the_geometry_copy/geometric_profiling_of_a_neural_language_model/bert/tables_POS/pos_bootstrap/pos_raw_lpca99_gpt2.csv,-585.5999755859375,585.5999755859375,0.12413999855034652
BERT,pos,POS,LID,lpca99,PUNCT,12,581.9500122070312,579.0,584.5250244140625,22123,/home/ldomenichelli/linguistic_profiling_of_the_geometry_copy/geometric_profiling_of_a_neural_language_model/bert/tables_POS/pos_bootstrap/pos_raw_lpca99_bert-base-uncased.csv,GPT,lpca99,51.0,51.0,51.0,22123,/home/ldomenichelli/linguistic_profiling_of_the_geometry_copy/geometric_profiling_of_a_neural_language_model/bert/tables_POS/pos_bootstrap/pos_raw_lpca99_gpt2.csv,-530.9500122070312,530.9500122070312,0.08763639304101695
BERT,pos,POS,LID,lpca99,SCONJ,12,616.4000244140625,615.0,617.5250244140625,3815,/home/ldomenichelli/linguistic_profiling_of_the_geometry_copy/geometric_profiling_of_a_neural_language_model/bert/tables_POS/pos_bootstrap/pos_raw_lpca99_bert-base-uncased.csv,GPT,lpca99,35.0,35.0,35.0,3815,/home/ldomenichelli/linguistic_profiling_of_the_geometry_copy/geometric_profiling_of_a_neural_language_model/bert/tables_POS/pos_bootstrap/pos_raw_lpca99_gpt2.csv,-581.4000244140625,581.4000244140625,0.05678130858815312
BERT,pos,POS,LID,lpca99,VERB,12,676.9000244140625,676.0,677.0,22095,/home/ldomenichelli/linguistic_profiling_of_the_geometry_copy/geometric_profiling_of_a_neural_language_model/bert/tables_POS/pos_bootstrap/pos_raw_lpca99_bert-base-uncased.csv,GPT,lpca99,95.0,95.0,95.0,22095,/home/ldomenichelli/linguistic_profiling_of_the_geometry_copy/geometric_profiling_of_a_neural_language_model/bert/tables_POS/pos_bootstrap/pos_raw_lpca99_gpt2.csv,-581.9000244140625,581.9000244140625,0.14034568854127874
BERT,pos,POS,NLID,gride,ADJ,12,23.53274917602539,22.971160888671875,24.10275650024414,12648,/home/ldomenichelli/linguistic_profiling_of_the_geometry_copy/geometric_profiling_of_a_neural_language_model/bert/tables_POS/pos_bootstrap/pos_raw_gride_bert-base-uncased.csv,GPT,gride,5.150691986083984,5.150691986083984,5.150691986083984,12648,/home/ldomenichelli/linguistic_profiling_of_the_geometry_copy/geometric_profiling_of_a_neural_language_model/bert/tables_POS/pos_bootstrap/pos_raw_gride_gpt2.csv,-18.382057189941406,18.382057189941406,0.21887336441470204
BERT,pos,POS,NLID,gride,ADP,12,22.152570724487305,21.917591094970703,22.377426147460938,17557,/home/ldomenichelli/linguistic_profiling_of_the_geometry_copy/geometric_profiling_of_a_neural_language_model/bert/tables_POS/pos_bootstrap/pos_raw_gride_bert-base-uncased.csv,GPT,gride,5.375010967254639,5.375010967254639,5.375010967254639,17557,/home/ldomenichelli/linguistic_profiling_of_the_geometry_copy/geometric_profiling_of_a_neural_language_model/bert/tables_POS/pos_bootstrap/pos_raw_gride_gpt2.csv,-16.777559757232666,16.777559757232666,0.24263599173675754
BERT,pos,POS,NLID,gride,ADV,12,17.390424728393555,16.98043441772461,17.7797908782959,9913,/home/ldomenichelli/linguistic_profiling_of_the_geometry_copy/geometric_profiling_of_a_neural_language_model/bert/tables_POS/pos_bootstrap/pos_raw_gride_bert-base-uncased.csv,GPT,gride,2.3405203819274902,2.3405203819274902,2.3405203819274902,9913,/home/ldomenichelli/linguistic_profiling_of_the_geometry_copy/geometric_profiling_of_a_neural_language_model/bert/tables_POS/pos_bootstrap/pos_raw_gride_gpt2.csv,-15.049904346466064,15.049904346466064,0.13458672910421185
BERT,pos,POS,NLID,gride,AUX,12,17.349403381347656,17.002574920654297,17.792530059814453,11526,/home/ldomenichelli/linguistic_profiling_of_the_geometry_copy/geometric_profiling_of_a_neural_language_model/bert/tables_POS/pos_bootstrap/pos_raw_gride_bert-base-uncased.csv,GPT,gride,4.527850151062012,4.527850151062012,4.527850151062012,11526,/home/ldomenichelli/linguistic_profiling_of_the_geometry_copy/geometric_profiling_of_a_neural_language_model/bert/tables_POS/pos_bootstrap/pos_raw_gride_gpt2.csv,-12.821553230285645,12.821553230285645,0.26098016465107404
BERT,pos,POS,NLID,gride,CCONJ,12,18.59935188293457,18.182506561279297,19.00906181335449,6627,/home/ldomenichelli/linguistic_profiling_of_the_geometry_copy/geometric_profiling_of_a_neural_language_model/bert/tables_POS/pos_bootstrap/pos_raw_gride_bert-base-uncased.csv,GPT,gride,5.240556716918945,5.240556716918945,5.240556716918945,6627,/home/ldomenichelli/linguistic_profiling_of_the_geometry_copy/geometric_profiling_of_a_neural_language_model/bert/tables_POS/pos_bootstrap/pos_raw_gride_gpt2.csv,-13.358795166015625,13.358795166015625,0.28176017905910494
BERT,pos,POS,NLID,gride,DET,12,22.93951797485352,22.51312255859375,23.39173698425293,16123,/home/ldomenichelli/linguistic_profiling_of_the_geometry_copy/geometric_profiling_of_a_neural_language_model/bert/tables_POS/pos_bootstrap/pos_raw_gride_bert-base-uncased.csv,GPT,gride,2.403432130813598,2.403432130813598,2.403432130813598,16123,/home/ldomenichelli/linguistic_profiling_of_the_geometry_copy/geometric_profiling_of_a_neural_language_model/bert/tables_POS/pos_bootstrap/pos_raw_gride_gpt2.csv,-20.53608584403992,20.53608584403992,0.1047725646828438
BERT,pos,POS,NLID,gride,NOUN,12,26.87746810913086,26.486581802368164,27.50784492492676,33607,/home/ldomenichelli/linguistic_profiling_of_the_geometry_copy/geometric_profiling_of_a_neural_language_model/bert/tables_POS/pos_bootstrap/pos_raw_gride_bert-base-uncased.csv,GPT,gride,4.994335651397705,4.994335651397705,4.994335651397705,33607,/home/ldomenichelli/linguistic_profiling_of_the_geometry_copy/geometric_profiling_of_a_neural_language_model/bert/tables_POS/pos_bootstrap/pos_raw_gride_gpt2.csv,-21.883132457733154,21.883132457733154,0.1858186802089822
BERT,pos,POS,NLID,gride,NUM,12,11.332108497619627,10.78965187072754,11.770716667175291,3675,/home/ldomenichelli/linguistic_profiling_of_the_geometry_copy/geometric_profiling_of_a_neural_language_model/bert/tables_POS/pos_bootstrap/pos_raw_gride_bert-base-uncased.csv,GPT,gride,3.0188920497894287,3.0188920497894287,3.0188920497894287,3675,/home/ldomenichelli/linguistic_profiling_of_the_geometry_copy/geometric_profiling_of_a_neural_language_model/bert/tables_POS/pos_bootstrap/pos_raw_gride_gpt2.csv,-8.313216447830198,8.313216447830198,0.2664016189417498
BERT,pos,POS,NLID,gride,PRON,12,16.000938415527344,15.754015922546388,16.346553802490234,18255,/home/ldomenichelli/linguistic_profiling_of_the_geometry_copy/geometric_profiling_of_a_neural_language_model/bert/tables_POS/pos_bootstrap/pos_raw_gride_bert-base-uncased.csv,GPT,gride,2.1826722621917725,2.1826722621917725,2.1826722621917725,18255,/home/ldomenichelli/linguistic_profiling_of_the_geometry_copy/geometric_profiling_of_a_neural_language_model/bert/tables_POS/pos_bootstrap/pos_raw_gride_gpt2.csv,-13.818266153335571,13.818266153335571,0.1364090158658259
BERT,pos,POS,NLID,gride,PROPN,12,16.900535583496094,16.06150245666504,17.771404266357422,11203,/home/ldomenichelli/linguistic_profiling_of_the_geometry_copy/geometric_profiling_of_a_neural_language_model/bert/tables_POS/pos_bootstrap/pos_raw_gride_bert-base-uncased.csv,GPT,gride,4.010976314544678,4.010976314544678,4.010976314544678,11203,/home/ldomenichelli/linguistic_profiling_of_the_geometry_copy/geometric_profiling_of_a_neural_language_model/bert/tables_POS/pos_bootstrap/pos_raw_gride_gpt2.csv,-12.889559268951416,12.889559268951416,0.23732835534878094
BERT,pos,POS,NLID,gride,PUNCT,12,13.36451244354248,12.714741706848145,13.846234321594238,22123,/home/ldomenichelli/linguistic_profiling_of_the_geometry_copy/geometric_profiling_of_a_neural_language_model/bert/tables_POS/pos_bootstrap/pos_raw_gride_bert-base-uncased.csv,GPT,gride,4.17047119140625,4.17047119140625,4.17047119140625,22123,/home/ldomenichelli/linguistic_profiling_of_the_geometry_copy/geometric_profiling_of_a_neural_language_model/bert/tables_POS/pos_bootstrap/pos_raw_gride_gpt2.csv,-9.19404125213623,9.19404125213623,0.31205561811731897
BERT,pos,POS,NLID,gride,SCONJ,12,13.892114639282228,13.511504173278809,14.219191551208496,3815,/home/ldomenichelli/linguistic_profiling_of_the_geometry_copy/geometric_profiling_of_a_neural_language_model/bert/tables_POS/pos_bootstrap/pos_raw_gride_bert-base-uncased.csv,GPT,gride,2.0146324634552,2.0146324634552,2.0146324634552,3815,/home/ldomenichelli/linguistic_profiling_of_the_geometry_copy/geometric_profiling_of_a_neural_language_model/bert/tables_POS/pos_bootstrap/pos_raw_gride_gpt2.csv,-11.877482175827028,11.877482175827028,0.14501985592304983
BERT,pos,POS,NLID,gride,VERB,12,24.22352600097656,23.620040893554688,24.65118408203125,22095,/home/ldomenichelli/linguistic_profiling_of_the_geometry_copy/geometric_profiling_of_a_neural_language_model/bert/tables_POS/pos_bootstrap/pos_raw_gride_bert-base-uncased.csv,GPT,gride,4.61342191696167,4.61342191696167,4.61342191696167,22095,/home/ldomenichelli/linguistic_profiling_of_the_geometry_copy/geometric_profiling_of_a_neural_language_model/bert/tables_POS/pos_bootstrap/pos_raw_gride_gpt2.csv,-19.61010408401489,19.61010408401489,0.1904521214944382
BERT,relation_type,Relation,IsoScore,iso,punct,12,0.0036281046923249,0.0035966311115771,0.0036581084132194,22123,/home/ldomenichelli/linguistic_profiling_of_the_geometry_copy/geometric_profiling_of_a_neural_language_model/bert/tables_REL/relation_bootstrap/relation_raw_iso_bert-base-uncased.csv,GPT,iso,0.0016702457796782,0.0016499652992933,0.0016834734706208,21787,/home/ldomenichelli/linguistic_profiling_of_the_geometry_copy/geometric_profiling_of_a_neural_language_model/gpt2_no_index/tables_REL_GPT2_no_idx0/relation_bootstrap/relation_raw_iso_gpt2.csv,-0.0019578589126467002,0.0019578589126467002,0.46036317066911914
BERT,relation_type,Relation,IsoScore,iso,case,12,0.0272490661591291,0.0266461633145809,0.0278822183609008,16577,/home/ldomenichelli/linguistic_profiling_of_the_geometry_copy/geometric_profiling_of_a_neural_language_model/bert/tables_REL/relation_bootstrap/relation_raw_iso_bert-base-uncased.csv,GPT,iso,0.0018737600184977,0.0018393592908978,0.0019191288156434,16041,/home/ldomenichelli/linguistic_profiling_of_the_geometry_copy/geometric_profiling_of_a_neural_language_model/gpt2_no_index/tables_REL_GPT2_no_idx0/relation_bootstrap/relation_raw_iso_gpt2.csv,-0.025375306140631403,0.025375306140631403,0.06876419204809868
BERT,relation_type,Relation,IsoScore,iso,nsubj,12,0.011985688470304,0.0116418227553367,0.0123535767197608,15648,/home/ldomenichelli/linguistic_profiling_of_the_geometry_copy/geometric_profiling_of_a_neural_language_model/bert/tables_REL/relation_bootstrap/relation_raw_iso_bert-base-uncased.csv,GPT,iso,0.0016763443127274,0.0016668154858052,0.0016861665062606,12331,/home/ldomenichelli/linguistic_profiling_of_the_geometry_copy/geometric_profiling_of_a_neural_language_model/gpt2_no_index/tables_REL_GPT2_no_idx0/relation_bootstrap/relation_raw_iso_gpt2.csv,-0.010309344157576601,0.010309344157576601,0.13986216285203362
BERT,relation_type,Relation,IsoScore,iso,det,12,0.0151145365089178,0.0149483121931552,0.0153060583397746,15562,/home/ldomenichelli/linguistic_profiling_of_the_geometry_copy/geometric_profiling_of_a_neural_language_model/bert/tables_REL/relation_bootstrap/relation_raw_iso_bert-base-uncased.csv,GPT,iso,0.0023924114648252,0.0023659910075366,0.0024160714820027,14417,/home/ldomenichelli/linguistic_profiling_of_the_geometry_copy/geometric_profiling_of_a_neural_language_model/gpt2_no_index/tables_REL_GPT2_no_idx0/relation_bootstrap/relation_raw_iso_gpt2.csv,-0.0127221250440926,0.0127221250440926,0.15828546667068766
BERT,relation_type,Relation,IsoScore,iso,advmod,12,0.0223567150533199,0.0213301740586757,0.0235886964946985,10307,/home/ldomenichelli/linguistic_profiling_of_the_geometry_copy/geometric_profiling_of_a_neural_language_model/bert/tables_REL/relation_bootstrap/relation_raw_iso_bert-base-uncased.csv,GPT,iso,0.0017659864388406,0.00174806418363,0.0017825885443016,9485,/home/ldomenichelli/linguistic_profiling_of_the_geometry_copy/geometric_profiling_of_a_neural_language_model/gpt2_no_index/tables_REL_GPT2_no_idx0/relation_bootstrap/relation_raw_iso_gpt2.csv,-0.0205907286144793,0.0205907286144793,0.07899132026457334
BERT,relation_type,Relation,IsoScore,iso,root,12,0.0177029781043529,0.0165504608303308,0.0187613256275653,10046,/home/ldomenichelli/linguistic_profiling_of_the_geometry_copy/geometric_profiling_of_a_neural_language_model/bert/tables_REL/relation_bootstrap/relation_raw_iso_bert-base-uncased.csv,GPT,iso,0.0018291196320205,0.0018009366467595,0.0018585538491606,8915,/home/ldomenichelli/linguistic_profiling_of_the_geometry_copy/geometric_profiling_of_a_neural_language_model/gpt2_no_index/tables_REL_GPT2_no_idx0/relation_bootstrap/relation_raw_iso_gpt2.csv,-0.0158738584723324,0.0158738584723324,0.10332270769576034
BERT,relation_type,Relation,IsoScore,iso,obj,12,0.0325867272913455,0.0313582085072994,0.0335713066160678,9685,/home/ldomenichelli/linguistic_profiling_of_the_geometry_copy/geometric_profiling_of_a_neural_language_model/bert/tables_REL/relation_bootstrap/relation_raw_iso_bert-base-uncased.csv,GPT,iso,0.0017660279991105,0.0017263881163671,0.0018037278205156,9661,/home/ldomenichelli/linguistic_profiling_of_the_geometry_copy/geometric_profiling_of_a_neural_language_model/gpt2_no_index/tables_REL_GPT2_no_idx0/relation_bootstrap/relation_raw_iso_gpt2.csv,-0.030820699292235,0.030820699292235,0.05419470274879454
BERT,relation_type,Relation,IsoScore,iso,amod,12,0.033442698419094,0.0320531278848648,0.0344268009066581,9312,/home/ldomenichelli/linguistic_profiling_of_the_geometry_copy/geometric_profiling_of_a_neural_language_model/bert/tables_REL/relation_bootstrap/relation_raw_iso_bert-base-uncased.csv,GPT,iso,0.0020504184067249,0.0020148807670921,0.0020856284536421,9076,/home/ldomenichelli/linguistic_profiling_of_the_geometry_copy/geometric_profiling_of_a_neural_language_model/gpt2_no_index/tables_REL_GPT2_no_idx0/relation_bootstrap/relation_raw_iso_gpt2.csv,-0.0313922800123691,0.0313922800123691,0.0613113924310073
BERT,relation_type,Relation,IsoScore,iso,obl,12,0.0359580032527446,0.0349493660032749,0.0368771702051162,8743,/home/ldomenichelli/linguistic_profiling_of_the_geometry_copy/geometric_profiling_of_a_neural_language_model/bert/tables_REL/relation_bootstrap/relation_raw_iso_bert-base-uncased.csv,GPT,iso,0.001666331780143,0.0016436029691249,0.001697190105915,8741,/home/ldomenichelli/linguistic_profiling_of_the_geometry_copy/geometric_profiling_of_a_neural_language_model/gpt2_no_index/tables_REL_GPT2_no_idx0/relation_bootstrap/relation_raw_iso_gpt2.csv,-0.0342916714726016,0.0342916714726016,0.046341054269074644
BERT,relation_type,Relation,IsoScore,iso,conj,12,0.037707008421421,0.0367780663073062,0.0389893688261508,7557,/home/ldomenichelli/linguistic_profiling_of_the_geometry_copy/geometric_profiling_of_a_neural_language_model/bert/tables_REL/relation_bootstrap/relation_raw_iso_bert-base-uncased.csv,GPT,iso,0.0016586689744144,0.0016343160532414,0.0016854160930961,7557,/home/ldomenichelli/linguistic_profiling_of_the_geometry_copy/geometric_profiling_of_a_neural_language_model/gpt2_no_index/tables_REL_GPT2_no_idx0/relation_bootstrap/relation_raw_iso_gpt2.csv,-0.036048339447006604,0.036048339447006604,0.04398834709656058
BERT,relation_type,Relation,LID,lpca99,punct,12,581.9500122070312,579.0,584.5250244140625,22123,/home/ldomenichelli/linguistic_profiling_of_the_geometry_copy/geometric_profiling_of_a_neural_language_model/bert/tables_REL/relation_bootstrap/relation_raw_lpca99_bert-base-uncased.csv,GPT,lpca99,79.6500015258789,67.8499984741211,88.57499694824219,21787,/home/ldomenichelli/linguistic_profiling_of_the_geometry_copy/geometric_profiling_of_a_neural_language_model/gpt2_no_index/tables_REL_GPT2_no_idx0/relation_bootstrap/relation_raw_lpca99_gpt2.csv,-502.30001068115234,502.30001068115234,0.13686742822430437
BERT,relation_type,Relation,LID,lpca99,case,12,676.2999877929688,676.0,677.0,16577,/home/ldomenichelli/linguistic_profiling_of_the_geometry_copy/geometric_profiling_of_a_neural_language_model/bert/tables_REL/relation_bootstrap/relation_raw_lpca99_bert-base-uncased.csv,GPT,lpca99,218.1499938964844,201.0,235.5249938964844,16041,/home/ldomenichelli/linguistic_profiling_of_the_geometry_copy/geometric_profiling_of_a_neural_language_model/gpt2_no_index/tables_REL_GPT2_no_idx0/relation_bootstrap/relation_raw_lpca99_gpt2.csv,-458.1499938964844,458.1499938964844,0.3225639477066873
BERT,relation_type,Relation,LID,lpca99,nsubj,12,664.25,663.4749755859375,665.0,15648,/home/ldomenichelli/linguistic_profiling_of_the_geometry_copy/geometric_profiling_of_a_neural_language_model/bert/tables_REL/relation_bootstrap/relation_raw_lpca99_bert-base-uncased.csv,GPT,lpca99,109.0500030517578,103.9499969482422,114.5250015258789,12331,/home/ldomenichelli/linguistic_profiling_of_the_geometry_copy/geometric_profiling_of_a_neural_language_model/gpt2_no_index/tables_REL_GPT2_no_idx0/relation_bootstrap/relation_raw_lpca99_gpt2.csv,-555.1999969482422,555.1999969482422,0.1641701212672304
BERT,relation_type,Relation,LID,lpca99,det,12,669.9500122070312,669.0,671.0499877929688,15562,/home/ldomenichelli/linguistic_profiling_of_the_geometry_copy/geometric_profiling_of_a_neural_language_model/bert/tables_REL/relation_bootstrap/relation_raw_lpca99_bert-base-uncased.csv,GPT,lpca99,285.0,280.0,288.0,14417,/home/ldomenichelli/linguistic_profiling_of_the_geometry_copy/geometric_profiling_of_a_neural_language_model/gpt2_no_index/tables_REL_GPT2_no_idx0/relation_bootstrap/relation_raw_lpca99_gpt2.csv,-384.95001220703125,384.95001220703125,0.42540487321004467
BERT,relation_type,Relation,LID,lpca99,advmod,12,672.0499877929688,671.0,673.0,10307,/home/ldomenichelli/linguistic_profiling_of_the_geometry_copy/geometric_profiling_of_a_neural_language_model/bert/tables_REL/relation_bootstrap/relation_raw_lpca99_bert-base-uncased.csv,GPT,lpca99,137.3000030517578,129.47500610351562,143.52499389648438,9485,/home/ldomenichelli/linguistic_profiling_of_the_geometry_copy/geometric_profiling_of_a_neural_language_model/gpt2_no_index/tables_REL_GPT2_no_idx0/relation_bootstrap/relation_raw_lpca99_gpt2.csv,-534.7499847412109,534.7499847412109,0.20430028352899005
BERT,relation_type,Relation,LID,lpca99,root,12,669.3499755859375,668.0,670.0,10046,/home/ldomenichelli/linguistic_profiling_of_the_geometry_copy/geometric_profiling_of_a_neural_language_model/bert/tables_REL/relation_bootstrap/relation_raw_lpca99_bert-base-uncased.csv,GPT,lpca99,166.3000030517578,160.0,172.5749969482422,8915,/home/ldomenichelli/linguistic_profiling_of_the_geometry_copy/geometric_profiling_of_a_neural_language_model/gpt2_no_index/tables_REL_GPT2_no_idx0/relation_bootstrap/relation_raw_lpca99_gpt2.csv,-503.0499725341797,503.0499725341797,0.24845000241642146
BERT,relation_type,Relation,LID,lpca99,obj,12,676.5499877929688,676.0,677.0,9685,/home/ldomenichelli/linguistic_profiling_of_the_geometry_copy/geometric_profiling_of_a_neural_language_model/bert/tables_REL/relation_bootstrap/relation_raw_lpca99_bert-base-uncased.csv,GPT,lpca99,192.6999969482422,179.75,202.5249938964844,9661,/home/ldomenichelli/linguistic_profiling_of_the_geometry_copy/geometric_profiling_of_a_neural_language_model/gpt2_no_index/tables_REL_GPT2_no_idx0/relation_bootstrap/relation_raw_lpca99_gpt2.csv,-483.84999084472656,483.84999084472656,0.28482743392970156
BERT,relation_type,Relation,LID,lpca99,amod,12,675.4500122070312,675.0,676.0,9312,/home/ldomenichelli/linguistic_profiling_of_the_geometry_copy/geometric_profiling_of_a_neural_language_model/bert/tables_REL/relation_bootstrap/relation_raw_lpca99_bert-base-uncased.csv,GPT,lpca99,311.8999938964844,305.0,318.0,9076,/home/ldomenichelli/linguistic_profiling_of_the_geometry_copy/geometric_profiling_of_a_neural_language_model/gpt2_no_index/tables_REL_GPT2_no_idx0/relation_bootstrap/relation_raw_lpca99_gpt2.csv,-363.5500183105469,363.5500183105469,0.46176621253932904
BERT,relation_type,Relation,LID,lpca99,obl,12,682.7999877929688,682.0,683.0,8743,/home/ldomenichelli/linguistic_profiling_of_the_geometry_copy/geometric_profiling_of_a_neural_language_model/bert/tables_REL/relation_bootstrap/relation_raw_lpca99_bert-base-uncased.csv,GPT,lpca99,156.64999389648438,146.0,167.5749969482422,8741,/home/ldomenichelli/linguistic_profiling_of_the_geometry_copy/geometric_profiling_of_a_neural_language_model/gpt2_no_index/tables_REL_GPT2_no_idx0/relation_bootstrap/relation_raw_lpca99_gpt2.csv,-526.1499938964844,526.1499938964844,0.2294229594274423
BERT,relation_type,Relation,LID,lpca99,conj,12,681.7999877929688,681.0,682.5250244140625,7557,/home/ldomenichelli/linguistic_profiling_of_the_geometry_copy/geometric_profiling_of_a_neural_language_model/bert/tables_REL/relation_bootstrap/relation_raw_lpca99_bert-base-uncased.csv,GPT,lpca99,174.1999969482422,159.4250030517578,184.5249938964844,7557,/home/ldomenichelli/linguistic_profiling_of_the_geometry_copy/geometric_profiling_of_a_neural_language_model/gpt2_no_index/tables_REL_GPT2_no_idx0/relation_bootstrap/relation_raw_lpca99_gpt2.csv,-507.59999084472656,507.59999084472656,0.2555001467690532
BERT,relation_type,Relation,NLID,gride,punct,12,13.36451244354248,12.714740753173828,13.846235275268556,22123,/home/ldomenichelli/linguistic_profiling_of_the_geometry_copy/geometric_profiling_of_a_neural_language_model/bert/tables_REL/relation_bootstrap/relation_raw_gride_bert-base-uncased.csv,GPT,gride,6.731788635253906,6.620049953460693,6.835573196411133,21787,/home/ldomenichelli/linguistic_profiling_of_the_geometry_copy/geometric_profiling_of_a_neural_language_model/gpt2_no_index/tables_REL_GPT2_no_idx0/relation_bootstrap/relation_raw_gride_gpt2.csv,-6.632723808288574,6.632723808288574,0.5037062641597972
BERT,relation_type,Relation,NLID,gride,case,12,21.472768783569336,20.9438419342041,21.91558074951172,16577,/home/ldomenichelli/linguistic_profiling_of_the_geometry_copy/geometric_profiling_of_a_neural_language_model/bert/tables_REL/relation_bootstrap/relation_raw_gride_bert-base-uncased.csv,GPT,gride,9.784708023071287,9.645089149475098,9.943531036376951,16041,/home/ldomenichelli/linguistic_profiling_of_the_geometry_copy/geometric_profiling_of_a_neural_language_model/gpt2_no_index/tables_REL_GPT2_no_idx0/relation_bootstrap/relation_raw_gride_gpt2.csv,-11.688060760498049,11.688060760498049,0.45567984835557906
BERT,relation_type,Relation,NLID,gride,nsubj,12,17.638751983642578,17.245838165283203,18.19038200378418,15648,/home/ldomenichelli/linguistic_profiling_of_the_geometry_copy/geometric_profiling_of_a_neural_language_model/bert/tables_REL/relation_bootstrap/relation_raw_gride_bert-base-uncased.csv,GPT,gride,7.455090999603271,7.232481002807617,7.579926013946533,12331,/home/ldomenichelli/linguistic_profiling_of_the_geometry_copy/geometric_profiling_of_a_neural_language_model/gpt2_no_index/tables_REL_GPT2_no_idx0/relation_bootstrap/relation_raw_gride_gpt2.csv,-10.183660984039307,10.183660984039307,0.4226541087780361
BERT,relation_type,Relation,NLID,gride,det,12,23.05513572692871,22.46374893188477,23.75710105895996,15562,/home/ldomenichelli/linguistic_profiling_of_the_geometry_copy/geometric_profiling_of_a_neural_language_model/bert/tables_REL/relation_bootstrap/relation_raw_gride_bert-base-uncased.csv,GPT,gride,8.886570930480957,8.735600471496582,9.014784812927246,14417,/home/ldomenichelli/linguistic_profiling_of_the_geometry_copy/geometric_profiling_of_a_neural_language_model/gpt2_no_index/tables_REL_GPT2_no_idx0/relation_bootstrap/relation_raw_gride_gpt2.csv,-14.168564796447754,14.168564796447754,0.3854486495215607
BERT,relation_type,Relation,NLID,gride,advmod,12,17.6978759765625,17.257808685302734,18.12843894958496,10307,/home/ldomenichelli/linguistic_profiling_of_the_geometry_copy/geometric_profiling_of_a_neural_language_model/bert/tables_REL/relation_bootstrap/relation_raw_gride_bert-base-uncased.csv,GPT,gride,7.882245063781738,7.747048377990723,8.02038860321045,9485,/home/ldomenichelli/linguistic_profiling_of_the_geometry_copy/geometric_profiling_of_a_neural_language_model/gpt2_no_index/tables_REL_GPT2_no_idx0/relation_bootstrap/relation_raw_gride_gpt2.csv,-9.815630912780762,9.815630912780762,0.44537802582752223
BERT,relation_type,Relation,NLID,gride,root,12,21.552907943725582,20.7813777923584,22.28372001647949,10046,/home/ldomenichelli/linguistic_profiling_of_the_geometry_copy/geometric_profiling_of_a_neural_language_model/bert/tables_REL/relation_bootstrap/relation_raw_gride_bert-base-uncased.csv,GPT,gride,8.481939315795898,8.26980972290039,8.722063064575195,8915,/home/ldomenichelli/linguistic_profiling_of_the_geometry_copy/geometric_profiling_of_a_neural_language_model/gpt2_no_index/tables_REL_GPT2_no_idx0/relation_bootstrap/relation_raw_gride_gpt2.csv,-13.070968627929684,13.070968627929684,0.39354036763587324
BERT,relation_type,Relation,NLID,gride,obj,12,19.432376861572266,18.786062240600582,20.23723220825196,9685,/home/ldomenichelli/linguistic_profiling_of_the_geometry_copy/geometric_profiling_of_a_neural_language_model/bert/tables_REL/relation_bootstrap/relation_raw_gride_bert-base-uncased.csv,GPT,gride,9.667577743530272,9.520808219909668,9.803375244140623,9661,/home/ldomenichelli/linguistic_profiling_of_the_geometry_copy/geometric_profiling_of_a_neural_language_model/gpt2_no_index/tables_REL_GPT2_no_idx0/relation_bootstrap/relation_raw_gride_gpt2.csv,-9.764799118041994,9.764799118041994,0.4974984693019211
BERT,relation_type,Relation,NLID,gride,amod,12,21.801517486572266,21.30376434326172,22.34677696228028,9312,/home/ldomenichelli/linguistic_profiling_of_the_geometry_copy/geometric_profiling_of_a_neural_language_model/bert/tables_REL/relation_bootstrap/relation_raw_gride_bert-base-uncased.csv,GPT,gride,10.862990379333496,10.7450532913208,10.957117080688477,9076,/home/ldomenichelli/linguistic_profiling_of_the_geometry_copy/geometric_profiling_of_a_neural_language_model/gpt2_no_index/tables_REL_GPT2_no_idx0/relation_bootstrap/relation_raw_gride_gpt2.csv,-10.93852710723877,10.93852710723877,0.49826762683029296
BERT,relation_type,Relation,NLID,gride,obl,12,24.033031463623047,23.359474182128903,24.923927307128903,8743,/home/ldomenichelli/linguistic_profiling_of_the_geometry_copy/geometric_profiling_of_a_neural_language_model/bert/tables_REL/relation_bootstrap/relation_raw_gride_bert-base-uncased.csv,GPT,gride,9.2031831741333,8.817523956298828,9.476481437683104,8741,/home/ldomenichelli/linguistic_profiling_of_the_geometry_copy/geometric_profiling_of_a_neural_language_model/gpt2_no_index/tables_REL_GPT2_no_idx0/relation_bootstrap/relation_raw_gride_gpt2.csv,-14.829848289489746,14.829848289489746,0.3829389225434774
BERT,relation_type,Relation,NLID,gride,conj,12,27.72568702697754,26.892379760742188,28.563859939575195,7557,/home/ldomenichelli/linguistic_profiling_of_the_geometry_copy/geometric_profiling_of_a_neural_language_model/bert/tables_REL/relation_bootstrap/relation_raw_gride_bert-base-uncased.csv,GPT,gride,9.108634948730469,8.977372169494629,9.236665725708008,7557,/home/ldomenichelli/linguistic_profiling_of_the_geometry_copy/geometric_profiling_of_a_neural_language_model/gpt2_no_index/tables_REL_GPT2_no_idx0/relation_bootstrap/relation_raw_gride_gpt2.csv,-18.61705207824707,18.61705207824707,0.3285269338814804
