model_key,comparison,feature,metric_label,metric_key,reference_metric,class_key,class,layer,mean_value,reference_value,mean_rank_within_plot,reference_rank_within_plot,mean_path,reference_path
bert,BERT: MEAN vs FIRST,pos,IsoScore,iso,iso,ADJ,ADJ,0,0.1752659529447555,0.0418094955384731,144.0,152.0,plots_extra/metrics/features/pos/mean/bert/tables/iso_bert_pos.csv,bert/tables_POS/pos_bootstrap/pos_raw_iso_bert-base-uncased.csv
bert,BERT: MEAN vs FIRST,pos,IsoScore,iso,iso,ADJ,ADJ,1,0.1697178483009338,0.0415989905595779,136.0,149.0,plots_extra/metrics/features/pos/mean/bert/tables/iso_bert_pos.csv,bert/tables_POS/pos_bootstrap/pos_raw_iso_bert-base-uncased.csv
bert,BERT: MEAN vs FIRST,pos,IsoScore,iso,iso,ADJ,ADJ,2,0.1719260662794113,0.0393759794533252,140.0,142.0,plots_extra/metrics/features/pos/mean/bert/tables/iso_bert_pos.csv,bert/tables_POS/pos_bootstrap/pos_raw_iso_bert-base-uncased.csv
bert,BERT: MEAN vs FIRST,pos,IsoScore,iso,iso,ADJ,ADJ,3,0.1660970598459243,0.0365678966045379,130.0,138.0,plots_extra/metrics/features/pos/mean/bert/tables/iso_bert_pos.csv,bert/tables_POS/pos_bootstrap/pos_raw_iso_bert-base-uncased.csv
bert,BERT: MEAN vs FIRST,pos,IsoScore,iso,iso,ADJ,ADJ,4,0.1640309393405914,0.0349793694913387,128.0,133.0,plots_extra/metrics/features/pos/mean/bert/tables/iso_bert_pos.csv,bert/tables_POS/pos_bootstrap/pos_raw_iso_bert-base-uncased.csv
bert,BERT: MEAN vs FIRST,pos,IsoScore,iso,iso,ADJ,ADJ,5,0.1667779386043548,0.0356491431593894,132.0,137.0,plots_extra/metrics/features/pos/mean/bert/tables/iso_bert_pos.csv,bert/tables_POS/pos_bootstrap/pos_raw_iso_bert-base-uncased.csv
bert,BERT: MEAN vs FIRST,pos,IsoScore,iso,iso,ADJ,ADJ,6,0.1683564335107803,0.0347939580678939,134.0,131.0,plots_extra/metrics/features/pos/mean/bert/tables/iso_bert_pos.csv,bert/tables_POS/pos_bootstrap/pos_raw_iso_bert-base-uncased.csv
bert,BERT: MEAN vs FIRST,pos,IsoScore,iso,iso,ADJ,ADJ,7,0.1705519706010818,0.0342412218451499,139.0,129.0,plots_extra/metrics/features/pos/mean/bert/tables/iso_bert_pos.csv,bert/tables_POS/pos_bootstrap/pos_raw_iso_bert-base-uncased.csv
bert,BERT: MEAN vs FIRST,pos,IsoScore,iso,iso,ADJ,ADJ,8,0.1724812984466552,0.033451572060585,141.0,123.0,plots_extra/metrics/features/pos/mean/bert/tables/iso_bert_pos.csv,bert/tables_POS/pos_bootstrap/pos_raw_iso_bert-base-uncased.csv
bert,BERT: MEAN vs FIRST,pos,IsoScore,iso,iso,ADJ,ADJ,9,0.1806491911411285,0.0342119112610816,149.0,128.0,plots_extra/metrics/features/pos/mean/bert/tables/iso_bert_pos.csv,bert/tables_POS/pos_bootstrap/pos_raw_iso_bert-base-uncased.csv
bert,BERT: MEAN vs FIRST,pos,IsoScore,iso,iso,ADJ,ADJ,10,0.1832510083913803,0.0339230932295322,151.0,125.0,plots_extra/metrics/features/pos/mean/bert/tables/iso_bert_pos.csv,bert/tables_POS/pos_bootstrap/pos_raw_iso_bert-base-uncased.csv
bert,BERT: MEAN vs FIRST,pos,IsoScore,iso,iso,ADJ,ADJ,11,0.1783482134342193,0.0320494323968887,147.0,116.0,plots_extra/metrics/features/pos/mean/bert/tables/iso_bert_pos.csv,bert/tables_POS/pos_bootstrap/pos_raw_iso_bert-base-uncased.csv
bert,BERT: MEAN vs FIRST,pos,IsoScore,iso,iso,ADJ,ADJ,12,0.1772915571928024,0.0342100262641906,146.0,127.0,plots_extra/metrics/features/pos/mean/bert/tables/iso_bert_pos.csv,bert/tables_POS/pos_bootstrap/pos_raw_iso_bert-base-uncased.csv
bert,BERT: MEAN vs FIRST,pos,IsoScore,iso,iso,ADP,ADP,0,0.0258465204387903,0.0108893029391765,25.0,37.0,plots_extra/metrics/features/pos/mean/bert/tables/iso_bert_pos.csv,bert/tables_POS/pos_bootstrap/pos_raw_iso_bert-base-uncased.csv
bert,BERT: MEAN vs FIRST,pos,IsoScore,iso,iso,ADP,ADP,1,0.0327449589967727,0.0127347074449062,38.0,53.0,plots_extra/metrics/features/pos/mean/bert/tables/iso_bert_pos.csv,bert/tables_POS/pos_bootstrap/pos_raw_iso_bert-base-uncased.csv
bert,BERT: MEAN vs FIRST,pos,IsoScore,iso,iso,ADP,ADP,2,0.039047036319971,0.0144681660458445,45.0,59.0,plots_extra/metrics/features/pos/mean/bert/tables/iso_bert_pos.csv,bert/tables_POS/pos_bootstrap/pos_raw_iso_bert-base-uncased.csv
bert,BERT: MEAN vs FIRST,pos,IsoScore,iso,iso,ADP,ADP,3,0.0502020344138145,0.0168265886604785,57.0,79.0,plots_extra/metrics/features/pos/mean/bert/tables/iso_bert_pos.csv,bert/tables_POS/pos_bootstrap/pos_raw_iso_bert-base-uncased.csv
bert,BERT: MEAN vs FIRST,pos,IsoScore,iso,iso,ADP,ADP,4,0.0632473826408386,0.0183854475617408,72.0,80.0,plots_extra/metrics/features/pos/mean/bert/tables/iso_bert_pos.csv,bert/tables_POS/pos_bootstrap/pos_raw_iso_bert-base-uncased.csv
bert,BERT: MEAN vs FIRST,pos,IsoScore,iso,iso,ADP,ADP,5,0.0865710452198982,0.0231797527521848,92.0,93.0,plots_extra/metrics/features/pos/mean/bert/tables/iso_bert_pos.csv,bert/tables_POS/pos_bootstrap/pos_raw_iso_bert-base-uncased.csv
bert,BERT: MEAN vs FIRST,pos,IsoScore,iso,iso,ADP,ADP,6,0.1205993741750717,0.0291861146688461,103.0,109.0,plots_extra/metrics/features/pos/mean/bert/tables/iso_bert_pos.csv,bert/tables_POS/pos_bootstrap/pos_raw_iso_bert-base-uncased.csv
bert,BERT: MEAN vs FIRST,pos,IsoScore,iso,iso,ADP,ADP,7,0.1430640518665313,0.032368030399084,115.0,120.0,plots_extra/metrics/features/pos/mean/bert/tables/iso_bert_pos.csv,bert/tables_POS/pos_bootstrap/pos_raw_iso_bert-base-uncased.csv
bert,BERT: MEAN vs FIRST,pos,IsoScore,iso,iso,ADP,ADP,8,0.1527445912361145,0.0343741588294506,117.0,130.0,plots_extra/metrics/features/pos/mean/bert/tables/iso_bert_pos.csv,bert/tables_POS/pos_bootstrap/pos_raw_iso_bert-base-uncased.csv
bert,BERT: MEAN vs FIRST,pos,IsoScore,iso,iso,ADP,ADP,9,0.1652915328741073,0.037057913839817,129.0,139.0,plots_extra/metrics/features/pos/mean/bert/tables/iso_bert_pos.csv,bert/tables_POS/pos_bootstrap/pos_raw_iso_bert-base-uncased.csv
bert,BERT: MEAN vs FIRST,pos,IsoScore,iso,iso,ADP,ADP,10,0.1702201068401336,0.0402587205171585,138.0,145.0,plots_extra/metrics/features/pos/mean/bert/tables/iso_bert_pos.csv,bert/tables_POS/pos_bootstrap/pos_raw_iso_bert-base-uncased.csv
bert,BERT: MEAN vs FIRST,pos,IsoScore,iso,iso,ADP,ADP,11,0.1702183336019516,0.0381739735603332,137.0,141.0,plots_extra/metrics/features/pos/mean/bert/tables/iso_bert_pos.csv,bert/tables_POS/pos_bootstrap/pos_raw_iso_bert-base-uncased.csv
bert,BERT: MEAN vs FIRST,pos,IsoScore,iso,iso,ADP,ADP,12,0.1391503810882568,0.0280755180865526,113.0,106.0,plots_extra/metrics/features/pos/mean/bert/tables/iso_bert_pos.csv,bert/tables_POS/pos_bootstrap/pos_raw_iso_bert-base-uncased.csv
bert,BERT: MEAN vs FIRST,pos,IsoScore,iso,iso,ADV,ADV,0,0.0778283923864364,0.0249623209238052,86.0,100.0,plots_extra/metrics/features/pos/mean/bert/tables/iso_bert_pos.csv,bert/tables_POS/pos_bootstrap/pos_raw_iso_bert-base-uncased.csv
bert,BERT: MEAN vs FIRST,pos,IsoScore,iso,iso,ADV,ADV,1,0.0772977471351623,0.0233863051980733,84.0,95.0,plots_extra/metrics/features/pos/mean/bert/tables/iso_bert_pos.csv,bert/tables_POS/pos_bootstrap/pos_raw_iso_bert-base-uncased.csv
bert,BERT: MEAN vs FIRST,pos,IsoScore,iso,iso,ADV,ADV,2,0.0839284807443618,0.0232314988970756,91.0,94.0,plots_extra/metrics/features/pos/mean/bert/tables/iso_bert_pos.csv,bert/tables_POS/pos_bootstrap/pos_raw_iso_bert-base-uncased.csv
bert,BERT: MEAN vs FIRST,pos,IsoScore,iso,iso,ADV,ADV,3,0.0910549461841583,0.0248041730374097,94.0,98.0,plots_extra/metrics/features/pos/mean/bert/tables/iso_bert_pos.csv,bert/tables_POS/pos_bootstrap/pos_raw_iso_bert-base-uncased.csv
bert,BERT: MEAN vs FIRST,pos,IsoScore,iso,iso,ADV,ADV,4,0.1010083705186843,0.0268322769552469,98.0,104.0,plots_extra/metrics/features/pos/mean/bert/tables/iso_bert_pos.csv,bert/tables_POS/pos_bootstrap/pos_raw_iso_bert-base-uncased.csv
bert,BERT: MEAN vs FIRST,pos,IsoScore,iso,iso,ADV,ADV,5,0.1081433519721031,0.0277419108897447,100.0,105.0,plots_extra/metrics/features/pos/mean/bert/tables/iso_bert_pos.csv,bert/tables_POS/pos_bootstrap/pos_raw_iso_bert-base-uncased.csv
bert,BERT: MEAN vs FIRST,pos,IsoScore,iso,iso,ADV,ADV,6,0.1163470596075058,0.0284170657396316,102.0,107.0,plots_extra/metrics/features/pos/mean/bert/tables/iso_bert_pos.csv,bert/tables_POS/pos_bootstrap/pos_raw_iso_bert-base-uncased.csv
bert,BERT: MEAN vs FIRST,pos,IsoScore,iso,iso,ADV,ADV,7,0.1280207186937332,0.0298477094620466,105.0,111.0,plots_extra/metrics/features/pos/mean/bert/tables/iso_bert_pos.csv,bert/tables_POS/pos_bootstrap/pos_raw_iso_bert-base-uncased.csv
bert,BERT: MEAN vs FIRST,pos,IsoScore,iso,iso,ADV,ADV,8,0.1346970498561859,0.0311177149415016,109.0,113.0,plots_extra/metrics/features/pos/mean/bert/tables/iso_bert_pos.csv,bert/tables_POS/pos_bootstrap/pos_raw_iso_bert-base-uncased.csv
bert,BERT: MEAN vs FIRST,pos,IsoScore,iso,iso,ADV,ADV,9,0.1535034626722335,0.0349760204553604,118.0,132.0,plots_extra/metrics/features/pos/mean/bert/tables/iso_bert_pos.csv,bert/tables_POS/pos_bootstrap/pos_raw_iso_bert-base-uncased.csv
bert,BERT: MEAN vs FIRST,pos,IsoScore,iso,iso,ADV,ADV,10,0.1636796295642852,0.0353192761540412,126.0,134.0,plots_extra/metrics/features/pos/mean/bert/tables/iso_bert_pos.csv,bert/tables_POS/pos_bootstrap/pos_raw_iso_bert-base-uncased.csv
bert,BERT: MEAN vs FIRST,pos,IsoScore,iso,iso,ADV,ADV,11,0.163695216178894,0.0338530950248241,127.0,124.0,plots_extra/metrics/features/pos/mean/bert/tables/iso_bert_pos.csv,bert/tables_POS/pos_bootstrap/pos_raw_iso_bert-base-uncased.csv
bert,BERT: MEAN vs FIRST,pos,IsoScore,iso,iso,ADV,ADV,12,0.1268315613269806,0.0212874002754688,104.0,89.0,plots_extra/metrics/features/pos/mean/bert/tables/iso_bert_pos.csv,bert/tables_POS/pos_bootstrap/pos_raw_iso_bert-base-uncased.csv
bert,BERT: MEAN vs FIRST,pos,IsoScore,iso,iso,AUX,AUX,0,0.0141099859029054,0.0064530973322689,7.0,9.0,plots_extra/metrics/features/pos/mean/bert/tables/iso_bert_pos.csv,bert/tables_POS/pos_bootstrap/pos_raw_iso_bert-base-uncased.csv
bert,BERT: MEAN vs FIRST,pos,IsoScore,iso,iso,AUX,AUX,1,0.0194430015981197,0.0079377517104148,16.0,22.0,plots_extra/metrics/features/pos/mean/bert/tables/iso_bert_pos.csv,bert/tables_POS/pos_bootstrap/pos_raw_iso_bert-base-uncased.csv
bert,BERT: MEAN vs FIRST,pos,IsoScore,iso,iso,AUX,AUX,2,0.0246781110763549,0.0089678457006812,22.0,29.0,plots_extra/metrics/features/pos/mean/bert/tables/iso_bert_pos.csv,bert/tables_POS/pos_bootstrap/pos_raw_iso_bert-base-uncased.csv
bert,BERT: MEAN vs FIRST,pos,IsoScore,iso,iso,AUX,AUX,3,0.0291885826736688,0.0096161616966128,29.0,33.0,plots_extra/metrics/features/pos/mean/bert/tables/iso_bert_pos.csv,bert/tables_POS/pos_bootstrap/pos_raw_iso_bert-base-uncased.csv
bert,BERT: MEAN vs FIRST,pos,IsoScore,iso,iso,AUX,AUX,4,0.0370859131217002,0.0113031789660453,43.0,41.0,plots_extra/metrics/features/pos/mean/bert/tables/iso_bert_pos.csv,bert/tables_POS/pos_bootstrap/pos_raw_iso_bert-base-uncased.csv
bert,BERT: MEAN vs FIRST,pos,IsoScore,iso,iso,AUX,AUX,5,0.0448591671884059,0.012711226940155,50.0,52.0,plots_extra/metrics/features/pos/mean/bert/tables/iso_bert_pos.csv,bert/tables_POS/pos_bootstrap/pos_raw_iso_bert-base-uncased.csv
bert,BERT: MEAN vs FIRST,pos,IsoScore,iso,iso,AUX,AUX,6,0.0570047311484813,0.0154738398268818,64.0,69.0,plots_extra/metrics/features/pos/mean/bert/tables/iso_bert_pos.csv,bert/tables_POS/pos_bootstrap/pos_raw_iso_bert-base-uncased.csv
bert,BERT: MEAN vs FIRST,pos,IsoScore,iso,iso,AUX,AUX,7,0.0739044994115829,0.0190206505358219,80.0,83.0,plots_extra/metrics/features/pos/mean/bert/tables/iso_bert_pos.csv,bert/tables_POS/pos_bootstrap/pos_raw_iso_bert-base-uncased.csv
bert,BERT: MEAN vs FIRST,pos,IsoScore,iso,iso,AUX,AUX,8,0.0818105265498161,0.0210146363824605,88.0,88.0,plots_extra/metrics/features/pos/mean/bert/tables/iso_bert_pos.csv,bert/tables_POS/pos_bootstrap/pos_raw_iso_bert-base-uncased.csv
bert,BERT: MEAN vs FIRST,pos,IsoScore,iso,iso,AUX,AUX,9,0.0819150060415268,0.0205892827361822,89.0,87.0,plots_extra/metrics/features/pos/mean/bert/tables/iso_bert_pos.csv,bert/tables_POS/pos_bootstrap/pos_raw_iso_bert-base-uncased.csv
bert,BERT: MEAN vs FIRST,pos,IsoScore,iso,iso,AUX,AUX,10,0.0954259634017944,0.023624163120985,96.0,96.0,plots_extra/metrics/features/pos/mean/bert/tables/iso_bert_pos.csv,bert/tables_POS/pos_bootstrap/pos_raw_iso_bert-base-uncased.csv
bert,BERT: MEAN vs FIRST,pos,IsoScore,iso,iso,AUX,AUX,11,0.0990547239780426,0.0246944241225719,97.0,97.0,plots_extra/metrics/features/pos/mean/bert/tables/iso_bert_pos.csv,bert/tables_POS/pos_bootstrap/pos_raw_iso_bert-base-uncased.csv
bert,BERT: MEAN vs FIRST,pos,IsoScore,iso,iso,AUX,AUX,12,0.0948506966233253,0.0252637956291437,95.0,102.0,plots_extra/metrics/features/pos/mean/bert/tables/iso_bert_pos.csv,bert/tables_POS/pos_bootstrap/pos_raw_iso_bert-base-uncased.csv
bert,BERT: MEAN vs FIRST,pos,IsoScore,iso,iso,CCONJ,CCONJ,0,0.0085369506850838,0.0048443912528455,2.0,2.0,plots_extra/metrics/features/pos/mean/bert/tables/iso_bert_pos.csv,bert/tables_POS/pos_bootstrap/pos_raw_iso_bert-base-uncased.csv
bert,BERT: MEAN vs FIRST,pos,IsoScore,iso,iso,CCONJ,CCONJ,1,0.01048562861979,0.0053818156011402,3.0,3.0,plots_extra/metrics/features/pos/mean/bert/tables/iso_bert_pos.csv,bert/tables_POS/pos_bootstrap/pos_raw_iso_bert-base-uncased.csv
bert,BERT: MEAN vs FIRST,pos,IsoScore,iso,iso,CCONJ,CCONJ,2,0.0158571880310773,0.0067179622128605,10.0,13.0,plots_extra/metrics/features/pos/mean/bert/tables/iso_bert_pos.csv,bert/tables_POS/pos_bootstrap/pos_raw_iso_bert-base-uncased.csv
bert,BERT: MEAN vs FIRST,pos,IsoScore,iso,iso,CCONJ,CCONJ,3,0.0239868648350238,0.0090747848153114,21.0,30.0,plots_extra/metrics/features/pos/mean/bert/tables/iso_bert_pos.csv,bert/tables_POS/pos_bootstrap/pos_raw_iso_bert-base-uncased.csv
bert,BERT: MEAN vs FIRST,pos,IsoScore,iso,iso,CCONJ,CCONJ,4,0.0320732630789279,0.0109266946092247,36.0,38.0,plots_extra/metrics/features/pos/mean/bert/tables/iso_bert_pos.csv,bert/tables_POS/pos_bootstrap/pos_raw_iso_bert-base-uncased.csv
bert,BERT: MEAN vs FIRST,pos,IsoScore,iso,iso,CCONJ,CCONJ,5,0.0383329540491104,0.0111204739660024,44.0,39.0,plots_extra/metrics/features/pos/mean/bert/tables/iso_bert_pos.csv,bert/tables_POS/pos_bootstrap/pos_raw_iso_bert-base-uncased.csv
bert,BERT: MEAN vs FIRST,pos,IsoScore,iso,iso,CCONJ,CCONJ,6,0.0480299517512321,0.012048453092575,53.0,46.0,plots_extra/metrics/features/pos/mean/bert/tables/iso_bert_pos.csv,bert/tables_POS/pos_bootstrap/pos_raw_iso_bert-base-uncased.csv
bert,BERT: MEAN vs FIRST,pos,IsoScore,iso,iso,CCONJ,CCONJ,7,0.0533368214964866,0.0124612161889672,61.0,50.0,plots_extra/metrics/features/pos/mean/bert/tables/iso_bert_pos.csv,bert/tables_POS/pos_bootstrap/pos_raw_iso_bert-base-uncased.csv
bert,BERT: MEAN vs FIRST,pos,IsoScore,iso,iso,CCONJ,CCONJ,8,0.0491119995713233,0.0123461056500673,55.0,49.0,plots_extra/metrics/features/pos/mean/bert/tables/iso_bert_pos.csv,bert/tables_POS/pos_bootstrap/pos_raw_iso_bert-base-uncased.csv
bert,BERT: MEAN vs FIRST,pos,IsoScore,iso,iso,CCONJ,CCONJ,9,0.0571923777461051,0.014652763493359,65.0,62.0,plots_extra/metrics/features/pos/mean/bert/tables/iso_bert_pos.csv,bert/tables_POS/pos_bootstrap/pos_raw_iso_bert-base-uncased.csv
bert,BERT: MEAN vs FIRST,pos,IsoScore,iso,iso,CCONJ,CCONJ,10,0.0576609596610069,0.01467742677778,67.0,64.0,plots_extra/metrics/features/pos/mean/bert/tables/iso_bert_pos.csv,bert/tables_POS/pos_bootstrap/pos_raw_iso_bert-base-uncased.csv
bert,BERT: MEAN vs FIRST,pos,IsoScore,iso,iso,CCONJ,CCONJ,11,0.0617461986839771,0.0150531660765409,68.0,66.0,plots_extra/metrics/features/pos/mean/bert/tables/iso_bert_pos.csv,bert/tables_POS/pos_bootstrap/pos_raw_iso_bert-base-uncased.csv
bert,BERT: MEAN vs FIRST,pos,IsoScore,iso,iso,CCONJ,CCONJ,12,0.053358681499958,0.0126380799338221,62.0,51.0,plots_extra/metrics/features/pos/mean/bert/tables/iso_bert_pos.csv,bert/tables_POS/pos_bootstrap/pos_raw_iso_bert-base-uncased.csv
bert,BERT: MEAN vs FIRST,pos,IsoScore,iso,iso,DET,DET,0,0.0121546387672424,0.0055859857238829,4.0,4.0,plots_extra/metrics/features/pos/mean/bert/tables/iso_bert_pos.csv,bert/tables_POS/pos_bootstrap/pos_raw_iso_bert-base-uncased.csv
bert,BERT: MEAN vs FIRST,pos,IsoScore,iso,iso,DET,DET,1,0.0146110374480485,0.0058119036257267,8.0,6.0,plots_extra/metrics/features/pos/mean/bert/tables/iso_bert_pos.csv,bert/tables_POS/pos_bootstrap/pos_raw_iso_bert-base-uncased.csv
bert,BERT: MEAN vs FIRST,pos,IsoScore,iso,iso,DET,DET,2,0.0182916577905416,0.0065128318965435,14.0,11.0,plots_extra/metrics/features/pos/mean/bert/tables/iso_bert_pos.csv,bert/tables_POS/pos_bootstrap/pos_raw_iso_bert-base-uncased.csv
bert,BERT: MEAN vs FIRST,pos,IsoScore,iso,iso,DET,DET,3,0.0234384797513484,0.0076116579584777,19.0,19.0,plots_extra/metrics/features/pos/mean/bert/tables/iso_bert_pos.csv,bert/tables_POS/pos_bootstrap/pos_raw_iso_bert-base-uncased.csv
bert,BERT: MEAN vs FIRST,pos,IsoScore,iso,iso,DET,DET,4,0.0310334153473377,0.0086457841098308,34.0,27.0,plots_extra/metrics/features/pos/mean/bert/tables/iso_bert_pos.csv,bert/tables_POS/pos_bootstrap/pos_raw_iso_bert-base-uncased.csv
bert,BERT: MEAN vs FIRST,pos,IsoScore,iso,iso,DET,DET,5,0.0438936501741409,0.0107407476752996,49.0,35.0,plots_extra/metrics/features/pos/mean/bert/tables/iso_bert_pos.csv,bert/tables_POS/pos_bootstrap/pos_raw_iso_bert-base-uncased.csv
bert,BERT: MEAN vs FIRST,pos,IsoScore,iso,iso,DET,DET,6,0.0632459670305252,0.0140581047162413,71.0,58.0,plots_extra/metrics/features/pos/mean/bert/tables/iso_bert_pos.csv,bert/tables_POS/pos_bootstrap/pos_raw_iso_bert-base-uncased.csv
bert,BERT: MEAN vs FIRST,pos,IsoScore,iso,iso,DET,DET,7,0.0741784125566482,0.0149006750434637,81.0,65.0,plots_extra/metrics/features/pos/mean/bert/tables/iso_bert_pos.csv,bert/tables_POS/pos_bootstrap/pos_raw_iso_bert-base-uncased.csv
bert,BERT: MEAN vs FIRST,pos,IsoScore,iso,iso,DET,DET,8,0.1057861596345901,0.0220809169113636,99.0,91.0,plots_extra/metrics/features/pos/mean/bert/tables/iso_bert_pos.csv,bert/tables_POS/pos_bootstrap/pos_raw_iso_bert-base-uncased.csv
bert,BERT: MEAN vs FIRST,pos,IsoScore,iso,iso,DET,DET,9,0.1114224046468734,0.0212916899472475,101.0,90.0,plots_extra/metrics/features/pos/mean/bert/tables/iso_bert_pos.csv,bert/tables_POS/pos_bootstrap/pos_raw_iso_bert-base-uncased.csv
bert,BERT: MEAN vs FIRST,pos,IsoScore,iso,iso,DET,DET,10,0.1286549568176269,0.0249653458595275,106.0,101.0,plots_extra/metrics/features/pos/mean/bert/tables/iso_bert_pos.csv,bert/tables_POS/pos_bootstrap/pos_raw_iso_bert-base-uncased.csv
bert,BERT: MEAN vs FIRST,pos,IsoScore,iso,iso,DET,DET,11,0.1319241821765899,0.0248822383582592,107.0,99.0,plots_extra/metrics/features/pos/mean/bert/tables/iso_bert_pos.csv,bert/tables_POS/pos_bootstrap/pos_raw_iso_bert-base-uncased.csv
bert,BERT: MEAN vs FIRST,pos,IsoScore,iso,iso,DET,DET,12,0.0896902084350586,0.0155048742890357,93.0,70.0,plots_extra/metrics/features/pos/mean/bert/tables/iso_bert_pos.csv,bert/tables_POS/pos_bootstrap/pos_raw_iso_bert-base-uncased.csv
bert,BERT: MEAN vs FIRST,pos,IsoScore,iso,iso,NOUN,NOUN,0,0.3060917556285858,0.0653475746512413,169.0,167.0,plots_extra/metrics/features/pos/mean/bert/tables/iso_bert_pos.csv,bert/tables_POS/pos_bootstrap/pos_raw_iso_bert-base-uncased.csv
bert,BERT: MEAN vs FIRST,pos,IsoScore,iso,iso,NOUN,NOUN,1,0.2947860956192016,0.0671722069382667,168.0,169.0,plots_extra/metrics/features/pos/mean/bert/tables/iso_bert_pos.csv,bert/tables_POS/pos_bootstrap/pos_raw_iso_bert-base-uncased.csv
bert,BERT: MEAN vs FIRST,pos,IsoScore,iso,iso,NOUN,NOUN,2,0.2844658195972442,0.0659135207533836,167.0,168.0,plots_extra/metrics/features/pos/mean/bert/tables/iso_bert_pos.csv,bert/tables_POS/pos_bootstrap/pos_raw_iso_bert-base-uncased.csv
bert,BERT: MEAN vs FIRST,pos,IsoScore,iso,iso,NOUN,NOUN,3,0.268692284822464,0.0646859183907508,166.0,166.0,plots_extra/metrics/features/pos/mean/bert/tables/iso_bert_pos.csv,bert/tables_POS/pos_bootstrap/pos_raw_iso_bert-base-uncased.csv
bert,BERT: MEAN vs FIRST,pos,IsoScore,iso,iso,NOUN,NOUN,4,0.2545170187950134,0.062577411532402,165.0,165.0,plots_extra/metrics/features/pos/mean/bert/tables/iso_bert_pos.csv,bert/tables_POS/pos_bootstrap/pos_raw_iso_bert-base-uncased.csv
bert,BERT: MEAN vs FIRST,pos,IsoScore,iso,iso,NOUN,NOUN,5,0.2468595504760742,0.0612952932715415,164.0,164.0,plots_extra/metrics/features/pos/mean/bert/tables/iso_bert_pos.csv,bert/tables_POS/pos_bootstrap/pos_raw_iso_bert-base-uncased.csv
bert,BERT: MEAN vs FIRST,pos,IsoScore,iso,iso,NOUN,NOUN,6,0.2396245449781417,0.059181522578001,162.0,163.0,plots_extra/metrics/features/pos/mean/bert/tables/iso_bert_pos.csv,bert/tables_POS/pos_bootstrap/pos_raw_iso_bert-base-uncased.csv
bert,BERT: MEAN vs FIRST,pos,IsoScore,iso,iso,NOUN,NOUN,7,0.2405351847410202,0.0564692914485931,163.0,162.0,plots_extra/metrics/features/pos/mean/bert/tables/iso_bert_pos.csv,bert/tables_POS/pos_bootstrap/pos_raw_iso_bert-base-uncased.csv
bert,BERT: MEAN vs FIRST,pos,IsoScore,iso,iso,NOUN,NOUN,8,0.2282341718673706,0.0526421293616294,160.0,161.0,plots_extra/metrics/features/pos/mean/bert/tables/iso_bert_pos.csv,bert/tables_POS/pos_bootstrap/pos_raw_iso_bert-base-uncased.csv
bert,BERT: MEAN vs FIRST,pos,IsoScore,iso,iso,NOUN,NOUN,9,0.2326972186565399,0.0488905347883701,161.0,159.0,plots_extra/metrics/features/pos/mean/bert/tables/iso_bert_pos.csv,bert/tables_POS/pos_bootstrap/pos_raw_iso_bert-base-uncased.csv
bert,BERT: MEAN vs FIRST,pos,IsoScore,iso,iso,NOUN,NOUN,10,0.2179334461688995,0.0449867732822895,159.0,156.0,plots_extra/metrics/features/pos/mean/bert/tables/iso_bert_pos.csv,bert/tables_POS/pos_bootstrap/pos_raw_iso_bert-base-uncased.csv
bert,BERT: MEAN vs FIRST,pos,IsoScore,iso,iso,NOUN,NOUN,11,0.2121438980102539,0.0402713306248188,158.0,146.0,plots_extra/metrics/features/pos/mean/bert/tables/iso_bert_pos.csv,bert/tables_POS/pos_bootstrap/pos_raw_iso_bert-base-uncased.csv
bert,BERT: MEAN vs FIRST,pos,IsoScore,iso,iso,NOUN,NOUN,12,0.2119467258453369,0.0399092473089695,157.0,144.0,plots_extra/metrics/features/pos/mean/bert/tables/iso_bert_pos.csv,bert/tables_POS/pos_bootstrap/pos_raw_iso_bert-base-uncased.csv
bert,BERT: MEAN vs FIRST,pos,IsoScore,iso,iso,NUM,NUM,0,0.0274936519563198,0.0108435954898595,28.0,36.0,plots_extra/metrics/features/pos/mean/bert/tables/iso_bert_pos.csv,bert/tables_POS/pos_bootstrap/pos_raw_iso_bert-base-uncased.csv
bert,BERT: MEAN vs FIRST,pos,IsoScore,iso,iso,NUM,NUM,1,0.0308537390083074,0.0117364320904016,32.0,43.0,plots_extra/metrics/features/pos/mean/bert/tables/iso_bert_pos.csv,bert/tables_POS/pos_bootstrap/pos_raw_iso_bert-base-uncased.csv
bert,BERT: MEAN vs FIRST,pos,IsoScore,iso,iso,NUM,NUM,2,0.0366518497467041,0.0132698444649577,42.0,54.0,plots_extra/metrics/features/pos/mean/bert/tables/iso_bert_pos.csv,bert/tables_POS/pos_bootstrap/pos_raw_iso_bert-base-uncased.csv
bert,BERT: MEAN vs FIRST,pos,IsoScore,iso,iso,NUM,NUM,3,0.0412748083472251,0.0144827142357826,47.0,60.0,plots_extra/metrics/features/pos/mean/bert/tables/iso_bert_pos.csv,bert/tables_POS/pos_bootstrap/pos_raw_iso_bert-base-uncased.csv
bert,BERT: MEAN vs FIRST,pos,IsoScore,iso,iso,NUM,NUM,4,0.0468356013298034,0.0157189015299081,52.0,72.0,plots_extra/metrics/features/pos/mean/bert/tables/iso_bert_pos.csv,bert/tables_POS/pos_bootstrap/pos_raw_iso_bert-base-uncased.csv
bert,BERT: MEAN vs FIRST,pos,IsoScore,iso,iso,NUM,NUM,5,0.0521647445857524,0.0161724425852298,59.0,74.0,plots_extra/metrics/features/pos/mean/bert/tables/iso_bert_pos.csv,bert/tables_POS/pos_bootstrap/pos_raw_iso_bert-base-uncased.csv
bert,BERT: MEAN vs FIRST,pos,IsoScore,iso,iso,NUM,NUM,6,0.0557208880782127,0.016754787415266,63.0,78.0,plots_extra/metrics/features/pos/mean/bert/tables/iso_bert_pos.csv,bert/tables_POS/pos_bootstrap/pos_raw_iso_bert-base-uncased.csv
bert,BERT: MEAN vs FIRST,pos,IsoScore,iso,iso,NUM,NUM,7,0.0574627891182899,0.0167141314595937,66.0,77.0,plots_extra/metrics/features/pos/mean/bert/tables/iso_bert_pos.csv,bert/tables_POS/pos_bootstrap/pos_raw_iso_bert-base-uncased.csv
bert,BERT: MEAN vs FIRST,pos,IsoScore,iso,iso,NUM,NUM,8,0.0649190172553062,0.0188926178961992,75.0,82.0,plots_extra/metrics/features/pos/mean/bert/tables/iso_bert_pos.csv,bert/tables_POS/pos_bootstrap/pos_raw_iso_bert-base-uncased.csv
bert,BERT: MEAN vs FIRST,pos,IsoScore,iso,iso,NUM,NUM,9,0.0673286765813827,0.0196901578456163,77.0,84.0,plots_extra/metrics/features/pos/mean/bert/tables/iso_bert_pos.csv,bert/tables_POS/pos_bootstrap/pos_raw_iso_bert-base-uncased.csv
bert,BERT: MEAN vs FIRST,pos,IsoScore,iso,iso,NUM,NUM,10,0.0721375793218612,0.0200384203344583,79.0,85.0,plots_extra/metrics/features/pos/mean/bert/tables/iso_bert_pos.csv,bert/tables_POS/pos_bootstrap/pos_raw_iso_bert-base-uncased.csv
bert,BERT: MEAN vs FIRST,pos,IsoScore,iso,iso,NUM,NUM,11,0.0775869563221931,0.0205833986401557,85.0,86.0,plots_extra/metrics/features/pos/mean/bert/tables/iso_bert_pos.csv,bert/tables_POS/pos_bootstrap/pos_raw_iso_bert-base-uncased.csv
bert,BERT: MEAN vs FIRST,pos,IsoScore,iso,iso,NUM,NUM,12,0.0800128504633903,0.0253978110849857,87.0,103.0,plots_extra/metrics/features/pos/mean/bert/tables/iso_bert_pos.csv,bert/tables_POS/pos_bootstrap/pos_raw_iso_bert-base-uncased.csv
bert,BERT: MEAN vs FIRST,pos,IsoScore,iso,iso,PRON,PRON,0,0.0187206454575061,0.0077270925976336,15.0,20.0,plots_extra/metrics/features/pos/mean/bert/tables/iso_bert_pos.csv,bert/tables_POS/pos_bootstrap/pos_raw_iso_bert-base-uncased.csv
bert,BERT: MEAN vs FIRST,pos,IsoScore,iso,iso,PRON,PRON,1,0.0239784140139818,0.0098520489409565,20.0,34.0,plots_extra/metrics/features/pos/mean/bert/tables/iso_bert_pos.csv,bert/tables_POS/pos_bootstrap/pos_raw_iso_bert-base-uncased.csv
bert,BERT: MEAN vs FIRST,pos,IsoScore,iso,iso,PRON,PRON,2,0.0292038675397634,0.0112411715090274,30.0,40.0,plots_extra/metrics/features/pos/mean/bert/tables/iso_bert_pos.csv,bert/tables_POS/pos_bootstrap/pos_raw_iso_bert-base-uncased.csv
bert,BERT: MEAN vs FIRST,pos,IsoScore,iso,iso,PRON,PRON,3,0.0337181016802787,0.0123401703312993,40.0,48.0,plots_extra/metrics/features/pos/mean/bert/tables/iso_bert_pos.csv,bert/tables_POS/pos_bootstrap/pos_raw_iso_bert-base-uncased.csv
bert,BERT: MEAN vs FIRST,pos,IsoScore,iso,iso,PRON,PRON,4,0.0408281572163105,0.0133286789059638,46.0,55.0,plots_extra/metrics/features/pos/mean/bert/tables/iso_bert_pos.csv,bert/tables_POS/pos_bootstrap/pos_raw_iso_bert-base-uncased.csv
bert,BERT: MEAN vs FIRST,pos,IsoScore,iso,iso,PRON,PRON,5,0.0456976741552352,0.0137058226391673,51.0,56.0,plots_extra/metrics/features/pos/mean/bert/tables/iso_bert_pos.csv,bert/tables_POS/pos_bootstrap/pos_raw_iso_bert-base-uncased.csv
bert,BERT: MEAN vs FIRST,pos,IsoScore,iso,iso,PRON,PRON,6,0.0523575320839881,0.0145472940057516,60.0,61.0,plots_extra/metrics/features/pos/mean/bert/tables/iso_bert_pos.csv,bert/tables_POS/pos_bootstrap/pos_raw_iso_bert-base-uncased.csv
bert,BERT: MEAN vs FIRST,pos,IsoScore,iso,iso,PRON,PRON,7,0.0632339343428611,0.0165250822901725,70.0,76.0,plots_extra/metrics/features/pos/mean/bert/tables/iso_bert_pos.csv,bert/tables_POS/pos_bootstrap/pos_raw_iso_bert-base-uncased.csv
bert,BERT: MEAN vs FIRST,pos,IsoScore,iso,iso,PRON,PRON,8,0.0624635890126228,0.0154511844739317,69.0,68.0,plots_extra/metrics/features/pos/mean/bert/tables/iso_bert_pos.csv,bert/tables_POS/pos_bootstrap/pos_raw_iso_bert-base-uncased.csv
bert,BERT: MEAN vs FIRST,pos,IsoScore,iso,iso,PRON,PRON,9,0.0663866698741912,0.0155289527028799,76.0,71.0,plots_extra/metrics/features/pos/mean/bert/tables/iso_bert_pos.csv,bert/tables_POS/pos_bootstrap/pos_raw_iso_bert-base-uncased.csv
bert,BERT: MEAN vs FIRST,pos,IsoScore,iso,iso,PRON,PRON,10,0.0688102319836616,0.0150572396814823,78.0,67.0,plots_extra/metrics/features/pos/mean/bert/tables/iso_bert_pos.csv,bert/tables_POS/pos_bootstrap/pos_raw_iso_bert-base-uncased.csv
bert,BERT: MEAN vs FIRST,pos,IsoScore,iso,iso,PRON,PRON,11,0.0645702928304672,0.0146744735538959,74.0,63.0,plots_extra/metrics/features/pos/mean/bert/tables/iso_bert_pos.csv,bert/tables_POS/pos_bootstrap/pos_raw_iso_bert-base-uncased.csv
bert,BERT: MEAN vs FIRST,pos,IsoScore,iso,iso,PRON,PRON,12,0.0498110577464103,0.0118167558684945,56.0,44.0,plots_extra/metrics/features/pos/mean/bert/tables/iso_bert_pos.csv,bert/tables_POS/pos_bootstrap/pos_raw_iso_bert-base-uncased.csv
bert,BERT: MEAN vs FIRST,pos,IsoScore,iso,iso,PROPN,PROPN,0,0.2099189460277557,0.0524751506745815,156.0,160.0,plots_extra/metrics/features/pos/mean/bert/tables/iso_bert_pos.csv,bert/tables_POS/pos_bootstrap/pos_raw_iso_bert-base-uncased.csv
bert,BERT: MEAN vs FIRST,pos,IsoScore,iso,iso,PROPN,PROPN,1,0.1993893831968307,0.0449390858411788,155.0,155.0,plots_extra/metrics/features/pos/mean/bert/tables/iso_bert_pos.csv,bert/tables_POS/pos_bootstrap/pos_raw_iso_bert-base-uncased.csv
bert,BERT: MEAN vs FIRST,pos,IsoScore,iso,iso,PROPN,PROPN,2,0.1875151693820953,0.0405228585004806,153.0,147.0,plots_extra/metrics/features/pos/mean/bert/tables/iso_bert_pos.csv,bert/tables_POS/pos_bootstrap/pos_raw_iso_bert-base-uncased.csv
bert,BERT: MEAN vs FIRST,pos,IsoScore,iso,iso,PROPN,PROPN,3,0.1725235879421234,0.0355649963021278,142.0,135.0,plots_extra/metrics/features/pos/mean/bert/tables/iso_bert_pos.csv,bert/tables_POS/pos_bootstrap/pos_raw_iso_bert-base-uncased.csv
bert,BERT: MEAN vs FIRST,pos,IsoScore,iso,iso,PROPN,PROPN,4,0.1611768901348114,0.032499074935913,124.0,121.0,plots_extra/metrics/features/pos/mean/bert/tables/iso_bert_pos.csv,bert/tables_POS/pos_bootstrap/pos_raw_iso_bert-base-uncased.csv
bert,BERT: MEAN vs FIRST,pos,IsoScore,iso,iso,PROPN,PROPN,5,0.1554023623466491,0.0325172953307628,121.0,122.0,plots_extra/metrics/features/pos/mean/bert/tables/iso_bert_pos.csv,bert/tables_POS/pos_bootstrap/pos_raw_iso_bert-base-uncased.csv
bert,BERT: MEAN vs FIRST,pos,IsoScore,iso,iso,PROPN,PROPN,6,0.1535915285348892,0.0320966131985187,119.0,117.0,plots_extra/metrics/features/pos/mean/bert/tables/iso_bert_pos.csv,bert/tables_POS/pos_bootstrap/pos_raw_iso_bert-base-uncased.csv
bert,BERT: MEAN vs FIRST,pos,IsoScore,iso,iso,PROPN,PROPN,7,0.147779032588005,0.0298732444643974,116.0,112.0,plots_extra/metrics/features/pos/mean/bert/tables/iso_bert_pos.csv,bert/tables_POS/pos_bootstrap/pos_raw_iso_bert-base-uncased.csv
bert,BERT: MEAN vs FIRST,pos,IsoScore,iso,iso,PROPN,PROPN,8,0.1408383399248123,0.0311392042785882,114.0,114.0,plots_extra/metrics/features/pos/mean/bert/tables/iso_bert_pos.csv,bert/tables_POS/pos_bootstrap/pos_raw_iso_bert-base-uncased.csv
bert,BERT: MEAN vs FIRST,pos,IsoScore,iso,iso,PROPN,PROPN,9,0.1383681148290634,0.0321331247687339,112.0,118.0,plots_extra/metrics/features/pos/mean/bert/tables/iso_bert_pos.csv,bert/tables_POS/pos_bootstrap/pos_raw_iso_bert-base-uncased.csv
bert,BERT: MEAN vs FIRST,pos,IsoScore,iso,iso,PROPN,PROPN,10,0.1350488066673278,0.0295058991760015,110.0,110.0,plots_extra/metrics/features/pos/mean/bert/tables/iso_bert_pos.csv,bert/tables_POS/pos_bootstrap/pos_raw_iso_bert-base-uncased.csv
bert,BERT: MEAN vs FIRST,pos,IsoScore,iso,iso,PROPN,PROPN,11,0.1380646526813507,0.028919106349349,111.0,108.0,plots_extra/metrics/features/pos/mean/bert/tables/iso_bert_pos.csv,bert/tables_POS/pos_bootstrap/pos_raw_iso_bert-base-uncased.csv
bert,BERT: MEAN vs FIRST,pos,IsoScore,iso,iso,PROPN,PROPN,12,0.1341070681810379,0.0228071026504039,108.0,92.0,plots_extra/metrics/features/pos/mean/bert/tables/iso_bert_pos.csv,bert/tables_POS/pos_bootstrap/pos_raw_iso_bert-base-uncased.csv
bert,BERT: MEAN vs FIRST,pos,IsoScore,iso,iso,PUNCT,PUNCT,0,0.0129749896004796,0.0064660585485398,5.0,10.0,plots_extra/metrics/features/pos/mean/bert/tables/iso_bert_pos.csv,bert/tables_POS/pos_bootstrap/pos_raw_iso_bert-base-uncased.csv
bert,BERT: MEAN vs FIRST,pos,IsoScore,iso,iso,PUNCT,PUNCT,1,0.0175246689468622,0.0074357283301651,11.0,16.0,plots_extra/metrics/features/pos/mean/bert/tables/iso_bert_pos.csv,bert/tables_POS/pos_bootstrap/pos_raw_iso_bert-base-uncased.csv
bert,BERT: MEAN vs FIRST,pos,IsoScore,iso,iso,PUNCT,PUNCT,2,0.0233463607728481,0.0088993916288018,18.0,28.0,plots_extra/metrics/features/pos/mean/bert/tables/iso_bert_pos.csv,bert/tables_POS/pos_bootstrap/pos_raw_iso_bert-base-uncased.csv
bert,BERT: MEAN vs FIRST,pos,IsoScore,iso,iso,PUNCT,PUNCT,3,0.0252833273261785,0.008103422820568,24.0,24.0,plots_extra/metrics/features/pos/mean/bert/tables/iso_bert_pos.csv,bert/tables_POS/pos_bootstrap/pos_raw_iso_bert-base-uncased.csv
bert,BERT: MEAN vs FIRST,pos,IsoScore,iso,iso,PUNCT,PUNCT,4,0.0260516665875911,0.00760850450024,26.0,18.0,plots_extra/metrics/features/pos/mean/bert/tables/iso_bert_pos.csv,bert/tables_POS/pos_bootstrap/pos_raw_iso_bert-base-uncased.csv
bert,BERT: MEAN vs FIRST,pos,IsoScore,iso,iso,PUNCT,PUNCT,5,0.0322381816804409,0.0085498914122581,37.0,26.0,plots_extra/metrics/features/pos/mean/bert/tables/iso_bert_pos.csv,bert/tables_POS/pos_bootstrap/pos_raw_iso_bert-base-uncased.csv
bert,BERT: MEAN vs FIRST,pos,IsoScore,iso,iso,PUNCT,PUNCT,6,0.0311556719243526,0.0078979460522532,35.0,21.0,plots_extra/metrics/features/pos/mean/bert/tables/iso_bert_pos.csv,bert/tables_POS/pos_bootstrap/pos_raw_iso_bert-base-uncased.csv
bert,BERT: MEAN vs FIRST,pos,IsoScore,iso,iso,PUNCT,PUNCT,7,0.0332892462611198,0.0080511709675192,39.0,23.0,plots_extra/metrics/features/pos/mean/bert/tables/iso_bert_pos.csv,bert/tables_POS/pos_bootstrap/pos_raw_iso_bert-base-uncased.csv
bert,BERT: MEAN vs FIRST,pos,IsoScore,iso,iso,PUNCT,PUNCT,8,0.0292872637510299,0.0076020578853785,31.0,17.0,plots_extra/metrics/features/pos/mean/bert/tables/iso_bert_pos.csv,bert/tables_POS/pos_bootstrap/pos_raw_iso_bert-base-uncased.csv
bert,BERT: MEAN vs FIRST,pos,IsoScore,iso,iso,PUNCT,PUNCT,9,0.035485416650772,0.0096118580549955,41.0,32.0,plots_extra/metrics/features/pos/mean/bert/tables/iso_bert_pos.csv,bert/tables_POS/pos_bootstrap/pos_raw_iso_bert-base-uncased.csv
bert,BERT: MEAN vs FIRST,pos,IsoScore,iso,iso,PUNCT,PUNCT,10,0.02617191337049,0.0073382430709898,27.0,14.0,plots_extra/metrics/features/pos/mean/bert/tables/iso_bert_pos.csv,bert/tables_POS/pos_bootstrap/pos_raw_iso_bert-base-uncased.csv
bert,BERT: MEAN vs FIRST,pos,IsoScore,iso,iso,PUNCT,PUNCT,11,0.0175742618739604,0.0055876523256301,12.0,5.0,plots_extra/metrics/features/pos/mean/bert/tables/iso_bert_pos.csv,bert/tables_POS/pos_bootstrap/pos_raw_iso_bert-base-uncased.csv
bert,BERT: MEAN vs FIRST,pos,IsoScore,iso,iso,PUNCT,PUNCT,12,0.0076625780202448,0.0036281046923249,1.0,1.0,plots_extra/metrics/features/pos/mean/bert/tables/iso_bert_pos.csv,bert/tables_POS/pos_bootstrap/pos_raw_iso_bert-base-uncased.csv
bert,BERT: MEAN vs FIRST,pos,IsoScore,iso,iso,SCONJ,SCONJ,0,0.0135799217969179,0.0059165530838072,6.0,7.0,plots_extra/metrics/features/pos/mean/bert/tables/iso_bert_pos.csv,bert/tables_POS/pos_bootstrap/pos_raw_iso_bert-base-uncased.csv
bert,BERT: MEAN vs FIRST,pos,IsoScore,iso,iso,SCONJ,SCONJ,1,0.0153834326192736,0.006162382196635,9.0,8.0,plots_extra/metrics/features/pos/mean/bert/tables/iso_bert_pos.csv,bert/tables_POS/pos_bootstrap/pos_raw_iso_bert-base-uncased.csv
bert,BERT: MEAN vs FIRST,pos,IsoScore,iso,iso,SCONJ,SCONJ,2,0.0181010160595178,0.0066034663468599,13.0,12.0,plots_extra/metrics/features/pos/mean/bert/tables/iso_bert_pos.csv,bert/tables_POS/pos_bootstrap/pos_raw_iso_bert-base-uncased.csv
bert,BERT: MEAN vs FIRST,pos,IsoScore,iso,iso,SCONJ,SCONJ,3,0.0212657153606414,0.0073608201928436,17.0,15.0,plots_extra/metrics/features/pos/mean/bert/tables/iso_bert_pos.csv,bert/tables_POS/pos_bootstrap/pos_raw_iso_bert-base-uncased.csv
bert,BERT: MEAN vs FIRST,pos,IsoScore,iso,iso,SCONJ,SCONJ,4,0.0249914061278104,0.0082102594897151,23.0,25.0,plots_extra/metrics/features/pos/mean/bert/tables/iso_bert_pos.csv,bert/tables_POS/pos_bootstrap/pos_raw_iso_bert-base-uncased.csv
bert,BERT: MEAN vs FIRST,pos,IsoScore,iso,iso,SCONJ,SCONJ,5,0.030926564708352,0.0092477491125464,33.0,31.0,plots_extra/metrics/features/pos/mean/bert/tables/iso_bert_pos.csv,bert/tables_POS/pos_bootstrap/pos_raw_iso_bert-base-uncased.csv
bert,BERT: MEAN vs FIRST,pos,IsoScore,iso,iso,SCONJ,SCONJ,6,0.0416692234575748,0.0113454377278685,48.0,42.0,plots_extra/metrics/features/pos/mean/bert/tables/iso_bert_pos.csv,bert/tables_POS/pos_bootstrap/pos_raw_iso_bert-base-uncased.csv
bert,BERT: MEAN vs FIRST,pos,IsoScore,iso,iso,SCONJ,SCONJ,7,0.0482495576143264,0.0119488080963492,54.0,45.0,plots_extra/metrics/features/pos/mean/bert/tables/iso_bert_pos.csv,bert/tables_POS/pos_bootstrap/pos_raw_iso_bert-base-uncased.csv
bert,BERT: MEAN vs FIRST,pos,IsoScore,iso,iso,SCONJ,SCONJ,8,0.051933579146862,0.0120710544288158,58.0,47.0,plots_extra/metrics/features/pos/mean/bert/tables/iso_bert_pos.csv,bert/tables_POS/pos_bootstrap/pos_raw_iso_bert-base-uncased.csv
bert,BERT: MEAN vs FIRST,pos,IsoScore,iso,iso,SCONJ,SCONJ,9,0.0633327737450599,0.0138131426647305,73.0,57.0,plots_extra/metrics/features/pos/mean/bert/tables/iso_bert_pos.csv,bert/tables_POS/pos_bootstrap/pos_raw_iso_bert-base-uncased.csv
bert,BERT: MEAN vs FIRST,pos,IsoScore,iso,iso,SCONJ,SCONJ,10,0.0755883678793907,0.0164802726358175,83.0,75.0,plots_extra/metrics/features/pos/mean/bert/tables/iso_bert_pos.csv,bert/tables_POS/pos_bootstrap/pos_raw_iso_bert-base-uncased.csv
bert,BERT: MEAN vs FIRST,pos,IsoScore,iso,iso,SCONJ,SCONJ,11,0.0826437622308731,0.0185097754001617,90.0,81.0,plots_extra/metrics/features/pos/mean/bert/tables/iso_bert_pos.csv,bert/tables_POS/pos_bootstrap/pos_raw_iso_bert-base-uncased.csv
bert,BERT: MEAN vs FIRST,pos,IsoScore,iso,iso,SCONJ,SCONJ,12,0.0747912302613258,0.0158198550343513,82.0,73.0,plots_extra/metrics/features/pos/mean/bert/tables/iso_bert_pos.csv,bert/tables_POS/pos_bootstrap/pos_raw_iso_bert-base-uncased.csv
bert,BERT: MEAN vs FIRST,pos,IsoScore,iso,iso,VERB,VERB,0,0.1553702056407928,0.0323175005614757,120.0,119.0,plots_extra/metrics/features/pos/mean/bert/tables/iso_bert_pos.csv,bert/tables_POS/pos_bootstrap/pos_raw_iso_bert-base-uncased.csv
bert,BERT: MEAN vs FIRST,pos,IsoScore,iso,iso,VERB,VERB,1,0.1595314592123031,0.0375978425145149,123.0,140.0,plots_extra/metrics/features/pos/mean/bert/tables/iso_bert_pos.csv,bert/tables_POS/pos_bootstrap/pos_raw_iso_bert-base-uncased.csv
bert,BERT: MEAN vs FIRST,pos,IsoScore,iso,iso,VERB,VERB,2,0.1627809554338455,0.0405479297041893,125.0,148.0,plots_extra/metrics/features/pos/mean/bert/tables/iso_bert_pos.csv,bert/tables_POS/pos_bootstrap/pos_raw_iso_bert-base-uncased.csv
bert,BERT: MEAN vs FIRST,pos,IsoScore,iso,iso,VERB,VERB,3,0.166488915681839,0.0417687706649303,131.0,151.0,plots_extra/metrics/features/pos/mean/bert/tables/iso_bert_pos.csv,bert/tables_POS/pos_bootstrap/pos_raw_iso_bert-base-uncased.csv
bert,BERT: MEAN vs FIRST,pos,IsoScore,iso,iso,VERB,VERB,4,0.1692105382680893,0.0417431369423866,135.0,150.0,plots_extra/metrics/features/pos/mean/bert/tables/iso_bert_pos.csv,bert/tables_POS/pos_bootstrap/pos_raw_iso_bert-base-uncased.csv
bert,BERT: MEAN vs FIRST,pos,IsoScore,iso,iso,VERB,VERB,5,0.1730648428201675,0.0443866401910781,143.0,154.0,plots_extra/metrics/features/pos/mean/bert/tables/iso_bert_pos.csv,bert/tables_POS/pos_bootstrap/pos_raw_iso_bert-base-uncased.csv
bert,BERT: MEAN vs FIRST,pos,IsoScore,iso,iso,VERB,VERB,6,0.1800973117351532,0.0458394959568977,148.0,157.0,plots_extra/metrics/features/pos/mean/bert/tables/iso_bert_pos.csv,bert/tables_POS/pos_bootstrap/pos_raw_iso_bert-base-uncased.csv
bert,BERT: MEAN vs FIRST,pos,IsoScore,iso,iso,VERB,VERB,7,0.1903207749128341,0.0461096800863742,154.0,158.0,plots_extra/metrics/features/pos/mean/bert/tables/iso_bert_pos.csv,bert/tables_POS/pos_bootstrap/pos_raw_iso_bert-base-uncased.csv
bert,BERT: MEAN vs FIRST,pos,IsoScore,iso,iso,VERB,VERB,8,0.1842510998249054,0.0426249280571937,152.0,153.0,plots_extra/metrics/features/pos/mean/bert/tables/iso_bert_pos.csv,bert/tables_POS/pos_bootstrap/pos_raw_iso_bert-base-uncased.csv
bert,BERT: MEAN vs FIRST,pos,IsoScore,iso,iso,VERB,VERB,9,0.1829260140657425,0.0398550927639007,150.0,143.0,plots_extra/metrics/features/pos/mean/bert/tables/iso_bert_pos.csv,bert/tables_POS/pos_bootstrap/pos_raw_iso_bert-base-uncased.csv
bert,BERT: MEAN vs FIRST,pos,IsoScore,iso,iso,VERB,VERB,10,0.1764818727970123,0.0355834066867828,145.0,136.0,plots_extra/metrics/features/pos/mean/bert/tables/iso_bert_pos.csv,bert/tables_POS/pos_bootstrap/pos_raw_iso_bert-base-uncased.csv
bert,BERT: MEAN vs FIRST,pos,IsoScore,iso,iso,VERB,VERB,11,0.1671074330806732,0.0319292992353439,133.0,115.0,plots_extra/metrics/features/pos/mean/bert/tables/iso_bert_pos.csv,bert/tables_POS/pos_bootstrap/pos_raw_iso_bert-base-uncased.csv
bert,BERT: MEAN vs FIRST,pos,IsoScore,iso,iso,VERB,VERB,12,0.1569144129753112,0.0339327976107597,122.0,126.0,plots_extra/metrics/features/pos/mean/bert/tables/iso_bert_pos.csv,bert/tables_POS/pos_bootstrap/pos_raw_iso_bert-base-uncased.csv
bert,BERT: MEAN vs FIRST,pos,LID,lpca99,lpca99,ADJ,ADJ,0,536.75,571.9000244140625,51.5,56.0,plots_extra/metrics/features/pos/mean/bert/tables/lpca99_bert_pos.csv,bert/tables_POS/pos_bootstrap/pos_raw_lpca99_bert-base-uncased.csv
bert,BERT: MEAN vs FIRST,pos,LID,lpca99,lpca99,ADJ,ADJ,1,595.875,621.4500122070312,82.0,88.0,plots_extra/metrics/features/pos/mean/bert/tables/lpca99_bert_pos.csv,bert/tables_POS/pos_bootstrap/pos_raw_lpca99_bert-base-uncased.csv
bert,BERT: MEAN vs FIRST,pos,LID,lpca99,lpca99,ADJ,ADJ,2,615.875,637.25,95.0,97.0,plots_extra/metrics/features/pos/mean/bert/tables/lpca99_bert_pos.csv,bert/tables_POS/pos_bootstrap/pos_raw_lpca99_bert-base-uncased.csv
bert,BERT: MEAN vs FIRST,pos,LID,lpca99,lpca99,ADJ,ADJ,3,624.625,644.7000122070312,105.0,106.0,plots_extra/metrics/features/pos/mean/bert/tables/lpca99_bert_pos.csv,bert/tables_POS/pos_bootstrap/pos_raw_lpca99_bert-base-uncased.csv
bert,BERT: MEAN vs FIRST,pos,LID,lpca99,lpca99,ADJ,ADJ,4,634.0,653.25,112.0,112.5,plots_extra/metrics/features/pos/mean/bert/tables/lpca99_bert_pos.csv,bert/tables_POS/pos_bootstrap/pos_raw_lpca99_bert-base-uncased.csv
bert,BERT: MEAN vs FIRST,pos,LID,lpca99,lpca99,ADJ,ADJ,5,639.375,657.9500122070312,123.0,120.0,plots_extra/metrics/features/pos/mean/bert/tables/lpca99_bert_pos.csv,bert/tables_POS/pos_bootstrap/pos_raw_lpca99_bert-base-uncased.csv
bert,BERT: MEAN vs FIRST,pos,LID,lpca99,lpca99,ADJ,ADJ,6,645.5,663.2000122070312,131.0,132.0,plots_extra/metrics/features/pos/mean/bert/tables/lpca99_bert_pos.csv,bert/tables_POS/pos_bootstrap/pos_raw_lpca99_bert-base-uncased.csv
bert,BERT: MEAN vs FIRST,pos,LID,lpca99,lpca99,ADJ,ADJ,7,649.25,666.5,136.0,136.0,plots_extra/metrics/features/pos/mean/bert/tables/lpca99_bert_pos.csv,bert/tables_POS/pos_bootstrap/pos_raw_lpca99_bert-base-uncased.csv
bert,BERT: MEAN vs FIRST,pos,LID,lpca99,lpca99,ADJ,ADJ,8,654.0,670.5999755859375,141.0,140.0,plots_extra/metrics/features/pos/mean/bert/tables/lpca99_bert_pos.csv,bert/tables_POS/pos_bootstrap/pos_raw_lpca99_bert-base-uncased.csv
bert,BERT: MEAN vs FIRST,pos,LID,lpca99,lpca99,ADJ,ADJ,9,660.375,676.6500244140625,153.0,153.0,plots_extra/metrics/features/pos/mean/bert/tables/lpca99_bert_pos.csv,bert/tables_POS/pos_bootstrap/pos_raw_lpca99_bert-base-uncased.csv
bert,BERT: MEAN vs FIRST,pos,LID,lpca99,lpca99,ADJ,ADJ,10,662.0,677.9500122070312,155.0,155.0,plots_extra/metrics/features/pos/mean/bert/tables/lpca99_bert_pos.csv,bert/tables_POS/pos_bootstrap/pos_raw_lpca99_bert-base-uncased.csv
bert,BERT: MEAN vs FIRST,pos,LID,lpca99,lpca99,ADJ,ADJ,11,664.875,681.0499877929688,162.0,162.0,plots_extra/metrics/features/pos/mean/bert/tables/lpca99_bert_pos.csv,bert/tables_POS/pos_bootstrap/pos_raw_lpca99_bert-base-uncased.csv
bert,BERT: MEAN vs FIRST,pos,LID,lpca99,lpca99,ADJ,ADJ,12,664.75,680.9500122070312,160.5,161.0,plots_extra/metrics/features/pos/mean/bert/tables/lpca99_bert_pos.csv,bert/tables_POS/pos_bootstrap/pos_raw_lpca99_bert-base-uncased.csv
bert,BERT: MEAN vs FIRST,pos,LID,lpca99,lpca99,ADP,ADP,0,69.875,73.30000305175781,7.0,7.0,plots_extra/metrics/features/pos/mean/bert/tables/lpca99_bert_pos.csv,bert/tables_POS/pos_bootstrap/pos_raw_lpca99_bert-base-uncased.csv
bert,BERT: MEAN vs FIRST,pos,LID,lpca99,lpca99,ADP,ADP,1,312.875,328.6000061035156,16.0,16.0,plots_extra/metrics/features/pos/mean/bert/tables/lpca99_bert_pos.csv,bert/tables_POS/pos_bootstrap/pos_raw_lpca99_bert-base-uncased.csv
bert,BERT: MEAN vs FIRST,pos,LID,lpca99,lpca99,ADP,ADP,2,419.5,440.5499877929688,27.0,27.0,plots_extra/metrics/features/pos/mean/bert/tables/lpca99_bert_pos.csv,bert/tables_POS/pos_bootstrap/pos_raw_lpca99_bert-base-uncased.csv
bert,BERT: MEAN vs FIRST,pos,LID,lpca99,lpca99,ADP,ADP,3,483.125,505.6499938964844,37.0,38.0,plots_extra/metrics/features/pos/mean/bert/tables/lpca99_bert_pos.csv,bert/tables_POS/pos_bootstrap/pos_raw_lpca99_bert-base-uncased.csv
bert,BERT: MEAN vs FIRST,pos,LID,lpca99,lpca99,ADP,ADP,4,536.625,558.3499755859375,50.0,50.0,plots_extra/metrics/features/pos/mean/bert/tables/lpca99_bert_pos.csv,bert/tables_POS/pos_bootstrap/pos_raw_lpca99_bert-base-uncased.csv
bert,BERT: MEAN vs FIRST,pos,LID,lpca99,lpca99,ADP,ADP,5,585.5,605.2999877929688,75.0,77.0,plots_extra/metrics/features/pos/mean/bert/tables/lpca99_bert_pos.csv,bert/tables_POS/pos_bootstrap/pos_raw_lpca99_bert-base-uncased.csv
bert,BERT: MEAN vs FIRST,pos,LID,lpca99,lpca99,ADP,ADP,6,618.875,636.7999877929688,99.0,96.0,plots_extra/metrics/features/pos/mean/bert/tables/lpca99_bert_pos.csv,bert/tables_POS/pos_bootstrap/pos_raw_lpca99_bert-base-uncased.csv
bert,BERT: MEAN vs FIRST,pos,LID,lpca99,lpca99,ADP,ADP,7,637.25,654.4500122070312,116.5,114.5,plots_extra/metrics/features/pos/mean/bert/tables/lpca99_bert_pos.csv,bert/tables_POS/pos_bootstrap/pos_raw_lpca99_bert-base-uncased.csv
bert,BERT: MEAN vs FIRST,pos,LID,lpca99,lpca99,ADP,ADP,8,645.0,661.6500244140625,130.0,129.0,plots_extra/metrics/features/pos/mean/bert/tables/lpca99_bert_pos.csv,bert/tables_POS/pos_bootstrap/pos_raw_lpca99_bert-base-uncased.csv
bert,BERT: MEAN vs FIRST,pos,LID,lpca99,lpca99,ADP,ADP,9,653.5,669.7999877929688,139.0,139.0,plots_extra/metrics/features/pos/mean/bert/tables/lpca99_bert_pos.csv,bert/tables_POS/pos_bootstrap/pos_raw_lpca99_bert-base-uncased.csv
bert,BERT: MEAN vs FIRST,pos,LID,lpca99,lpca99,ADP,ADP,10,658.625,674.0499877929688,148.0,146.0,plots_extra/metrics/features/pos/mean/bert/tables/lpca99_bert_pos.csv,bert/tables_POS/pos_bootstrap/pos_raw_lpca99_bert-base-uncased.csv
bert,BERT: MEAN vs FIRST,pos,LID,lpca99,lpca99,ADP,ADP,11,666.0,681.2999877929688,164.0,163.0,plots_extra/metrics/features/pos/mean/bert/tables/lpca99_bert_pos.csv,bert/tables_POS/pos_bootstrap/pos_raw_lpca99_bert-base-uncased.csv
bert,BERT: MEAN vs FIRST,pos,LID,lpca99,lpca99,ADP,ADP,12,662.5,678.3499755859375,158.0,156.0,plots_extra/metrics/features/pos/mean/bert/tables/lpca99_bert_pos.csv,bert/tables_POS/pos_bootstrap/pos_raw_lpca99_bert-base-uncased.csv
bert,BERT: MEAN vs FIRST,pos,LID,lpca99,lpca99,ADV,ADV,0,277.25,316.1000061035156,15.0,15.0,plots_extra/metrics/features/pos/mean/bert/tables/lpca99_bert_pos.csv,bert/tables_POS/pos_bootstrap/pos_raw_lpca99_bert-base-uncased.csv
bert,BERT: MEAN vs FIRST,pos,LID,lpca99,lpca99,ADV,ADV,1,430.5,464.8999938964844,28.0,33.0,plots_extra/metrics/features/pos/mean/bert/tables/lpca99_bert_pos.csv,bert/tables_POS/pos_bootstrap/pos_raw_lpca99_bert-base-uncased.csv
bert,BERT: MEAN vs FIRST,pos,LID,lpca99,lpca99,ADV,ADV,2,505.5,534.6500244140625,43.0,44.5,plots_extra/metrics/features/pos/mean/bert/tables/lpca99_bert_pos.csv,bert/tables_POS/pos_bootstrap/pos_raw_lpca99_bert-base-uncased.csv
bert,BERT: MEAN vs FIRST,pos,LID,lpca99,lpca99,ADV,ADV,3,543.5,569.8499755859375,55.0,55.0,plots_extra/metrics/features/pos/mean/bert/tables/lpca99_bert_pos.csv,bert/tables_POS/pos_bootstrap/pos_raw_lpca99_bert-base-uncased.csv
bert,BERT: MEAN vs FIRST,pos,LID,lpca99,lpca99,ADV,ADV,4,573.875,597.8499755859375,70.0,69.0,plots_extra/metrics/features/pos/mean/bert/tables/lpca99_bert_pos.csv,bert/tables_POS/pos_bootstrap/pos_raw_lpca99_bert-base-uncased.csv
bert,BERT: MEAN vs FIRST,pos,LID,lpca99,lpca99,ADV,ADV,5,596.25,618.5999755859375,83.0,86.0,plots_extra/metrics/features/pos/mean/bert/tables/lpca99_bert_pos.csv,bert/tables_POS/pos_bootstrap/pos_raw_lpca99_bert-base-uncased.csv
bert,BERT: MEAN vs FIRST,pos,LID,lpca99,lpca99,ADV,ADV,6,616.125,636.5499877929688,96.0,95.0,plots_extra/metrics/features/pos/mean/bert/tables/lpca99_bert_pos.csv,bert/tables_POS/pos_bootstrap/pos_raw_lpca99_bert-base-uncased.csv
bert,BERT: MEAN vs FIRST,pos,LID,lpca99,lpca99,ADV,ADV,7,630.75,650.0999755859375,108.0,109.0,plots_extra/metrics/features/pos/mean/bert/tables/lpca99_bert_pos.csv,bert/tables_POS/pos_bootstrap/pos_raw_lpca99_bert-base-uncased.csv
bert,BERT: MEAN vs FIRST,pos,LID,lpca99,lpca99,ADV,ADV,8,637.25,656.0999755859375,116.5,117.0,plots_extra/metrics/features/pos/mean/bert/tables/lpca99_bert_pos.csv,bert/tables_POS/pos_bootstrap/pos_raw_lpca99_bert-base-uncased.csv
bert,BERT: MEAN vs FIRST,pos,LID,lpca99,lpca99,ADV,ADV,9,646.625,664.1500244140625,134.0,133.0,plots_extra/metrics/features/pos/mean/bert/tables/lpca99_bert_pos.csv,bert/tables_POS/pos_bootstrap/pos_raw_lpca99_bert-base-uncased.csv
bert,BERT: MEAN vs FIRST,pos,LID,lpca99,lpca99,ADV,ADV,10,652.5,669.5,138.0,138.0,plots_extra/metrics/features/pos/mean/bert/tables/lpca99_bert_pos.csv,bert/tables_POS/pos_bootstrap/pos_raw_lpca99_bert-base-uncased.csv
bert,BERT: MEAN vs FIRST,pos,LID,lpca99,lpca99,ADV,ADV,11,657.375,674.0999755859375,146.0,147.0,plots_extra/metrics/features/pos/mean/bert/tables/lpca99_bert_pos.csv,bert/tables_POS/pos_bootstrap/pos_raw_lpca99_bert-base-uncased.csv
bert,BERT: MEAN vs FIRST,pos,LID,lpca99,lpca99,ADV,ADV,12,656.0,672.25,144.0,143.5,plots_extra/metrics/features/pos/mean/bert/tables/lpca99_bert_pos.csv,bert/tables_POS/pos_bootstrap/pos_raw_lpca99_bert-base-uncased.csv
bert,BERT: MEAN vs FIRST,pos,LID,lpca99,lpca99,AUX,AUX,0,42.125,47.5,4.0,4.0,plots_extra/metrics/features/pos/mean/bert/tables/lpca99_bert_pos.csv,bert/tables_POS/pos_bootstrap/pos_raw_lpca99_bert-base-uncased.csv
bert,BERT: MEAN vs FIRST,pos,LID,lpca99,lpca99,AUX,AUX,1,268.625,278.95001220703125,14.0,14.0,plots_extra/metrics/features/pos/mean/bert/tables/lpca99_bert_pos.csv,bert/tables_POS/pos_bootstrap/pos_raw_lpca99_bert-base-uncased.csv
bert,BERT: MEAN vs FIRST,pos,LID,lpca99,lpca99,AUX,AUX,2,384.25,400.7000122070313,22.0,23.0,plots_extra/metrics/features/pos/mean/bert/tables/lpca99_bert_pos.csv,bert/tables_POS/pos_bootstrap/pos_raw_lpca99_bert-base-uncased.csv
bert,BERT: MEAN vs FIRST,pos,LID,lpca99,lpca99,AUX,AUX,3,438.5,458.3999938964844,30.0,30.0,plots_extra/metrics/features/pos/mean/bert/tables/lpca99_bert_pos.csv,bert/tables_POS/pos_bootstrap/pos_raw_lpca99_bert-base-uncased.csv
bert,BERT: MEAN vs FIRST,pos,LID,lpca99,lpca99,AUX,AUX,4,489.375,511.4500122070313,39.0,39.0,plots_extra/metrics/features/pos/mean/bert/tables/lpca99_bert_pos.csv,bert/tables_POS/pos_bootstrap/pos_raw_lpca99_bert-base-uncased.csv
bert,BERT: MEAN vs FIRST,pos,LID,lpca99,lpca99,AUX,AUX,5,529.375,552.2000122070312,47.0,49.0,plots_extra/metrics/features/pos/mean/bert/tables/lpca99_bert_pos.csv,bert/tables_POS/pos_bootstrap/pos_raw_lpca99_bert-base-uncased.csv
bert,BERT: MEAN vs FIRST,pos,LID,lpca99,lpca99,AUX,AUX,6,561.75,583.2000122070312,62.0,63.0,plots_extra/metrics/features/pos/mean/bert/tables/lpca99_bert_pos.csv,bert/tables_POS/pos_bootstrap/pos_raw_lpca99_bert-base-uncased.csv
bert,BERT: MEAN vs FIRST,pos,LID,lpca99,lpca99,AUX,AUX,7,590.5,610.9500122070312,78.0,81.0,plots_extra/metrics/features/pos/mean/bert/tables/lpca99_bert_pos.csv,bert/tables_POS/pos_bootstrap/pos_raw_lpca99_bert-base-uncased.csv
bert,BERT: MEAN vs FIRST,pos,LID,lpca99,lpca99,AUX,AUX,8,601.5,621.2000122070312,86.0,87.0,plots_extra/metrics/features/pos/mean/bert/tables/lpca99_bert_pos.csv,bert/tables_POS/pos_bootstrap/pos_raw_lpca99_bert-base-uncased.csv
bert,BERT: MEAN vs FIRST,pos,LID,lpca99,lpca99,AUX,AUX,9,609.5,630.1500244140625,92.0,92.0,plots_extra/metrics/features/pos/mean/bert/tables/lpca99_bert_pos.csv,bert/tables_POS/pos_bootstrap/pos_raw_lpca99_bert-base-uncased.csv
bert,BERT: MEAN vs FIRST,pos,LID,lpca99,lpca99,AUX,AUX,10,623.25,643.0,104.0,103.0,plots_extra/metrics/features/pos/mean/bert/tables/lpca99_bert_pos.csv,bert/tables_POS/pos_bootstrap/pos_raw_lpca99_bert-base-uncased.csv
bert,BERT: MEAN vs FIRST,pos,LID,lpca99,lpca99,AUX,AUX,11,632.25,651.6500244140625,110.0,110.0,plots_extra/metrics/features/pos/mean/bert/tables/lpca99_bert_pos.csv,bert/tables_POS/pos_bootstrap/pos_raw_lpca99_bert-base-uncased.csv
bert,BERT: MEAN vs FIRST,pos,LID,lpca99,lpca99,AUX,AUX,12,635.375,653.25,113.0,112.5,plots_extra/metrics/features/pos/mean/bert/tables/lpca99_bert_pos.csv,bert/tables_POS/pos_bootstrap/pos_raw_lpca99_bert-base-uncased.csv
bert,BERT: MEAN vs FIRST,pos,LID,lpca99,lpca99,CCONJ,CCONJ,0,29.125,30.049999237060547,1.0,1.0,plots_extra/metrics/features/pos/mean/bert/tables/lpca99_bert_pos.csv,bert/tables_POS/pos_bootstrap/pos_raw_lpca99_bert-base-uncased.csv
bert,BERT: MEAN vs FIRST,pos,LID,lpca99,lpca99,CCONJ,CCONJ,1,245.875,253.8500061035156,11.0,11.0,plots_extra/metrics/features/pos/mean/bert/tables/lpca99_bert_pos.csv,bert/tables_POS/pos_bootstrap/pos_raw_lpca99_bert-base-uncased.csv
bert,BERT: MEAN vs FIRST,pos,LID,lpca99,lpca99,CCONJ,CCONJ,2,349.0,363.7999877929688,18.0,18.0,plots_extra/metrics/features/pos/mean/bert/tables/lpca99_bert_pos.csv,bert/tables_POS/pos_bootstrap/pos_raw_lpca99_bert-base-uncased.csv
bert,BERT: MEAN vs FIRST,pos,LID,lpca99,lpca99,CCONJ,CCONJ,3,411.125,429.2000122070313,25.0,25.0,plots_extra/metrics/features/pos/mean/bert/tables/lpca99_bert_pos.csv,bert/tables_POS/pos_bootstrap/pos_raw_lpca99_bert-base-uncased.csv
bert,BERT: MEAN vs FIRST,pos,LID,lpca99,lpca99,CCONJ,CCONJ,4,461.125,480.0,34.0,34.0,plots_extra/metrics/features/pos/mean/bert/tables/lpca99_bert_pos.csv,bert/tables_POS/pos_bootstrap/pos_raw_lpca99_bert-base-uncased.csv
bert,BERT: MEAN vs FIRST,pos,LID,lpca99,lpca99,CCONJ,CCONJ,5,511.625,531.0999755859375,44.0,43.0,plots_extra/metrics/features/pos/mean/bert/tables/lpca99_bert_pos.csv,bert/tables_POS/pos_bootstrap/pos_raw_lpca99_bert-base-uncased.csv
bert,BERT: MEAN vs FIRST,pos,LID,lpca99,lpca99,CCONJ,CCONJ,6,547.5,566.5,56.0,54.0,plots_extra/metrics/features/pos/mean/bert/tables/lpca99_bert_pos.csv,bert/tables_POS/pos_bootstrap/pos_raw_lpca99_bert-base-uncased.csv
bert,BERT: MEAN vs FIRST,pos,LID,lpca99,lpca99,CCONJ,CCONJ,7,568.375,586.8499755859375,66.0,65.0,plots_extra/metrics/features/pos/mean/bert/tables/lpca99_bert_pos.csv,bert/tables_POS/pos_bootstrap/pos_raw_lpca99_bert-base-uncased.csv
bert,BERT: MEAN vs FIRST,pos,LID,lpca99,lpca99,CCONJ,CCONJ,8,583.125,602.0999755859375,74.0,76.0,plots_extra/metrics/features/pos/mean/bert/tables/lpca99_bert_pos.csv,bert/tables_POS/pos_bootstrap/pos_raw_lpca99_bert-base-uncased.csv
bert,BERT: MEAN vs FIRST,pos,LID,lpca99,lpca99,CCONJ,CCONJ,9,595.5,614.2999877929688,81.0,82.0,plots_extra/metrics/features/pos/mean/bert/tables/lpca99_bert_pos.csv,bert/tables_POS/pos_bootstrap/pos_raw_lpca99_bert-base-uncased.csv
bert,BERT: MEAN vs FIRST,pos,LID,lpca99,lpca99,CCONJ,CCONJ,10,608.5,626.8499755859375,91.0,90.0,plots_extra/metrics/features/pos/mean/bert/tables/lpca99_bert_pos.csv,bert/tables_POS/pos_bootstrap/pos_raw_lpca99_bert-base-uncased.csv
bert,BERT: MEAN vs FIRST,pos,LID,lpca99,lpca99,CCONJ,CCONJ,11,621.75,640.0499877929688,101.0,101.0,plots_extra/metrics/features/pos/mean/bert/tables/lpca99_bert_pos.csv,bert/tables_POS/pos_bootstrap/pos_raw_lpca99_bert-base-uncased.csv
bert,BERT: MEAN vs FIRST,pos,LID,lpca99,lpca99,CCONJ,CCONJ,12,620.875,638.5999755859375,100.0,100.0,plots_extra/metrics/features/pos/mean/bert/tables/lpca99_bert_pos.csv,bert/tables_POS/pos_bootstrap/pos_raw_lpca99_bert-base-uncased.csv
bert,BERT: MEAN vs FIRST,pos,LID,lpca99,lpca99,DET,DET,0,36.25,35.849998474121094,3.0,2.0,plots_extra/metrics/features/pos/mean/bert/tables/lpca99_bert_pos.csv,bert/tables_POS/pos_bootstrap/pos_raw_lpca99_bert-base-uncased.csv
bert,BERT: MEAN vs FIRST,pos,LID,lpca99,lpca99,DET,DET,1,252.0,260.75,12.0,12.0,plots_extra/metrics/features/pos/mean/bert/tables/lpca99_bert_pos.csv,bert/tables_POS/pos_bootstrap/pos_raw_lpca99_bert-base-uncased.csv
bert,BERT: MEAN vs FIRST,pos,LID,lpca99,lpca99,DET,DET,2,367.75,384.5499877929688,20.0,20.0,plots_extra/metrics/features/pos/mean/bert/tables/lpca99_bert_pos.csv,bert/tables_POS/pos_bootstrap/pos_raw_lpca99_bert-base-uncased.csv
bert,BERT: MEAN vs FIRST,pos,LID,lpca99,lpca99,DET,DET,3,439.25,459.5499877929688,31.0,31.0,plots_extra/metrics/features/pos/mean/bert/tables/lpca99_bert_pos.csv,bert/tables_POS/pos_bootstrap/pos_raw_lpca99_bert-base-uncased.csv
bert,BERT: MEAN vs FIRST,pos,LID,lpca99,lpca99,DET,DET,4,500.0,520.2000122070312,41.0,42.0,plots_extra/metrics/features/pos/mean/bert/tables/lpca99_bert_pos.csv,bert/tables_POS/pos_bootstrap/pos_raw_lpca99_bert-base-uncased.csv
bert,BERT: MEAN vs FIRST,pos,LID,lpca99,lpca99,DET,DET,5,557.5,577.1500244140625,61.0,59.0,plots_extra/metrics/features/pos/mean/bert/tables/lpca99_bert_pos.csv,bert/tables_POS/pos_bootstrap/pos_raw_lpca99_bert-base-uncased.csv
bert,BERT: MEAN vs FIRST,pos,LID,lpca99,lpca99,DET,DET,6,591.125,609.8499755859375,79.0,80.0,plots_extra/metrics/features/pos/mean/bert/tables/lpca99_bert_pos.csv,bert/tables_POS/pos_bootstrap/pos_raw_lpca99_bert-base-uncased.csv
bert,BERT: MEAN vs FIRST,pos,LID,lpca99,lpca99,DET,DET,7,617.25,635.5,98.0,94.0,plots_extra/metrics/features/pos/mean/bert/tables/lpca99_bert_pos.csv,bert/tables_POS/pos_bootstrap/pos_raw_lpca99_bert-base-uncased.csv
bert,BERT: MEAN vs FIRST,pos,LID,lpca99,lpca99,DET,DET,8,627.125,644.5,106.0,105.0,plots_extra/metrics/features/pos/mean/bert/tables/lpca99_bert_pos.csv,bert/tables_POS/pos_bootstrap/pos_raw_lpca99_bert-base-uncased.csv
bert,BERT: MEAN vs FIRST,pos,LID,lpca99,lpca99,DET,DET,9,637.375,654.4500122070312,118.0,114.5,plots_extra/metrics/features/pos/mean/bert/tables/lpca99_bert_pos.csv,bert/tables_POS/pos_bootstrap/pos_raw_lpca99_bert-base-uncased.csv
bert,BERT: MEAN vs FIRST,pos,LID,lpca99,lpca99,DET,DET,10,646.0,662.1500244140625,132.0,131.0,plots_extra/metrics/features/pos/mean/bert/tables/lpca99_bert_pos.csv,bert/tables_POS/pos_bootstrap/pos_raw_lpca99_bert-base-uncased.csv
bert,BERT: MEAN vs FIRST,pos,LID,lpca99,lpca99,DET,DET,11,656.25,672.3499755859375,145.0,145.0,plots_extra/metrics/features/pos/mean/bert/tables/lpca99_bert_pos.csv,bert/tables_POS/pos_bootstrap/pos_raw_lpca99_bert-base-uncased.csv
bert,BERT: MEAN vs FIRST,pos,LID,lpca99,lpca99,DET,DET,12,655.375,671.3499755859375,143.0,142.0,plots_extra/metrics/features/pos/mean/bert/tables/lpca99_bert_pos.csv,bert/tables_POS/pos_bootstrap/pos_raw_lpca99_bert-base-uncased.csv
bert,BERT: MEAN vs FIRST,pos,LID,lpca99,lpca99,NOUN,NOUN,0,640.875,659.8499755859375,126.0,125.5,plots_extra/metrics/features/pos/mean/bert/tables/lpca99_bert_pos.csv,bert/tables_POS/pos_bootstrap/pos_raw_lpca99_bert-base-uncased.csv
bert,BERT: MEAN vs FIRST,pos,LID,lpca99,lpca99,NOUN,NOUN,1,658.5,675.4500122070312,147.0,148.0,plots_extra/metrics/features/pos/mean/bert/tables/lpca99_bert_pos.csv,bert/tables_POS/pos_bootstrap/pos_raw_lpca99_bert-base-uncased.csv
bert,BERT: MEAN vs FIRST,pos,LID,lpca99,lpca99,NOUN,NOUN,2,659.625,675.5499877929688,150.0,149.0,plots_extra/metrics/features/pos/mean/bert/tables/lpca99_bert_pos.csv,bert/tables_POS/pos_bootstrap/pos_raw_lpca99_bert-base-uncased.csv
bert,BERT: MEAN vs FIRST,pos,LID,lpca99,lpca99,NOUN,NOUN,3,659.5,676.1500244140625,149.0,150.0,plots_extra/metrics/features/pos/mean/bert/tables/lpca99_bert_pos.csv,bert/tables_POS/pos_bootstrap/pos_raw_lpca99_bert-base-uncased.csv
bert,BERT: MEAN vs FIRST,pos,LID,lpca99,lpca99,NOUN,NOUN,4,662.25,678.7000122070312,156.5,158.0,plots_extra/metrics/features/pos/mean/bert/tables/lpca99_bert_pos.csv,bert/tables_POS/pos_bootstrap/pos_raw_lpca99_bert-base-uncased.csv
bert,BERT: MEAN vs FIRST,pos,LID,lpca99,lpca99,NOUN,NOUN,5,662.25,678.6500244140625,156.5,157.0,plots_extra/metrics/features/pos/mean/bert/tables/lpca99_bert_pos.csv,bert/tables_POS/pos_bootstrap/pos_raw_lpca99_bert-base-uncased.csv
bert,BERT: MEAN vs FIRST,pos,LID,lpca99,lpca99,NOUN,NOUN,6,664.75,680.75,160.5,160.0,plots_extra/metrics/features/pos/mean/bert/tables/lpca99_bert_pos.csv,bert/tables_POS/pos_bootstrap/pos_raw_lpca99_bert-base-uncased.csv
bert,BERT: MEAN vs FIRST,pos,LID,lpca99,lpca99,NOUN,NOUN,7,665.5,681.4000244140625,163.0,164.0,plots_extra/metrics/features/pos/mean/bert/tables/lpca99_bert_pos.csv,bert/tables_POS/pos_bootstrap/pos_raw_lpca99_bert-base-uncased.csv
bert,BERT: MEAN vs FIRST,pos,LID,lpca99,lpca99,NOUN,NOUN,8,666.5,682.0,165.0,165.0,plots_extra/metrics/features/pos/mean/bert/tables/lpca99_bert_pos.csv,bert/tables_POS/pos_bootstrap/pos_raw_lpca99_bert-base-uncased.csv
bert,BERT: MEAN vs FIRST,pos,LID,lpca99,lpca99,NOUN,NOUN,9,670.625,686.1500244140625,168.0,167.0,plots_extra/metrics/features/pos/mean/bert/tables/lpca99_bert_pos.csv,bert/tables_POS/pos_bootstrap/pos_raw_lpca99_bert-base-uncased.csv
bert,BERT: MEAN vs FIRST,pos,LID,lpca99,lpca99,NOUN,NOUN,10,668.75,684.9000244140625,166.0,166.0,plots_extra/metrics/features/pos/mean/bert/tables/lpca99_bert_pos.csv,bert/tables_POS/pos_bootstrap/pos_raw_lpca99_bert-base-uncased.csv
bert,BERT: MEAN vs FIRST,pos,LID,lpca99,lpca99,NOUN,NOUN,11,670.5,686.6500244140625,167.0,168.0,plots_extra/metrics/features/pos/mean/bert/tables/lpca99_bert_pos.csv,bert/tables_POS/pos_bootstrap/pos_raw_lpca99_bert-base-uncased.csv
bert,BERT: MEAN vs FIRST,pos,LID,lpca99,lpca99,NOUN,NOUN,12,671.625,687.75,169.0,169.0,plots_extra/metrics/features/pos/mean/bert/tables/lpca99_bert_pos.csv,bert/tables_POS/pos_bootstrap/pos_raw_lpca99_bert-base-uncased.csv
bert,BERT: MEAN vs FIRST,pos,LID,lpca99,lpca99,NUM,NUM,0,203.5,210.3500061035156,8.0,8.0,plots_extra/metrics/features/pos/mean/bert/tables/lpca99_bert_pos.csv,bert/tables_POS/pos_bootstrap/pos_raw_lpca99_bert-base-uncased.csv
bert,BERT: MEAN vs FIRST,pos,LID,lpca99,lpca99,NUM,NUM,1,378.5,386.3500061035156,21.0,21.0,plots_extra/metrics/features/pos/mean/bert/tables/lpca99_bert_pos.csv,bert/tables_POS/pos_bootstrap/pos_raw_lpca99_bert-base-uncased.csv
bert,BERT: MEAN vs FIRST,pos,LID,lpca99,lpca99,NUM,NUM,2,446.0,455.5,32.0,29.0,plots_extra/metrics/features/pos/mean/bert/tables/lpca99_bert_pos.csv,bert/tables_POS/pos_bootstrap/pos_raw_lpca99_bert-base-uncased.csv
bert,BERT: MEAN vs FIRST,pos,LID,lpca99,lpca99,NUM,NUM,3,473.5,482.5499877929688,36.0,35.0,plots_extra/metrics/features/pos/mean/bert/tables/lpca99_bert_pos.csv,bert/tables_POS/pos_bootstrap/pos_raw_lpca99_bert-base-uncased.csv
bert,BERT: MEAN vs FIRST,pos,LID,lpca99,lpca99,NUM,NUM,4,503.125,513.4500122070312,42.0,40.0,plots_extra/metrics/features/pos/mean/bert/tables/lpca99_bert_pos.csv,bert/tables_POS/pos_bootstrap/pos_raw_lpca99_bert-base-uncased.csv
bert,BERT: MEAN vs FIRST,pos,LID,lpca99,lpca99,NUM,NUM,5,523.625,534.6500244140625,46.0,44.5,plots_extra/metrics/features/pos/mean/bert/tables/lpca99_bert_pos.csv,bert/tables_POS/pos_bootstrap/pos_raw_lpca99_bert-base-uncased.csv
bert,BERT: MEAN vs FIRST,pos,LID,lpca99,lpca99,NUM,NUM,6,541.5,552.0,53.0,48.0,plots_extra/metrics/features/pos/mean/bert/tables/lpca99_bert_pos.csv,bert/tables_POS/pos_bootstrap/pos_raw_lpca99_bert-base-uncased.csv
bert,BERT: MEAN vs FIRST,pos,LID,lpca99,lpca99,NUM,NUM,7,554.625,564.9000244140625,59.0,52.0,plots_extra/metrics/features/pos/mean/bert/tables/lpca99_bert_pos.csv,bert/tables_POS/pos_bootstrap/pos_raw_lpca99_bert-base-uncased.csv
bert,BERT: MEAN vs FIRST,pos,LID,lpca99,lpca99,NUM,NUM,8,564.5,575.6500244140625,63.0,58.0,plots_extra/metrics/features/pos/mean/bert/tables/lpca99_bert_pos.csv,bert/tables_POS/pos_bootstrap/pos_raw_lpca99_bert-base-uncased.csv
bert,BERT: MEAN vs FIRST,pos,LID,lpca99,lpca99,NUM,NUM,9,576.125,587.1500244140625,72.0,66.0,plots_extra/metrics/features/pos/mean/bert/tables/lpca99_bert_pos.csv,bert/tables_POS/pos_bootstrap/pos_raw_lpca99_bert-base-uncased.csv
bert,BERT: MEAN vs FIRST,pos,LID,lpca99,lpca99,NUM,NUM,10,587.125,598.2000122070312,76.0,70.0,plots_extra/metrics/features/pos/mean/bert/tables/lpca99_bert_pos.csv,bert/tables_POS/pos_bootstrap/pos_raw_lpca99_bert-base-uncased.csv
bert,BERT: MEAN vs FIRST,pos,LID,lpca99,lpca99,NUM,NUM,11,595.375,606.0999755859375,80.0,78.0,plots_extra/metrics/features/pos/mean/bert/tables/lpca99_bert_pos.csv,bert/tables_POS/pos_bootstrap/pos_raw_lpca99_bert-base-uncased.csv
bert,BERT: MEAN vs FIRST,pos,LID,lpca99,lpca99,NUM,NUM,12,590.375,599.4000244140625,77.0,72.0,plots_extra/metrics/features/pos/mean/bert/tables/lpca99_bert_pos.csv,bert/tables_POS/pos_bootstrap/pos_raw_lpca99_bert-base-uncased.csv
bert,BERT: MEAN vs FIRST,pos,LID,lpca99,lpca99,PRON,PRON,0,59.875,55.79999923706055,6.0,6.0,plots_extra/metrics/features/pos/mean/bert/tables/lpca99_bert_pos.csv,bert/tables_POS/pos_bootstrap/pos_raw_lpca99_bert-base-uncased.csv
bert,BERT: MEAN vs FIRST,pos,LID,lpca99,lpca99,PRON,PRON,1,263.75,268.70001220703125,13.0,13.0,plots_extra/metrics/features/pos/mean/bert/tables/lpca99_bert_pos.csv,bert/tables_POS/pos_bootstrap/pos_raw_lpca99_bert-base-uncased.csv
bert,BERT: MEAN vs FIRST,pos,LID,lpca99,lpca99,PRON,PRON,2,388.75,402.3500061035156,24.0,24.0,plots_extra/metrics/features/pos/mean/bert/tables/lpca99_bert_pos.csv,bert/tables_POS/pos_bootstrap/pos_raw_lpca99_bert-base-uncased.csv
bert,BERT: MEAN vs FIRST,pos,LID,lpca99,lpca99,PRON,PRON,3,446.5,464.8500061035156,33.0,32.0,plots_extra/metrics/features/pos/mean/bert/tables/lpca99_bert_pos.csv,bert/tables_POS/pos_bootstrap/pos_raw_lpca99_bert-base-uncased.csv
bert,BERT: MEAN vs FIRST,pos,LID,lpca99,lpca99,PRON,PRON,4,499.5,518.9500122070312,40.0,41.0,plots_extra/metrics/features/pos/mean/bert/tables/lpca99_bert_pos.csv,bert/tables_POS/pos_bootstrap/pos_raw_lpca99_bert-base-uncased.csv
bert,BERT: MEAN vs FIRST,pos,LID,lpca99,lpca99,PRON,PRON,5,542.875,562.1500244140625,54.0,51.0,plots_extra/metrics/features/pos/mean/bert/tables/lpca99_bert_pos.csv,bert/tables_POS/pos_bootstrap/pos_raw_lpca99_bert-base-uncased.csv
bert,BERT: MEAN vs FIRST,pos,LID,lpca99,lpca99,PRON,PRON,6,571.875,590.6500244140625,67.0,67.0,plots_extra/metrics/features/pos/mean/bert/tables/lpca99_bert_pos.csv,bert/tables_POS/pos_bootstrap/pos_raw_lpca99_bert-base-uncased.csv
bert,BERT: MEAN vs FIRST,pos,LID,lpca99,lpca99,PRON,PRON,7,596.625,615.4000244140625,84.0,83.0,plots_extra/metrics/features/pos/mean/bert/tables/lpca99_bert_pos.csv,bert/tables_POS/pos_bootstrap/pos_raw_lpca99_bert-base-uncased.csv
bert,BERT: MEAN vs FIRST,pos,LID,lpca99,lpca99,PRON,PRON,8,605.125,623.8499755859375,88.0,89.0,plots_extra/metrics/features/pos/mean/bert/tables/lpca99_bert_pos.csv,bert/tables_POS/pos_bootstrap/pos_raw_lpca99_bert-base-uncased.csv
bert,BERT: MEAN vs FIRST,pos,LID,lpca99,lpca99,PRON,PRON,9,613.5,632.9500122070312,93.0,93.0,plots_extra/metrics/features/pos/mean/bert/tables/lpca99_bert_pos.csv,bert/tables_POS/pos_bootstrap/pos_raw_lpca99_bert-base-uncased.csv
bert,BERT: MEAN vs FIRST,pos,LID,lpca99,lpca99,PRON,PRON,10,623.0,642.2000122070312,103.0,102.0,plots_extra/metrics/features/pos/mean/bert/tables/lpca99_bert_pos.csv,bert/tables_POS/pos_bootstrap/pos_raw_lpca99_bert-base-uncased.csv
bert,BERT: MEAN vs FIRST,pos,LID,lpca99,lpca99,PRON,PRON,11,630.0,649.9500122070312,107.0,108.0,plots_extra/metrics/features/pos/mean/bert/tables/lpca99_bert_pos.csv,bert/tables_POS/pos_bootstrap/pos_raw_lpca99_bert-base-uncased.csv
bert,BERT: MEAN vs FIRST,pos,LID,lpca99,lpca99,PRON,PRON,12,631.75,649.75,109.0,107.0,plots_extra/metrics/features/pos/mean/bert/tables/lpca99_bert_pos.csv,bert/tables_POS/pos_bootstrap/pos_raw_lpca99_bert-base-uncased.csv
bert,BERT: MEAN vs FIRST,pos,LID,lpca99,lpca99,PROPN,PROPN,0,616.25,637.3499755859375,97.0,98.0,plots_extra/metrics/features/pos/mean/bert/tables/lpca99_bert_pos.csv,bert/tables_POS/pos_bootstrap/pos_raw_lpca99_bert-base-uncased.csv
bert,BERT: MEAN vs FIRST,pos,LID,lpca99,lpca99,PROPN,PROPN,1,637.125,656.1500244140625,115.0,118.0,plots_extra/metrics/features/pos/mean/bert/tables/lpca99_bert_pos.csv,bert/tables_POS/pos_bootstrap/pos_raw_lpca99_bert-base-uncased.csv
bert,BERT: MEAN vs FIRST,pos,LID,lpca99,lpca99,PROPN,PROPN,2,639.5,658.1500244140625,124.0,122.0,plots_extra/metrics/features/pos/mean/bert/tables/lpca99_bert_pos.csv,bert/tables_POS/pos_bootstrap/pos_raw_lpca99_bert-base-uncased.csv
bert,BERT: MEAN vs FIRST,pos,LID,lpca99,lpca99,PROPN,PROPN,3,640.25,659.8499755859375,125.0,125.5,plots_extra/metrics/features/pos/mean/bert/tables/lpca99_bert_pos.csv,bert/tables_POS/pos_bootstrap/pos_raw_lpca99_bert-base-uncased.csv
bert,BERT: MEAN vs FIRST,pos,LID,lpca99,lpca99,PROPN,PROPN,4,641.5,662.0,127.0,130.0,plots_extra/metrics/features/pos/mean/bert/tables/lpca99_bert_pos.csv,bert/tables_POS/pos_bootstrap/pos_raw_lpca99_bert-base-uncased.csv
bert,BERT: MEAN vs FIRST,pos,LID,lpca99,lpca99,PROPN,PROPN,5,638.875,659.25,120.0,124.0,plots_extra/metrics/features/pos/mean/bert/tables/lpca99_bert_pos.csv,bert/tables_POS/pos_bootstrap/pos_raw_lpca99_bert-base-uncased.csv
bert,BERT: MEAN vs FIRST,pos,LID,lpca99,lpca99,PROPN,PROPN,6,639.125,658.0499877929688,121.5,121.0,plots_extra/metrics/features/pos/mean/bert/tables/lpca99_bert_pos.csv,bert/tables_POS/pos_bootstrap/pos_raw_lpca99_bert-base-uncased.csv
bert,BERT: MEAN vs FIRST,pos,LID,lpca99,lpca99,PROPN,PROPN,7,636.375,655.0999755859375,114.0,116.0,plots_extra/metrics/features/pos/mean/bert/tables/lpca99_bert_pos.csv,bert/tables_POS/pos_bootstrap/pos_raw_lpca99_bert-base-uncased.csv
bert,BERT: MEAN vs FIRST,pos,LID,lpca99,lpca99,PROPN,PROPN,8,637.875,656.4500122070312,119.0,119.0,plots_extra/metrics/features/pos/mean/bert/tables/lpca99_bert_pos.csv,bert/tables_POS/pos_bootstrap/pos_raw_lpca99_bert-base-uncased.csv
bert,BERT: MEAN vs FIRST,pos,LID,lpca99,lpca99,PROPN,PROPN,9,642.0,660.0,128.0,127.0,plots_extra/metrics/features/pos/mean/bert/tables/lpca99_bert_pos.csv,bert/tables_POS/pos_bootstrap/pos_raw_lpca99_bert-base-uncased.csv
bert,BERT: MEAN vs FIRST,pos,LID,lpca99,lpca99,PROPN,PROPN,10,642.875,661.3499755859375,129.0,128.0,plots_extra/metrics/features/pos/mean/bert/tables/lpca99_bert_pos.csv,bert/tables_POS/pos_bootstrap/pos_raw_lpca99_bert-base-uncased.csv
bert,BERT: MEAN vs FIRST,pos,LID,lpca99,lpca99,PROPN,PROPN,11,646.125,665.25,133.0,134.0,plots_extra/metrics/features/pos/mean/bert/tables/lpca99_bert_pos.csv,bert/tables_POS/pos_bootstrap/pos_raw_lpca99_bert-base-uncased.csv
bert,BERT: MEAN vs FIRST,pos,LID,lpca99,lpca99,PROPN,PROPN,12,649.75,668.5999755859375,137.0,137.0,plots_extra/metrics/features/pos/mean/bert/tables/lpca99_bert_pos.csv,bert/tables_POS/pos_bootstrap/pos_raw_lpca99_bert-base-uncased.csv
bert,BERT: MEAN vs FIRST,pos,LID,lpca99,lpca99,PUNCT,PUNCT,0,36.125,36.70000076293945,2.0,3.0,plots_extra/metrics/features/pos/mean/bert/tables/lpca99_bert_pos.csv,bert/tables_POS/pos_bootstrap/pos_raw_lpca99_bert-base-uncased.csv
bert,BERT: MEAN vs FIRST,pos,LID,lpca99,lpca99,PUNCT,PUNCT,1,232.625,243.4499969482422,10.0,10.0,plots_extra/metrics/features/pos/mean/bert/tables/lpca99_bert_pos.csv,bert/tables_POS/pos_bootstrap/pos_raw_lpca99_bert-base-uncased.csv
bert,BERT: MEAN vs FIRST,pos,LID,lpca99,lpca99,PUNCT,PUNCT,2,356.25,378.0,19.0,19.0,plots_extra/metrics/features/pos/mean/bert/tables/lpca99_bert_pos.csv,bert/tables_POS/pos_bootstrap/pos_raw_lpca99_bert-base-uncased.csv
bert,BERT: MEAN vs FIRST,pos,LID,lpca99,lpca99,PUNCT,PUNCT,3,415.0,439.3500061035156,26.0,26.0,plots_extra/metrics/features/pos/mean/bert/tables/lpca99_bert_pos.csv,bert/tables_POS/pos_bootstrap/pos_raw_lpca99_bert-base-uncased.csv
bert,BERT: MEAN vs FIRST,pos,LID,lpca99,lpca99,PUNCT,PUNCT,4,469.0,494.25,35.0,36.0,plots_extra/metrics/features/pos/mean/bert/tables/lpca99_bert_pos.csv,bert/tables_POS/pos_bootstrap/pos_raw_lpca99_bert-base-uncased.csv
bert,BERT: MEAN vs FIRST,pos,LID,lpca99,lpca99,PUNCT,PUNCT,5,517.25,542.3499755859375,45.0,47.0,plots_extra/metrics/features/pos/mean/bert/tables/lpca99_bert_pos.csv,bert/tables_POS/pos_bootstrap/pos_raw_lpca99_bert-base-uncased.csv
bert,BERT: MEAN vs FIRST,pos,LID,lpca99,lpca99,PUNCT,PUNCT,6,550.125,575.0999755859375,58.0,57.0,plots_extra/metrics/features/pos/mean/bert/tables/lpca99_bert_pos.csv,bert/tables_POS/pos_bootstrap/pos_raw_lpca99_bert-base-uncased.csv
bert,BERT: MEAN vs FIRST,pos,LID,lpca99,lpca99,PUNCT,PUNCT,7,575.25,600.0999755859375,71.0,73.0,plots_extra/metrics/features/pos/mean/bert/tables/lpca99_bert_pos.csv,bert/tables_POS/pos_bootstrap/pos_raw_lpca99_bert-base-uncased.csv
bert,BERT: MEAN vs FIRST,pos,LID,lpca99,lpca99,PUNCT,PUNCT,8,573.625,600.3499755859375,69.0,74.0,plots_extra/metrics/features/pos/mean/bert/tables/lpca99_bert_pos.csv,bert/tables_POS/pos_bootstrap/pos_raw_lpca99_bert-base-uncased.csv
bert,BERT: MEAN vs FIRST,pos,LID,lpca99,lpca99,PUNCT,PUNCT,9,572.375,601.5,68.0,75.0,plots_extra/metrics/features/pos/mean/bert/tables/lpca99_bert_pos.csv,bert/tables_POS/pos_bootstrap/pos_raw_lpca99_bert-base-uncased.csv
bert,BERT: MEAN vs FIRST,pos,LID,lpca99,lpca99,PUNCT,PUNCT,10,536.375,581.3499755859375,49.0,61.0,plots_extra/metrics/features/pos/mean/bert/tables/lpca99_bert_pos.csv,bert/tables_POS/pos_bootstrap/pos_raw_lpca99_bert-base-uncased.csv
bert,BERT: MEAN vs FIRST,pos,LID,lpca99,lpca99,PUNCT,PUNCT,11,536.75,584.2999877929688,51.5,64.0,plots_extra/metrics/features/pos/mean/bert/tables/lpca99_bert_pos.csv,bert/tables_POS/pos_bootstrap/pos_raw_lpca99_bert-base-uncased.csv
bert,BERT: MEAN vs FIRST,pos,LID,lpca99,lpca99,PUNCT,PUNCT,12,549.375,581.9500122070312,57.0,62.0,plots_extra/metrics/features/pos/mean/bert/tables/lpca99_bert_pos.csv,bert/tables_POS/pos_bootstrap/pos_raw_lpca99_bert-base-uncased.csv
bert,BERT: MEAN vs FIRST,pos,LID,lpca99,lpca99,SCONJ,SCONJ,0,49.875,52.04999923706055,5.0,5.0,plots_extra/metrics/features/pos/mean/bert/tables/lpca99_bert_pos.csv,bert/tables_POS/pos_bootstrap/pos_raw_lpca99_bert-base-uncased.csv
bert,BERT: MEAN vs FIRST,pos,LID,lpca99,lpca99,SCONJ,SCONJ,1,228.75,233.8999938964844,9.0,9.0,plots_extra/metrics/features/pos/mean/bert/tables/lpca99_bert_pos.csv,bert/tables_POS/pos_bootstrap/pos_raw_lpca99_bert-base-uncased.csv
bert,BERT: MEAN vs FIRST,pos,LID,lpca99,lpca99,SCONJ,SCONJ,2,333.25,341.04998779296875,17.0,17.0,plots_extra/metrics/features/pos/mean/bert/tables/lpca99_bert_pos.csv,bert/tables_POS/pos_bootstrap/pos_raw_lpca99_bert-base-uncased.csv
bert,BERT: MEAN vs FIRST,pos,LID,lpca99,lpca99,SCONJ,SCONJ,3,388.0,397.5,23.0,22.0,plots_extra/metrics/features/pos/mean/bert/tables/lpca99_bert_pos.csv,bert/tables_POS/pos_bootstrap/pos_raw_lpca99_bert-base-uncased.csv
bert,BERT: MEAN vs FIRST,pos,LID,lpca99,lpca99,SCONJ,SCONJ,4,434.75,445.2000122070313,29.0,28.0,plots_extra/metrics/features/pos/mean/bert/tables/lpca99_bert_pos.csv,bert/tables_POS/pos_bootstrap/pos_raw_lpca99_bert-base-uncased.csv
bert,BERT: MEAN vs FIRST,pos,LID,lpca99,lpca99,SCONJ,SCONJ,5,486.375,497.5499877929688,38.0,37.0,plots_extra/metrics/features/pos/mean/bert/tables/lpca99_bert_pos.csv,bert/tables_POS/pos_bootstrap/pos_raw_lpca99_bert-base-uncased.csv
bert,BERT: MEAN vs FIRST,pos,LID,lpca99,lpca99,SCONJ,SCONJ,6,529.875,540.8499755859375,48.0,46.0,plots_extra/metrics/features/pos/mean/bert/tables/lpca99_bert_pos.csv,bert/tables_POS/pos_bootstrap/pos_raw_lpca99_bert-base-uncased.csv
bert,BERT: MEAN vs FIRST,pos,LID,lpca99,lpca99,SCONJ,SCONJ,7,555.5,566.3499755859375,60.0,53.0,plots_extra/metrics/features/pos/mean/bert/tables/lpca99_bert_pos.csv,bert/tables_POS/pos_bootstrap/pos_raw_lpca99_bert-base-uncased.csv
bert,BERT: MEAN vs FIRST,pos,LID,lpca99,lpca99,SCONJ,SCONJ,8,567.0,578.2999877929688,65.0,60.0,plots_extra/metrics/features/pos/mean/bert/tables/lpca99_bert_pos.csv,bert/tables_POS/pos_bootstrap/pos_raw_lpca99_bert-base-uncased.csv
bert,BERT: MEAN vs FIRST,pos,LID,lpca99,lpca99,SCONJ,SCONJ,9,582.375,593.25,73.0,68.0,plots_extra/metrics/features/pos/mean/bert/tables/lpca99_bert_pos.csv,bert/tables_POS/pos_bootstrap/pos_raw_lpca99_bert-base-uncased.csv
bert,BERT: MEAN vs FIRST,pos,LID,lpca99,lpca99,SCONJ,SCONJ,10,596.75,607.0,85.0,79.0,plots_extra/metrics/features/pos/mean/bert/tables/lpca99_bert_pos.csv,bert/tables_POS/pos_bootstrap/pos_raw_lpca99_bert-base-uncased.csv
bert,BERT: MEAN vs FIRST,pos,LID,lpca99,lpca99,SCONJ,SCONJ,11,607.0,617.3499755859375,90.0,85.0,plots_extra/metrics/features/pos/mean/bert/tables/lpca99_bert_pos.csv,bert/tables_POS/pos_bootstrap/pos_raw_lpca99_bert-base-uncased.csv
bert,BERT: MEAN vs FIRST,pos,LID,lpca99,lpca99,SCONJ,SCONJ,12,606.25,616.4000244140625,89.0,84.0,plots_extra/metrics/features/pos/mean/bert/tables/lpca99_bert_pos.csv,bert/tables_POS/pos_bootstrap/pos_raw_lpca99_bert-base-uncased.csv
bert,BERT: MEAN vs FIRST,pos,LID,lpca99,lpca99,VERB,VERB,0,565.5,598.9500122070312,64.0,71.0,plots_extra/metrics/features/pos/mean/bert/tables/lpca99_bert_pos.csv,bert/tables_POS/pos_bootstrap/pos_raw_lpca99_bert-base-uncased.csv
bert,BERT: MEAN vs FIRST,pos,LID,lpca99,lpca99,VERB,VERB,1,603.375,629.5999755859375,87.0,91.0,plots_extra/metrics/features/pos/mean/bert/tables/lpca99_bert_pos.csv,bert/tables_POS/pos_bootstrap/pos_raw_lpca99_bert-base-uncased.csv
bert,BERT: MEAN vs FIRST,pos,LID,lpca99,lpca99,VERB,VERB,2,615.0,637.9500122070312,94.0,99.0,plots_extra/metrics/features/pos/mean/bert/tables/lpca99_bert_pos.csv,bert/tables_POS/pos_bootstrap/pos_raw_lpca99_bert-base-uncased.csv
bert,BERT: MEAN vs FIRST,pos,LID,lpca99,lpca99,VERB,VERB,3,622.875,644.4500122070312,102.0,104.0,plots_extra/metrics/features/pos/mean/bert/tables/lpca99_bert_pos.csv,bert/tables_POS/pos_bootstrap/pos_raw_lpca99_bert-base-uncased.csv
bert,BERT: MEAN vs FIRST,pos,LID,lpca99,lpca99,VERB,VERB,4,632.875,653.1500244140625,111.0,111.0,plots_extra/metrics/features/pos/mean/bert/tables/lpca99_bert_pos.csv,bert/tables_POS/pos_bootstrap/pos_raw_lpca99_bert-base-uncased.csv
bert,BERT: MEAN vs FIRST,pos,LID,lpca99,lpca99,VERB,VERB,5,639.125,658.4500122070312,121.5,123.0,plots_extra/metrics/features/pos/mean/bert/tables/lpca99_bert_pos.csv,bert/tables_POS/pos_bootstrap/pos_raw_lpca99_bert-base-uncased.csv
bert,BERT: MEAN vs FIRST,pos,LID,lpca99,lpca99,VERB,VERB,6,648.25,666.2000122070312,135.0,135.0,plots_extra/metrics/features/pos/mean/bert/tables/lpca99_bert_pos.csv,bert/tables_POS/pos_bootstrap/pos_raw_lpca99_bert-base-uncased.csv
bert,BERT: MEAN vs FIRST,pos,LID,lpca99,lpca99,VERB,VERB,7,653.875,671.0999755859375,140.0,141.0,plots_extra/metrics/features/pos/mean/bert/tables/lpca99_bert_pos.csv,bert/tables_POS/pos_bootstrap/pos_raw_lpca99_bert-base-uncased.csv
bert,BERT: MEAN vs FIRST,pos,LID,lpca99,lpca99,VERB,VERB,8,655.0,672.25,142.0,143.5,plots_extra/metrics/features/pos/mean/bert/tables/lpca99_bert_pos.csv,bert/tables_POS/pos_bootstrap/pos_raw_lpca99_bert-base-uncased.csv
bert,BERT: MEAN vs FIRST,pos,LID,lpca99,lpca99,VERB,VERB,9,659.875,676.3499755859375,151.0,151.0,plots_extra/metrics/features/pos/mean/bert/tables/lpca99_bert_pos.csv,bert/tables_POS/pos_bootstrap/pos_raw_lpca99_bert-base-uncased.csv
bert,BERT: MEAN vs FIRST,pos,LID,lpca99,lpca99,VERB,VERB,10,660.5,676.5999755859375,154.0,152.0,plots_extra/metrics/features/pos/mean/bert/tables/lpca99_bert_pos.csv,bert/tables_POS/pos_bootstrap/pos_raw_lpca99_bert-base-uncased.csv
bert,BERT: MEAN vs FIRST,pos,LID,lpca99,lpca99,VERB,VERB,11,662.625,678.9500122070312,159.0,159.0,plots_extra/metrics/features/pos/mean/bert/tables/lpca99_bert_pos.csv,bert/tables_POS/pos_bootstrap/pos_raw_lpca99_bert-base-uncased.csv
bert,BERT: MEAN vs FIRST,pos,LID,lpca99,lpca99,VERB,VERB,12,660.125,676.9000244140625,152.0,154.0,plots_extra/metrics/features/pos/mean/bert/tables/lpca99_bert_pos.csv,bert/tables_POS/pos_bootstrap/pos_raw_lpca99_bert-base-uncased.csv
bert,BERT: MEAN vs FIRST,pos,NLID,gride,gride,ADJ,ADJ,0,7.216713428497314,5.9055891036987305,30.0,17.0,plots_extra/metrics/features/pos/mean/bert/tables/gride_bert_pos.csv,bert/tables_POS/pos_bootstrap/pos_raw_gride_bert-base-uncased.csv
bert,BERT: MEAN vs FIRST,pos,NLID,gride,gride,ADJ,ADJ,1,9.367918968200684,7.002529144287109,52.0,26.0,plots_extra/metrics/features/pos/mean/bert/tables/gride_bert_pos.csv,bert/tables_POS/pos_bootstrap/pos_raw_gride_bert-base-uncased.csv
bert,BERT: MEAN vs FIRST,pos,NLID,gride,gride,ADJ,ADJ,2,11.17906379699707,8.082681655883789,77.0,37.0,plots_extra/metrics/features/pos/mean/bert/tables/gride_bert_pos.csv,bert/tables_POS/pos_bootstrap/pos_raw_gride_bert-base-uncased.csv
bert,BERT: MEAN vs FIRST,pos,NLID,gride,gride,ADJ,ADJ,3,13.090568542480469,9.713205337524414,92.0,54.0,plots_extra/metrics/features/pos/mean/bert/tables/gride_bert_pos.csv,bert/tables_POS/pos_bootstrap/pos_raw_gride_bert-base-uncased.csv
bert,BERT: MEAN vs FIRST,pos,NLID,gride,gride,ADJ,ADJ,4,15.55335521697998,11.382379531860352,110.0,80.0,plots_extra/metrics/features/pos/mean/bert/tables/gride_bert_pos.csv,bert/tables_POS/pos_bootstrap/pos_raw_gride_bert-base-uncased.csv
bert,BERT: MEAN vs FIRST,pos,NLID,gride,gride,ADJ,ADJ,5,16.040983200073242,12.56732177734375,115.0,94.0,plots_extra/metrics/features/pos/mean/bert/tables/gride_bert_pos.csv,bert/tables_POS/pos_bootstrap/pos_raw_gride_bert-base-uncased.csv
bert,BERT: MEAN vs FIRST,pos,NLID,gride,gride,ADJ,ADJ,6,17.203819274902344,13.705184936523438,126.0,102.0,plots_extra/metrics/features/pos/mean/bert/tables/gride_bert_pos.csv,bert/tables_POS/pos_bootstrap/pos_raw_gride_bert-base-uncased.csv
bert,BERT: MEAN vs FIRST,pos,NLID,gride,gride,ADJ,ADJ,7,17.58576011657715,14.728464126586914,129.0,116.0,plots_extra/metrics/features/pos/mean/bert/tables/gride_bert_pos.csv,bert/tables_POS/pos_bootstrap/pos_raw_gride_bert-base-uncased.csv
bert,BERT: MEAN vs FIRST,pos,NLID,gride,gride,ADJ,ADJ,8,19.317745208740234,16.5574893951416,140.0,131.0,plots_extra/metrics/features/pos/mean/bert/tables/gride_bert_pos.csv,bert/tables_POS/pos_bootstrap/pos_raw_gride_bert-base-uncased.csv
bert,BERT: MEAN vs FIRST,pos,NLID,gride,gride,ADJ,ADJ,9,21.20640563964844,18.741649627685547,144.0,141.0,plots_extra/metrics/features/pos/mean/bert/tables/gride_bert_pos.csv,bert/tables_POS/pos_bootstrap/pos_raw_gride_bert-base-uncased.csv
bert,BERT: MEAN vs FIRST,pos,NLID,gride,gride,ADJ,ADJ,10,22.52230262756348,20.360225677490234,149.0,145.0,plots_extra/metrics/features/pos/mean/bert/tables/gride_bert_pos.csv,bert/tables_POS/pos_bootstrap/pos_raw_gride_bert-base-uncased.csv
bert,BERT: MEAN vs FIRST,pos,NLID,gride,gride,ADJ,ADJ,11,24.09817123413086,22.071399688720703,152.0,153.0,plots_extra/metrics/features/pos/mean/bert/tables/gride_bert_pos.csv,bert/tables_POS/pos_bootstrap/pos_raw_gride_bert-base-uncased.csv
bert,BERT: MEAN vs FIRST,pos,NLID,gride,gride,ADJ,ADJ,12,24.659639358520508,23.53274917602539,155.0,161.0,plots_extra/metrics/features/pos/mean/bert/tables/gride_bert_pos.csv,bert/tables_POS/pos_bootstrap/pos_raw_gride_bert-base-uncased.csv
bert,BERT: MEAN vs FIRST,pos,NLID,gride,gride,ADP,ADP,0,4.30378007888794,0.3984529078006744,11.0,2.0,plots_extra/metrics/features/pos/mean/bert/tables/gride_bert_pos.csv,bert/tables_POS/pos_bootstrap/pos_raw_gride_bert-base-uncased.csv
bert,BERT: MEAN vs FIRST,pos,NLID,gride,gride,ADP,ADP,1,7.217917919158935,7.371176242828369,31.0,28.0,plots_extra/metrics/features/pos/mean/bert/tables/gride_bert_pos.csv,bert/tables_POS/pos_bootstrap/pos_raw_gride_bert-base-uncased.csv
bert,BERT: MEAN vs FIRST,pos,NLID,gride,gride,ADP,ADP,2,8.512396812438965,9.393357276916504,41.0,50.0,plots_extra/metrics/features/pos/mean/bert/tables/gride_bert_pos.csv,bert/tables_POS/pos_bootstrap/pos_raw_gride_bert-base-uncased.csv
bert,BERT: MEAN vs FIRST,pos,NLID,gride,gride,ADP,ADP,3,9.178102493286133,9.725667953491213,49.0,55.0,plots_extra/metrics/features/pos/mean/bert/tables/gride_bert_pos.csv,bert/tables_POS/pos_bootstrap/pos_raw_gride_bert-base-uncased.csv
bert,BERT: MEAN vs FIRST,pos,NLID,gride,gride,ADP,ADP,4,10.123775482177734,10.697864532470703,64.0,69.0,plots_extra/metrics/features/pos/mean/bert/tables/gride_bert_pos.csv,bert/tables_POS/pos_bootstrap/pos_raw_gride_bert-base-uncased.csv
bert,BERT: MEAN vs FIRST,pos,NLID,gride,gride,ADP,ADP,5,11.937917709350586,12.373855590820312,82.0,92.0,plots_extra/metrics/features/pos/mean/bert/tables/gride_bert_pos.csv,bert/tables_POS/pos_bootstrap/pos_raw_gride_bert-base-uncased.csv
bert,BERT: MEAN vs FIRST,pos,NLID,gride,gride,ADP,ADP,6,13.67908000946045,13.55666160583496,97.0,99.0,plots_extra/metrics/features/pos/mean/bert/tables/gride_bert_pos.csv,bert/tables_POS/pos_bootstrap/pos_raw_gride_bert-base-uncased.csv
bert,BERT: MEAN vs FIRST,pos,NLID,gride,gride,ADP,ADP,7,15.102002143859863,14.652567863464355,107.0,113.0,plots_extra/metrics/features/pos/mean/bert/tables/gride_bert_pos.csv,bert/tables_POS/pos_bootstrap/pos_raw_gride_bert-base-uncased.csv
bert,BERT: MEAN vs FIRST,pos,NLID,gride,gride,ADP,ADP,8,16.591978073120117,15.87964916229248,118.0,124.0,plots_extra/metrics/features/pos/mean/bert/tables/gride_bert_pos.csv,bert/tables_POS/pos_bootstrap/pos_raw_gride_bert-base-uncased.csv
bert,BERT: MEAN vs FIRST,pos,NLID,gride,gride,ADP,ADP,9,19.267473220825195,18.25465965270996,139.0,139.0,plots_extra/metrics/features/pos/mean/bert/tables/gride_bert_pos.csv,bert/tables_POS/pos_bootstrap/pos_raw_gride_bert-base-uncased.csv
bert,BERT: MEAN vs FIRST,pos,NLID,gride,gride,ADP,ADP,10,20.96760368347168,19.94476127624512,142.0,144.0,plots_extra/metrics/features/pos/mean/bert/tables/gride_bert_pos.csv,bert/tables_POS/pos_bootstrap/pos_raw_gride_bert-base-uncased.csv
bert,BERT: MEAN vs FIRST,pos,NLID,gride,gride,ADP,ADP,11,22.30395126342773,21.237070083618164,147.0,149.0,plots_extra/metrics/features/pos/mean/bert/tables/gride_bert_pos.csv,bert/tables_POS/pos_bootstrap/pos_raw_gride_bert-base-uncased.csv
bert,BERT: MEAN vs FIRST,pos,NLID,gride,gride,ADP,ADP,12,22.28109359741211,22.152570724487305,146.0,154.0,plots_extra/metrics/features/pos/mean/bert/tables/gride_bert_pos.csv,bert/tables_POS/pos_bootstrap/pos_raw_gride_bert-base-uncased.csv
bert,BERT: MEAN vs FIRST,pos,NLID,gride,gride,ADV,ADV,0,3.033778190612793,3.4947190284729004,7.0,8.0,plots_extra/metrics/features/pos/mean/bert/tables/gride_bert_pos.csv,bert/tables_POS/pos_bootstrap/pos_raw_gride_bert-base-uncased.csv
bert,BERT: MEAN vs FIRST,pos,NLID,gride,gride,ADV,ADV,1,3.90773344039917,4.334039688110352,8.0,10.0,plots_extra/metrics/features/pos/mean/bert/tables/gride_bert_pos.csv,bert/tables_POS/pos_bootstrap/pos_raw_gride_bert-base-uncased.csv
bert,BERT: MEAN vs FIRST,pos,NLID,gride,gride,ADV,ADV,2,4.782992362976074,5.086018562316895,12.0,12.0,plots_extra/metrics/features/pos/mean/bert/tables/gride_bert_pos.csv,bert/tables_POS/pos_bootstrap/pos_raw_gride_bert-base-uncased.csv
bert,BERT: MEAN vs FIRST,pos,NLID,gride,gride,ADV,ADV,3,5.552685737609863,5.671056270599365,17.0,16.0,plots_extra/metrics/features/pos/mean/bert/tables/gride_bert_pos.csv,bert/tables_POS/pos_bootstrap/pos_raw_gride_bert-base-uncased.csv
bert,BERT: MEAN vs FIRST,pos,NLID,gride,gride,ADV,ADV,4,6.560490608215332,6.278298854827881,25.0,20.0,plots_extra/metrics/features/pos/mean/bert/tables/gride_bert_pos.csv,bert/tables_POS/pos_bootstrap/pos_raw_gride_bert-base-uncased.csv
bert,BERT: MEAN vs FIRST,pos,NLID,gride,gride,ADV,ADV,5,7.199906826019287,6.8640546798706055,29.0,24.0,plots_extra/metrics/features/pos/mean/bert/tables/gride_bert_pos.csv,bert/tables_POS/pos_bootstrap/pos_raw_gride_bert-base-uncased.csv
bert,BERT: MEAN vs FIRST,pos,NLID,gride,gride,ADV,ADV,6,8.14791488647461,7.80343770980835,39.0,33.0,plots_extra/metrics/features/pos/mean/bert/tables/gride_bert_pos.csv,bert/tables_POS/pos_bootstrap/pos_raw_gride_bert-base-uncased.csv
bert,BERT: MEAN vs FIRST,pos,NLID,gride,gride,ADV,ADV,7,9.302162170410156,8.84033203125,50.0,44.0,plots_extra/metrics/features/pos/mean/bert/tables/gride_bert_pos.csv,bert/tables_POS/pos_bootstrap/pos_raw_gride_bert-base-uncased.csv
bert,BERT: MEAN vs FIRST,pos,NLID,gride,gride,ADV,ADV,8,10.391827583312988,9.9927978515625,69.0,58.0,plots_extra/metrics/features/pos/mean/bert/tables/gride_bert_pos.csv,bert/tables_POS/pos_bootstrap/pos_raw_gride_bert-base-uncased.csv
bert,BERT: MEAN vs FIRST,pos,NLID,gride,gride,ADV,ADV,9,13.241665840148926,12.274300575256348,94.0,90.0,plots_extra/metrics/features/pos/mean/bert/tables/gride_bert_pos.csv,bert/tables_POS/pos_bootstrap/pos_raw_gride_bert-base-uncased.csv
bert,BERT: MEAN vs FIRST,pos,NLID,gride,gride,ADV,ADV,10,16.12548828125,14.708251953125,116.0,115.0,plots_extra/metrics/features/pos/mean/bert/tables/gride_bert_pos.csv,bert/tables_POS/pos_bootstrap/pos_raw_gride_bert-base-uncased.csv
bert,BERT: MEAN vs FIRST,pos,NLID,gride,gride,ADV,ADV,11,17.74222755432129,16.236892700195312,131.0,127.0,plots_extra/metrics/features/pos/mean/bert/tables/gride_bert_pos.csv,bert/tables_POS/pos_bootstrap/pos_raw_gride_bert-base-uncased.csv
bert,BERT: MEAN vs FIRST,pos,NLID,gride,gride,ADV,ADV,12,18.42782211303711,17.390424728393555,136.0,137.0,plots_extra/metrics/features/pos/mean/bert/tables/gride_bert_pos.csv,bert/tables_POS/pos_bootstrap/pos_raw_gride_bert-base-uncased.csv
bert,BERT: MEAN vs FIRST,pos,NLID,gride,gride,AUX,AUX,0,0.8318089246749878,0.5211125612258911,5.0,4.0,plots_extra/metrics/features/pos/mean/bert/tables/gride_bert_pos.csv,bert/tables_POS/pos_bootstrap/pos_raw_gride_bert-base-uncased.csv
bert,BERT: MEAN vs FIRST,pos,NLID,gride,gride,AUX,AUX,1,5.536512851715088,7.214543342590332,16.0,27.0,plots_extra/metrics/features/pos/mean/bert/tables/gride_bert_pos.csv,bert/tables_POS/pos_bootstrap/pos_raw_gride_bert-base-uncased.csv
bert,BERT: MEAN vs FIRST,pos,NLID,gride,gride,AUX,AUX,2,6.541354656219482,8.337142944335938,24.0,38.0,plots_extra/metrics/features/pos/mean/bert/tables/gride_bert_pos.csv,bert/tables_POS/pos_bootstrap/pos_raw_gride_bert-base-uncased.csv
bert,BERT: MEAN vs FIRST,pos,NLID,gride,gride,AUX,AUX,3,7.5785441398620605,8.38905143737793,33.0,39.0,plots_extra/metrics/features/pos/mean/bert/tables/gride_bert_pos.csv,bert/tables_POS/pos_bootstrap/pos_raw_gride_bert-base-uncased.csv
bert,BERT: MEAN vs FIRST,pos,NLID,gride,gride,AUX,AUX,4,8.56277084350586,9.00314712524414,42.0,47.0,plots_extra/metrics/features/pos/mean/bert/tables/gride_bert_pos.csv,bert/tables_POS/pos_bootstrap/pos_raw_gride_bert-base-uncased.csv
bert,BERT: MEAN vs FIRST,pos,NLID,gride,gride,AUX,AUX,5,9.928339004516602,10.285263061523438,60.0,62.0,plots_extra/metrics/features/pos/mean/bert/tables/gride_bert_pos.csv,bert/tables_POS/pos_bootstrap/pos_raw_gride_bert-base-uncased.csv
bert,BERT: MEAN vs FIRST,pos,NLID,gride,gride,AUX,AUX,6,11.155648231506348,11.385889053344728,76.0,81.0,plots_extra/metrics/features/pos/mean/bert/tables/gride_bert_pos.csv,bert/tables_POS/pos_bootstrap/pos_raw_gride_bert-base-uncased.csv
bert,BERT: MEAN vs FIRST,pos,NLID,gride,gride,AUX,AUX,7,12.337565422058104,12.27917766571045,85.0,91.0,plots_extra/metrics/features/pos/mean/bert/tables/gride_bert_pos.csv,bert/tables_POS/pos_bootstrap/pos_raw_gride_bert-base-uncased.csv
bert,BERT: MEAN vs FIRST,pos,NLID,gride,gride,AUX,AUX,8,13.21999168395996,12.938135147094728,93.0,95.0,plots_extra/metrics/features/pos/mean/bert/tables/gride_bert_pos.csv,bert/tables_POS/pos_bootstrap/pos_raw_gride_bert-base-uncased.csv
bert,BERT: MEAN vs FIRST,pos,NLID,gride,gride,AUX,AUX,9,14.862591743469238,14.36504364013672,106.0,109.0,plots_extra/metrics/features/pos/mean/bert/tables/gride_bert_pos.csv,bert/tables_POS/pos_bootstrap/pos_raw_gride_bert-base-uncased.csv
bert,BERT: MEAN vs FIRST,pos,NLID,gride,gride,AUX,AUX,10,17.798748016357422,16.365148544311523,132.0,129.0,plots_extra/metrics/features/pos/mean/bert/tables/gride_bert_pos.csv,bert/tables_POS/pos_bootstrap/pos_raw_gride_bert-base-uncased.csv
bert,BERT: MEAN vs FIRST,pos,NLID,gride,gride,AUX,AUX,11,18.282983779907227,17.120203018188477,135.0,135.0,plots_extra/metrics/features/pos/mean/bert/tables/gride_bert_pos.csv,bert/tables_POS/pos_bootstrap/pos_raw_gride_bert-base-uncased.csv
bert,BERT: MEAN vs FIRST,pos,NLID,gride,gride,AUX,AUX,12,17.466115951538086,17.349403381347656,128.0,136.0,plots_extra/metrics/features/pos/mean/bert/tables/gride_bert_pos.csv,bert/tables_POS/pos_bootstrap/pos_raw_gride_bert-base-uncased.csv
bert,BERT: MEAN vs FIRST,pos,NLID,gride,gride,CCONJ,CCONJ,0,0.3812313079833984,0.6894113421440125,3.0,6.0,plots_extra/metrics/features/pos/mean/bert/tables/gride_bert_pos.csv,bert/tables_POS/pos_bootstrap/pos_raw_gride_bert-base-uncased.csv
bert,BERT: MEAN vs FIRST,pos,NLID,gride,gride,CCONJ,CCONJ,1,6.355245113372803,7.970345497131348,23.0,36.0,plots_extra/metrics/features/pos/mean/bert/tables/gride_bert_pos.csv,bert/tables_POS/pos_bootstrap/pos_raw_gride_bert-base-uncased.csv
bert,BERT: MEAN vs FIRST,pos,NLID,gride,gride,CCONJ,CCONJ,2,9.539268493652344,10.799566268920898,56.0,71.0,plots_extra/metrics/features/pos/mean/bert/tables/gride_bert_pos.csv,bert/tables_POS/pos_bootstrap/pos_raw_gride_bert-base-uncased.csv
bert,BERT: MEAN vs FIRST,pos,NLID,gride,gride,CCONJ,CCONJ,3,10.203971862792969,10.482011795043944,65.0,67.0,plots_extra/metrics/features/pos/mean/bert/tables/gride_bert_pos.csv,bert/tables_POS/pos_bootstrap/pos_raw_gride_bert-base-uncased.csv
bert,BERT: MEAN vs FIRST,pos,NLID,gride,gride,CCONJ,CCONJ,4,9.99304485321045,10.604880332946776,61.0,68.0,plots_extra/metrics/features/pos/mean/bert/tables/gride_bert_pos.csv,bert/tables_POS/pos_bootstrap/pos_raw_gride_bert-base-uncased.csv
bert,BERT: MEAN vs FIRST,pos,NLID,gride,gride,CCONJ,CCONJ,5,11.218531608581545,12.259129524230955,78.0,89.0,plots_extra/metrics/features/pos/mean/bert/tables/gride_bert_pos.csv,bert/tables_POS/pos_bootstrap/pos_raw_gride_bert-base-uncased.csv
bert,BERT: MEAN vs FIRST,pos,NLID,gride,gride,CCONJ,CCONJ,6,12.808555603027344,13.721860885620115,88.0,103.0,plots_extra/metrics/features/pos/mean/bert/tables/gride_bert_pos.csv,bert/tables_POS/pos_bootstrap/pos_raw_gride_bert-base-uncased.csv
bert,BERT: MEAN vs FIRST,pos,NLID,gride,gride,CCONJ,CCONJ,7,13.33712100982666,14.291322708129885,96.0,108.0,plots_extra/metrics/features/pos/mean/bert/tables/gride_bert_pos.csv,bert/tables_POS/pos_bootstrap/pos_raw_gride_bert-base-uncased.csv
bert,BERT: MEAN vs FIRST,pos,NLID,gride,gride,CCONJ,CCONJ,8,13.692357063293455,14.429224014282228,98.0,110.0,plots_extra/metrics/features/pos/mean/bert/tables/gride_bert_pos.csv,bert/tables_POS/pos_bootstrap/pos_raw_gride_bert-base-uncased.csv
bert,BERT: MEAN vs FIRST,pos,NLID,gride,gride,CCONJ,CCONJ,9,14.538912773132324,14.94989013671875,105.0,118.0,plots_extra/metrics/features/pos/mean/bert/tables/gride_bert_pos.csv,bert/tables_POS/pos_bootstrap/pos_raw_gride_bert-base-uncased.csv
bert,BERT: MEAN vs FIRST,pos,NLID,gride,gride,CCONJ,CCONJ,10,15.68431282043457,15.956416130065918,111.0,125.0,plots_extra/metrics/features/pos/mean/bert/tables/gride_bert_pos.csv,bert/tables_POS/pos_bootstrap/pos_raw_gride_bert-base-uncased.csv
bert,BERT: MEAN vs FIRST,pos,NLID,gride,gride,CCONJ,CCONJ,11,16.984033584594727,17.057416915893555,124.0,134.0,plots_extra/metrics/features/pos/mean/bert/tables/gride_bert_pos.csv,bert/tables_POS/pos_bootstrap/pos_raw_gride_bert-base-uncased.csv
bert,BERT: MEAN vs FIRST,pos,NLID,gride,gride,CCONJ,CCONJ,12,18.113201141357425,18.59935188293457,134.0,140.0,plots_extra/metrics/features/pos/mean/bert/tables/gride_bert_pos.csv,bert/tables_POS/pos_bootstrap/pos_raw_gride_bert-base-uncased.csv
bert,BERT: MEAN vs FIRST,pos,NLID,gride,gride,DET,DET,0,0.2302399724721908,0.4047513902187347,2.0,3.0,plots_extra/metrics/features/pos/mean/bert/tables/gride_bert_pos.csv,bert/tables_POS/pos_bootstrap/pos_raw_gride_bert-base-uncased.csv
bert,BERT: MEAN vs FIRST,pos,NLID,gride,gride,DET,DET,1,6.173226833343506,7.4129319190979,21.0,29.0,plots_extra/metrics/features/pos/mean/bert/tables/gride_bert_pos.csv,bert/tables_POS/pos_bootstrap/pos_raw_gride_bert-base-uncased.csv
bert,BERT: MEAN vs FIRST,pos,NLID,gride,gride,DET,DET,2,8.947601318359375,10.372812271118164,47.0,63.0,plots_extra/metrics/features/pos/mean/bert/tables/gride_bert_pos.csv,bert/tables_POS/pos_bootstrap/pos_raw_gride_bert-base-uncased.csv
bert,BERT: MEAN vs FIRST,pos,NLID,gride,gride,DET,DET,3,10.056739807128906,11.267391204833984,63.0,77.0,plots_extra/metrics/features/pos/mean/bert/tables/gride_bert_pos.csv,bert/tables_POS/pos_bootstrap/pos_raw_gride_bert-base-uncased.csv
bert,BERT: MEAN vs FIRST,pos,NLID,gride,gride,DET,DET,4,11.305524826049805,12.11627960205078,80.0,86.0,plots_extra/metrics/features/pos/mean/bert/tables/gride_bert_pos.csv,bert/tables_POS/pos_bootstrap/pos_raw_gride_bert-base-uncased.csv
bert,BERT: MEAN vs FIRST,pos,NLID,gride,gride,DET,DET,5,13.057456970214844,13.937440872192385,91.0,105.0,plots_extra/metrics/features/pos/mean/bert/tables/gride_bert_pos.csv,bert/tables_POS/pos_bootstrap/pos_raw_gride_bert-base-uncased.csv
bert,BERT: MEAN vs FIRST,pos,NLID,gride,gride,DET,DET,6,14.390167236328123,14.746881484985352,104.0,117.0,plots_extra/metrics/features/pos/mean/bert/tables/gride_bert_pos.csv,bert/tables_POS/pos_bootstrap/pos_raw_gride_bert-base-uncased.csv
bert,BERT: MEAN vs FIRST,pos,NLID,gride,gride,DET,DET,7,16.425954818725586,16.574771881103516,117.0,132.0,plots_extra/metrics/features/pos/mean/bert/tables/gride_bert_pos.csv,bert/tables_POS/pos_bootstrap/pos_raw_gride_bert-base-uncased.csv
bert,BERT: MEAN vs FIRST,pos,NLID,gride,gride,DET,DET,8,17.872285842895508,17.431995391845703,133.0,138.0,plots_extra/metrics/features/pos/mean/bert/tables/gride_bert_pos.csv,bert/tables_POS/pos_bootstrap/pos_raw_gride_bert-base-uncased.csv
bert,BERT: MEAN vs FIRST,pos,NLID,gride,gride,DET,DET,9,20.28656005859375,19.516849517822266,141.0,143.0,plots_extra/metrics/features/pos/mean/bert/tables/gride_bert_pos.csv,bert/tables_POS/pos_bootstrap/pos_raw_gride_bert-base-uncased.csv
bert,BERT: MEAN vs FIRST,pos,NLID,gride,gride,DET,DET,10,21.29138946533203,20.428560256958008,145.0,146.0,plots_extra/metrics/features/pos/mean/bert/tables/gride_bert_pos.csv,bert/tables_POS/pos_bootstrap/pos_raw_gride_bert-base-uncased.csv
bert,BERT: MEAN vs FIRST,pos,NLID,gride,gride,DET,DET,11,22.518468856811523,21.797679901123047,148.0,151.0,plots_extra/metrics/features/pos/mean/bert/tables/gride_bert_pos.csv,bert/tables_POS/pos_bootstrap/pos_raw_gride_bert-base-uncased.csv
bert,BERT: MEAN vs FIRST,pos,NLID,gride,gride,DET,DET,12,23.436710357666016,22.93951797485352,150.0,157.0,plots_extra/metrics/features/pos/mean/bert/tables/gride_bert_pos.csv,bert/tables_POS/pos_bootstrap/pos_raw_gride_bert-base-uncased.csv
bert,BERT: MEAN vs FIRST,pos,NLID,gride,gride,NOUN,NOUN,0,27.96006393432617,23.769723892211918,165.0,164.0,plots_extra/metrics/features/pos/mean/bert/tables/gride_bert_pos.csv,bert/tables_POS/pos_bootstrap/pos_raw_gride_bert-base-uncased.csv
bert,BERT: MEAN vs FIRST,pos,NLID,gride,gride,NOUN,NOUN,1,29.883207321166992,20.60595321655273,169.0,148.0,plots_extra/metrics/features/pos/mean/bert/tables/gride_bert_pos.csv,bert/tables_POS/pos_bootstrap/pos_raw_gride_bert-base-uncased.csv
bert,BERT: MEAN vs FIRST,pos,NLID,gride,gride,NOUN,NOUN,2,26.475984573364254,20.50252914428711,159.0,147.0,plots_extra/metrics/features/pos/mean/bert/tables/gride_bert_pos.csv,bert/tables_POS/pos_bootstrap/pos_raw_gride_bert-base-uncased.csv
bert,BERT: MEAN vs FIRST,pos,NLID,gride,gride,NOUN,NOUN,3,28.1649227142334,21.71883773803711,166.0,150.0,plots_extra/metrics/features/pos/mean/bert/tables/gride_bert_pos.csv,bert/tables_POS/pos_bootstrap/pos_raw_gride_bert-base-uncased.csv
bert,BERT: MEAN vs FIRST,pos,NLID,gride,gride,NOUN,NOUN,4,28.672252655029297,22.49043655395508,168.0,155.0,plots_extra/metrics/features/pos/mean/bert/tables/gride_bert_pos.csv,bert/tables_POS/pos_bootstrap/pos_raw_gride_bert-base-uncased.csv
bert,BERT: MEAN vs FIRST,pos,NLID,gride,gride,NOUN,NOUN,5,27.19613265991211,22.57468605041504,161.0,156.0,plots_extra/metrics/features/pos/mean/bert/tables/gride_bert_pos.csv,bert/tables_POS/pos_bootstrap/pos_raw_gride_bert-base-uncased.csv
bert,BERT: MEAN vs FIRST,pos,NLID,gride,gride,NOUN,NOUN,6,27.72649383544922,23.263402938842773,162.0,159.0,plots_extra/metrics/features/pos/mean/bert/tables/gride_bert_pos.csv,bert/tables_POS/pos_bootstrap/pos_raw_gride_bert-base-uncased.csv
bert,BERT: MEAN vs FIRST,pos,NLID,gride,gride,NOUN,NOUN,7,27.802675247192383,23.62859916687012,163.0,163.0,plots_extra/metrics/features/pos/mean/bert/tables/gride_bert_pos.csv,bert/tables_POS/pos_bootstrap/pos_raw_gride_bert-base-uncased.csv
bert,BERT: MEAN vs FIRST,pos,NLID,gride,gride,NOUN,NOUN,8,26.921890258789062,23.599143981933597,160.0,162.0,plots_extra/metrics/features/pos/mean/bert/tables/gride_bert_pos.csv,bert/tables_POS/pos_bootstrap/pos_raw_gride_bert-base-uncased.csv
bert,BERT: MEAN vs FIRST,pos,NLID,gride,gride,NOUN,NOUN,9,27.83087730407715,24.848766326904297,164.0,167.0,plots_extra/metrics/features/pos/mean/bert/tables/gride_bert_pos.csv,bert/tables_POS/pos_bootstrap/pos_raw_gride_bert-base-uncased.csv
bert,BERT: MEAN vs FIRST,pos,NLID,gride,gride,NOUN,NOUN,10,25.40290641784668,23.78800773620605,157.0,165.0,plots_extra/metrics/features/pos/mean/bert/tables/gride_bert_pos.csv,bert/tables_POS/pos_bootstrap/pos_raw_gride_bert-base-uncased.csv
bert,BERT: MEAN vs FIRST,pos,NLID,gride,gride,NOUN,NOUN,11,26.384401321411133,25.08945846557617,158.0,168.0,plots_extra/metrics/features/pos/mean/bert/tables/gride_bert_pos.csv,bert/tables_POS/pos_bootstrap/pos_raw_gride_bert-base-uncased.csv
bert,BERT: MEAN vs FIRST,pos,NLID,gride,gride,NOUN,NOUN,12,28.396705627441406,26.87746810913086,167.0,169.0,plots_extra/metrics/features/pos/mean/bert/tables/gride_bert_pos.csv,bert/tables_POS/pos_bootstrap/pos_raw_gride_bert-base-uncased.csv
bert,BERT: MEAN vs FIRST,pos,NLID,gride,gride,NUM,NUM,0,5.457610130310059,4.2541704177856445,15.0,9.0,plots_extra/metrics/features/pos/mean/bert/tables/gride_bert_pos.csv,bert/tables_POS/pos_bootstrap/pos_raw_gride_bert-base-uncased.csv
bert,BERT: MEAN vs FIRST,pos,NLID,gride,gride,NUM,NUM,1,7.416153907775879,5.999240875244141,32.0,18.0,plots_extra/metrics/features/pos/mean/bert/tables/gride_bert_pos.csv,bert/tables_POS/pos_bootstrap/pos_raw_gride_bert-base-uncased.csv
bert,BERT: MEAN vs FIRST,pos,NLID,gride,gride,NUM,NUM,2,8.387726783752441,6.9639892578125,40.0,25.0,plots_extra/metrics/features/pos/mean/bert/tables/gride_bert_pos.csv,bert/tables_POS/pos_bootstrap/pos_raw_gride_bert-base-uncased.csv
bert,BERT: MEAN vs FIRST,pos,NLID,gride,gride,NUM,NUM,3,8.924539566040039,7.58123779296875,46.0,31.0,plots_extra/metrics/features/pos/mean/bert/tables/gride_bert_pos.csv,bert/tables_POS/pos_bootstrap/pos_raw_gride_bert-base-uncased.csv
bert,BERT: MEAN vs FIRST,pos,NLID,gride,gride,NUM,NUM,4,9.64724063873291,8.515563011169434,57.0,40.0,plots_extra/metrics/features/pos/mean/bert/tables/gride_bert_pos.csv,bert/tables_POS/pos_bootstrap/pos_raw_gride_bert-base-uncased.csv
bert,BERT: MEAN vs FIRST,pos,NLID,gride,gride,NUM,NUM,5,9.841617584228516,9.159605979919434,59.0,48.0,plots_extra/metrics/features/pos/mean/bert/tables/gride_bert_pos.csv,bert/tables_POS/pos_bootstrap/pos_raw_gride_bert-base-uncased.csv
bert,BERT: MEAN vs FIRST,pos,NLID,gride,gride,NUM,NUM,6,10.242509841918944,9.56144905090332,67.0,52.0,plots_extra/metrics/features/pos/mean/bert/tables/gride_bert_pos.csv,bert/tables_POS/pos_bootstrap/pos_raw_gride_bert-base-uncased.csv
bert,BERT: MEAN vs FIRST,pos,NLID,gride,gride,NUM,NUM,7,10.321931838989258,9.632013320922852,68.0,53.0,plots_extra/metrics/features/pos/mean/bert/tables/gride_bert_pos.csv,bert/tables_POS/pos_bootstrap/pos_raw_gride_bert-base-uncased.csv
bert,BERT: MEAN vs FIRST,pos,NLID,gride,gride,NUM,NUM,8,10.770271301269531,10.135906219482422,72.0,60.0,plots_extra/metrics/features/pos/mean/bert/tables/gride_bert_pos.csv,bert/tables_POS/pos_bootstrap/pos_raw_gride_bert-base-uncased.csv
bert,BERT: MEAN vs FIRST,pos,NLID,gride,gride,NUM,NUM,9,10.949344635009766,10.415970802307127,73.0,65.0,plots_extra/metrics/features/pos/mean/bert/tables/gride_bert_pos.csv,bert/tables_POS/pos_bootstrap/pos_raw_gride_bert-base-uncased.csv
bert,BERT: MEAN vs FIRST,pos,NLID,gride,gride,NUM,NUM,10,12.015528678894045,11.14679718017578,83.0,76.0,plots_extra/metrics/features/pos/mean/bert/tables/gride_bert_pos.csv,bert/tables_POS/pos_bootstrap/pos_raw_gride_bert-base-uncased.csv
bert,BERT: MEAN vs FIRST,pos,NLID,gride,gride,NUM,NUM,11,12.842841148376465,11.464834213256836,90.0,83.0,plots_extra/metrics/features/pos/mean/bert/tables/gride_bert_pos.csv,bert/tables_POS/pos_bootstrap/pos_raw_gride_bert-base-uncased.csv
bert,BERT: MEAN vs FIRST,pos,NLID,gride,gride,NUM,NUM,12,12.808918952941896,11.332108497619627,89.0,78.0,plots_extra/metrics/features/pos/mean/bert/tables/gride_bert_pos.csv,bert/tables_POS/pos_bootstrap/pos_raw_gride_bert-base-uncased.csv
bert,BERT: MEAN vs FIRST,pos,NLID,gride,gride,PRON,PRON,0,0.9311479926109314,0.8777793049812317,6.0,7.0,plots_extra/metrics/features/pos/mean/bert/tables/gride_bert_pos.csv,bert/tables_POS/pos_bootstrap/pos_raw_gride_bert-base-uncased.csv
bert,BERT: MEAN vs FIRST,pos,NLID,gride,gride,PRON,PRON,1,4.013460636138916,6.796827793121338,9.0,23.0,plots_extra/metrics/features/pos/mean/bert/tables/gride_bert_pos.csv,bert/tables_POS/pos_bootstrap/pos_raw_gride_bert-base-uncased.csv
bert,BERT: MEAN vs FIRST,pos,NLID,gride,gride,PRON,PRON,2,4.926604270935059,7.961217403411865,13.0,35.0,plots_extra/metrics/features/pos/mean/bert/tables/gride_bert_pos.csv,bert/tables_POS/pos_bootstrap/pos_raw_gride_bert-base-uncased.csv
bert,BERT: MEAN vs FIRST,pos,NLID,gride,gride,PRON,PRON,3,5.57199764251709,7.924991607666016,19.0,34.0,plots_extra/metrics/features/pos/mean/bert/tables/gride_bert_pos.csv,bert/tables_POS/pos_bootstrap/pos_raw_gride_bert-base-uncased.csv
bert,BERT: MEAN vs FIRST,pos,NLID,gride,gride,PRON,PRON,4,6.602739334106445,8.53775405883789,26.0,41.0,plots_extra/metrics/features/pos/mean/bert/tables/gride_bert_pos.csv,bert/tables_POS/pos_bootstrap/pos_raw_gride_bert-base-uncased.csv
bert,BERT: MEAN vs FIRST,pos,NLID,gride,gride,PRON,PRON,5,8.05714225769043,9.784521102905272,38.0,56.0,plots_extra/metrics/features/pos/mean/bert/tables/gride_bert_pos.csv,bert/tables_POS/pos_bootstrap/pos_raw_gride_bert-base-uncased.csv
bert,BERT: MEAN vs FIRST,pos,NLID,gride,gride,PRON,PRON,6,9.659839630126951,10.856802940368652,58.0,73.0,plots_extra/metrics/features/pos/mean/bert/tables/gride_bert_pos.csv,bert/tables_POS/pos_bootstrap/pos_raw_gride_bert-base-uncased.csv
bert,BERT: MEAN vs FIRST,pos,NLID,gride,gride,PRON,PRON,7,11.148370742797852,12.184389114379885,75.0,87.0,plots_extra/metrics/features/pos/mean/bert/tables/gride_bert_pos.csv,bert/tables_POS/pos_bootstrap/pos_raw_gride_bert-base-uncased.csv
bert,BERT: MEAN vs FIRST,pos,NLID,gride,gride,PRON,PRON,8,12.335807800292969,13.15156078338623,84.0,97.0,plots_extra/metrics/features/pos/mean/bert/tables/gride_bert_pos.csv,bert/tables_POS/pos_bootstrap/pos_raw_gride_bert-base-uncased.csv
bert,BERT: MEAN vs FIRST,pos,NLID,gride,gride,PRON,PRON,9,14.216445922851562,14.547470092773438,103.0,112.0,plots_extra/metrics/features/pos/mean/bert/tables/gride_bert_pos.csv,bert/tables_POS/pos_bootstrap/pos_raw_gride_bert-base-uncased.csv
bert,BERT: MEAN vs FIRST,pos,NLID,gride,gride,PRON,PRON,10,15.752408981323242,15.48646068572998,112.0,122.0,plots_extra/metrics/features/pos/mean/bert/tables/gride_bert_pos.csv,bert/tables_POS/pos_bootstrap/pos_raw_gride_bert-base-uncased.csv
bert,BERT: MEAN vs FIRST,pos,NLID,gride,gride,PRON,PRON,11,15.815960884094238,16.363422393798828,114.0,128.0,plots_extra/metrics/features/pos/mean/bert/tables/gride_bert_pos.csv,bert/tables_POS/pos_bootstrap/pos_raw_gride_bert-base-uncased.csv
bert,BERT: MEAN vs FIRST,pos,NLID,gride,gride,PRON,PRON,12,15.187010765075684,16.000938415527344,109.0,126.0,plots_extra/metrics/features/pos/mean/bert/tables/gride_bert_pos.csv,bert/tables_POS/pos_bootstrap/pos_raw_gride_bert-base-uncased.csv
bert,BERT: MEAN vs FIRST,pos,NLID,gride,gride,PROPN,PROPN,0,11.07517147064209,10.45055866241455,74.0,66.0,plots_extra/metrics/features/pos/mean/bert/tables/gride_bert_pos.csv,bert/tables_POS/pos_bootstrap/pos_raw_gride_bert-base-uncased.csv
bert,BERT: MEAN vs FIRST,pos,NLID,gride,gride,PROPN,PROPN,1,12.70748233795166,11.354510307312012,87.0,79.0,plots_extra/metrics/features/pos/mean/bert/tables/gride_bert_pos.csv,bert/tables_POS/pos_bootstrap/pos_raw_gride_bert-base-uncased.csv
bert,BERT: MEAN vs FIRST,pos,NLID,gride,gride,PROPN,PROPN,2,14.161175727844238,11.14641571044922,102.0,75.0,plots_extra/metrics/features/pos/mean/bert/tables/gride_bert_pos.csv,bert/tables_POS/pos_bootstrap/pos_raw_gride_bert-base-uncased.csv
bert,BERT: MEAN vs FIRST,pos,NLID,gride,gride,PROPN,PROPN,3,15.138991355895996,12.47658348083496,108.0,93.0,plots_extra/metrics/features/pos/mean/bert/tables/gride_bert_pos.csv,bert/tables_POS/pos_bootstrap/pos_raw_gride_bert-base-uncased.csv
bert,BERT: MEAN vs FIRST,pos,NLID,gride,gride,PROPN,PROPN,4,15.805221557617188,13.648913383483888,113.0,101.0,plots_extra/metrics/features/pos/mean/bert/tables/gride_bert_pos.csv,bert/tables_POS/pos_bootstrap/pos_raw_gride_bert-base-uncased.csv
bert,BERT: MEAN vs FIRST,pos,NLID,gride,gride,PROPN,PROPN,5,16.793272018432617,14.234643936157228,120.0,107.0,plots_extra/metrics/features/pos/mean/bert/tables/gride_bert_pos.csv,bert/tables_POS/pos_bootstrap/pos_raw_gride_bert-base-uncased.csv
bert,BERT: MEAN vs FIRST,pos,NLID,gride,gride,PROPN,PROPN,6,17.380971908569336,14.489721298217772,127.0,111.0,plots_extra/metrics/features/pos/mean/bert/tables/gride_bert_pos.csv,bert/tables_POS/pos_bootstrap/pos_raw_gride_bert-base-uncased.csv
bert,BERT: MEAN vs FIRST,pos,NLID,gride,gride,PROPN,PROPN,7,16.908939361572266,14.679075241088867,123.0,114.0,plots_extra/metrics/features/pos/mean/bert/tables/gride_bert_pos.csv,bert/tables_POS/pos_bootstrap/pos_raw_gride_bert-base-uncased.csv
bert,BERT: MEAN vs FIRST,pos,NLID,gride,gride,PROPN,PROPN,8,16.845882415771484,15.11369800567627,121.0,121.0,plots_extra/metrics/features/pos/mean/bert/tables/gride_bert_pos.csv,bert/tables_POS/pos_bootstrap/pos_raw_gride_bert-base-uncased.csv
bert,BERT: MEAN vs FIRST,pos,NLID,gride,gride,PROPN,PROPN,9,16.889787673950195,15.08058738708496,122.0,120.0,plots_extra/metrics/features/pos/mean/bert/tables/gride_bert_pos.csv,bert/tables_POS/pos_bootstrap/pos_raw_gride_bert-base-uncased.csv
bert,BERT: MEAN vs FIRST,pos,NLID,gride,gride,PROPN,PROPN,10,17.131805419921875,15.011784553527832,125.0,119.0,plots_extra/metrics/features/pos/mean/bert/tables/gride_bert_pos.csv,bert/tables_POS/pos_bootstrap/pos_raw_gride_bert-base-uncased.csv
bert,BERT: MEAN vs FIRST,pos,NLID,gride,gride,PROPN,PROPN,11,17.730722427368164,15.722663879394531,130.0,123.0,plots_extra/metrics/features/pos/mean/bert/tables/gride_bert_pos.csv,bert/tables_POS/pos_bootstrap/pos_raw_gride_bert-base-uncased.csv
bert,BERT: MEAN vs FIRST,pos,NLID,gride,gride,PROPN,PROPN,12,18.769302368164062,16.900535583496094,137.0,133.0,plots_extra/metrics/features/pos/mean/bert/tables/gride_bert_pos.csv,bert/tables_POS/pos_bootstrap/pos_raw_gride_bert-base-uncased.csv
bert,BERT: MEAN vs FIRST,pos,NLID,gride,gride,PUNCT,PUNCT,0,0.1616978347301483,0.2948722243309021,1.0,1.0,plots_extra/metrics/features/pos/mean/bert/tables/gride_bert_pos.csv,bert/tables_POS/pos_bootstrap/pos_raw_gride_bert-base-uncased.csv
bert,BERT: MEAN vs FIRST,pos,NLID,gride,gride,PUNCT,PUNCT,1,5.841738700866699,5.620269298553467,20.0,14.0,plots_extra/metrics/features/pos/mean/bert/tables/gride_bert_pos.csv,bert/tables_POS/pos_bootstrap/pos_raw_gride_bert-base-uncased.csv
bert,BERT: MEAN vs FIRST,pos,NLID,gride,gride,PUNCT,PUNCT,2,7.834671974182129,9.25682544708252,36.0,49.0,plots_extra/metrics/features/pos/mean/bert/tables/gride_bert_pos.csv,bert/tables_POS/pos_bootstrap/pos_raw_gride_bert-base-uncased.csv
bert,BERT: MEAN vs FIRST,pos,NLID,gride,gride,PUNCT,PUNCT,3,7.663443565368652,8.791810989379883,35.0,42.0,plots_extra/metrics/features/pos/mean/bert/tables/gride_bert_pos.csv,bert/tables_POS/pos_bootstrap/pos_raw_gride_bert-base-uncased.csv
bert,BERT: MEAN vs FIRST,pos,NLID,gride,gride,PUNCT,PUNCT,4,7.89334774017334,8.968290328979492,37.0,45.0,plots_extra/metrics/features/pos/mean/bert/tables/gride_bert_pos.csv,bert/tables_POS/pos_bootstrap/pos_raw_gride_bert-base-uncased.csv
bert,BERT: MEAN vs FIRST,pos,NLID,gride,gride,PUNCT,PUNCT,5,8.649157524108887,9.872476577758787,44.0,57.0,plots_extra/metrics/features/pos/mean/bert/tables/gride_bert_pos.csv,bert/tables_POS/pos_bootstrap/pos_raw_gride_bert-base-uncased.csv
bert,BERT: MEAN vs FIRST,pos,NLID,gride,gride,PUNCT,PUNCT,6,9.40007781982422,10.733797073364258,53.0,70.0,plots_extra/metrics/features/pos/mean/bert/tables/gride_bert_pos.csv,bert/tables_POS/pos_bootstrap/pos_raw_gride_bert-base-uncased.csv
bert,BERT: MEAN vs FIRST,pos,NLID,gride,gride,PUNCT,PUNCT,7,10.000670433044434,11.438413619995115,62.0,82.0,plots_extra/metrics/features/pos/mean/bert/tables/gride_bert_pos.csv,bert/tables_POS/pos_bootstrap/pos_raw_gride_bert-base-uncased.csv
bert,BERT: MEAN vs FIRST,pos,NLID,gride,gride,PUNCT,PUNCT,8,9.518187522888184,11.090139389038086,55.0,74.0,plots_extra/metrics/features/pos/mean/bert/tables/gride_bert_pos.csv,bert/tables_POS/pos_bootstrap/pos_raw_gride_bert-base-uncased.csv
bert,BERT: MEAN vs FIRST,pos,NLID,gride,gride,PUNCT,PUNCT,9,9.30582046508789,10.849328994750977,51.0,72.0,plots_extra/metrics/features/pos/mean/bert/tables/gride_bert_pos.csv,bert/tables_POS/pos_bootstrap/pos_raw_gride_bert-base-uncased.csv
bert,BERT: MEAN vs FIRST,pos,NLID,gride,gride,PUNCT,PUNCT,10,9.050594329833984,10.247188568115234,48.0,61.0,plots_extra/metrics/features/pos/mean/bert/tables/gride_bert_pos.csv,bert/tables_POS/pos_bootstrap/pos_raw_gride_bert-base-uncased.csv
bert,BERT: MEAN vs FIRST,pos,NLID,gride,gride,PUNCT,PUNCT,11,10.526683807373049,12.192822456359863,71.0,88.0,plots_extra/metrics/features/pos/mean/bert/tables/gride_bert_pos.csv,bert/tables_POS/pos_bootstrap/pos_raw_gride_bert-base-uncased.csv
bert,BERT: MEAN vs FIRST,pos,NLID,gride,gride,PUNCT,PUNCT,12,11.252623558044434,13.36451244354248,79.0,98.0,plots_extra/metrics/features/pos/mean/bert/tables/gride_bert_pos.csv,bert/tables_POS/pos_bootstrap/pos_raw_gride_bert-base-uncased.csv
bert,BERT: MEAN vs FIRST,pos,NLID,gride,gride,SCONJ,SCONJ,0,0.6507077217102051,0.5995917320251465,4.0,5.0,plots_extra/metrics/features/pos/mean/bert/tables/gride_bert_pos.csv,bert/tables_POS/pos_bootstrap/pos_raw_gride_bert-base-uncased.csv
bert,BERT: MEAN vs FIRST,pos,NLID,gride,gride,SCONJ,SCONJ,1,4.257152080535889,4.711330413818359,10.0,11.0,plots_extra/metrics/features/pos/mean/bert/tables/gride_bert_pos.csv,bert/tables_POS/pos_bootstrap/pos_raw_gride_bert-base-uncased.csv
bert,BERT: MEAN vs FIRST,pos,NLID,gride,gride,SCONJ,SCONJ,2,4.995935440063477,5.658337116241455,14.0,15.0,plots_extra/metrics/features/pos/mean/bert/tables/gride_bert_pos.csv,bert/tables_POS/pos_bootstrap/pos_raw_gride_bert-base-uncased.csv
bert,BERT: MEAN vs FIRST,pos,NLID,gride,gride,SCONJ,SCONJ,3,5.571912288665772,6.183824062347412,18.0,19.0,plots_extra/metrics/features/pos/mean/bert/tables/gride_bert_pos.csv,bert/tables_POS/pos_bootstrap/pos_raw_gride_bert-base-uncased.csv
bert,BERT: MEAN vs FIRST,pos,NLID,gride,gride,SCONJ,SCONJ,4,6.20554256439209,6.721120357513428,22.0,22.0,plots_extra/metrics/features/pos/mean/bert/tables/gride_bert_pos.csv,bert/tables_POS/pos_bootstrap/pos_raw_gride_bert-base-uncased.csv
bert,BERT: MEAN vs FIRST,pos,NLID,gride,gride,SCONJ,SCONJ,5,7.071892738342285,7.631206512451172,28.0,32.0,plots_extra/metrics/features/pos/mean/bert/tables/gride_bert_pos.csv,bert/tables_POS/pos_bootstrap/pos_raw_gride_bert-base-uncased.csv
bert,BERT: MEAN vs FIRST,pos,NLID,gride,gride,SCONJ,SCONJ,6,8.630840301513672,8.831117630004883,43.0,43.0,plots_extra/metrics/features/pos/mean/bert/tables/gride_bert_pos.csv,bert/tables_POS/pos_bootstrap/pos_raw_gride_bert-base-uncased.csv
bert,BERT: MEAN vs FIRST,pos,NLID,gride,gride,SCONJ,SCONJ,7,9.503995895385742,9.55289077758789,54.0,51.0,plots_extra/metrics/features/pos/mean/bert/tables/gride_bert_pos.csv,bert/tables_POS/pos_bootstrap/pos_raw_gride_bert-base-uncased.csv
bert,BERT: MEAN vs FIRST,pos,NLID,gride,gride,SCONJ,SCONJ,8,10.231033325195312,10.00833225250244,66.0,59.0,plots_extra/metrics/features/pos/mean/bert/tables/gride_bert_pos.csv,bert/tables_POS/pos_bootstrap/pos_raw_gride_bert-base-uncased.csv
bert,BERT: MEAN vs FIRST,pos,NLID,gride,gride,SCONJ,SCONJ,9,11.870135307312012,11.541494369506836,81.0,84.0,plots_extra/metrics/features/pos/mean/bert/tables/gride_bert_pos.csv,bert/tables_POS/pos_bootstrap/pos_raw_gride_bert-base-uncased.csv
bert,BERT: MEAN vs FIRST,pos,NLID,gride,gride,SCONJ,SCONJ,10,13.27395248413086,12.9898681640625,95.0,96.0,plots_extra/metrics/features/pos/mean/bert/tables/gride_bert_pos.csv,bert/tables_POS/pos_bootstrap/pos_raw_gride_bert-base-uncased.csv
bert,BERT: MEAN vs FIRST,pos,NLID,gride,gride,SCONJ,SCONJ,11,13.76954460144043,13.566558837890623,99.0,100.0,plots_extra/metrics/features/pos/mean/bert/tables/gride_bert_pos.csv,bert/tables_POS/pos_bootstrap/pos_raw_gride_bert-base-uncased.csv
bert,BERT: MEAN vs FIRST,pos,NLID,gride,gride,SCONJ,SCONJ,12,14.123884201049805,13.892114639282228,101.0,104.0,plots_extra/metrics/features/pos/mean/bert/tables/gride_bert_pos.csv,bert/tables_POS/pos_bootstrap/pos_raw_gride_bert-base-uncased.csv
bert,BERT: MEAN vs FIRST,pos,NLID,gride,gride,VERB,VERB,0,6.8990654945373535,5.412345409393311,27.0,13.0,plots_extra/metrics/features/pos/mean/bert/tables/gride_bert_pos.csv,bert/tables_POS/pos_bootstrap/pos_raw_gride_bert-base-uncased.csv
bert,BERT: MEAN vs FIRST,pos,NLID,gride,gride,VERB,VERB,1,7.659136772155762,6.4665207862854,34.0,21.0,plots_extra/metrics/features/pos/mean/bert/tables/gride_bert_pos.csv,bert/tables_POS/pos_bootstrap/pos_raw_gride_bert-base-uncased.csv
bert,BERT: MEAN vs FIRST,pos,NLID,gride,gride,VERB,VERB,2,8.769471168518066,7.5438232421875,45.0,30.0,plots_extra/metrics/features/pos/mean/bert/tables/gride_bert_pos.csv,bert/tables_POS/pos_bootstrap/pos_raw_gride_bert-base-uncased.csv
bert,BERT: MEAN vs FIRST,pos,NLID,gride,gride,VERB,VERB,3,10.428426742553713,8.98399829864502,70.0,46.0,plots_extra/metrics/features/pos/mean/bert/tables/gride_bert_pos.csv,bert/tables_POS/pos_bootstrap/pos_raw_gride_bert-base-uncased.csv
bert,BERT: MEAN vs FIRST,pos,NLID,gride,gride,VERB,VERB,4,12.69081974029541,10.411416053771973,86.0,64.0,plots_extra/metrics/features/pos/mean/bert/tables/gride_bert_pos.csv,bert/tables_POS/pos_bootstrap/pos_raw_gride_bert-base-uncased.csv
bert,BERT: MEAN vs FIRST,pos,NLID,gride,gride,VERB,VERB,5,14.082559585571287,11.7776517868042,100.0,85.0,plots_extra/metrics/features/pos/mean/bert/tables/gride_bert_pos.csv,bert/tables_POS/pos_bootstrap/pos_raw_gride_bert-base-uncased.csv
bert,BERT: MEAN vs FIRST,pos,NLID,gride,gride,VERB,VERB,6,16.624847412109375,14.133257865905762,119.0,106.0,plots_extra/metrics/features/pos/mean/bert/tables/gride_bert_pos.csv,bert/tables_POS/pos_bootstrap/pos_raw_gride_bert-base-uncased.csv
bert,BERT: MEAN vs FIRST,pos,NLID,gride,gride,VERB,VERB,7,18.940523147583008,16.501800537109375,138.0,130.0,plots_extra/metrics/features/pos/mean/bert/tables/gride_bert_pos.csv,bert/tables_POS/pos_bootstrap/pos_raw_gride_bert-base-uncased.csv
bert,BERT: MEAN vs FIRST,pos,NLID,gride,gride,VERB,VERB,8,21.05834007263184,19.01011085510254,143.0,142.0,plots_extra/metrics/features/pos/mean/bert/tables/gride_bert_pos.csv,bert/tables_POS/pos_bootstrap/pos_raw_gride_bert-base-uncased.csv
bert,BERT: MEAN vs FIRST,pos,NLID,gride,gride,VERB,VERB,9,23.840633392333984,22.051212310791016,151.0,152.0,plots_extra/metrics/features/pos/mean/bert/tables/gride_bert_pos.csv,bert/tables_POS/pos_bootstrap/pos_raw_gride_bert-base-uncased.csv
bert,BERT: MEAN vs FIRST,pos,NLID,gride,gride,VERB,VERB,10,24.327953338623047,23.08268928527832,153.0,158.0,plots_extra/metrics/features/pos/mean/bert/tables/gride_bert_pos.csv,bert/tables_POS/pos_bootstrap/pos_raw_gride_bert-base-uncased.csv
bert,BERT: MEAN vs FIRST,pos,NLID,gride,gride,VERB,VERB,11,24.569477081298828,23.498384475708008,154.0,160.0,plots_extra/metrics/features/pos/mean/bert/tables/gride_bert_pos.csv,bert/tables_POS/pos_bootstrap/pos_raw_gride_bert-base-uncased.csv
bert,BERT: MEAN vs FIRST,pos,NLID,gride,gride,VERB,VERB,12,24.904918670654297,24.22352600097656,156.0,166.0,plots_extra/metrics/features/pos/mean/bert/tables/gride_bert_pos.csv,bert/tables_POS/pos_bootstrap/pos_raw_gride_bert-base-uncased.csv
bert,BERT: MEAN vs FIRST,length,IsoScore,iso,iso,1,1,0,0.0140572013333439,0.0063139111734926,2.0,2.0,plots_extra/metrics/features/length/mean/bert/tables/iso_bert_length.csv,bert/tables_LENGTH/length_bootstrap/length_raw_iso_bert-base-uncased.csv
bert,BERT: MEAN vs FIRST,length,IsoScore,iso,iso,1,1,1,0.0201263781636953,0.0081846378743648,3.0,4.0,plots_extra/metrics/features/length/mean/bert/tables/iso_bert_length.csv,bert/tables_LENGTH/length_bootstrap/length_raw_iso_bert-base-uncased.csv
bert,BERT: MEAN vs FIRST,length,IsoScore,iso,iso,1,1,2,0.027508670464158,0.0100658237934112,5.0,10.0,plots_extra/metrics/features/length/mean/bert/tables/iso_bert_length.csv,bert/tables_LENGTH/length_bootstrap/length_raw_iso_bert-base-uncased.csv
bert,BERT: MEAN vs FIRST,length,IsoScore,iso,iso,1,1,3,0.0321122519671916,0.01027028914541,7.0,12.0,plots_extra/metrics/features/length/mean/bert/tables/iso_bert_length.csv,bert/tables_LENGTH/length_bootstrap/length_raw_iso_bert-base-uncased.csv
bert,BERT: MEAN vs FIRST,length,IsoScore,iso,iso,1,1,4,0.0340633653104305,0.0094045894220471,8.0,5.0,plots_extra/metrics/features/length/mean/bert/tables/iso_bert_length.csv,bert/tables_LENGTH/length_bootstrap/length_raw_iso_bert-base-uncased.csv
bert,BERT: MEAN vs FIRST,length,IsoScore,iso,iso,1,1,5,0.0412022024393081,0.0103138713166117,11.0,13.0,plots_extra/metrics/features/length/mean/bert/tables/iso_bert_length.csv,bert/tables_LENGTH/length_bootstrap/length_raw_iso_bert-base-uncased.csv
bert,BERT: MEAN vs FIRST,length,IsoScore,iso,iso,1,1,6,0.0419833697378635,0.0095327971503138,13.0,8.0,plots_extra/metrics/features/length/mean/bert/tables/iso_bert_length.csv,bert/tables_LENGTH/length_bootstrap/length_raw_iso_bert-base-uncased.csv
bert,BERT: MEAN vs FIRST,length,IsoScore,iso,iso,1,1,7,0.0445351153612136,0.0095502994954586,15.0,9.0,plots_extra/metrics/features/length/mean/bert/tables/iso_bert_length.csv,bert/tables_LENGTH/length_bootstrap/length_raw_iso_bert-base-uncased.csv
bert,BERT: MEAN vs FIRST,length,IsoScore,iso,iso,1,1,8,0.0426397211849689,0.0094990245997905,14.0,7.0,plots_extra/metrics/features/length/mean/bert/tables/iso_bert_length.csv,bert/tables_LENGTH/length_bootstrap/length_raw_iso_bert-base-uncased.csv
bert,BERT: MEAN vs FIRST,length,IsoScore,iso,iso,1,1,9,0.0499785952270031,0.0112877488136291,17.0,15.0,plots_extra/metrics/features/length/mean/bert/tables/iso_bert_length.csv,bert/tables_LENGTH/length_bootstrap/length_raw_iso_bert-base-uncased.csv
bert,BERT: MEAN vs FIRST,length,IsoScore,iso,iso,1,1,10,0.0419754534959793,0.0094114271923899,12.0,6.0,plots_extra/metrics/features/length/mean/bert/tables/iso_bert_length.csv,bert/tables_LENGTH/length_bootstrap/length_raw_iso_bert-base-uncased.csv
bert,BERT: MEAN vs FIRST,length,IsoScore,iso,iso,1,1,11,0.029120098799467,0.0071753985248506,6.0,3.0,plots_extra/metrics/features/length/mean/bert/tables/iso_bert_length.csv,bert/tables_LENGTH/length_bootstrap/length_raw_iso_bert-base-uncased.csv
bert,BERT: MEAN vs FIRST,length,IsoScore,iso,iso,1,1,12,0.0111133279278874,0.0042401035316288,1.0,1.0,plots_extra/metrics/features/length/mean/bert/tables/iso_bert_length.csv,bert/tables_LENGTH/length_bootstrap/length_raw_iso_bert-base-uncased.csv
bert,BERT: MEAN vs FIRST,length,IsoScore,iso,iso,10,10,0,0.2666012346744537,0.0769008696079254,121.0,130.0,plots_extra/metrics/features/length/mean/bert/tables/iso_bert_length.csv,bert/tables_LENGTH/length_bootstrap/length_raw_iso_bert-base-uncased.csv
bert,BERT: MEAN vs FIRST,length,IsoScore,iso,iso,10,10,1,0.2563285529613495,0.0673404186964035,110.0,124.0,plots_extra/metrics/features/length/mean/bert/tables/iso_bert_length.csv,bert/tables_LENGTH/length_bootstrap/length_raw_iso_bert-base-uncased.csv
bert,BERT: MEAN vs FIRST,length,IsoScore,iso,iso,10,10,2,0.2450964748859405,0.0583329945802688,97.0,112.0,plots_extra/metrics/features/length/mean/bert/tables/iso_bert_length.csv,bert/tables_LENGTH/length_bootstrap/length_raw_iso_bert-base-uncased.csv
bert,BERT: MEAN vs FIRST,length,IsoScore,iso,iso,10,10,3,0.2330418825149536,0.0481318980455398,90.0,97.0,plots_extra/metrics/features/length/mean/bert/tables/iso_bert_length.csv,bert/tables_LENGTH/length_bootstrap/length_raw_iso_bert-base-uncased.csv
bert,BERT: MEAN vs FIRST,length,IsoScore,iso,iso,10,10,4,0.2252899408340454,0.0441942438483238,81.0,81.0,plots_extra/metrics/features/length/mean/bert/tables/iso_bert_length.csv,bert/tables_LENGTH/length_bootstrap/length_raw_iso_bert-base-uncased.csv
bert,BERT: MEAN vs FIRST,length,IsoScore,iso,iso,10,10,5,0.2187149971723556,0.0432715229690074,76.0,80.0,plots_extra/metrics/features/length/mean/bert/tables/iso_bert_length.csv,bert/tables_LENGTH/length_bootstrap/length_raw_iso_bert-base-uncased.csv
bert,BERT: MEAN vs FIRST,length,IsoScore,iso,iso,10,10,6,0.2135661542415619,0.041034035384655,71.0,71.0,plots_extra/metrics/features/length/mean/bert/tables/iso_bert_length.csv,bert/tables_LENGTH/length_bootstrap/length_raw_iso_bert-base-uncased.csv
bert,BERT: MEAN vs FIRST,length,IsoScore,iso,iso,10,10,7,0.2110025435686111,0.0406772792339324,66.0,69.0,plots_extra/metrics/features/length/mean/bert/tables/iso_bert_length.csv,bert/tables_LENGTH/length_bootstrap/length_raw_iso_bert-base-uncased.csv
bert,BERT: MEAN vs FIRST,length,IsoScore,iso,iso,10,10,8,0.2012643367052078,0.0397644974291324,57.0,67.0,plots_extra/metrics/features/length/mean/bert/tables/iso_bert_length.csv,bert/tables_LENGTH/length_bootstrap/length_raw_iso_bert-base-uncased.csv
bert,BERT: MEAN vs FIRST,length,IsoScore,iso,iso,10,10,9,0.1981560140848159,0.0364065207540988,54.0,59.0,plots_extra/metrics/features/length/mean/bert/tables/iso_bert_length.csv,bert/tables_LENGTH/length_bootstrap/length_raw_iso_bert-base-uncased.csv
bert,BERT: MEAN vs FIRST,length,IsoScore,iso,iso,10,10,10,0.1866058111190796,0.0338762700557708,49.0,46.0,plots_extra/metrics/features/length/mean/bert/tables/iso_bert_length.csv,bert/tables_LENGTH/length_bootstrap/length_raw_iso_bert-base-uncased.csv
bert,BERT: MEAN vs FIRST,length,IsoScore,iso,iso,10,10,11,0.1793464869260788,0.0310834292322397,45.0,39.0,plots_extra/metrics/features/length/mean/bert/tables/iso_bert_length.csv,bert/tables_LENGTH/length_bootstrap/length_raw_iso_bert-base-uncased.csv
bert,BERT: MEAN vs FIRST,length,IsoScore,iso,iso,10,10,12,0.1894500851631164,0.0351815409958362,52.0,54.0,plots_extra/metrics/features/length/mean/bert/tables/iso_bert_length.csv,bert/tables_LENGTH/length_bootstrap/length_raw_iso_bert-base-uncased.csv
bert,BERT: MEAN vs FIRST,length,IsoScore,iso,iso,2,2,0,0.0271644033491611,0.0102647189050912,4.0,11.0,plots_extra/metrics/features/length/mean/bert/tables/iso_bert_length.csv,bert/tables_LENGTH/length_bootstrap/length_raw_iso_bert-base-uncased.csv
bert,BERT: MEAN vs FIRST,length,IsoScore,iso,iso,2,2,1,0.0379524640738964,0.014226390980184,10.0,16.0,plots_extra/metrics/features/length/mean/bert/tables/iso_bert_length.csv,bert/tables_LENGTH/length_bootstrap/length_raw_iso_bert-base-uncased.csv
bert,BERT: MEAN vs FIRST,length,IsoScore,iso,iso,2,2,2,0.0487312749028205,0.0166742987930774,16.0,18.0,plots_extra/metrics/features/length/mean/bert/tables/iso_bert_length.csv,bert/tables_LENGTH/length_bootstrap/length_raw_iso_bert-base-uncased.csv
bert,BERT: MEAN vs FIRST,length,IsoScore,iso,iso,2,2,3,0.0621474385261535,0.0192042645066976,19.0,21.0,plots_extra/metrics/features/length/mean/bert/tables/iso_bert_length.csv,bert/tables_LENGTH/length_bootstrap/length_raw_iso_bert-base-uncased.csv
bert,BERT: MEAN vs FIRST,length,IsoScore,iso,iso,2,2,4,0.0770800933241844,0.0220779199153184,21.0,24.0,plots_extra/metrics/features/length/mean/bert/tables/iso_bert_length.csv,bert/tables_LENGTH/length_bootstrap/length_raw_iso_bert-base-uncased.csv
bert,BERT: MEAN vs FIRST,length,IsoScore,iso,iso,2,2,5,0.0998732596635818,0.0257540363818407,24.0,29.0,plots_extra/metrics/features/length/mean/bert/tables/iso_bert_length.csv,bert/tables_LENGTH/length_bootstrap/length_raw_iso_bert-base-uncased.csv
bert,BERT: MEAN vs FIRST,length,IsoScore,iso,iso,2,2,6,0.1317030787467956,0.0315529704093933,29.0,42.0,plots_extra/metrics/features/length/mean/bert/tables/iso_bert_length.csv,bert/tables_LENGTH/length_bootstrap/length_raw_iso_bert-base-uncased.csv
bert,BERT: MEAN vs FIRST,length,IsoScore,iso,iso,2,2,7,0.1572848707437515,0.0342585183680057,35.0,50.0,plots_extra/metrics/features/length/mean/bert/tables/iso_bert_length.csv,bert/tables_LENGTH/length_bootstrap/length_raw_iso_bert-base-uncased.csv
bert,BERT: MEAN vs FIRST,length,IsoScore,iso,iso,2,2,8,0.1667846441268921,0.0338982045650482,39.0,47.0,plots_extra/metrics/features/length/mean/bert/tables/iso_bert_length.csv,bert/tables_LENGTH/length_bootstrap/length_raw_iso_bert-base-uncased.csv
bert,BERT: MEAN vs FIRST,length,IsoScore,iso,iso,2,2,9,0.1696374118328094,0.0307314321398735,42.0,37.0,plots_extra/metrics/features/length/mean/bert/tables/iso_bert_length.csv,bert/tables_LENGTH/length_bootstrap/length_raw_iso_bert-base-uncased.csv
bert,BERT: MEAN vs FIRST,length,IsoScore,iso,iso,2,2,10,0.1695501655340194,0.0296054556965827,41.0,34.0,plots_extra/metrics/features/length/mean/bert/tables/iso_bert_length.csv,bert/tables_LENGTH/length_bootstrap/length_raw_iso_bert-base-uncased.csv
bert,BERT: MEAN vs FIRST,length,IsoScore,iso,iso,2,2,11,0.1686125695705413,0.028409082442522,40.0,31.0,plots_extra/metrics/features/length/mean/bert/tables/iso_bert_length.csv,bert/tables_LENGTH/length_bootstrap/length_raw_iso_bert-base-uncased.csv
bert,BERT: MEAN vs FIRST,length,IsoScore,iso,iso,2,2,12,0.1390897333621978,0.0279827769845724,31.0,30.0,plots_extra/metrics/features/length/mean/bert/tables/iso_bert_length.csv,bert/tables_LENGTH/length_bootstrap/length_raw_iso_bert-base-uncased.csv
bert,BERT: MEAN vs FIRST,length,IsoScore,iso,iso,3,3,0,0.0350509099662303,0.0107164224609732,9.0,14.0,plots_extra/metrics/features/length/mean/bert/tables/iso_bert_length.csv,bert/tables_LENGTH/length_bootstrap/length_raw_iso_bert-base-uncased.csv
bert,BERT: MEAN vs FIRST,length,IsoScore,iso,iso,3,3,1,0.0501975119113922,0.0144366463646292,18.0,17.0,plots_extra/metrics/features/length/mean/bert/tables/iso_bert_length.csv,bert/tables_LENGTH/length_bootstrap/length_raw_iso_bert-base-uncased.csv
bert,BERT: MEAN vs FIRST,length,IsoScore,iso,iso,3,3,2,0.0689863115549087,0.0181079357862472,20.0,19.0,plots_extra/metrics/features/length/mean/bert/tables/iso_bert_length.csv,bert/tables_LENGTH/length_bootstrap/length_raw_iso_bert-base-uncased.csv
bert,BERT: MEAN vs FIRST,length,IsoScore,iso,iso,3,3,3,0.080766275525093,0.0190349798649549,22.0,20.0,plots_extra/metrics/features/length/mean/bert/tables/iso_bert_length.csv,bert/tables_LENGTH/length_bootstrap/length_raw_iso_bert-base-uncased.csv
bert,BERT: MEAN vs FIRST,length,IsoScore,iso,iso,3,3,4,0.0904650464653968,0.0192483533173799,23.0,22.0,plots_extra/metrics/features/length/mean/bert/tables/iso_bert_length.csv,bert/tables_LENGTH/length_bootstrap/length_raw_iso_bert-base-uncased.csv
bert,BERT: MEAN vs FIRST,length,IsoScore,iso,iso,3,3,5,0.1138484477996826,0.0227410476654768,26.0,25.0,plots_extra/metrics/features/length/mean/bert/tables/iso_bert_length.csv,bert/tables_LENGTH/length_bootstrap/length_raw_iso_bert-base-uncased.csv
bert,BERT: MEAN vs FIRST,length,IsoScore,iso,iso,3,3,6,0.137919545173645,0.0253458935767412,30.0,28.0,plots_extra/metrics/features/length/mean/bert/tables/iso_bert_length.csv,bert/tables_LENGTH/length_bootstrap/length_raw_iso_bert-base-uncased.csv
bert,BERT: MEAN vs FIRST,length,IsoScore,iso,iso,3,3,7,0.1514653712511062,0.025306113064289,32.0,27.0,plots_extra/metrics/features/length/mean/bert/tables/iso_bert_length.csv,bert/tables_LENGTH/length_bootstrap/length_raw_iso_bert-base-uncased.csv
bert,BERT: MEAN vs FIRST,length,IsoScore,iso,iso,3,3,8,0.1633661687374115,0.0315121486783027,38.0,41.0,plots_extra/metrics/features/length/mean/bert/tables/iso_bert_length.csv,bert/tables_LENGTH/length_bootstrap/length_raw_iso_bert-base-uncased.csv
bert,BERT: MEAN vs FIRST,length,IsoScore,iso,iso,3,3,9,0.1601476371288299,0.0293576028198003,37.0,33.0,plots_extra/metrics/features/length/mean/bert/tables/iso_bert_length.csv,bert/tables_LENGTH/length_bootstrap/length_raw_iso_bert-base-uncased.csv
bert,BERT: MEAN vs FIRST,length,IsoScore,iso,iso,3,3,10,0.1561185270547866,0.0304858330637216,34.0,35.0,plots_extra/metrics/features/length/mean/bert/tables/iso_bert_length.csv,bert/tables_LENGTH/length_bootstrap/length_raw_iso_bert-base-uncased.csv
bert,BERT: MEAN vs FIRST,length,IsoScore,iso,iso,3,3,11,0.1557293534278869,0.0291597321629524,33.0,32.0,plots_extra/metrics/features/length/mean/bert/tables/iso_bert_length.csv,bert/tables_LENGTH/length_bootstrap/length_raw_iso_bert-base-uncased.csv
bert,BERT: MEAN vs FIRST,length,IsoScore,iso,iso,3,3,12,0.1176948174834251,0.0218456014990806,27.0,23.0,plots_extra/metrics/features/length/mean/bert/tables/iso_bert_length.csv,bert/tables_LENGTH/length_bootstrap/length_raw_iso_bert-base-uncased.csv
bert,BERT: MEAN vs FIRST,length,IsoScore,iso,iso,4,4,0,0.1102148741483688,0.0241396855562925,25.0,26.0,plots_extra/metrics/features/length/mean/bert/tables/iso_bert_length.csv,bert/tables_LENGTH/length_bootstrap/length_raw_iso_bert-base-uncased.csv
bert,BERT: MEAN vs FIRST,length,IsoScore,iso,iso,4,4,1,0.1297988593578338,0.0310580488294363,28.0,38.0,plots_extra/metrics/features/length/mean/bert/tables/iso_bert_length.csv,bert/tables_LENGTH/length_bootstrap/length_raw_iso_bert-base-uncased.csv
bert,BERT: MEAN vs FIRST,length,IsoScore,iso,iso,4,4,2,0.1591904908418655,0.0391896739602088,36.0,65.0,plots_extra/metrics/features/length/mean/bert/tables/iso_bert_length.csv,bert/tables_LENGTH/length_bootstrap/length_raw_iso_bert-base-uncased.csv
bert,BERT: MEAN vs FIRST,length,IsoScore,iso,iso,4,4,3,0.1751332581043243,0.0423328205943107,43.0,77.0,plots_extra/metrics/features/length/mean/bert/tables/iso_bert_length.csv,bert/tables_LENGTH/length_bootstrap/length_raw_iso_bert-base-uncased.csv
bert,BERT: MEAN vs FIRST,length,IsoScore,iso,iso,4,4,4,0.1858347952365875,0.0403787270188331,48.0,68.0,plots_extra/metrics/features/length/mean/bert/tables/iso_bert_length.csv,bert/tables_LENGTH/length_bootstrap/length_raw_iso_bert-base-uncased.csv
bert,BERT: MEAN vs FIRST,length,IsoScore,iso,iso,4,4,5,0.2112517654895782,0.0420988500118255,67.0,75.0,plots_extra/metrics/features/length/mean/bert/tables/iso_bert_length.csv,bert/tables_LENGTH/length_bootstrap/length_raw_iso_bert-base-uncased.csv
bert,BERT: MEAN vs FIRST,length,IsoScore,iso,iso,4,4,6,0.2288781404495239,0.0447477288544178,84.0,84.0,plots_extra/metrics/features/length/mean/bert/tables/iso_bert_length.csv,bert/tables_LENGTH/length_bootstrap/length_raw_iso_bert-base-uncased.csv
bert,BERT: MEAN vs FIRST,length,IsoScore,iso,iso,4,4,7,0.248709887266159,0.0464404858648777,104.0,90.0,plots_extra/metrics/features/length/mean/bert/tables/iso_bert_length.csv,bert/tables_LENGTH/length_bootstrap/length_raw_iso_bert-base-uncased.csv
bert,BERT: MEAN vs FIRST,length,IsoScore,iso,iso,4,4,8,0.2456624507904052,0.0445412956178188,98.0,83.0,plots_extra/metrics/features/length/mean/bert/tables/iso_bert_length.csv,bert/tables_LENGTH/length_bootstrap/length_raw_iso_bert-base-uncased.csv
bert,BERT: MEAN vs FIRST,length,IsoScore,iso,iso,4,4,9,0.2416037023067474,0.0458724722266197,91.0,88.0,plots_extra/metrics/features/length/mean/bert/tables/iso_bert_length.csv,bert/tables_LENGTH/length_bootstrap/length_raw_iso_bert-base-uncased.csv
bert,BERT: MEAN vs FIRST,length,IsoScore,iso,iso,4,4,10,0.2289450466632843,0.0442674197256565,85.0,82.0,plots_extra/metrics/features/length/mean/bert/tables/iso_bert_length.csv,bert/tables_LENGTH/length_bootstrap/length_raw_iso_bert-base-uncased.csv
bert,BERT: MEAN vs FIRST,length,IsoScore,iso,iso,4,4,11,0.2179081439971923,0.0379692092537879,74.0,62.0,plots_extra/metrics/features/length/mean/bert/tables/iso_bert_length.csv,bert/tables_LENGTH/length_bootstrap/length_raw_iso_bert-base-uncased.csv
bert,BERT: MEAN vs FIRST,length,IsoScore,iso,iso,4,4,12,0.1952743232250213,0.0306753516197204,53.0,36.0,plots_extra/metrics/features/length/mean/bert/tables/iso_bert_length.csv,bert/tables_LENGTH/length_bootstrap/length_raw_iso_bert-base-uncased.csv
bert,BERT: MEAN vs FIRST,length,IsoScore,iso,iso,5,5,0,0.1772120743989944,0.0381174832582473,44.0,63.0,plots_extra/metrics/features/length/mean/bert/tables/iso_bert_length.csv,bert/tables_LENGTH/length_bootstrap/length_raw_iso_bert-base-uncased.csv
bert,BERT: MEAN vs FIRST,length,IsoScore,iso,iso,5,5,1,0.1888946592807769,0.0423084385693073,51.0,76.0,plots_extra/metrics/features/length/mean/bert/tables/iso_bert_length.csv,bert/tables_LENGTH/length_bootstrap/length_raw_iso_bert-base-uncased.csv
bert,BERT: MEAN vs FIRST,length,IsoScore,iso,iso,5,5,2,0.2147313058376312,0.0494407638907432,72.0,99.0,plots_extra/metrics/features/length/mean/bert/tables/iso_bert_length.csv,bert/tables_LENGTH/length_bootstrap/length_raw_iso_bert-base-uncased.csv
bert,BERT: MEAN vs FIRST,length,IsoScore,iso,iso,5,5,3,0.2227233201265335,0.0497644506394863,79.0,100.0,plots_extra/metrics/features/length/mean/bert/tables/iso_bert_length.csv,bert/tables_LENGTH/length_bootstrap/length_raw_iso_bert-base-uncased.csv
bert,BERT: MEAN vs FIRST,length,IsoScore,iso,iso,5,5,4,0.2305845320224762,0.0476742275059223,87.0,95.0,plots_extra/metrics/features/length/mean/bert/tables/iso_bert_length.csv,bert/tables_LENGTH/length_bootstrap/length_raw_iso_bert-base-uncased.csv
bert,BERT: MEAN vs FIRST,length,IsoScore,iso,iso,5,5,5,0.2444638907909393,0.0479619689285755,95.0,96.0,plots_extra/metrics/features/length/mean/bert/tables/iso_bert_length.csv,bert/tables_LENGTH/length_bootstrap/length_raw_iso_bert-base-uncased.csv
bert,BERT: MEAN vs FIRST,length,IsoScore,iso,iso,5,5,6,0.2524893283843994,0.0473959669470787,106.0,94.0,plots_extra/metrics/features/length/mean/bert/tables/iso_bert_length.csv,bert/tables_LENGTH/length_bootstrap/length_raw_iso_bert-base-uncased.csv
bert,BERT: MEAN vs FIRST,length,IsoScore,iso,iso,5,5,7,0.2678710222244262,0.0470661967992782,122.0,91.0,plots_extra/metrics/features/length/mean/bert/tables/iso_bert_length.csv,bert/tables_LENGTH/length_bootstrap/length_raw_iso_bert-base-uncased.csv
bert,BERT: MEAN vs FIRST,length,IsoScore,iso,iso,5,5,8,0.2618269920349121,0.0454195775091648,116.0,86.0,plots_extra/metrics/features/length/mean/bert/tables/iso_bert_length.csv,bert/tables_LENGTH/length_bootstrap/length_raw_iso_bert-base-uncased.csv
bert,BERT: MEAN vs FIRST,length,IsoScore,iso,iso,5,5,9,0.2575628161430359,0.0447726920247077,113.0,85.0,plots_extra/metrics/features/length/mean/bert/tables/iso_bert_length.csv,bert/tables_LENGTH/length_bootstrap/length_raw_iso_bert-base-uncased.csv
bert,BERT: MEAN vs FIRST,length,IsoScore,iso,iso,5,5,10,0.2447205483913421,0.0425696894526481,96.0,78.0,plots_extra/metrics/features/length/mean/bert/tables/iso_bert_length.csv,bert/tables_LENGTH/length_bootstrap/length_raw_iso_bert-base-uncased.csv
bert,BERT: MEAN vs FIRST,length,IsoScore,iso,iso,5,5,11,0.2310812771320343,0.0408723652362823,88.0,70.0,plots_extra/metrics/features/length/mean/bert/tables/iso_bert_length.csv,bert/tables_LENGTH/length_bootstrap/length_raw_iso_bert-base-uncased.csv
bert,BERT: MEAN vs FIRST,length,IsoScore,iso,iso,5,5,12,0.2181045562028885,0.0347876772284507,75.0,53.0,plots_extra/metrics/features/length/mean/bert/tables/iso_bert_length.csv,bert/tables_LENGTH/length_bootstrap/length_raw_iso_bert-base-uncased.csv
bert,BERT: MEAN vs FIRST,length,IsoScore,iso,iso,6,6,0,0.2439445257186889,0.0602481514215469,94.0,117.0,plots_extra/metrics/features/length/mean/bert/tables/iso_bert_length.csv,bert/tables_LENGTH/length_bootstrap/length_raw_iso_bert-base-uncased.csv
bert,BERT: MEAN vs FIRST,length,IsoScore,iso,iso,6,6,1,0.2474694550037384,0.060192734003067,102.0,116.0,plots_extra/metrics/features/length/mean/bert/tables/iso_bert_length.csv,bert/tables_LENGTH/length_bootstrap/length_raw_iso_bert-base-uncased.csv
bert,BERT: MEAN vs FIRST,length,IsoScore,iso,iso,6,6,2,0.2569285333156585,0.0625757202506065,112.0,120.0,plots_extra/metrics/features/length/mean/bert/tables/iso_bert_length.csv,bert/tables_LENGTH/length_bootstrap/length_raw_iso_bert-base-uncased.csv
bert,BERT: MEAN vs FIRST,length,IsoScore,iso,iso,6,6,3,0.2562006115913391,0.0597431100904941,109.0,114.0,plots_extra/metrics/features/length/mean/bert/tables/iso_bert_length.csv,bert/tables_LENGTH/length_bootstrap/length_raw_iso_bert-base-uncased.csv
bert,BERT: MEAN vs FIRST,length,IsoScore,iso,iso,6,6,4,0.2604838907718658,0.0587213076651096,115.0,113.0,plots_extra/metrics/features/length/mean/bert/tables/iso_bert_length.csv,bert/tables_LENGTH/length_bootstrap/length_raw_iso_bert-base-uncased.csv
bert,BERT: MEAN vs FIRST,length,IsoScore,iso,iso,6,6,5,0.2633257508277893,0.0558088049292564,119.0,109.0,plots_extra/metrics/features/length/mean/bert/tables/iso_bert_length.csv,bert/tables_LENGTH/length_bootstrap/length_raw_iso_bert-base-uncased.csv
bert,BERT: MEAN vs FIRST,length,IsoScore,iso,iso,6,6,6,0.2623136639595032,0.0537360869348049,117.0,106.0,plots_extra/metrics/features/length/mean/bert/tables/iso_bert_length.csv,bert/tables_LENGTH/length_bootstrap/length_raw_iso_bert-base-uncased.csv
bert,BERT: MEAN vs FIRST,length,IsoScore,iso,iso,6,6,7,0.2661241292953491,0.0511878058314323,120.0,102.0,plots_extra/metrics/features/length/mean/bert/tables/iso_bert_length.csv,bert/tables_LENGTH/length_bootstrap/length_raw_iso_bert-base-uncased.csv
bert,BERT: MEAN vs FIRST,length,IsoScore,iso,iso,6,6,8,0.2525413036346435,0.0458106100559234,107.0,87.0,plots_extra/metrics/features/length/mean/bert/tables/iso_bert_length.csv,bert/tables_LENGTH/length_bootstrap/length_raw_iso_bert-base-uncased.csv
bert,BERT: MEAN vs FIRST,length,IsoScore,iso,iso,6,6,9,0.2462827861309051,0.0420279167592525,99.0,74.0,plots_extra/metrics/features/length/mean/bert/tables/iso_bert_length.csv,bert/tables_LENGTH/length_bootstrap/length_raw_iso_bert-base-uncased.csv
bert,BERT: MEAN vs FIRST,length,IsoScore,iso,iso,6,6,10,0.2272802144289016,0.0395511873066425,83.0,66.0,plots_extra/metrics/features/length/mean/bert/tables/iso_bert_length.csv,bert/tables_LENGTH/length_bootstrap/length_raw_iso_bert-base-uncased.csv
bert,BERT: MEAN vs FIRST,length,IsoScore,iso,iso,6,6,11,0.2118613272905349,0.0340267345309257,69.0,48.0,plots_extra/metrics/features/length/mean/bert/tables/iso_bert_length.csv,bert/tables_LENGTH/length_bootstrap/length_raw_iso_bert-base-uncased.csv
bert,BERT: MEAN vs FIRST,length,IsoScore,iso,iso,6,6,12,0.2052854597568512,0.0344349183142185,59.0,52.0,plots_extra/metrics/features/length/mean/bert/tables/iso_bert_length.csv,bert/tables_LENGTH/length_bootstrap/length_raw_iso_bert-base-uncased.csv
bert,BERT: MEAN vs FIRST,length,IsoScore,iso,iso,7,7,0,0.2754948437213897,0.0718191862106323,128.0,127.0,plots_extra/metrics/features/length/mean/bert/tables/iso_bert_length.csv,bert/tables_LENGTH/length_bootstrap/length_raw_iso_bert-base-uncased.csv
bert,BERT: MEAN vs FIRST,length,IsoScore,iso,iso,7,7,1,0.2763839960098266,0.0708218365907669,129.0,126.0,plots_extra/metrics/features/length/mean/bert/tables/iso_bert_length.csv,bert/tables_LENGTH/length_bootstrap/length_raw_iso_bert-base-uncased.csv
bert,BERT: MEAN vs FIRST,length,IsoScore,iso,iso,7,7,2,0.2776420712471008,0.0725825428962707,130.0,128.0,plots_extra/metrics/features/length/mean/bert/tables/iso_bert_length.csv,bert/tables_LENGTH/length_bootstrap/length_raw_iso_bert-base-uncased.csv
bert,BERT: MEAN vs FIRST,length,IsoScore,iso,iso,7,7,3,0.2746680378913879,0.0677920654416084,127.0,125.0,plots_extra/metrics/features/length/mean/bert/tables/iso_bert_length.csv,bert/tables_LENGTH/length_bootstrap/length_raw_iso_bert-base-uncased.csv
bert,BERT: MEAN vs FIRST,length,IsoScore,iso,iso,7,7,4,0.269963264465332,0.0597559101879596,125.0,115.0,plots_extra/metrics/features/length/mean/bert/tables/iso_bert_length.csv,bert/tables_LENGTH/length_bootstrap/length_raw_iso_bert-base-uncased.csv
bert,BERT: MEAN vs FIRST,length,IsoScore,iso,iso,7,7,5,0.2707046866416931,0.055080845952034,126.0,107.0,plots_extra/metrics/features/length/mean/bert/tables/iso_bert_length.csv,bert/tables_LENGTH/length_bootstrap/length_raw_iso_bert-base-uncased.csv
bert,BERT: MEAN vs FIRST,length,IsoScore,iso,iso,7,7,6,0.2681702077388763,0.0519725307822227,124.0,103.0,plots_extra/metrics/features/length/mean/bert/tables/iso_bert_length.csv,bert/tables_LENGTH/length_bootstrap/length_raw_iso_bert-base-uncased.csv
bert,BERT: MEAN vs FIRST,length,IsoScore,iso,iso,7,7,7,0.2681045532226562,0.0471379980444908,123.0,92.0,plots_extra/metrics/features/length/mean/bert/tables/iso_bert_length.csv,bert/tables_LENGTH/length_bootstrap/length_raw_iso_bert-base-uncased.csv
bert,BERT: MEAN vs FIRST,length,IsoScore,iso,iso,7,7,8,0.2531210780143738,0.0414504706859588,108.0,73.0,plots_extra/metrics/features/length/mean/bert/tables/iso_bert_length.csv,bert/tables_LENGTH/length_bootstrap/length_raw_iso_bert-base-uncased.csv
bert,BERT: MEAN vs FIRST,length,IsoScore,iso,iso,7,7,9,0.2468112260103225,0.0374643914401531,101.0,61.0,plots_extra/metrics/features/length/mean/bert/tables/iso_bert_length.csv,bert/tables_LENGTH/length_bootstrap/length_raw_iso_bert-base-uncased.csv
bert,BERT: MEAN vs FIRST,length,IsoScore,iso,iso,7,7,10,0.2299647033214569,0.0354703553020954,86.0,55.0,plots_extra/metrics/features/length/mean/bert/tables/iso_bert_length.csv,bert/tables_LENGTH/length_bootstrap/length_raw_iso_bert-base-uncased.csv
bert,BERT: MEAN vs FIRST,length,IsoScore,iso,iso,7,7,11,0.2194030582904815,0.0331708006560802,78.0,44.0,plots_extra/metrics/features/length/mean/bert/tables/iso_bert_length.csv,bert/tables_LENGTH/length_bootstrap/length_raw_iso_bert-base-uncased.csv
bert,BERT: MEAN vs FIRST,length,IsoScore,iso,iso,7,7,12,0.2229830473661422,0.0357771217823028,80.0,57.0,plots_extra/metrics/features/length/mean/bert/tables/iso_bert_length.csv,bert/tables_LENGTH/length_bootstrap/length_raw_iso_bert-base-uncased.csv
bert,BERT: MEAN vs FIRST,length,IsoScore,iso,iso,8,8,0,0.2632850110530853,0.0751613453030586,118.0,129.0,plots_extra/metrics/features/length/mean/bert/tables/iso_bert_length.csv,bert/tables_LENGTH/length_bootstrap/length_raw_iso_bert-base-uncased.csv
bert,BERT: MEAN vs FIRST,length,IsoScore,iso,iso,8,8,1,0.2602835297584533,0.0657620206475257,114.0,122.0,plots_extra/metrics/features/length/mean/bert/tables/iso_bert_length.csv,bert/tables_LENGTH/length_bootstrap/length_raw_iso_bert-base-uncased.csv
bert,BERT: MEAN vs FIRST,length,IsoScore,iso,iso,8,8,2,0.2565702795982361,0.0640135556459426,111.0,121.0,plots_extra/metrics/features/length/mean/bert/tables/iso_bert_length.csv,bert/tables_LENGTH/length_bootstrap/length_raw_iso_bert-base-uncased.csv
bert,BERT: MEAN vs FIRST,length,IsoScore,iso,iso,8,8,3,0.2520231008529663,0.0624055974185466,105.0,119.0,plots_extra/metrics/features/length/mean/bert/tables/iso_bert_length.csv,bert/tables_LENGTH/length_bootstrap/length_raw_iso_bert-base-uncased.csv
bert,BERT: MEAN vs FIRST,length,IsoScore,iso,iso,8,8,4,0.248562216758728,0.0578573606908321,103.0,111.0,plots_extra/metrics/features/length/mean/bert/tables/iso_bert_length.csv,bert/tables_LENGTH/length_bootstrap/length_raw_iso_bert-base-uncased.csv
bert,BERT: MEAN vs FIRST,length,IsoScore,iso,iso,8,8,5,0.2467467784881591,0.0555553957819938,100.0,108.0,plots_extra/metrics/features/length/mean/bert/tables/iso_bert_length.csv,bert/tables_LENGTH/length_bootstrap/length_raw_iso_bert-base-uncased.csv
bert,BERT: MEAN vs FIRST,length,IsoScore,iso,iso,8,8,6,0.2436194866895675,0.052373319864273,92.0,104.0,plots_extra/metrics/features/length/mean/bert/tables/iso_bert_length.csv,bert/tables_LENGTH/length_bootstrap/length_raw_iso_bert-base-uncased.csv
bert,BERT: MEAN vs FIRST,length,IsoScore,iso,iso,8,8,7,0.2438820153474807,0.047382541000843,93.0,93.0,plots_extra/metrics/features/length/mean/bert/tables/iso_bert_length.csv,bert/tables_LENGTH/length_bootstrap/length_raw_iso_bert-base-uncased.csv
bert,BERT: MEAN vs FIRST,length,IsoScore,iso,iso,8,8,8,0.2328178435564041,0.0410780683159828,89.0,72.0,plots_extra/metrics/features/length/mean/bert/tables/iso_bert_length.csv,bert/tables_LENGTH/length_bootstrap/length_raw_iso_bert-base-uncased.csv
bert,BERT: MEAN vs FIRST,length,IsoScore,iso,iso,8,8,9,0.226832777261734,0.0367602221667766,82.0,60.0,plots_extra/metrics/features/length/mean/bert/tables/iso_bert_length.csv,bert/tables_LENGTH/length_bootstrap/length_raw_iso_bert-base-uncased.csv
bert,BERT: MEAN vs FIRST,length,IsoScore,iso,iso,8,8,10,0.2114380598068237,0.0343849472701549,68.0,51.0,plots_extra/metrics/features/length/mean/bert/tables/iso_bert_length.csv,bert/tables_LENGTH/length_bootstrap/length_raw_iso_bert-base-uncased.csv
bert,BERT: MEAN vs FIRST,length,IsoScore,iso,iso,8,8,11,0.2012439221143722,0.0317960903048515,56.0,43.0,plots_extra/metrics/features/length/mean/bert/tables/iso_bert_length.csv,bert/tables_LENGTH/length_bootstrap/length_raw_iso_bert-base-uncased.csv
bert,BERT: MEAN vs FIRST,length,IsoScore,iso,iso,8,8,12,0.2077547758817672,0.0358100272715091,62.0,58.0,plots_extra/metrics/features/length/mean/bert/tables/iso_bert_length.csv,bert/tables_LENGTH/length_bootstrap/length_raw_iso_bert-base-uncased.csv
bert,BERT: MEAN vs FIRST,length,IsoScore,iso,iso,9,9,0,0.2190654575824737,0.0660833269357681,77.0,123.0,plots_extra/metrics/features/length/mean/bert/tables/iso_bert_length.csv,bert/tables_LENGTH/length_bootstrap/length_raw_iso_bert-base-uncased.csv
bert,BERT: MEAN vs FIRST,length,IsoScore,iso,iso,9,9,1,0.2168572843074798,0.0613394677639007,73.0,118.0,plots_extra/metrics/features/length/mean/bert/tables/iso_bert_length.csv,bert/tables_LENGTH/length_bootstrap/length_raw_iso_bert-base-uncased.csv
bert,BERT: MEAN vs FIRST,length,IsoScore,iso,iso,9,9,2,0.2130839526653289,0.0559150949120521,70.0,110.0,plots_extra/metrics/features/length/mean/bert/tables/iso_bert_length.csv,bert/tables_LENGTH/length_bootstrap/length_raw_iso_bert-base-uncased.csv
bert,BERT: MEAN vs FIRST,length,IsoScore,iso,iso,9,9,3,0.2088790237903595,0.0528524033725261,64.0,105.0,plots_extra/metrics/features/length/mean/bert/tables/iso_bert_length.csv,bert/tables_LENGTH/length_bootstrap/length_raw_iso_bert-base-uncased.csv
bert,BERT: MEAN vs FIRST,length,IsoScore,iso,iso,9,9,4,0.2074926644563675,0.0509177260100841,61.0,101.0,plots_extra/metrics/features/length/mean/bert/tables/iso_bert_length.csv,bert/tables_LENGTH/length_bootstrap/length_raw_iso_bert-base-uncased.csv
bert,BERT: MEAN vs FIRST,length,IsoScore,iso,iso,9,9,5,0.2085697948932647,0.0487154833972454,63.0,98.0,plots_extra/metrics/features/length/mean/bert/tables/iso_bert_length.csv,bert/tables_LENGTH/length_bootstrap/length_raw_iso_bert-base-uncased.csv
bert,BERT: MEAN vs FIRST,length,IsoScore,iso,iso,9,9,6,0.2073488235473632,0.0460713356733322,60.0,89.0,plots_extra/metrics/features/length/mean/bert/tables/iso_bert_length.csv,bert/tables_LENGTH/length_bootstrap/length_raw_iso_bert-base-uncased.csv
bert,BERT: MEAN vs FIRST,length,IsoScore,iso,iso,9,9,7,0.2098636329174041,0.0429465733468532,65.0,79.0,plots_extra/metrics/features/length/mean/bert/tables/iso_bert_length.csv,bert/tables_LENGTH/length_bootstrap/length_raw_iso_bert-base-uncased.csv
bert,BERT: MEAN vs FIRST,length,IsoScore,iso,iso,9,9,8,0.2020312994718551,0.0386036597192287,58.0,64.0,plots_extra/metrics/features/length/mean/bert/tables/iso_bert_length.csv,bert/tables_LENGTH/length_bootstrap/length_raw_iso_bert-base-uncased.csv
bert,BERT: MEAN vs FIRST,length,IsoScore,iso,iso,9,9,9,0.1994535624980926,0.0356359109282493,55.0,56.0,plots_extra/metrics/features/length/mean/bert/tables/iso_bert_length.csv,bert/tables_LENGTH/length_bootstrap/length_raw_iso_bert-base-uncased.csv
bert,BERT: MEAN vs FIRST,length,IsoScore,iso,iso,9,9,10,0.1880781650543213,0.0332272909581661,50.0,45.0,plots_extra/metrics/features/length/mean/bert/tables/iso_bert_length.csv,bert/tables_LENGTH/length_bootstrap/length_raw_iso_bert-base-uncased.csv
bert,BERT: MEAN vs FIRST,length,IsoScore,iso,iso,9,9,11,0.1806531548500061,0.0314278490841388,46.0,40.0,plots_extra/metrics/features/length/mean/bert/tables/iso_bert_length.csv,bert/tables_LENGTH/length_bootstrap/length_raw_iso_bert-base-uncased.csv
bert,BERT: MEAN vs FIRST,length,IsoScore,iso,iso,9,9,12,0.1835559606552124,0.0341149605810642,47.0,49.0,plots_extra/metrics/features/length/mean/bert/tables/iso_bert_length.csv,bert/tables_LENGTH/length_bootstrap/length_raw_iso_bert-base-uncased.csv
bert,BERT: MEAN vs FIRST,length,LID,lpca99,lpca99,1,1,0,53.375,56.09999847412109,1.0,1.0,plots_extra/metrics/features/length/mean/bert/tables/lpca99_bert_length.csv,bert/tables_LENGTH/length_bootstrap/length_raw_lpca99_bert-base-uncased.csv
bert,BERT: MEAN vs FIRST,length,LID,lpca99,lpca99,1,1,1,259.875,274.3500061035156,4.0,4.0,plots_extra/metrics/features/length/mean/bert/tables/lpca99_bert_length.csv,bert/tables_LENGTH/length_bootstrap/length_raw_lpca99_bert-base-uncased.csv
bert,BERT: MEAN vs FIRST,length,LID,lpca99,lpca99,1,1,2,389.125,413.1499938964844,6.0,6.0,plots_extra/metrics/features/length/mean/bert/tables/lpca99_bert_length.csv,bert/tables_LENGTH/length_bootstrap/length_raw_lpca99_bert-base-uncased.csv
bert,BERT: MEAN vs FIRST,length,LID,lpca99,lpca99,1,1,3,451.25,477.25,10.0,10.0,plots_extra/metrics/features/length/mean/bert/tables/lpca99_bert_length.csv,bert/tables_LENGTH/length_bootstrap/length_raw_lpca99_bert-base-uncased.csv
bert,BERT: MEAN vs FIRST,length,LID,lpca99,lpca99,1,1,4,505.625,531.1500244140625,12.0,12.0,plots_extra/metrics/features/length/mean/bert/tables/lpca99_bert_length.csv,bert/tables_LENGTH/length_bootstrap/length_raw_lpca99_bert-base-uncased.csv
bert,BERT: MEAN vs FIRST,length,LID,lpca99,lpca99,1,1,5,551.0,575.7000122070312,18.0,16.0,plots_extra/metrics/features/length/mean/bert/tables/lpca99_bert_length.csv,bert/tables_LENGTH/length_bootstrap/length_raw_lpca99_bert-base-uncased.csv
bert,BERT: MEAN vs FIRST,length,LID,lpca99,lpca99,1,1,6,582.75,606.2999877929688,24.0,21.0,plots_extra/metrics/features/length/mean/bert/tables/lpca99_bert_length.csv,bert/tables_LENGTH/length_bootstrap/length_raw_lpca99_bert-base-uncased.csv
bert,BERT: MEAN vs FIRST,length,LID,lpca99,lpca99,1,1,7,605.625,628.3499755859375,33.0,30.0,plots_extra/metrics/features/length/mean/bert/tables/lpca99_bert_length.csv,bert/tables_LENGTH/length_bootstrap/length_raw_lpca99_bert-base-uncased.csv
bert,BERT: MEAN vs FIRST,length,LID,lpca99,lpca99,1,1,8,608.25,632.0499877929688,34.0,33.0,plots_extra/metrics/features/length/mean/bert/tables/lpca99_bert_length.csv,bert/tables_LENGTH/length_bootstrap/length_raw_lpca99_bert-base-uncased.csv
bert,BERT: MEAN vs FIRST,length,LID,lpca99,lpca99,1,1,9,609.5,634.9500122070312,36.0,37.0,plots_extra/metrics/features/length/mean/bert/tables/lpca99_bert_length.csv,bert/tables_LENGTH/length_bootstrap/length_raw_lpca99_bert-base-uncased.csv
bert,BERT: MEAN vs FIRST,length,LID,lpca99,lpca99,1,1,10,595.5,629.0,29.0,31.0,plots_extra/metrics/features/length/mean/bert/tables/lpca99_bert_length.csv,bert/tables_LENGTH/length_bootstrap/length_raw_lpca99_bert-base-uncased.csv
bert,BERT: MEAN vs FIRST,length,LID,lpca99,lpca99,1,1,11,597.375,632.3499755859375,30.0,34.0,plots_extra/metrics/features/length/mean/bert/tables/lpca99_bert_length.csv,bert/tables_LENGTH/length_bootstrap/length_raw_lpca99_bert-base-uncased.csv
bert,BERT: MEAN vs FIRST,length,LID,lpca99,lpca99,1,1,12,593.125,620.2999877929688,28.0,27.0,plots_extra/metrics/features/length/mean/bert/tables/lpca99_bert_length.csv,bert/tables_LENGTH/length_bootstrap/length_raw_lpca99_bert-base-uncased.csv
bert,BERT: MEAN vs FIRST,length,LID,lpca99,lpca99,10,10,0,600.625,629.6500244140625,31.0,32.0,plots_extra/metrics/features/length/mean/bert/tables/lpca99_bert_length.csv,bert/tables_LENGTH/length_bootstrap/length_raw_lpca99_bert-base-uncased.csv
bert,BERT: MEAN vs FIRST,length,LID,lpca99,lpca99,10,10,1,627.625,652.0499877929688,45.0,46.5,plots_extra/metrics/features/length/mean/bert/tables/lpca99_bert_length.csv,bert/tables_LENGTH/length_bootstrap/length_raw_lpca99_bert-base-uncased.csv
bert,BERT: MEAN vs FIRST,length,LID,lpca99,lpca99,10,10,2,633.25,654.8499755859375,51.0,52.0,plots_extra/metrics/features/length/mean/bert/tables/lpca99_bert_length.csv,bert/tables_LENGTH/length_bootstrap/length_raw_lpca99_bert-base-uncased.csv
bert,BERT: MEAN vs FIRST,length,LID,lpca99,lpca99,10,10,3,636.0,657.6500244140625,54.0,55.5,plots_extra/metrics/features/length/mean/bert/tables/lpca99_bert_length.csv,bert/tables_LENGTH/length_bootstrap/length_raw_lpca99_bert-base-uncased.csv
bert,BERT: MEAN vs FIRST,length,LID,lpca99,lpca99,10,10,4,640.375,662.0,57.0,59.0,plots_extra/metrics/features/length/mean/bert/tables/lpca99_bert_length.csv,bert/tables_LENGTH/length_bootstrap/length_raw_lpca99_bert-base-uncased.csv
bert,BERT: MEAN vs FIRST,length,LID,lpca99,lpca99,10,10,5,641.375,662.9000244140625,58.0,60.0,plots_extra/metrics/features/length/mean/bert/tables/lpca99_bert_length.csv,bert/tables_LENGTH/length_bootstrap/length_raw_lpca99_bert-base-uncased.csv
bert,BERT: MEAN vs FIRST,length,LID,lpca99,lpca99,10,10,6,644.5,664.7999877929688,63.0,64.0,plots_extra/metrics/features/length/mean/bert/tables/lpca99_bert_length.csv,bert/tables_LENGTH/length_bootstrap/length_raw_lpca99_bert-base-uncased.csv
bert,BERT: MEAN vs FIRST,length,LID,lpca99,lpca99,10,10,7,647.125,666.5,67.5,66.0,plots_extra/metrics/features/length/mean/bert/tables/lpca99_bert_length.csv,bert/tables_LENGTH/length_bootstrap/length_raw_lpca99_bert-base-uncased.csv
bert,BERT: MEAN vs FIRST,length,LID,lpca99,lpca99,10,10,8,649.25,668.9500122070312,69.5,73.0,plots_extra/metrics/features/length/mean/bert/tables/lpca99_bert_length.csv,bert/tables_LENGTH/length_bootstrap/length_raw_lpca99_bert-base-uncased.csv
bert,BERT: MEAN vs FIRST,length,LID,lpca99,lpca99,10,10,9,653.75,672.7000122070312,80.0,81.0,plots_extra/metrics/features/length/mean/bert/tables/lpca99_bert_length.csv,bert/tables_LENGTH/length_bootstrap/length_raw_lpca99_bert-base-uncased.csv
bert,BERT: MEAN vs FIRST,length,LID,lpca99,lpca99,10,10,10,652.125,671.5499877929688,77.0,79.0,plots_extra/metrics/features/length/mean/bert/tables/lpca99_bert_length.csv,bert/tables_LENGTH/length_bootstrap/length_raw_lpca99_bert-base-uncased.csv
bert,BERT: MEAN vs FIRST,length,LID,lpca99,lpca99,10,10,11,654.0,673.5499877929688,81.0,82.0,plots_extra/metrics/features/length/mean/bert/tables/lpca99_bert_length.csv,bert/tables_LENGTH/length_bootstrap/length_raw_lpca99_bert-base-uncased.csv
bert,BERT: MEAN vs FIRST,length,LID,lpca99,lpca99,10,10,12,654.875,673.8499755859375,82.0,83.0,plots_extra/metrics/features/length/mean/bert/tables/lpca99_bert_length.csv,bert/tables_LENGTH/length_bootstrap/length_raw_lpca99_bert-base-uncased.csv
bert,BERT: MEAN vs FIRST,length,LID,lpca99,lpca99,2,2,0,91.5,106.8499984741211,2.0,2.0,plots_extra/metrics/features/length/mean/bert/tables/lpca99_bert_length.csv,bert/tables_LENGTH/length_bootstrap/length_raw_lpca99_bert-base-uncased.csv
bert,BERT: MEAN vs FIRST,length,LID,lpca99,lpca99,2,2,1,320.125,344.04998779296875,5.0,5.0,plots_extra/metrics/features/length/mean/bert/tables/lpca99_bert_length.csv,bert/tables_LENGTH/length_bootstrap/length_raw_lpca99_bert-base-uncased.csv
bert,BERT: MEAN vs FIRST,length,LID,lpca99,lpca99,2,2,2,438.125,465.2999877929688,9.0,9.0,plots_extra/metrics/features/length/mean/bert/tables/lpca99_bert_length.csv,bert/tables_LENGTH/length_bootstrap/length_raw_lpca99_bert-base-uncased.csv
bert,BERT: MEAN vs FIRST,length,LID,lpca99,lpca99,2,2,3,506.25,532.25,13.0,13.0,plots_extra/metrics/features/length/mean/bert/tables/lpca99_bert_length.csv,bert/tables_LENGTH/length_bootstrap/length_raw_lpca99_bert-base-uncased.csv
bert,BERT: MEAN vs FIRST,length,LID,lpca99,lpca99,2,2,4,557.625,581.4000244140625,19.0,19.0,plots_extra/metrics/features/length/mean/bert/tables/lpca99_bert_length.csv,bert/tables_LENGTH/length_bootstrap/length_raw_lpca99_bert-base-uncased.csv
bert,BERT: MEAN vs FIRST,length,LID,lpca99,lpca99,2,2,5,601.375,622.25,32.0,29.0,plots_extra/metrics/features/length/mean/bert/tables/lpca99_bert_length.csv,bert/tables_LENGTH/length_bootstrap/length_raw_lpca99_bert-base-uncased.csv
bert,BERT: MEAN vs FIRST,length,LID,lpca99,lpca99,2,2,6,632.25,650.9500122070312,50.0,45.0,plots_extra/metrics/features/length/mean/bert/tables/lpca99_bert_length.csv,bert/tables_LENGTH/length_bootstrap/length_raw_lpca99_bert-base-uncased.csv
bert,BERT: MEAN vs FIRST,length,LID,lpca99,lpca99,2,2,7,651.0,668.0499877929688,72.0,71.0,plots_extra/metrics/features/length/mean/bert/tables/lpca99_bert_length.csv,bert/tables_LENGTH/length_bootstrap/length_raw_lpca99_bert-base-uncased.csv
bert,BERT: MEAN vs FIRST,length,LID,lpca99,lpca99,2,2,8,657.25,674.0499877929688,86.0,85.0,plots_extra/metrics/features/length/mean/bert/tables/lpca99_bert_length.csv,bert/tables_LENGTH/length_bootstrap/length_raw_lpca99_bert-base-uncased.csv
bert,BERT: MEAN vs FIRST,length,LID,lpca99,lpca99,2,2,9,661.75,678.4500122070312,91.5,90.0,plots_extra/metrics/features/length/mean/bert/tables/lpca99_bert_length.csv,bert/tables_LENGTH/length_bootstrap/length_raw_lpca99_bert-base-uncased.csv
bert,BERT: MEAN vs FIRST,length,LID,lpca99,lpca99,2,2,10,664.875,680.7000122070312,96.0,96.0,plots_extra/metrics/features/length/mean/bert/tables/lpca99_bert_length.csv,bert/tables_LENGTH/length_bootstrap/length_raw_lpca99_bert-base-uncased.csv
bert,BERT: MEAN vs FIRST,length,LID,lpca99,lpca99,2,2,11,670.25,686.0999755859375,108.0,107.5,plots_extra/metrics/features/length/mean/bert/tables/lpca99_bert_length.csv,bert/tables_LENGTH/length_bootstrap/length_raw_lpca99_bert-base-uncased.csv
bert,BERT: MEAN vs FIRST,length,LID,lpca99,lpca99,2,2,12,666.625,682.6500244140625,101.0,101.0,plots_extra/metrics/features/length/mean/bert/tables/lpca99_bert_length.csv,bert/tables_LENGTH/length_bootstrap/length_raw_lpca99_bert-base-uncased.csv
bert,BERT: MEAN vs FIRST,length,LID,lpca99,lpca99,3,3,0,201.5,247.0,3.0,3.0,plots_extra/metrics/features/length/mean/bert/tables/lpca99_bert_length.csv,bert/tables_LENGTH/length_bootstrap/length_raw_lpca99_bert-base-uncased.csv
bert,BERT: MEAN vs FIRST,length,LID,lpca99,lpca99,3,3,1,391.625,434.3500061035156,7.0,7.0,plots_extra/metrics/features/length/mean/bert/tables/lpca99_bert_length.csv,bert/tables_LENGTH/length_bootstrap/length_raw_lpca99_bert-base-uncased.csv
bert,BERT: MEAN vs FIRST,length,LID,lpca99,lpca99,3,3,2,490.375,529.25,11.0,11.0,plots_extra/metrics/features/length/mean/bert/tables/lpca99_bert_length.csv,bert/tables_LENGTH/length_bootstrap/length_raw_lpca99_bert-base-uncased.csv
bert,BERT: MEAN vs FIRST,length,LID,lpca99,lpca99,3,3,3,546.5,580.0,17.0,18.0,plots_extra/metrics/features/length/mean/bert/tables/lpca99_bert_length.csv,bert/tables_LENGTH/length_bootstrap/length_raw_lpca99_bert-base-uncased.csv
bert,BERT: MEAN vs FIRST,length,LID,lpca99,lpca99,3,3,4,589.5,617.7000122070312,26.0,26.0,plots_extra/metrics/features/length/mean/bert/tables/lpca99_bert_length.csv,bert/tables_LENGTH/length_bootstrap/length_raw_lpca99_bert-base-uncased.csv
bert,BERT: MEAN vs FIRST,length,LID,lpca99,lpca99,3,3,5,622.0,645.75,42.0,42.0,plots_extra/metrics/features/length/mean/bert/tables/lpca99_bert_length.csv,bert/tables_LENGTH/length_bootstrap/length_raw_lpca99_bert-base-uncased.csv
bert,BERT: MEAN vs FIRST,length,LID,lpca99,lpca99,3,3,6,646.0,666.75,65.0,68.0,plots_extra/metrics/features/length/mean/bert/tables/lpca99_bert_length.csv,bert/tables_LENGTH/length_bootstrap/length_raw_lpca99_bert-base-uncased.csv
bert,BERT: MEAN vs FIRST,length,LID,lpca99,lpca99,3,3,7,661.25,680.0,90.0,95.0,plots_extra/metrics/features/length/mean/bert/tables/lpca99_bert_length.csv,bert/tables_LENGTH/length_bootstrap/length_raw_lpca99_bert-base-uncased.csv
bert,BERT: MEAN vs FIRST,length,LID,lpca99,lpca99,3,3,8,665.875,683.75,99.0,102.0,plots_extra/metrics/features/length/mean/bert/tables/lpca99_bert_length.csv,bert/tables_LENGTH/length_bootstrap/length_raw_lpca99_bert-base-uncased.csv
bert,BERT: MEAN vs FIRST,length,LID,lpca99,lpca99,3,3,9,668.5,686.0999755859375,103.0,107.5,plots_extra/metrics/features/length/mean/bert/tables/lpca99_bert_length.csv,bert/tables_LENGTH/length_bootstrap/length_raw_lpca99_bert-base-uncased.csv
bert,BERT: MEAN vs FIRST,length,LID,lpca99,lpca99,3,3,10,669.125,686.1500244140625,106.0,109.0,plots_extra/metrics/features/length/mean/bert/tables/lpca99_bert_length.csv,bert/tables_LENGTH/length_bootstrap/length_raw_lpca99_bert-base-uncased.csv
bert,BERT: MEAN vs FIRST,length,LID,lpca99,lpca99,3,3,11,673.25,690.0999755859375,116.0,121.0,plots_extra/metrics/features/length/mean/bert/tables/lpca99_bert_length.csv,bert/tables_LENGTH/length_bootstrap/length_raw_lpca99_bert-base-uncased.csv
bert,BERT: MEAN vs FIRST,length,LID,lpca99,lpca99,3,3,12,669.0,685.7999877929688,105.0,105.0,plots_extra/metrics/features/length/mean/bert/tables/lpca99_bert_length.csv,bert/tables_LENGTH/length_bootstrap/length_raw_lpca99_bert-base-uncased.csv
bert,BERT: MEAN vs FIRST,length,LID,lpca99,lpca99,4,4,0,406.375,451.5499877929688,8.0,8.0,plots_extra/metrics/features/length/mean/bert/tables/lpca99_bert_length.csv,bert/tables_LENGTH/length_bootstrap/length_raw_lpca99_bert-base-uncased.csv
bert,BERT: MEAN vs FIRST,length,LID,lpca99,lpca99,4,4,1,526.375,560.5,15.0,15.0,plots_extra/metrics/features/length/mean/bert/tables/lpca99_bert_length.csv,bert/tables_LENGTH/length_bootstrap/length_raw_lpca99_bert-base-uncased.csv
bert,BERT: MEAN vs FIRST,length,LID,lpca99,lpca99,4,4,2,580.625,608.4000244140625,22.0,22.0,plots_extra/metrics/features/length/mean/bert/tables/lpca99_bert_length.csv,bert/tables_LENGTH/length_bootstrap/length_raw_lpca99_bert-base-uncased.csv
bert,BERT: MEAN vs FIRST,length,LID,lpca99,lpca99,4,4,3,609.875,633.1500244140625,37.0,35.0,plots_extra/metrics/features/length/mean/bert/tables/lpca99_bert_length.csv,bert/tables_LENGTH/length_bootstrap/length_raw_lpca99_bert-base-uncased.csv
bert,BERT: MEAN vs FIRST,length,LID,lpca99,lpca99,4,4,4,634.125,654.5999755859375,52.0,51.0,plots_extra/metrics/features/length/mean/bert/tables/lpca99_bert_length.csv,bert/tables_LENGTH/length_bootstrap/length_raw_lpca99_bert-base-uncased.csv
bert,BERT: MEAN vs FIRST,length,LID,lpca99,lpca99,4,4,5,651.375,669.25,73.0,74.0,plots_extra/metrics/features/length/mean/bert/tables/lpca99_bert_length.csv,bert/tables_LENGTH/length_bootstrap/length_raw_lpca99_bert-base-uncased.csv
bert,BERT: MEAN vs FIRST,length,LID,lpca99,lpca99,4,4,6,665.75,681.9000244140625,98.0,98.0,plots_extra/metrics/features/length/mean/bert/tables/lpca99_bert_length.csv,bert/tables_LENGTH/length_bootstrap/length_raw_lpca99_bert-base-uncased.csv
bert,BERT: MEAN vs FIRST,length,LID,lpca99,lpca99,4,4,7,674.0,689.1500244140625,118.0,117.0,plots_extra/metrics/features/length/mean/bert/tables/lpca99_bert_length.csv,bert/tables_LENGTH/length_bootstrap/length_raw_lpca99_bert-base-uncased.csv
bert,BERT: MEAN vs FIRST,length,LID,lpca99,lpca99,4,4,8,677.25,692.2999877929688,125.0,125.0,plots_extra/metrics/features/length/mean/bert/tables/lpca99_bert_length.csv,bert/tables_LENGTH/length_bootstrap/length_raw_lpca99_bert-base-uncased.csv
bert,BERT: MEAN vs FIRST,length,LID,lpca99,lpca99,4,4,9,679.75,694.6500244140625,130.0,130.0,plots_extra/metrics/features/length/mean/bert/tables/lpca99_bert_length.csv,bert/tables_LENGTH/length_bootstrap/length_raw_lpca99_bert-base-uncased.csv
bert,BERT: MEAN vs FIRST,length,LID,lpca99,lpca99,4,4,10,678.375,693.0999755859375,127.0,128.0,plots_extra/metrics/features/length/mean/bert/tables/lpca99_bert_length.csv,bert/tables_LENGTH/length_bootstrap/length_raw_lpca99_bert-base-uncased.csv
bert,BERT: MEAN vs FIRST,length,LID,lpca99,lpca99,4,4,11,679.125,694.2999877929688,129.0,129.0,plots_extra/metrics/features/length/mean/bert/tables/lpca99_bert_length.csv,bert/tables_LENGTH/length_bootstrap/length_raw_lpca99_bert-base-uncased.csv
bert,BERT: MEAN vs FIRST,length,LID,lpca99,lpca99,4,4,12,676.0,691.3499755859375,123.0,123.0,plots_extra/metrics/features/length/mean/bert/tables/lpca99_bert_length.csv,bert/tables_LENGTH/length_bootstrap/length_raw_lpca99_bert-base-uncased.csv
bert,BERT: MEAN vs FIRST,length,LID,lpca99,lpca99,5,5,0,511.25,555.4500122070312,14.0,14.0,plots_extra/metrics/features/length/mean/bert/tables/lpca99_bert_length.csv,bert/tables_LENGTH/length_bootstrap/length_raw_lpca99_bert-base-uncased.csv
bert,BERT: MEAN vs FIRST,length,LID,lpca99,lpca99,5,5,1,585.25,616.0,25.0,24.0,plots_extra/metrics/features/length/mean/bert/tables/lpca99_bert_length.csv,bert/tables_LENGTH/length_bootstrap/length_raw_lpca99_bert-base-uncased.csv
bert,BERT: MEAN vs FIRST,length,LID,lpca99,lpca99,5,5,2,615.5,639.9000244140625,39.0,38.0,plots_extra/metrics/features/length/mean/bert/tables/lpca99_bert_length.csv,bert/tables_LENGTH/length_bootstrap/length_raw_lpca99_bert-base-uncased.csv
bert,BERT: MEAN vs FIRST,length,LID,lpca99,lpca99,5,5,3,631.625,652.5999755859375,48.0,49.0,plots_extra/metrics/features/length/mean/bert/tables/lpca99_bert_length.csv,bert/tables_LENGTH/length_bootstrap/length_raw_lpca99_bert-base-uncased.csv
bert,BERT: MEAN vs FIRST,length,LID,lpca99,lpca99,5,5,4,646.875,665.5999755859375,66.0,65.0,plots_extra/metrics/features/length/mean/bert/tables/lpca99_bert_length.csv,bert/tables_LENGTH/length_bootstrap/length_raw_lpca99_bert-base-uncased.csv
bert,BERT: MEAN vs FIRST,length,LID,lpca99,lpca99,5,5,5,656.25,673.9000244140625,84.0,84.0,plots_extra/metrics/features/length/mean/bert/tables/lpca99_bert_length.csv,bert/tables_LENGTH/length_bootstrap/length_raw_lpca99_bert-base-uncased.csv
bert,BERT: MEAN vs FIRST,length,LID,lpca99,lpca99,5,5,6,666.25,682.0999755859375,100.0,99.0,plots_extra/metrics/features/length/mean/bert/tables/lpca99_bert_length.csv,bert/tables_LENGTH/length_bootstrap/length_raw_lpca99_bert-base-uncased.csv
bert,BERT: MEAN vs FIRST,length,LID,lpca99,lpca99,5,5,7,672.75,687.75,115.0,113.0,plots_extra/metrics/features/length/mean/bert/tables/lpca99_bert_length.csv,bert/tables_LENGTH/length_bootstrap/length_raw_lpca99_bert-base-uncased.csv
bert,BERT: MEAN vs FIRST,length,LID,lpca99,lpca99,5,5,8,675.75,690.0499877929688,122.0,120.0,plots_extra/metrics/features/length/mean/bert/tables/lpca99_bert_length.csv,bert/tables_LENGTH/length_bootstrap/length_raw_lpca99_bert-base-uncased.csv
bert,BERT: MEAN vs FIRST,length,LID,lpca99,lpca99,5,5,9,678.625,692.9000244140625,128.0,127.0,plots_extra/metrics/features/length/mean/bert/tables/lpca99_bert_length.csv,bert/tables_LENGTH/length_bootstrap/length_raw_lpca99_bert-base-uncased.csv
bert,BERT: MEAN vs FIRST,length,LID,lpca99,lpca99,5,5,10,676.875,691.7000122070312,124.0,124.0,plots_extra/metrics/features/length/mean/bert/tables/lpca99_bert_length.csv,bert/tables_LENGTH/length_bootstrap/length_raw_lpca99_bert-base-uncased.csv
bert,BERT: MEAN vs FIRST,length,LID,lpca99,lpca99,5,5,11,677.875,692.5499877929688,126.0,126.0,plots_extra/metrics/features/length/mean/bert/tables/lpca99_bert_length.csv,bert/tables_LENGTH/length_bootstrap/length_raw_lpca99_bert-base-uncased.csv
bert,BERT: MEAN vs FIRST,length,LID,lpca99,lpca99,5,5,12,675.375,690.5999755859375,121.0,122.0,plots_extra/metrics/features/length/mean/bert/tables/lpca99_bert_length.csv,bert/tables_LENGTH/length_bootstrap/length_raw_lpca99_bert-base-uncased.csv
bert,BERT: MEAN vs FIRST,length,LID,lpca99,lpca99,6,6,0,564.375,601.0,20.0,20.0,plots_extra/metrics/features/length/mean/bert/tables/lpca99_bert_length.csv,bert/tables_LENGTH/length_bootstrap/length_raw_lpca99_bert-base-uncased.csv
bert,BERT: MEAN vs FIRST,length,LID,lpca99,lpca99,6,6,1,615.375,640.6500244140625,38.0,39.0,plots_extra/metrics/features/length/mean/bert/tables/lpca99_bert_length.csv,bert/tables_LENGTH/length_bootstrap/length_raw_lpca99_bert-base-uncased.csv
bert,BERT: MEAN vs FIRST,length,LID,lpca99,lpca99,6,6,2,632.125,653.25,49.0,50.0,plots_extra/metrics/features/length/mean/bert/tables/lpca99_bert_length.csv,bert/tables_LENGTH/length_bootstrap/length_raw_lpca99_bert-base-uncased.csv
bert,BERT: MEAN vs FIRST,length,LID,lpca99,lpca99,6,6,3,641.75,660.9500122070312,59.5,58.0,plots_extra/metrics/features/length/mean/bert/tables/lpca99_bert_length.csv,bert/tables_LENGTH/length_bootstrap/length_raw_lpca99_bert-base-uncased.csv
bert,BERT: MEAN vs FIRST,length,LID,lpca99,lpca99,6,6,4,652.625,670.2999877929688,79.0,77.0,plots_extra/metrics/features/length/mean/bert/tables/lpca99_bert_length.csv,bert/tables_LENGTH/length_bootstrap/length_raw_lpca99_bert-base-uncased.csv
bert,BERT: MEAN vs FIRST,length,LID,lpca99,lpca99,6,6,5,658.5,675.25,88.0,88.0,plots_extra/metrics/features/length/mean/bert/tables/lpca99_bert_length.csv,bert/tables_LENGTH/length_bootstrap/length_raw_lpca99_bert-base-uncased.csv
bert,BERT: MEAN vs FIRST,length,LID,lpca99,lpca99,6,6,6,665.125,680.75,97.0,97.0,plots_extra/metrics/features/length/mean/bert/tables/lpca99_bert_length.csv,bert/tables_LENGTH/length_bootstrap/length_raw_lpca99_bert-base-uncased.csv
bert,BERT: MEAN vs FIRST,length,LID,lpca99,lpca99,6,6,7,668.625,683.9500122070312,104.0,103.0,plots_extra/metrics/features/length/mean/bert/tables/lpca99_bert_length.csv,bert/tables_LENGTH/length_bootstrap/length_raw_lpca99_bert-base-uncased.csv
bert,BERT: MEAN vs FIRST,length,LID,lpca99,lpca99,6,6,8,671.625,686.5999755859375,111.5,111.0,plots_extra/metrics/features/length/mean/bert/tables/lpca99_bert_length.csv,bert/tables_LENGTH/length_bootstrap/length_raw_lpca99_bert-base-uncased.csv
bert,BERT: MEAN vs FIRST,length,LID,lpca99,lpca99,6,6,9,675.0,689.9500122070312,120.0,119.0,plots_extra/metrics/features/length/mean/bert/tables/lpca99_bert_length.csv,bert/tables_LENGTH/length_bootstrap/length_raw_lpca99_bert-base-uncased.csv
bert,BERT: MEAN vs FIRST,length,LID,lpca99,lpca99,6,6,10,673.375,688.3499755859375,117.0,116.0,plots_extra/metrics/features/length/mean/bert/tables/lpca99_bert_length.csv,bert/tables_LENGTH/length_bootstrap/length_raw_lpca99_bert-base-uncased.csv
bert,BERT: MEAN vs FIRST,length,LID,lpca99,lpca99,6,6,11,674.125,689.4000244140625,119.0,118.0,plots_extra/metrics/features/length/mean/bert/tables/lpca99_bert_length.csv,bert/tables_LENGTH/length_bootstrap/length_raw_lpca99_bert-base-uncased.csv
bert,BERT: MEAN vs FIRST,length,LID,lpca99,lpca99,6,6,12,672.625,687.9500122070312,114.0,114.5,plots_extra/metrics/features/length/mean/bert/tables/lpca99_bert_length.csv,bert/tables_LENGTH/length_bootstrap/length_raw_lpca99_bert-base-uncased.csv
bert,BERT: MEAN vs FIRST,length,LID,lpca99,lpca99,7,7,0,581.0,617.0,23.0,25.0,plots_extra/metrics/features/length/mean/bert/tables/lpca99_bert_length.csv,bert/tables_LENGTH/length_bootstrap/length_raw_lpca99_bert-base-uncased.csv
bert,BERT: MEAN vs FIRST,length,LID,lpca99,lpca99,7,7,1,623.625,649.4000244140625,43.0,44.0,plots_extra/metrics/features/length/mean/bert/tables/lpca99_bert_length.csv,bert/tables_LENGTH/length_bootstrap/length_raw_lpca99_bert-base-uncased.csv
bert,BERT: MEAN vs FIRST,length,LID,lpca99,lpca99,7,7,2,636.375,657.6500244140625,55.0,55.5,plots_extra/metrics/features/length/mean/bert/tables/lpca99_bert_length.csv,bert/tables_LENGTH/length_bootstrap/length_raw_lpca99_bert-base-uncased.csv
bert,BERT: MEAN vs FIRST,length,LID,lpca99,lpca99,7,7,3,643.75,663.5999755859375,62.0,62.0,plots_extra/metrics/features/length/mean/bert/tables/lpca99_bert_length.csv,bert/tables_LENGTH/length_bootstrap/length_raw_lpca99_bert-base-uncased.csv
bert,BERT: MEAN vs FIRST,length,LID,lpca99,lpca99,7,7,4,652.5,670.7999877929688,78.0,78.0,plots_extra/metrics/features/length/mean/bert/tables/lpca99_bert_length.csv,bert/tables_LENGTH/length_bootstrap/length_raw_lpca99_bert-base-uncased.csv
bert,BERT: MEAN vs FIRST,length,LID,lpca99,lpca99,7,7,5,657.0,674.6500244140625,85.0,86.0,plots_extra/metrics/features/length/mean/bert/tables/lpca99_bert_length.csv,bert/tables_LENGTH/length_bootstrap/length_raw_lpca99_bert-base-uncased.csv
bert,BERT: MEAN vs FIRST,length,LID,lpca99,lpca99,7,7,6,663.375,679.7000122070312,95.0,94.0,plots_extra/metrics/features/length/mean/bert/tables/lpca99_bert_length.csv,bert/tables_LENGTH/length_bootstrap/length_raw_lpca99_bert-base-uncased.csv
bert,BERT: MEAN vs FIRST,length,LID,lpca99,lpca99,7,7,7,667.0,682.5999755859375,102.0,100.0,plots_extra/metrics/features/length/mean/bert/tables/lpca99_bert_length.csv,bert/tables_LENGTH/length_bootstrap/length_raw_lpca99_bert-base-uncased.csv
bert,BERT: MEAN vs FIRST,length,LID,lpca99,lpca99,7,7,8,669.25,684.7000122070312,107.0,104.0,plots_extra/metrics/features/length/mean/bert/tables/lpca99_bert_length.csv,bert/tables_LENGTH/length_bootstrap/length_raw_lpca99_bert-base-uncased.csv
bert,BERT: MEAN vs FIRST,length,LID,lpca99,lpca99,7,7,9,672.5,687.9500122070312,113.0,114.5,plots_extra/metrics/features/length/mean/bert/tables/lpca99_bert_length.csv,bert/tables_LENGTH/length_bootstrap/length_raw_lpca99_bert-base-uncased.csv
bert,BERT: MEAN vs FIRST,length,LID,lpca99,lpca99,7,7,10,670.625,686.0,109.0,106.0,plots_extra/metrics/features/length/mean/bert/tables/lpca99_bert_length.csv,bert/tables_LENGTH/length_bootstrap/length_raw_lpca99_bert-base-uncased.csv
bert,BERT: MEAN vs FIRST,length,LID,lpca99,lpca99,7,7,11,671.625,687.2999877929688,111.5,112.0,plots_extra/metrics/features/length/mean/bert/tables/lpca99_bert_length.csv,bert/tables_LENGTH/length_bootstrap/length_raw_lpca99_bert-base-uncased.csv
bert,BERT: MEAN vs FIRST,length,LID,lpca99,lpca99,7,7,12,670.875,686.25,110.0,110.0,plots_extra/metrics/features/length/mean/bert/tables/lpca99_bert_length.csv,bert/tables_LENGTH/length_bootstrap/length_raw_lpca99_bert-base-uncased.csv
bert,BERT: MEAN vs FIRST,length,LID,lpca99,lpca99,8,8,0,573.875,611.6500244140625,21.0,23.0,plots_extra/metrics/features/length/mean/bert/tables/lpca99_bert_length.csv,bert/tables_LENGTH/length_bootstrap/length_raw_lpca99_bert-base-uncased.csv
bert,BERT: MEAN vs FIRST,length,LID,lpca99,lpca99,8,8,1,617.0,644.2000122070312,40.0,41.0,plots_extra/metrics/features/length/mean/bert/tables/lpca99_bert_length.csv,bert/tables_LENGTH/length_bootstrap/length_raw_lpca99_bert-base-uncased.csv
bert,BERT: MEAN vs FIRST,length,LID,lpca99,lpca99,8,8,2,628.5,652.0499877929688,46.0,46.5,plots_extra/metrics/features/length/mean/bert/tables/lpca99_bert_length.csv,bert/tables_LENGTH/length_bootstrap/length_raw_lpca99_bert-base-uncased.csv
bert,BERT: MEAN vs FIRST,length,LID,lpca99,lpca99,8,8,3,635.75,656.7999877929688,53.0,53.0,plots_extra/metrics/features/length/mean/bert/tables/lpca99_bert_length.csv,bert/tables_LENGTH/length_bootstrap/length_raw_lpca99_bert-base-uncased.csv
bert,BERT: MEAN vs FIRST,length,LID,lpca99,lpca99,8,8,4,643.625,663.7999877929688,61.0,63.0,plots_extra/metrics/features/length/mean/bert/tables/lpca99_bert_length.csv,bert/tables_LENGTH/length_bootstrap/length_raw_lpca99_bert-base-uncased.csv
bert,BERT: MEAN vs FIRST,length,LID,lpca99,lpca99,8,8,5,647.125,666.5499877929688,67.5,67.0,plots_extra/metrics/features/length/mean/bert/tables/lpca99_bert_length.csv,bert/tables_LENGTH/length_bootstrap/length_raw_lpca99_bert-base-uncased.csv
bert,BERT: MEAN vs FIRST,length,LID,lpca99,lpca99,8,8,6,652.0,670.1500244140625,76.0,76.0,plots_extra/metrics/features/length/mean/bert/tables/lpca99_bert_length.csv,bert/tables_LENGTH/length_bootstrap/length_raw_lpca99_bert-base-uncased.csv
bert,BERT: MEAN vs FIRST,length,LID,lpca99,lpca99,8,8,7,655.125,672.4500122070312,83.0,80.0,plots_extra/metrics/features/length/mean/bert/tables/lpca99_bert_length.csv,bert/tables_LENGTH/length_bootstrap/length_raw_lpca99_bert-base-uncased.csv
bert,BERT: MEAN vs FIRST,length,LID,lpca99,lpca99,8,8,8,658.0,675.0499877929688,87.0,87.0,plots_extra/metrics/features/length/mean/bert/tables/lpca99_bert_length.csv,bert/tables_LENGTH/length_bootstrap/length_raw_lpca99_bert-base-uncased.csv
bert,BERT: MEAN vs FIRST,length,LID,lpca99,lpca99,8,8,9,661.75,678.8499755859375,91.5,91.0,plots_extra/metrics/features/length/mean/bert/tables/lpca99_bert_length.csv,bert/tables_LENGTH/length_bootstrap/length_raw_lpca99_bert-base-uncased.csv
bert,BERT: MEAN vs FIRST,length,LID,lpca99,lpca99,8,8,10,660.375,677.7999877929688,89.0,89.0,plots_extra/metrics/features/length/mean/bert/tables/lpca99_bert_length.csv,bert/tables_LENGTH/length_bootstrap/length_raw_lpca99_bert-base-uncased.csv
bert,BERT: MEAN vs FIRST,length,LID,lpca99,lpca99,8,8,11,662.0,679.5,93.0,92.0,plots_extra/metrics/features/length/mean/bert/tables/lpca99_bert_length.csv,bert/tables_LENGTH/length_bootstrap/length_raw_lpca99_bert-base-uncased.csv
bert,BERT: MEAN vs FIRST,length,LID,lpca99,lpca99,8,8,12,662.625,679.5499877929688,94.0,93.0,plots_extra/metrics/features/length/mean/bert/tables/lpca99_bert_length.csv,bert/tables_LENGTH/length_bootstrap/length_raw_lpca99_bert-base-uncased.csv
bert,BERT: MEAN vs FIRST,length,LID,lpca99,lpca99,9,9,0,538.0,579.0999755859375,16.0,17.0,plots_extra/metrics/features/length/mean/bert/tables/lpca99_bert_length.csv,bert/tables_LENGTH/length_bootstrap/length_raw_lpca99_bert-base-uncased.csv
bert,BERT: MEAN vs FIRST,length,LID,lpca99,lpca99,9,9,1,593.0,622.2000122070312,27.0,28.0,plots_extra/metrics/features/length/mean/bert/tables/lpca99_bert_length.csv,bert/tables_LENGTH/length_bootstrap/length_raw_lpca99_bert-base-uncased.csv
bert,BERT: MEAN vs FIRST,length,LID,lpca99,lpca99,9,9,2,609.125,634.0,35.0,36.0,plots_extra/metrics/features/length/mean/bert/tables/lpca99_bert_length.csv,bert/tables_LENGTH/length_bootstrap/length_raw_lpca99_bert-base-uncased.csv
bert,BERT: MEAN vs FIRST,length,LID,lpca99,lpca99,9,9,3,617.75,640.9500122070312,41.0,40.0,plots_extra/metrics/features/length/mean/bert/tables/lpca99_bert_length.csv,bert/tables_LENGTH/length_bootstrap/length_raw_lpca99_bert-base-uncased.csv
bert,BERT: MEAN vs FIRST,length,LID,lpca99,lpca99,9,9,4,627.125,648.75,44.0,43.0,plots_extra/metrics/features/length/mean/bert/tables/lpca99_bert_length.csv,bert/tables_LENGTH/length_bootstrap/length_raw_lpca99_bert-base-uncased.csv
bert,BERT: MEAN vs FIRST,length,LID,lpca99,lpca99,9,9,5,631.5,652.4000244140625,47.0,48.0,plots_extra/metrics/features/length/mean/bert/tables/lpca99_bert_length.csv,bert/tables_LENGTH/length_bootstrap/length_raw_lpca99_bert-base-uncased.csv
bert,BERT: MEAN vs FIRST,length,LID,lpca99,lpca99,9,9,6,637.375,656.9000244140625,56.0,54.0,plots_extra/metrics/features/length/mean/bert/tables/lpca99_bert_length.csv,bert/tables_LENGTH/length_bootstrap/length_raw_lpca99_bert-base-uncased.csv
bert,BERT: MEAN vs FIRST,length,LID,lpca99,lpca99,9,9,7,641.75,660.4000244140625,59.5,57.0,plots_extra/metrics/features/length/mean/bert/tables/lpca99_bert_length.csv,bert/tables_LENGTH/length_bootstrap/length_raw_lpca99_bert-base-uncased.csv
bert,BERT: MEAN vs FIRST,length,LID,lpca99,lpca99,9,9,8,645.5,663.4500122070312,64.0,61.0,plots_extra/metrics/features/length/mean/bert/tables/lpca99_bert_length.csv,bert/tables_LENGTH/length_bootstrap/length_raw_lpca99_bert-base-uncased.csv
bert,BERT: MEAN vs FIRST,length,LID,lpca99,lpca99,9,9,9,650.5,667.9500122070312,71.0,70.0,plots_extra/metrics/features/length/mean/bert/tables/lpca99_bert_length.csv,bert/tables_LENGTH/length_bootstrap/length_raw_lpca99_bert-base-uncased.csv
bert,BERT: MEAN vs FIRST,length,LID,lpca99,lpca99,9,9,10,649.25,667.25,69.5,69.0,plots_extra/metrics/features/length/mean/bert/tables/lpca99_bert_length.csv,bert/tables_LENGTH/length_bootstrap/length_raw_lpca99_bert-base-uncased.csv
bert,BERT: MEAN vs FIRST,length,LID,lpca99,lpca99,9,9,11,651.625,669.5499877929688,74.5,75.0,plots_extra/metrics/features/length/mean/bert/tables/lpca99_bert_length.csv,bert/tables_LENGTH/length_bootstrap/length_raw_lpca99_bert-base-uncased.csv
bert,BERT: MEAN vs FIRST,length,LID,lpca99,lpca99,9,9,12,651.625,668.75,74.5,72.0,plots_extra/metrics/features/length/mean/bert/tables/lpca99_bert_length.csv,bert/tables_LENGTH/length_bootstrap/length_raw_lpca99_bert-base-uncased.csv
bert,BERT: MEAN vs FIRST,length,NLID,gride,gride,1,1,0,0.5131661295890808,0.1772220283746719,1.0,1.0,plots_extra/metrics/features/length/mean/bert/tables/gride_bert_length.csv,bert/tables_LENGTH/length_bootstrap/length_raw_gride_bert-base-uncased.csv
bert,BERT: MEAN vs FIRST,length,NLID,gride,gride,1,1,1,6.134882926940918,6.070603370666504,8.0,10.0,plots_extra/metrics/features/length/mean/bert/tables/gride_bert_length.csv,bert/tables_LENGTH/length_bootstrap/length_raw_gride_bert-base-uncased.csv
bert,BERT: MEAN vs FIRST,length,NLID,gride,gride,1,1,2,7.266243457794189,8.613412857055664,12.0,27.0,plots_extra/metrics/features/length/mean/bert/tables/gride_bert_length.csv,bert/tables_LENGTH/length_bootstrap/length_raw_gride_bert-base-uncased.csv
bert,BERT: MEAN vs FIRST,length,NLID,gride,gride,1,1,3,7.4286723136901855,8.561161041259766,13.0,26.0,plots_extra/metrics/features/length/mean/bert/tables/gride_bert_length.csv,bert/tables_LENGTH/length_bootstrap/length_raw_gride_bert-base-uncased.csv
bert,BERT: MEAN vs FIRST,length,NLID,gride,gride,1,1,4,7.834091663360596,9.04857063293457,17.0,31.0,plots_extra/metrics/features/length/mean/bert/tables/gride_bert_length.csv,bert/tables_LENGTH/length_bootstrap/length_raw_gride_bert-base-uncased.csv
bert,BERT: MEAN vs FIRST,length,NLID,gride,gride,1,1,5,8.900311470031738,10.095990180969238,20.0,40.0,plots_extra/metrics/features/length/mean/bert/tables/gride_bert_length.csv,bert/tables_LENGTH/length_bootstrap/length_raw_gride_bert-base-uncased.csv
bert,BERT: MEAN vs FIRST,length,NLID,gride,gride,1,1,6,9.742810249328612,11.060988426208496,26.0,49.0,plots_extra/metrics/features/length/mean/bert/tables/gride_bert_length.csv,bert/tables_LENGTH/length_bootstrap/length_raw_gride_bert-base-uncased.csv
bert,BERT: MEAN vs FIRST,length,NLID,gride,gride,1,1,7,10.71327304840088,11.85763931274414,32.0,58.0,plots_extra/metrics/features/length/mean/bert/tables/gride_bert_length.csv,bert/tables_LENGTH/length_bootstrap/length_raw_gride_bert-base-uncased.csv
bert,BERT: MEAN vs FIRST,length,NLID,gride,gride,1,1,8,10.292850494384766,11.531778335571287,30.0,56.0,plots_extra/metrics/features/length/mean/bert/tables/gride_bert_length.csv,bert/tables_LENGTH/length_bootstrap/length_raw_gride_bert-base-uncased.csv
bert,BERT: MEAN vs FIRST,length,NLID,gride,gride,1,1,9,10.577649116516112,11.500236511230469,31.0,54.0,plots_extra/metrics/features/length/mean/bert/tables/gride_bert_length.csv,bert/tables_LENGTH/length_bootstrap/length_raw_gride_bert-base-uncased.csv
bert,BERT: MEAN vs FIRST,length,NLID,gride,gride,1,1,10,10.79722023010254,11.51249885559082,33.0,55.0,plots_extra/metrics/features/length/mean/bert/tables/gride_bert_length.csv,bert/tables_LENGTH/length_bootstrap/length_raw_gride_bert-base-uncased.csv
bert,BERT: MEAN vs FIRST,length,NLID,gride,gride,1,1,11,11.749581336975098,13.176641464233398,37.0,68.0,plots_extra/metrics/features/length/mean/bert/tables/gride_bert_length.csv,bert/tables_LENGTH/length_bootstrap/length_raw_gride_bert-base-uncased.csv
bert,BERT: MEAN vs FIRST,length,NLID,gride,gride,1,1,12,12.011357307434082,13.997262954711914,40.0,76.0,plots_extra/metrics/features/length/mean/bert/tables/gride_bert_length.csv,bert/tables_LENGTH/length_bootstrap/length_raw_gride_bert-base-uncased.csv
bert,BERT: MEAN vs FIRST,length,NLID,gride,gride,10,10,0,24.125089645385746,10.386848449707031,110.0,43.0,plots_extra/metrics/features/length/mean/bert/tables/gride_bert_length.csv,bert/tables_LENGTH/length_bootstrap/length_raw_gride_bert-base-uncased.csv
bert,BERT: MEAN vs FIRST,length,NLID,gride,gride,10,10,1,21.905296325683597,10.329008102416992,87.0,42.0,plots_extra/metrics/features/length/mean/bert/tables/gride_bert_length.csv,bert/tables_LENGTH/length_bootstrap/length_raw_gride_bert-base-uncased.csv
bert,BERT: MEAN vs FIRST,length,NLID,gride,gride,10,10,2,21.86158561706543,11.028818130493164,86.0,48.0,plots_extra/metrics/features/length/mean/bert/tables/gride_bert_length.csv,bert/tables_LENGTH/length_bootstrap/length_raw_gride_bert-base-uncased.csv
bert,BERT: MEAN vs FIRST,length,NLID,gride,gride,10,10,3,21.568405151367188,12.406825065612791,85.0,63.0,plots_extra/metrics/features/length/mean/bert/tables/gride_bert_length.csv,bert/tables_LENGTH/length_bootstrap/length_raw_gride_bert-base-uncased.csv
bert,BERT: MEAN vs FIRST,length,NLID,gride,gride,10,10,4,22.64912986755371,13.376072883605955,96.0,72.0,plots_extra/metrics/features/length/mean/bert/tables/gride_bert_length.csv,bert/tables_LENGTH/length_bootstrap/length_raw_gride_bert-base-uncased.csv
bert,BERT: MEAN vs FIRST,length,NLID,gride,gride,10,10,5,22.97292709350586,13.954584121704102,102.0,75.0,plots_extra/metrics/features/length/mean/bert/tables/gride_bert_length.csv,bert/tables_LENGTH/length_bootstrap/length_raw_gride_bert-base-uncased.csv
bert,BERT: MEAN vs FIRST,length,NLID,gride,gride,10,10,6,24.14543914794922,14.662843704223633,112.0,80.0,plots_extra/metrics/features/length/mean/bert/tables/gride_bert_length.csv,bert/tables_LENGTH/length_bootstrap/length_raw_gride_bert-base-uncased.csv
bert,BERT: MEAN vs FIRST,length,NLID,gride,gride,10,10,7,23.96923446655273,15.38373565673828,108.0,86.0,plots_extra/metrics/features/length/mean/bert/tables/gride_bert_length.csv,bert/tables_LENGTH/length_bootstrap/length_raw_gride_bert-base-uncased.csv
bert,BERT: MEAN vs FIRST,length,NLID,gride,gride,10,10,8,23.33874893188477,16.333763122558594,104.0,93.0,plots_extra/metrics/features/length/mean/bert/tables/gride_bert_length.csv,bert/tables_LENGTH/length_bootstrap/length_raw_gride_bert-base-uncased.csv
bert,BERT: MEAN vs FIRST,length,NLID,gride,gride,10,10,9,22.815221786499023,17.83677864074707,100.0,102.0,plots_extra/metrics/features/length/mean/bert/tables/gride_bert_length.csv,bert/tables_LENGTH/length_bootstrap/length_raw_gride_bert-base-uncased.csv
bert,BERT: MEAN vs FIRST,length,NLID,gride,gride,10,10,10,22.35531616210937,18.40423393249512,93.0,105.0,plots_extra/metrics/features/length/mean/bert/tables/gride_bert_length.csv,bert/tables_LENGTH/length_bootstrap/length_raw_gride_bert-base-uncased.csv
bert,BERT: MEAN vs FIRST,length,NLID,gride,gride,10,10,11,22.35465240478516,19.76747131347656,92.0,117.0,plots_extra/metrics/features/length/mean/bert/tables/gride_bert_length.csv,bert/tables_LENGTH/length_bootstrap/length_raw_gride_bert-base-uncased.csv
bert,BERT: MEAN vs FIRST,length,NLID,gride,gride,10,10,12,23.59906768798828,21.516096115112305,105.0,123.0,plots_extra/metrics/features/length/mean/bert/tables/gride_bert_length.csv,bert/tables_LENGTH/length_bootstrap/length_raw_gride_bert-base-uncased.csv
bert,BERT: MEAN vs FIRST,length,NLID,gride,gride,2,2,0,3.523808479309082,0.4538590908050537,3.0,3.0,plots_extra/metrics/features/length/mean/bert/tables/gride_bert_length.csv,bert/tables_LENGTH/length_bootstrap/length_raw_gride_bert-base-uncased.csv
bert,BERT: MEAN vs FIRST,length,NLID,gride,gride,2,2,1,5.168438911437988,6.382614612579346,4.0,12.0,plots_extra/metrics/features/length/mean/bert/tables/gride_bert_length.csv,bert/tables_LENGTH/length_bootstrap/length_raw_gride_bert-base-uncased.csv
bert,BERT: MEAN vs FIRST,length,NLID,gride,gride,2,2,2,6.134524822235107,7.9227776527404785,7.0,21.0,plots_extra/metrics/features/length/mean/bert/tables/gride_bert_length.csv,bert/tables_LENGTH/length_bootstrap/length_raw_gride_bert-base-uncased.csv
bert,BERT: MEAN vs FIRST,length,NLID,gride,gride,2,2,3,6.602180004119873,8.285862922668457,9.0,22.0,plots_extra/metrics/features/length/mean/bert/tables/gride_bert_length.csv,bert/tables_LENGTH/length_bootstrap/length_raw_gride_bert-base-uncased.csv
bert,BERT: MEAN vs FIRST,length,NLID,gride,gride,2,2,4,7.57794189453125,8.732773780822754,15.0,29.0,plots_extra/metrics/features/length/mean/bert/tables/gride_bert_length.csv,bert/tables_LENGTH/length_bootstrap/length_raw_gride_bert-base-uncased.csv
bert,BERT: MEAN vs FIRST,length,NLID,gride,gride,2,2,5,9.156638145446776,9.98820972442627,22.0,39.0,plots_extra/metrics/features/length/mean/bert/tables/gride_bert_length.csv,bert/tables_LENGTH/length_bootstrap/length_raw_gride_bert-base-uncased.csv
bert,BERT: MEAN vs FIRST,length,NLID,gride,gride,2,2,6,10.964499473571776,11.217190742492676,34.0,52.0,plots_extra/metrics/features/length/mean/bert/tables/gride_bert_length.csv,bert/tables_LENGTH/length_bootstrap/length_raw_gride_bert-base-uncased.csv
bert,BERT: MEAN vs FIRST,length,NLID,gride,gride,2,2,7,12.290705680847168,12.294775009155272,42.0,62.0,plots_extra/metrics/features/length/mean/bert/tables/gride_bert_length.csv,bert/tables_LENGTH/length_bootstrap/length_raw_gride_bert-base-uncased.csv
bert,BERT: MEAN vs FIRST,length,NLID,gride,gride,2,2,8,13.524157524108888,13.708084106445312,46.0,73.0,plots_extra/metrics/features/length/mean/bert/tables/gride_bert_length.csv,bert/tables_LENGTH/length_bootstrap/length_raw_gride_bert-base-uncased.csv
bert,BERT: MEAN vs FIRST,length,NLID,gride,gride,2,2,9,15.857117652893066,16.129552841186523,53.0,92.0,plots_extra/metrics/features/length/mean/bert/tables/gride_bert_length.csv,bert/tables_LENGTH/length_bootstrap/length_raw_gride_bert-base-uncased.csv
bert,BERT: MEAN vs FIRST,length,NLID,gride,gride,2,2,10,17.348133087158203,17.46535301208496,63.0,100.0,plots_extra/metrics/features/length/mean/bert/tables/gride_bert_length.csv,bert/tables_LENGTH/length_bootstrap/length_raw_gride_bert-base-uncased.csv
bert,BERT: MEAN vs FIRST,length,NLID,gride,gride,2,2,11,18.56544303894043,18.99015045166016,71.0,111.0,plots_extra/metrics/features/length/mean/bert/tables/gride_bert_length.csv,bert/tables_LENGTH/length_bootstrap/length_raw_gride_bert-base-uncased.csv
bert,BERT: MEAN vs FIRST,length,NLID,gride,gride,2,2,12,18.766157150268555,19.17236328125,73.0,113.0,plots_extra/metrics/features/length/mean/bert/tables/gride_bert_length.csv,bert/tables_LENGTH/length_bootstrap/length_raw_gride_bert-base-uncased.csv
bert,BERT: MEAN vs FIRST,length,NLID,gride,gride,3,3,0,0.8221997022628784,0.349202811717987,2.0,2.0,plots_extra/metrics/features/length/mean/bert/tables/gride_bert_length.csv,bert/tables_LENGTH/length_bootstrap/length_raw_gride_bert-base-uncased.csv
bert,BERT: MEAN vs FIRST,length,NLID,gride,gride,3,3,1,5.583855152130127,5.700004577636719,6.0,9.0,plots_extra/metrics/features/length/mean/bert/tables/gride_bert_length.csv,bert/tables_LENGTH/length_bootstrap/length_raw_gride_bert-base-uncased.csv
bert,BERT: MEAN vs FIRST,length,NLID,gride,gride,3,3,2,7.487160682678223,7.515707969665527,14.0,18.0,plots_extra/metrics/features/length/mean/bert/tables/gride_bert_length.csv,bert/tables_LENGTH/length_bootstrap/length_raw_gride_bert-base-uncased.csv
bert,BERT: MEAN vs FIRST,length,NLID,gride,gride,3,3,3,8.981278419494629,8.48554801940918,21.0,25.0,plots_extra/metrics/features/length/mean/bert/tables/gride_bert_length.csv,bert/tables_LENGTH/length_bootstrap/length_raw_gride_bert-base-uncased.csv
bert,BERT: MEAN vs FIRST,length,NLID,gride,gride,3,3,4,9.979249000549316,9.3876371383667,27.0,33.0,plots_extra/metrics/features/length/mean/bert/tables/gride_bert_length.csv,bert/tables_LENGTH/length_bootstrap/length_raw_gride_bert-base-uncased.csv
bert,BERT: MEAN vs FIRST,length,NLID,gride,gride,3,3,5,11.79209041595459,11.20861530303955,38.0,50.0,plots_extra/metrics/features/length/mean/bert/tables/gride_bert_length.csv,bert/tables_LENGTH/length_bootstrap/length_raw_gride_bert-base-uncased.csv
bert,BERT: MEAN vs FIRST,length,NLID,gride,gride,3,3,6,13.370221138000488,12.802922248840332,45.0,65.0,plots_extra/metrics/features/length/mean/bert/tables/gride_bert_length.csv,bert/tables_LENGTH/length_bootstrap/length_raw_gride_bert-base-uncased.csv
bert,BERT: MEAN vs FIRST,length,NLID,gride,gride,3,3,7,15.556891441345217,14.8974609375,52.0,84.0,plots_extra/metrics/features/length/mean/bert/tables/gride_bert_length.csv,bert/tables_LENGTH/length_bootstrap/length_raw_gride_bert-base-uncased.csv
bert,BERT: MEAN vs FIRST,length,NLID,gride,gride,3,3,8,16.440814971923828,15.83215618133545,57.0,89.0,plots_extra/metrics/features/length/mean/bert/tables/gride_bert_length.csv,bert/tables_LENGTH/length_bootstrap/length_raw_gride_bert-base-uncased.csv
bert,BERT: MEAN vs FIRST,length,NLID,gride,gride,3,3,9,17.76651382446289,17.536375045776367,65.0,101.0,plots_extra/metrics/features/length/mean/bert/tables/gride_bert_length.csv,bert/tables_LENGTH/length_bootstrap/length_raw_gride_bert-base-uncased.csv
bert,BERT: MEAN vs FIRST,length,NLID,gride,gride,3,3,10,16.817766189575195,17.414478302001953,59.0,99.0,plots_extra/metrics/features/length/mean/bert/tables/gride_bert_length.csv,bert/tables_LENGTH/length_bootstrap/length_raw_gride_bert-base-uncased.csv
bert,BERT: MEAN vs FIRST,length,NLID,gride,gride,3,3,11,18.357223510742188,18.7219352722168,68.0,107.0,plots_extra/metrics/features/length/mean/bert/tables/gride_bert_length.csv,bert/tables_LENGTH/length_bootstrap/length_raw_gride_bert-base-uncased.csv
bert,BERT: MEAN vs FIRST,length,NLID,gride,gride,3,3,12,19.738231658935547,19.58319664001465,77.0,115.0,plots_extra/metrics/features/length/mean/bert/tables/gride_bert_length.csv,bert/tables_LENGTH/length_bootstrap/length_raw_gride_bert-base-uncased.csv
bert,BERT: MEAN vs FIRST,length,NLID,gride,gride,4,4,0,5.325201034545898,3.3740134239196777,5.0,4.0,plots_extra/metrics/features/length/mean/bert/tables/gride_bert_length.csv,bert/tables_LENGTH/length_bootstrap/length_raw_gride_bert-base-uncased.csv
bert,BERT: MEAN vs FIRST,length,NLID,gride,gride,4,4,1,6.739467144012451,4.3209404945373535,10.0,5.0,plots_extra/metrics/features/length/mean/bert/tables/gride_bert_length.csv,bert/tables_LENGTH/length_bootstrap/length_raw_gride_bert-base-uncased.csv
bert,BERT: MEAN vs FIRST,length,NLID,gride,gride,4,4,2,7.581440448760986,5.378687381744385,16.0,7.0,plots_extra/metrics/features/length/mean/bert/tables/gride_bert_length.csv,bert/tables_LENGTH/length_bootstrap/length_raw_gride_bert-base-uncased.csv
bert,BERT: MEAN vs FIRST,length,NLID,gride,gride,4,4,3,8.471819877624512,6.456667900085449,18.0,13.0,plots_extra/metrics/features/length/mean/bert/tables/gride_bert_length.csv,bert/tables_LENGTH/length_bootstrap/length_raw_gride_bert-base-uncased.csv
bert,BERT: MEAN vs FIRST,length,NLID,gride,gride,4,4,4,10.267446517944336,7.871008396148682,29.0,20.0,plots_extra/metrics/features/length/mean/bert/tables/gride_bert_length.csv,bert/tables_LENGTH/length_bootstrap/length_raw_gride_bert-base-uncased.csv
bert,BERT: MEAN vs FIRST,length,NLID,gride,gride,4,4,5,11.863292694091797,9.55681037902832,39.0,34.0,plots_extra/metrics/features/length/mean/bert/tables/gride_bert_length.csv,bert/tables_LENGTH/length_bootstrap/length_raw_gride_bert-base-uncased.csv
bert,BERT: MEAN vs FIRST,length,NLID,gride,gride,4,4,6,13.642783164978027,10.930431365966797,47.0,46.0,plots_extra/metrics/features/length/mean/bert/tables/gride_bert_length.csv,bert/tables_LENGTH/length_bootstrap/length_raw_gride_bert-base-uncased.csv
bert,BERT: MEAN vs FIRST,length,NLID,gride,gride,4,4,7,15.222477912902832,12.510701179504396,51.0,64.0,plots_extra/metrics/features/length/mean/bert/tables/gride_bert_length.csv,bert/tables_LENGTH/length_bootstrap/length_raw_gride_bert-base-uncased.csv
bert,BERT: MEAN vs FIRST,length,NLID,gride,gride,4,4,8,16.382678985595703,14.096351623535156,56.0,77.0,plots_extra/metrics/features/length/mean/bert/tables/gride_bert_length.csv,bert/tables_LENGTH/length_bootstrap/length_raw_gride_bert-base-uncased.csv
bert,BERT: MEAN vs FIRST,length,NLID,gride,gride,4,4,9,17.326480865478516,16.865703582763672,61.0,96.0,plots_extra/metrics/features/length/mean/bert/tables/gride_bert_length.csv,bert/tables_LENGTH/length_bootstrap/length_raw_gride_bert-base-uncased.csv
bert,BERT: MEAN vs FIRST,length,NLID,gride,gride,4,4,10,16.88217544555664,18.797748565673828,60.0,108.0,plots_extra/metrics/features/length/mean/bert/tables/gride_bert_length.csv,bert/tables_LENGTH/length_bootstrap/length_raw_gride_bert-base-uncased.csv
bert,BERT: MEAN vs FIRST,length,NLID,gride,gride,4,4,11,18.99137687683105,20.89143180847168,74.0,119.0,plots_extra/metrics/features/length/mean/bert/tables/gride_bert_length.csv,bert/tables_LENGTH/length_bootstrap/length_raw_gride_bert-base-uncased.csv
bert,BERT: MEAN vs FIRST,length,NLID,gride,gride,4,4,12,21.927780151367188,21.500316619873047,88.0,121.0,plots_extra/metrics/features/length/mean/bert/tables/gride_bert_length.csv,bert/tables_LENGTH/length_bootstrap/length_raw_gride_bert-base-uncased.csv
bert,BERT: MEAN vs FIRST,length,NLID,gride,gride,5,5,0,7.121926784515381,5.187374114990234,11.0,6.0,plots_extra/metrics/features/length/mean/bert/tables/gride_bert_length.csv,bert/tables_LENGTH/length_bootstrap/length_raw_gride_bert-base-uncased.csv
bert,BERT: MEAN vs FIRST,length,NLID,gride,gride,5,5,1,8.744006156921387,6.187931060791016,19.0,11.0,plots_extra/metrics/features/length/mean/bert/tables/gride_bert_length.csv,bert/tables_LENGTH/length_bootstrap/length_raw_gride_bert-base-uncased.csv
bert,BERT: MEAN vs FIRST,length,NLID,gride,gride,5,5,2,9.494574546813965,7.344739437103271,24.0,17.0,plots_extra/metrics/features/length/mean/bert/tables/gride_bert_length.csv,bert/tables_LENGTH/length_bootstrap/length_raw_gride_bert-base-uncased.csv
bert,BERT: MEAN vs FIRST,length,NLID,gride,gride,5,5,3,10.032977104187012,8.464780807495117,28.0,24.0,plots_extra/metrics/features/length/mean/bert/tables/gride_bert_length.csv,bert/tables_LENGTH/length_bootstrap/length_raw_gride_bert-base-uncased.csv
bert,BERT: MEAN vs FIRST,length,NLID,gride,gride,5,5,4,11.70465850830078,9.641400337219238,36.0,35.0,plots_extra/metrics/features/length/mean/bert/tables/gride_bert_length.csv,bert/tables_LENGTH/length_bootstrap/length_raw_gride_bert-base-uncased.csv
bert,BERT: MEAN vs FIRST,length,NLID,gride,gride,5,5,5,12.25918960571289,10.956582069396973,41.0,47.0,plots_extra/metrics/features/length/mean/bert/tables/gride_bert_length.csv,bert/tables_LENGTH/length_bootstrap/length_raw_gride_bert-base-uncased.csv
bert,BERT: MEAN vs FIRST,length,NLID,gride,gride,5,5,6,14.35855484008789,12.011808395385742,48.0,60.0,plots_extra/metrics/features/length/mean/bert/tables/gride_bert_length.csv,bert/tables_LENGTH/length_bootstrap/length_raw_gride_bert-base-uncased.csv
bert,BERT: MEAN vs FIRST,length,NLID,gride,gride,5,5,7,15.961674690246582,13.253007888793944,54.0,70.0,plots_extra/metrics/features/length/mean/bert/tables/gride_bert_length.csv,bert/tables_LENGTH/length_bootstrap/length_raw_gride_bert-base-uncased.csv
bert,BERT: MEAN vs FIRST,length,NLID,gride,gride,5,5,8,17.727081298828125,14.761411666870115,64.0,83.0,plots_extra/metrics/features/length/mean/bert/tables/gride_bert_length.csv,bert/tables_LENGTH/length_bootstrap/length_raw_gride_bert-base-uncased.csv
bert,BERT: MEAN vs FIRST,length,NLID,gride,gride,5,5,9,20.8976993560791,17.25318717956543,82.0,98.0,plots_extra/metrics/features/length/mean/bert/tables/gride_bert_length.csv,bert/tables_LENGTH/length_bootstrap/length_raw_gride_bert-base-uncased.csv
bert,BERT: MEAN vs FIRST,length,NLID,gride,gride,5,5,10,22.626314163208008,19.238035202026367,95.0,114.0,plots_extra/metrics/features/length/mean/bert/tables/gride_bert_length.csv,bert/tables_LENGTH/length_bootstrap/length_raw_gride_bert-base-uncased.csv
bert,BERT: MEAN vs FIRST,length,NLID,gride,gride,5,5,11,22.75727844238281,21.504077911376957,98.0,122.0,plots_extra/metrics/features/length/mean/bert/tables/gride_bert_length.csv,bert/tables_LENGTH/length_bootstrap/length_raw_gride_bert-base-uncased.csv
bert,BERT: MEAN vs FIRST,length,NLID,gride,gride,5,5,12,23.93882179260254,22.790512084960938,107.0,127.0,plots_extra/metrics/features/length/mean/bert/tables/gride_bert_length.csv,bert/tables_LENGTH/length_bootstrap/length_raw_gride_bert-base-uncased.csv
bert,BERT: MEAN vs FIRST,length,NLID,gride,gride,6,6,0,9.72325611114502,7.298112392425537,25.0,16.0,plots_extra/metrics/features/length/mean/bert/tables/gride_bert_length.csv,bert/tables_LENGTH/length_bootstrap/length_raw_gride_bert-base-uncased.csv
bert,BERT: MEAN vs FIRST,length,NLID,gride,gride,6,6,1,12.598419189453123,8.374185562133789,43.0,23.0,plots_extra/metrics/features/length/mean/bert/tables/gride_bert_length.csv,bert/tables_LENGTH/length_bootstrap/length_raw_gride_bert-base-uncased.csv
bert,BERT: MEAN vs FIRST,length,NLID,gride,gride,6,6,2,14.887511253356934,9.782312393188477,49.0,37.0,plots_extra/metrics/features/length/mean/bert/tables/gride_bert_length.csv,bert/tables_LENGTH/length_bootstrap/length_raw_gride_bert-base-uncased.csv
bert,BERT: MEAN vs FIRST,length,NLID,gride,gride,6,6,3,17.334068298339844,10.809675216674805,62.0,45.0,plots_extra/metrics/features/length/mean/bert/tables/gride_bert_length.csv,bert/tables_LENGTH/length_bootstrap/length_raw_gride_bert-base-uncased.csv
bert,BERT: MEAN vs FIRST,length,NLID,gride,gride,6,6,4,18.50409507751465,12.10198211669922,70.0,61.0,plots_extra/metrics/features/length/mean/bert/tables/gride_bert_length.csv,bert/tables_LENGTH/length_bootstrap/length_raw_gride_bert-base-uncased.csv
bert,BERT: MEAN vs FIRST,length,NLID,gride,gride,6,6,5,19.014066696166992,13.338955879211426,75.0,71.0,plots_extra/metrics/features/length/mean/bert/tables/gride_bert_length.csv,bert/tables_LENGTH/length_bootstrap/length_raw_gride_bert-base-uncased.csv
bert,BERT: MEAN vs FIRST,length,NLID,gride,gride,6,6,6,19.971559524536133,14.144866943359377,78.0,78.0,plots_extra/metrics/features/length/mean/bert/tables/gride_bert_length.csv,bert/tables_LENGTH/length_bootstrap/length_raw_gride_bert-base-uncased.csv
bert,BERT: MEAN vs FIRST,length,NLID,gride,gride,6,6,7,21.138164520263672,15.119155883789062,83.0,85.0,plots_extra/metrics/features/length/mean/bert/tables/gride_bert_length.csv,bert/tables_LENGTH/length_bootstrap/length_raw_gride_bert-base-uncased.csv
bert,BERT: MEAN vs FIRST,length,NLID,gride,gride,6,6,8,20.77412796020508,16.07843017578125,80.0,91.0,plots_extra/metrics/features/length/mean/bert/tables/gride_bert_length.csv,bert/tables_LENGTH/length_bootstrap/length_raw_gride_bert-base-uncased.csv
bert,BERT: MEAN vs FIRST,length,NLID,gride,gride,6,6,9,22.30550765991211,18.092159271240234,91.0,104.0,plots_extra/metrics/features/length/mean/bert/tables/gride_bert_length.csv,bert/tables_LENGTH/length_bootstrap/length_raw_gride_bert-base-uncased.csv
bert,BERT: MEAN vs FIRST,length,NLID,gride,gride,6,6,10,22.07096290588379,19.08534812927246,89.0,112.0,plots_extra/metrics/features/length/mean/bert/tables/gride_bert_length.csv,bert/tables_LENGTH/length_bootstrap/length_raw_gride_bert-base-uncased.csv
bert,BERT: MEAN vs FIRST,length,NLID,gride,gride,6,6,11,22.80633544921875,20.70300674438477,99.0,118.0,plots_extra/metrics/features/length/mean/bert/tables/gride_bert_length.csv,bert/tables_LENGTH/length_bootstrap/length_raw_gride_bert-base-uncased.csv
bert,BERT: MEAN vs FIRST,length,NLID,gride,gride,6,6,12,24.79327774047852,22.40755844116211,117.0,126.0,plots_extra/metrics/features/length/mean/bert/tables/gride_bert_length.csv,bert/tables_LENGTH/length_bootstrap/length_raw_gride_bert-base-uncased.csv
bert,BERT: MEAN vs FIRST,length,NLID,gride,gride,7,7,0,18.65379524230957,9.30988883972168,72.0,32.0,plots_extra/metrics/features/length/mean/bert/tables/gride_bert_length.csv,bert/tables_LENGTH/length_bootstrap/length_raw_gride_bert-base-uncased.csv
bert,BERT: MEAN vs FIRST,length,NLID,gride,gride,7,7,1,20.861507415771484,10.269058227539062,81.0,41.0,plots_extra/metrics/features/length/mean/bert/tables/gride_bert_length.csv,bert/tables_LENGTH/length_bootstrap/length_raw_gride_bert-base-uncased.csv
bert,BERT: MEAN vs FIRST,length,NLID,gride,gride,7,7,2,22.48493003845215,11.417505264282228,94.0,53.0,plots_extra/metrics/features/length/mean/bert/tables/gride_bert_length.csv,bert/tables_LENGTH/length_bootstrap/length_raw_gride_bert-base-uncased.csv
bert,BERT: MEAN vs FIRST,length,NLID,gride,gride,7,7,3,22.708251953125,13.234899520874023,97.0,69.0,plots_extra/metrics/features/length/mean/bert/tables/gride_bert_length.csv,bert/tables_LENGTH/length_bootstrap/length_raw_gride_bert-base-uncased.csv
bert,BERT: MEAN vs FIRST,length,NLID,gride,gride,7,7,4,23.332077026367188,14.291479110717772,103.0,79.0,plots_extra/metrics/features/length/mean/bert/tables/gride_bert_length.csv,bert/tables_LENGTH/length_bootstrap/length_raw_gride_bert-base-uncased.csv
bert,BERT: MEAN vs FIRST,length,NLID,gride,gride,7,7,5,22.85378074645996,15.538637161254885,101.0,87.0,plots_extra/metrics/features/length/mean/bert/tables/gride_bert_length.csv,bert/tables_LENGTH/length_bootstrap/length_raw_gride_bert-base-uncased.csv
bert,BERT: MEAN vs FIRST,length,NLID,gride,gride,7,7,6,24.609825134277344,16.738067626953125,114.0,94.0,plots_extra/metrics/features/length/mean/bert/tables/gride_bert_length.csv,bert/tables_LENGTH/length_bootstrap/length_raw_gride_bert-base-uncased.csv
bert,BERT: MEAN vs FIRST,length,NLID,gride,gride,7,7,7,25.30265235900879,17.949386596679688,123.0,103.0,plots_extra/metrics/features/length/mean/bert/tables/gride_bert_length.csv,bert/tables_LENGTH/length_bootstrap/length_raw_gride_bert-base-uncased.csv
bert,BERT: MEAN vs FIRST,length,NLID,gride,gride,7,7,8,24.826040267944336,18.8828239440918,118.0,110.0,plots_extra/metrics/features/length/mean/bert/tables/gride_bert_length.csv,bert/tables_LENGTH/length_bootstrap/length_raw_gride_bert-base-uncased.csv
bert,BERT: MEAN vs FIRST,length,NLID,gride,gride,7,7,9,25.990802764892575,21.21261215209961,126.0,120.0,plots_extra/metrics/features/length/mean/bert/tables/gride_bert_length.csv,bert/tables_LENGTH/length_bootstrap/length_raw_gride_bert-base-uncased.csv
bert,BERT: MEAN vs FIRST,length,NLID,gride,gride,7,7,10,23.70083236694336,22.073976516723636,106.0,125.0,plots_extra/metrics/features/length/mean/bert/tables/gride_bert_length.csv,bert/tables_LENGTH/length_bootstrap/length_raw_gride_bert-base-uncased.csv
bert,BERT: MEAN vs FIRST,length,NLID,gride,gride,7,7,11,23.99682235717773,23.804027557373047,109.0,128.0,plots_extra/metrics/features/length/mean/bert/tables/gride_bert_length.csv,bert/tables_LENGTH/length_bootstrap/length_raw_gride_bert-base-uncased.csv
bert,BERT: MEAN vs FIRST,length,NLID,gride,gride,7,7,12,26.93412399291992,26.16352844238281,129.0,130.0,plots_extra/metrics/features/length/mean/bert/tables/gride_bert_length.csv,bert/tables_LENGTH/length_bootstrap/length_raw_gride_bert-base-uncased.csv
bert,BERT: MEAN vs FIRST,length,NLID,gride,gride,8,8,0,27.51453399658203,7.239680290222168,130.0,15.0,plots_extra/metrics/features/length/mean/bert/tables/gride_bert_length.csv,bert/tables_LENGTH/length_bootstrap/length_raw_gride_bert-base-uncased.csv
bert,BERT: MEAN vs FIRST,length,NLID,gride,gride,8,8,1,25.78112030029297,8.860963821411133,124.0,30.0,plots_extra/metrics/features/length/mean/bert/tables/gride_bert_length.csv,bert/tables_LENGTH/length_bootstrap/length_raw_gride_bert-base-uncased.csv
bert,BERT: MEAN vs FIRST,length,NLID,gride,gride,8,8,2,24.72952461242676,9.84874153137207,115.0,38.0,plots_extra/metrics/features/length/mean/bert/tables/gride_bert_length.csv,bert/tables_LENGTH/length_bootstrap/length_raw_gride_bert-base-uncased.csv
bert,BERT: MEAN vs FIRST,length,NLID,gride,gride,8,8,3,25.238847732543945,11.59926414489746,122.0,57.0,plots_extra/metrics/features/length/mean/bert/tables/gride_bert_length.csv,bert/tables_LENGTH/length_bootstrap/length_raw_gride_bert-base-uncased.csv
bert,BERT: MEAN vs FIRST,length,NLID,gride,gride,8,8,4,26.3033504486084,12.945086479187012,127.0,66.0,plots_extra/metrics/features/length/mean/bert/tables/gride_bert_length.csv,bert/tables_LENGTH/length_bootstrap/length_raw_gride_bert-base-uncased.csv
bert,BERT: MEAN vs FIRST,length,NLID,gride,gride,8,8,5,24.8396110534668,13.848180770874023,119.0,74.0,plots_extra/metrics/features/length/mean/bert/tables/gride_bert_length.csv,bert/tables_LENGTH/length_bootstrap/length_raw_gride_bert-base-uncased.csv
bert,BERT: MEAN vs FIRST,length,NLID,gride,gride,8,8,6,25.897998809814453,14.743448257446287,125.0,82.0,plots_extra/metrics/features/length/mean/bert/tables/gride_bert_length.csv,bert/tables_LENGTH/length_bootstrap/length_raw_gride_bert-base-uncased.csv
bert,BERT: MEAN vs FIRST,length,NLID,gride,gride,8,8,7,25.19290351867676,15.621335983276367,121.0,88.0,plots_extra/metrics/features/length/mean/bert/tables/gride_bert_length.csv,bert/tables_LENGTH/length_bootstrap/length_raw_gride_bert-base-uncased.csv
bert,BERT: MEAN vs FIRST,length,NLID,gride,gride,8,8,8,24.438779830932617,16.75065040588379,113.0,95.0,plots_extra/metrics/features/length/mean/bert/tables/gride_bert_length.csv,bert/tables_LENGTH/length_bootstrap/length_raw_gride_bert-base-uncased.csv
bert,BERT: MEAN vs FIRST,length,NLID,gride,gride,8,8,9,25.04279899597168,18.81607437133789,120.0,109.0,plots_extra/metrics/features/length/mean/bert/tables/gride_bert_length.csv,bert/tables_LENGTH/length_bootstrap/length_raw_gride_bert-base-uncased.csv
bert,BERT: MEAN vs FIRST,length,NLID,gride,gride,8,8,10,24.13909912109375,19.749950408935547,111.0,116.0,plots_extra/metrics/features/length/mean/bert/tables/gride_bert_length.csv,bert/tables_LENGTH/length_bootstrap/length_raw_gride_bert-base-uncased.csv
bert,BERT: MEAN vs FIRST,length,NLID,gride,gride,8,8,11,24.750701904296875,21.574687957763672,116.0,124.0,plots_extra/metrics/features/length/mean/bert/tables/gride_bert_length.csv,bert/tables_LENGTH/length_bootstrap/length_raw_gride_bert-base-uncased.csv
bert,BERT: MEAN vs FIRST,length,NLID,gride,gride,8,8,12,26.394222259521484,24.14790153503418,128.0,129.0,plots_extra/metrics/features/length/mean/bert/tables/gride_bert_length.csv,bert/tables_LENGTH/length_bootstrap/length_raw_gride_bert-base-uncased.csv
bert,BERT: MEAN vs FIRST,length,NLID,gride,gride,9,9,0,9.161389350891112,5.554130554199219,23.0,8.0,plots_extra/metrics/features/length/mean/bert/tables/gride_bert_length.csv,bert/tables_LENGTH/length_bootstrap/length_raw_gride_bert-base-uncased.csv
bert,BERT: MEAN vs FIRST,length,NLID,gride,gride,9,9,1,11.586647033691406,6.811935424804688,35.0,14.0,plots_extra/metrics/features/length/mean/bert/tables/gride_bert_length.csv,bert/tables_LENGTH/length_bootstrap/length_raw_gride_bert-base-uncased.csv
bert,BERT: MEAN vs FIRST,length,NLID,gride,gride,9,9,2,13.07554054260254,7.547749519348144,44.0,19.0,plots_extra/metrics/features/length/mean/bert/tables/gride_bert_length.csv,bert/tables_LENGTH/length_bootstrap/length_raw_gride_bert-base-uncased.csv
bert,BERT: MEAN vs FIRST,length,NLID,gride,gride,9,9,3,15.02703094482422,8.619377136230469,50.0,28.0,plots_extra/metrics/features/length/mean/bert/tables/gride_bert_length.csv,bert/tables_LENGTH/length_bootstrap/length_raw_gride_bert-base-uncased.csv
bert,BERT: MEAN vs FIRST,length,NLID,gride,gride,9,9,4,16.720806121826172,9.751516342163086,58.0,36.0,plots_extra/metrics/features/length/mean/bert/tables/gride_bert_length.csv,bert/tables_LENGTH/length_bootstrap/length_raw_gride_bert-base-uncased.csv
bert,BERT: MEAN vs FIRST,length,NLID,gride,gride,9,9,5,16.3814754486084,10.505606651306152,55.0,44.0,plots_extra/metrics/features/length/mean/bert/tables/gride_bert_length.csv,bert/tables_LENGTH/length_bootstrap/length_raw_gride_bert-base-uncased.csv
bert,BERT: MEAN vs FIRST,length,NLID,gride,gride,9,9,6,17.8354434967041,11.216024398803713,66.0,51.0,plots_extra/metrics/features/length/mean/bert/tables/gride_bert_length.csv,bert/tables_LENGTH/length_bootstrap/length_raw_gride_bert-base-uncased.csv
bert,BERT: MEAN vs FIRST,length,NLID,gride,gride,9,9,7,18.07528686523437,11.994874954223633,67.0,59.0,plots_extra/metrics/features/length/mean/bert/tables/gride_bert_length.csv,bert/tables_LENGTH/length_bootstrap/length_raw_gride_bert-base-uncased.csv
bert,BERT: MEAN vs FIRST,length,NLID,gride,gride,9,9,8,18.46086311340332,13.014036178588867,69.0,67.0,plots_extra/metrics/features/length/mean/bert/tables/gride_bert_length.csv,bert/tables_LENGTH/length_bootstrap/length_raw_gride_bert-base-uncased.csv
bert,BERT: MEAN vs FIRST,length,NLID,gride,gride,9,9,9,19.707155227661133,14.695884704589844,76.0,81.0,plots_extra/metrics/features/length/mean/bert/tables/gride_bert_length.csv,bert/tables_LENGTH/length_bootstrap/length_raw_gride_bert-base-uncased.csv
bert,BERT: MEAN vs FIRST,length,NLID,gride,gride,9,9,10,20.035776138305664,15.908235549926758,79.0,90.0,plots_extra/metrics/features/length/mean/bert/tables/gride_bert_length.csv,bert/tables_LENGTH/length_bootstrap/length_raw_gride_bert-base-uncased.csv
bert,BERT: MEAN vs FIRST,length,NLID,gride,gride,9,9,11,21.40689468383789,17.131250381469727,84.0,97.0,plots_extra/metrics/features/length/mean/bert/tables/gride_bert_length.csv,bert/tables_LENGTH/length_bootstrap/length_raw_gride_bert-base-uncased.csv
bert,BERT: MEAN vs FIRST,length,NLID,gride,gride,9,9,12,22.300785064697266,18.664440155029297,90.0,106.0,plots_extra/metrics/features/length/mean/bert/tables/gride_bert_length.csv,bert/tables_LENGTH/length_bootstrap/length_raw_gride_bert-base-uncased.csv
bert,BERT: MEAN vs FIRST,index,IsoScore,iso,iso,1,1,0,0.0500339567661285,0.0110497660934925,1.0,1.0,plots_extra/metrics/features/index/mean/bert/tables/iso_bert_index.csv,bert/tables_INDEX/index_bootstrap/index_raw_iso_bert-base-uncased.csv
bert,BERT: MEAN vs FIRST,index,IsoScore,iso,iso,1,1,1,0.0727810859680175,0.0141940377652645,3.0,4.0,plots_extra/metrics/features/index/mean/bert/tables/iso_bert_index.csv,bert/tables_INDEX/index_bootstrap/index_raw_iso_bert-base-uncased.csv
bert,BERT: MEAN vs FIRST,index,IsoScore,iso,iso,1,1,2,0.0858538299798965,0.0162312611937522,5.0,5.0,plots_extra/metrics/features/index/mean/bert/tables/iso_bert_index.csv,bert/tables_INDEX/index_bootstrap/index_raw_iso_bert-base-uncased.csv
bert,BERT: MEAN vs FIRST,index,IsoScore,iso,iso,1,1,3,0.0991254523396492,0.018580213189125,8.0,14.0,plots_extra/metrics/features/index/mean/bert/tables/iso_bert_index.csv,bert/tables_INDEX/index_bootstrap/index_raw_iso_bert-base-uncased.csv
bert,BERT: MEAN vs FIRST,index,IsoScore,iso,iso,1,1,4,0.0923196375370025,0.0170535556972026,6.0,6.0,plots_extra/metrics/features/index/mean/bert/tables/iso_bert_index.csv,bert/tables_INDEX/index_bootstrap/index_raw_iso_bert-base-uncased.csv
bert,BERT: MEAN vs FIRST,index,IsoScore,iso,iso,1,1,5,0.0992553383111953,0.0178379099816083,9.0,10.0,plots_extra/metrics/features/index/mean/bert/tables/iso_bert_index.csv,bert/tables_INDEX/index_bootstrap/index_raw_iso_bert-base-uncased.csv
bert,BERT: MEAN vs FIRST,index,IsoScore,iso,iso,1,1,6,0.1072055250406265,0.0190786570310592,10.0,16.0,plots_extra/metrics/features/index/mean/bert/tables/iso_bert_index.csv,bert/tables_INDEX/index_bootstrap/index_raw_iso_bert-base-uncased.csv
bert,BERT: MEAN vs FIRST,index,IsoScore,iso,iso,1,1,7,0.1102107018232345,0.0201228074729442,12.0,18.0,plots_extra/metrics/features/index/mean/bert/tables/iso_bert_index.csv,bert/tables_INDEX/index_bootstrap/index_raw_iso_bert-base-uncased.csv
bert,BERT: MEAN vs FIRST,index,IsoScore,iso,iso,1,1,8,0.1090144962072372,0.0208054259419441,11.0,20.0,plots_extra/metrics/features/index/mean/bert/tables/iso_bert_index.csv,bert/tables_INDEX/index_bootstrap/index_raw_iso_bert-base-uncased.csv
bert,BERT: MEAN vs FIRST,index,IsoScore,iso,iso,1,1,9,0.1197379007935524,0.0232330318540334,21.0,26.0,plots_extra/metrics/features/index/mean/bert/tables/iso_bert_index.csv,bert/tables_INDEX/index_bootstrap/index_raw_iso_bert-base-uncased.csv
bert,BERT: MEAN vs FIRST,index,IsoScore,iso,iso,1,1,10,0.1195574402809143,0.0219934321939945,20.0,25.0,plots_extra/metrics/features/index/mean/bert/tables/iso_bert_index.csv,bert/tables_INDEX/index_bootstrap/index_raw_iso_bert-base-uncased.csv
bert,BERT: MEAN vs FIRST,index,IsoScore,iso,iso,1,1,11,0.119841530919075,0.0214414503425359,22.0,23.0,plots_extra/metrics/features/index/mean/bert/tables/iso_bert_index.csv,bert/tables_INDEX/index_bootstrap/index_raw_iso_bert-base-uncased.csv
bert,BERT: MEAN vs FIRST,index,IsoScore,iso,iso,1,1,12,0.0590509958565235,0.0115152979269623,2.0,2.0,plots_extra/metrics/features/index/mean/bert/tables/iso_bert_index.csv,bert/tables_INDEX/index_bootstrap/index_raw_iso_bert-base-uncased.csv
bert,BERT: MEAN vs FIRST,index,IsoScore,iso,iso,10,10,0,0.1174740418791771,0.0177817828953266,16.0,9.0,plots_extra/metrics/features/index/mean/bert/tables/iso_bert_index.csv,bert/tables_INDEX/index_bootstrap/index_raw_iso_bert-base-uncased.csv
bert,BERT: MEAN vs FIRST,index,IsoScore,iso,iso,10,10,1,0.2011887729167938,0.0305557567626237,51.0,37.0,plots_extra/metrics/features/index/mean/bert/tables/iso_bert_index.csv,bert/tables_INDEX/index_bootstrap/index_raw_iso_bert-base-uncased.csv
bert,BERT: MEAN vs FIRST,index,IsoScore,iso,iso,10,10,2,0.255057156085968,0.0365266948938369,93.0,72.0,plots_extra/metrics/features/index/mean/bert/tables/iso_bert_index.csv,bert/tables_INDEX/index_bootstrap/index_raw_iso_bert-base-uncased.csv
bert,BERT: MEAN vs FIRST,index,IsoScore,iso,iso,10,10,3,0.257207453250885,0.0387277640402317,96.0,86.0,plots_extra/metrics/features/index/mean/bert/tables/iso_bert_index.csv,bert/tables_INDEX/index_bootstrap/index_raw_iso_bert-base-uncased.csv
bert,BERT: MEAN vs FIRST,index,IsoScore,iso,iso,10,10,4,0.22478087246418,0.0313161499798297,62.0,42.0,plots_extra/metrics/features/index/mean/bert/tables/iso_bert_index.csv,bert/tables_INDEX/index_bootstrap/index_raw_iso_bert-base-uncased.csv
bert,BERT: MEAN vs FIRST,index,IsoScore,iso,iso,10,10,5,0.2412894964218139,0.0319042094051837,76.0,46.0,plots_extra/metrics/features/index/mean/bert/tables/iso_bert_index.csv,bert/tables_INDEX/index_bootstrap/index_raw_iso_bert-base-uncased.csv
bert,BERT: MEAN vs FIRST,index,IsoScore,iso,iso,10,10,6,0.2420193701982498,0.0313749872148036,77.0,43.0,plots_extra/metrics/features/index/mean/bert/tables/iso_bert_index.csv,bert/tables_INDEX/index_bootstrap/index_raw_iso_bert-base-uncased.csv
bert,BERT: MEAN vs FIRST,index,IsoScore,iso,iso,10,10,7,0.2509453892707824,0.0324193648993968,88.0,50.0,plots_extra/metrics/features/index/mean/bert/tables/iso_bert_index.csv,bert/tables_INDEX/index_bootstrap/index_raw_iso_bert-base-uncased.csv
bert,BERT: MEAN vs FIRST,index,IsoScore,iso,iso,10,10,8,0.2365092784166336,0.0324378162622451,70.0,51.0,plots_extra/metrics/features/index/mean/bert/tables/iso_bert_index.csv,bert/tables_INDEX/index_bootstrap/index_raw_iso_bert-base-uncased.csv
bert,BERT: MEAN vs FIRST,index,IsoScore,iso,iso,10,10,9,0.234346717596054,0.0322620756924152,68.0,47.0,plots_extra/metrics/features/index/mean/bert/tables/iso_bert_index.csv,bert/tables_INDEX/index_bootstrap/index_raw_iso_bert-base-uncased.csv
bert,BERT: MEAN vs FIRST,index,IsoScore,iso,iso,10,10,10,0.2060784548521042,0.0268430467694997,53.0,30.0,plots_extra/metrics/features/index/mean/bert/tables/iso_bert_index.csv,bert/tables_INDEX/index_bootstrap/index_raw_iso_bert-base-uncased.csv
bert,BERT: MEAN vs FIRST,index,IsoScore,iso,iso,10,10,11,0.163531869649887,0.0210231803357601,30.0,21.0,plots_extra/metrics/features/index/mean/bert/tables/iso_bert_index.csv,bert/tables_INDEX/index_bootstrap/index_raw_iso_bert-base-uncased.csv
bert,BERT: MEAN vs FIRST,index,IsoScore,iso,iso,10,10,12,0.0843231603503227,0.0127838216722011,4.0,3.0,plots_extra/metrics/features/index/mean/bert/tables/iso_bert_index.csv,bert/tables_INDEX/index_bootstrap/index_raw_iso_bert-base-uncased.csv
bert,BERT: MEAN vs FIRST,index,IsoScore,iso,iso,2,2,0,0.0981974601745605,0.0213699862360954,7.0,22.0,plots_extra/metrics/features/index/mean/bert/tables/iso_bert_index.csv,bert/tables_INDEX/index_bootstrap/index_raw_iso_bert-base-uncased.csv
bert,BERT: MEAN vs FIRST,index,IsoScore,iso,iso,2,2,1,0.1370572745800018,0.0293324496597051,25.0,33.0,plots_extra/metrics/features/index/mean/bert/tables/iso_bert_index.csv,bert/tables_INDEX/index_bootstrap/index_raw_iso_bert-base-uncased.csv
bert,BERT: MEAN vs FIRST,index,IsoScore,iso,iso,2,2,2,0.1669754236936569,0.0334182418882846,32.0,54.0,plots_extra/metrics/features/index/mean/bert/tables/iso_bert_index.csv,bert/tables_INDEX/index_bootstrap/index_raw_iso_bert-base-uncased.csv
bert,BERT: MEAN vs FIRST,index,IsoScore,iso,iso,2,2,3,0.1803150177001953,0.0362118445336818,36.0,69.0,plots_extra/metrics/features/index/mean/bert/tables/iso_bert_index.csv,bert/tables_INDEX/index_bootstrap/index_raw_iso_bert-base-uncased.csv
bert,BERT: MEAN vs FIRST,index,IsoScore,iso,iso,2,2,4,0.1743279993534088,0.0316768772900104,33.0,45.0,plots_extra/metrics/features/index/mean/bert/tables/iso_bert_index.csv,bert/tables_INDEX/index_bootstrap/index_raw_iso_bert-base-uncased.csv
bert,BERT: MEAN vs FIRST,index,IsoScore,iso,iso,2,2,5,0.1918811351060867,0.0340217314660549,41.0,57.0,plots_extra/metrics/features/index/mean/bert/tables/iso_bert_index.csv,bert/tables_INDEX/index_bootstrap/index_raw_iso_bert-base-uncased.csv
bert,BERT: MEAN vs FIRST,index,IsoScore,iso,iso,2,2,6,0.2010330259799957,0.036433532834053,49.0,71.0,plots_extra/metrics/features/index/mean/bert/tables/iso_bert_index.csv,bert/tables_INDEX/index_bootstrap/index_raw_iso_bert-base-uncased.csv
bert,BERT: MEAN vs FIRST,index,IsoScore,iso,iso,2,2,7,0.1980458348989486,0.036290768533945,45.0,70.0,plots_extra/metrics/features/index/mean/bert/tables/iso_bert_index.csv,bert/tables_INDEX/index_bootstrap/index_raw_iso_bert-base-uncased.csv
bert,BERT: MEAN vs FIRST,index,IsoScore,iso,iso,2,2,8,0.1866243183612823,0.0358855165541172,37.0,67.0,plots_extra/metrics/features/index/mean/bert/tables/iso_bert_index.csv,bert/tables_INDEX/index_bootstrap/index_raw_iso_bert-base-uncased.csv
bert,BERT: MEAN vs FIRST,index,IsoScore,iso,iso,2,2,9,0.1754237711429596,0.0343068614602088,34.0,60.0,plots_extra/metrics/features/index/mean/bert/tables/iso_bert_index.csv,bert/tables_INDEX/index_bootstrap/index_raw_iso_bert-base-uncased.csv
bert,BERT: MEAN vs FIRST,index,IsoScore,iso,iso,2,2,10,0.1669580042362213,0.0293508321046829,31.0,34.0,plots_extra/metrics/features/index/mean/bert/tables/iso_bert_index.csv,bert/tables_INDEX/index_bootstrap/index_raw_iso_bert-base-uncased.csv
bert,BERT: MEAN vs FIRST,index,IsoScore,iso,iso,2,2,11,0.1599063575267791,0.0280527491122484,28.0,31.0,plots_extra/metrics/features/index/mean/bert/tables/iso_bert_index.csv,bert/tables_INDEX/index_bootstrap/index_raw_iso_bert-base-uncased.csv
bert,BERT: MEAN vs FIRST,index,IsoScore,iso,iso,2,2,12,0.1527794897556305,0.0251786336302757,27.0,28.0,plots_extra/metrics/features/index/mean/bert/tables/iso_bert_index.csv,bert/tables_INDEX/index_bootstrap/index_raw_iso_bert-base-uncased.csv
bert,BERT: MEAN vs FIRST,index,IsoScore,iso,iso,3,3,0,0.1193844079971313,0.0204909089952707,18.0,19.0,plots_extra/metrics/features/index/mean/bert/tables/iso_bert_index.csv,bert/tables_INDEX/index_bootstrap/index_raw_iso_bert-base-uncased.csv
bert,BERT: MEAN vs FIRST,index,IsoScore,iso,iso,3,3,1,0.1761604398488998,0.0342666432261467,35.0,59.0,plots_extra/metrics/features/index/mean/bert/tables/iso_bert_index.csv,bert/tables_INDEX/index_bootstrap/index_raw_iso_bert-base-uncased.csv
bert,BERT: MEAN vs FIRST,index,IsoScore,iso,iso,3,3,2,0.2124920338392257,0.0423890650272369,57.0,107.0,plots_extra/metrics/features/index/mean/bert/tables/iso_bert_index.csv,bert/tables_INDEX/index_bootstrap/index_raw_iso_bert-base-uncased.csv
bert,BERT: MEAN vs FIRST,index,IsoScore,iso,iso,3,3,3,0.2264766991138458,0.0445889420807361,64.0,118.0,plots_extra/metrics/features/index/mean/bert/tables/iso_bert_index.csv,bert/tables_INDEX/index_bootstrap/index_raw_iso_bert-base-uncased.csv
bert,BERT: MEAN vs FIRST,index,IsoScore,iso,iso,3,3,4,0.2228864729404449,0.0386803112924099,61.0,84.0,plots_extra/metrics/features/index/mean/bert/tables/iso_bert_index.csv,bert/tables_INDEX/index_bootstrap/index_raw_iso_bert-base-uncased.csv
bert,BERT: MEAN vs FIRST,index,IsoScore,iso,iso,3,3,5,0.2423722445964813,0.0408936515450477,78.0,97.0,plots_extra/metrics/features/index/mean/bert/tables/iso_bert_index.csv,bert/tables_INDEX/index_bootstrap/index_raw_iso_bert-base-uncased.csv
bert,BERT: MEAN vs FIRST,index,IsoScore,iso,iso,3,3,6,0.2584216892719269,0.0452941879630088,100.0,122.0,plots_extra/metrics/features/index/mean/bert/tables/iso_bert_index.csv,bert/tables_INDEX/index_bootstrap/index_raw_iso_bert-base-uncased.csv
bert,BERT: MEAN vs FIRST,index,IsoScore,iso,iso,3,3,7,0.2622411847114563,0.0475880615413188,104.0,128.0,plots_extra/metrics/features/index/mean/bert/tables/iso_bert_index.csv,bert/tables_INDEX/index_bootstrap/index_raw_iso_bert-base-uncased.csv
bert,BERT: MEAN vs FIRST,index,IsoScore,iso,iso,3,3,8,0.247669905424118,0.0449793823063373,83.0,121.0,plots_extra/metrics/features/index/mean/bert/tables/iso_bert_index.csv,bert/tables_INDEX/index_bootstrap/index_raw_iso_bert-base-uncased.csv
bert,BERT: MEAN vs FIRST,index,IsoScore,iso,iso,3,3,9,0.2345210313796997,0.0473585650324821,69.0,127.0,plots_extra/metrics/features/index/mean/bert/tables/iso_bert_index.csv,bert/tables_INDEX/index_bootstrap/index_raw_iso_bert-base-uncased.csv
bert,BERT: MEAN vs FIRST,index,IsoScore,iso,iso,3,3,10,0.2153751850128173,0.0395321622490882,58.0,90.0,plots_extra/metrics/features/index/mean/bert/tables/iso_bert_index.csv,bert/tables_INDEX/index_bootstrap/index_raw_iso_bert-base-uncased.csv
bert,BERT: MEAN vs FIRST,index,IsoScore,iso,iso,3,3,11,0.2016277760267257,0.0337130539119243,52.0,55.0,plots_extra/metrics/features/index/mean/bert/tables/iso_bert_index.csv,bert/tables_INDEX/index_bootstrap/index_raw_iso_bert-base-uncased.csv
bert,BERT: MEAN vs FIRST,index,IsoScore,iso,iso,3,3,12,0.197362333536148,0.0312644802033901,44.0,41.0,plots_extra/metrics/features/index/mean/bert/tables/iso_bert_index.csv,bert/tables_INDEX/index_bootstrap/index_raw_iso_bert-base-uncased.csv
bert,BERT: MEAN vs FIRST,index,IsoScore,iso,iso,4,4,0,0.1194490790367126,0.0189693178981542,19.0,15.0,plots_extra/metrics/features/index/mean/bert/tables/iso_bert_index.csv,bert/tables_INDEX/index_bootstrap/index_raw_iso_bert-base-uncased.csv
bert,BERT: MEAN vs FIRST,index,IsoScore,iso,iso,4,4,1,0.1890431195497512,0.0323457233607769,39.0,48.0,plots_extra/metrics/features/index/mean/bert/tables/iso_bert_index.csv,bert/tables_INDEX/index_bootstrap/index_raw_iso_bert-base-uncased.csv
bert,BERT: MEAN vs FIRST,index,IsoScore,iso,iso,4,4,2,0.2319135218858719,0.0400117076933383,66.0,93.0,plots_extra/metrics/features/index/mean/bert/tables/iso_bert_index.csv,bert/tables_INDEX/index_bootstrap/index_raw_iso_bert-base-uncased.csv
bert,BERT: MEAN vs FIRST,index,IsoScore,iso,iso,4,4,3,0.246282622218132,0.043250236660242,81.0,110.0,plots_extra/metrics/features/index/mean/bert/tables/iso_bert_index.csv,bert/tables_INDEX/index_bootstrap/index_raw_iso_bert-base-uncased.csv
bert,BERT: MEAN vs FIRST,index,IsoScore,iso,iso,4,4,4,0.2398492395877838,0.0378575511276721,75.0,80.0,plots_extra/metrics/features/index/mean/bert/tables/iso_bert_index.csv,bert/tables_INDEX/index_bootstrap/index_raw_iso_bert-base-uncased.csv
bert,BERT: MEAN vs FIRST,index,IsoScore,iso,iso,4,4,5,0.2627768814563751,0.0407697111368179,106.0,96.0,plots_extra/metrics/features/index/mean/bert/tables/iso_bert_index.csv,bert/tables_INDEX/index_bootstrap/index_raw_iso_bert-base-uncased.csv
bert,BERT: MEAN vs FIRST,index,IsoScore,iso,iso,4,4,6,0.2809310853481293,0.045590303838253,122.0,123.0,plots_extra/metrics/features/index/mean/bert/tables/iso_bert_index.csv,bert/tables_INDEX/index_bootstrap/index_raw_iso_bert-base-uncased.csv
bert,BERT: MEAN vs FIRST,index,IsoScore,iso,iso,4,4,7,0.2877205014228821,0.0479755438864231,125.0,130.0,plots_extra/metrics/features/index/mean/bert/tables/iso_bert_index.csv,bert/tables_INDEX/index_bootstrap/index_raw_iso_bert-base-uncased.csv
bert,BERT: MEAN vs FIRST,index,IsoScore,iso,iso,4,4,8,0.2736195623874664,0.0460377745330333,116.0,125.0,plots_extra/metrics/features/index/mean/bert/tables/iso_bert_index.csv,bert/tables_INDEX/index_bootstrap/index_raw_iso_bert-base-uncased.csv
bert,BERT: MEAN vs FIRST,index,IsoScore,iso,iso,4,4,9,0.2589919865131378,0.0477864369750022,101.0,129.0,plots_extra/metrics/features/index/mean/bert/tables/iso_bert_index.csv,bert/tables_INDEX/index_bootstrap/index_raw_iso_bert-base-uncased.csv
bert,BERT: MEAN vs FIRST,index,IsoScore,iso,iso,4,4,10,0.2377375364303589,0.0439417250454425,71.0,114.0,plots_extra/metrics/features/index/mean/bert/tables/iso_bert_index.csv,bert/tables_INDEX/index_bootstrap/index_raw_iso_bert-base-uncased.csv
bert,BERT: MEAN vs FIRST,index,IsoScore,iso,iso,4,4,11,0.2208663523197174,0.0367489717900753,60.0,75.0,plots_extra/metrics/features/index/mean/bert/tables/iso_bert_index.csv,bert/tables_INDEX/index_bootstrap/index_raw_iso_bert-base-uncased.csv
bert,BERT: MEAN vs FIRST,index,IsoScore,iso,iso,4,4,12,0.2074451893568039,0.0340469926595687,54.0,58.0,plots_extra/metrics/features/index/mean/bert/tables/iso_bert_index.csv,bert/tables_INDEX/index_bootstrap/index_raw_iso_bert-base-uncased.csv
bert,BERT: MEAN vs FIRST,index,IsoScore,iso,iso,5,5,0,0.1222266927361488,0.0183995962142944,23.0,13.0,plots_extra/metrics/features/index/mean/bert/tables/iso_bert_index.csv,bert/tables_INDEX/index_bootstrap/index_raw_iso_bert-base-uncased.csv
bert,BERT: MEAN vs FIRST,index,IsoScore,iso,iso,5,5,1,0.201106458902359,0.0315910503268241,50.0,44.0,plots_extra/metrics/features/index/mean/bert/tables/iso_bert_index.csv,bert/tables_INDEX/index_bootstrap/index_raw_iso_bert-base-uncased.csv
bert,BERT: MEAN vs FIRST,index,IsoScore,iso,iso,5,5,2,0.2493427246809005,0.039064135402441,85.0,88.0,plots_extra/metrics/features/index/mean/bert/tables/iso_bert_index.csv,bert/tables_INDEX/index_bootstrap/index_raw_iso_bert-base-uncased.csv
bert,BERT: MEAN vs FIRST,index,IsoScore,iso,iso,5,5,3,0.2629705369472503,0.0419016443192958,107.0,104.0,plots_extra/metrics/features/index/mean/bert/tables/iso_bert_index.csv,bert/tables_INDEX/index_bootstrap/index_raw_iso_bert-base-uncased.csv
bert,BERT: MEAN vs FIRST,index,IsoScore,iso,iso,5,5,4,0.2537845969200134,0.0366744548082351,92.0,74.0,plots_extra/metrics/features/index/mean/bert/tables/iso_bert_index.csv,bert/tables_INDEX/index_bootstrap/index_raw_iso_bert-base-uncased.csv
bert,BERT: MEAN vs FIRST,index,IsoScore,iso,iso,5,5,5,0.2773667871952057,0.0391038730740547,117.0,89.0,plots_extra/metrics/features/index/mean/bert/tables/iso_bert_index.csv,bert/tables_INDEX/index_bootstrap/index_raw_iso_bert-base-uncased.csv
bert,BERT: MEAN vs FIRST,index,IsoScore,iso,iso,5,5,6,0.2977827489376068,0.0434367023408412,129.0,111.0,plots_extra/metrics/features/index/mean/bert/tables/iso_bert_index.csv,bert/tables_INDEX/index_bootstrap/index_raw_iso_bert-base-uncased.csv
bert,BERT: MEAN vs FIRST,index,IsoScore,iso,iso,5,5,7,0.306454598903656,0.0459742732346057,130.0,124.0,plots_extra/metrics/features/index/mean/bert/tables/iso_bert_index.csv,bert/tables_INDEX/index_bootstrap/index_raw_iso_bert-base-uncased.csv
bert,BERT: MEAN vs FIRST,index,IsoScore,iso,iso,5,5,8,0.2912957966327667,0.0444106571376323,127.0,117.0,plots_extra/metrics/features/index/mean/bert/tables/iso_bert_index.csv,bert/tables_INDEX/index_bootstrap/index_raw_iso_bert-base-uncased.csv
bert,BERT: MEAN vs FIRST,index,IsoScore,iso,iso,5,5,9,0.2781237959861755,0.0462789386510849,119.0,126.0,plots_extra/metrics/features/index/mean/bert/tables/iso_bert_index.csv,bert/tables_INDEX/index_bootstrap/index_raw_iso_bert-base-uncased.csv
bert,BERT: MEAN vs FIRST,index,IsoScore,iso,iso,5,5,10,0.2533608078956604,0.0447033755481243,91.0,119.0,plots_extra/metrics/features/index/mean/bert/tables/iso_bert_index.csv,bert/tables_INDEX/index_bootstrap/index_raw_iso_bert-base-uncased.csv
bert,BERT: MEAN vs FIRST,index,IsoScore,iso,iso,5,5,11,0.2333349883556366,0.0383030883967876,67.0,82.0,plots_extra/metrics/features/index/mean/bert/tables/iso_bert_index.csv,bert/tables_INDEX/index_bootstrap/index_raw_iso_bert-base-uncased.csv
bert,BERT: MEAN vs FIRST,index,IsoScore,iso,iso,5,5,12,0.2112161368131637,0.0346627607941627,56.0,62.0,plots_extra/metrics/features/index/mean/bert/tables/iso_bert_index.csv,bert/tables_INDEX/index_bootstrap/index_raw_iso_bert-base-uncased.csv
bert,BERT: MEAN vs FIRST,index,IsoScore,iso,iso,6,6,0,0.1170611232519149,0.0179404821246862,15.0,11.0,plots_extra/metrics/features/index/mean/bert/tables/iso_bert_index.csv,bert/tables_INDEX/index_bootstrap/index_raw_iso_bert-base-uncased.csv
bert,BERT: MEAN vs FIRST,index,IsoScore,iso,iso,6,6,1,0.1980546861886978,0.0310902092605829,46.0,39.0,plots_extra/metrics/features/index/mean/bert/tables/iso_bert_index.csv,bert/tables_INDEX/index_bootstrap/index_raw_iso_bert-base-uncased.csv
bert,BERT: MEAN vs FIRST,index,IsoScore,iso,iso,6,6,2,0.2491289377212524,0.0386306159198284,84.0,83.0,plots_extra/metrics/features/index/mean/bert/tables/iso_bert_index.csv,bert/tables_INDEX/index_bootstrap/index_raw_iso_bert-base-uncased.csv
bert,BERT: MEAN vs FIRST,index,IsoScore,iso,iso,6,6,3,0.2611404061317444,0.0414312705397605,103.0,101.0,plots_extra/metrics/features/index/mean/bert/tables/iso_bert_index.csv,bert/tables_INDEX/index_bootstrap/index_raw_iso_bert-base-uncased.csv
bert,BERT: MEAN vs FIRST,index,IsoScore,iso,iso,6,6,4,0.2504075765609741,0.0361354574561119,87.0,68.0,plots_extra/metrics/features/index/mean/bert/tables/iso_bert_index.csv,bert/tables_INDEX/index_bootstrap/index_raw_iso_bert-base-uncased.csv
bert,BERT: MEAN vs FIRST,index,IsoScore,iso,iso,6,6,5,0.2713199257850647,0.0377799719572067,113.0,79.0,plots_extra/metrics/features/index/mean/bert/tables/iso_bert_index.csv,bert/tables_INDEX/index_bootstrap/index_raw_iso_bert-base-uncased.csv
bert,BERT: MEAN vs FIRST,index,IsoScore,iso,iso,6,6,6,0.2872986197471618,0.0415668189525604,124.0,102.0,plots_extra/metrics/features/index/mean/bert/tables/iso_bert_index.csv,bert/tables_INDEX/index_bootstrap/index_raw_iso_bert-base-uncased.csv
bert,BERT: MEAN vs FIRST,index,IsoScore,iso,iso,6,6,7,0.2965821921825409,0.0447273477911949,128.0,120.0,plots_extra/metrics/features/index/mean/bert/tables/iso_bert_index.csv,bert/tables_INDEX/index_bootstrap/index_raw_iso_bert-base-uncased.csv
bert,BERT: MEAN vs FIRST,index,IsoScore,iso,iso,6,6,8,0.2785899043083191,0.0439367517828941,121.0,113.0,plots_extra/metrics/features/index/mean/bert/tables/iso_bert_index.csv,bert/tables_INDEX/index_bootstrap/index_raw_iso_bert-base-uncased.csv
bert,BERT: MEAN vs FIRST,index,IsoScore,iso,iso,6,6,9,0.2691870331764221,0.0442429669201374,112.0,116.0,plots_extra/metrics/features/index/mean/bert/tables/iso_bert_index.csv,bert/tables_INDEX/index_bootstrap/index_raw_iso_bert-base-uncased.csv
bert,BERT: MEAN vs FIRST,index,IsoScore,iso,iso,6,6,10,0.2442541867494583,0.0395718216896057,79.0,91.0,plots_extra/metrics/features/index/mean/bert/tables/iso_bert_index.csv,bert/tables_INDEX/index_bootstrap/index_raw_iso_bert-base-uncased.csv
bert,BERT: MEAN vs FIRST,index,IsoScore,iso,iso,6,6,11,0.2187785357236862,0.0330158248543739,59.0,52.0,plots_extra/metrics/features/index/mean/bert/tables/iso_bert_index.csv,bert/tables_INDEX/index_bootstrap/index_raw_iso_bert-base-uncased.csv
bert,BERT: MEAN vs FIRST,index,IsoScore,iso,iso,6,6,12,0.1871491372585296,0.0323834531009197,38.0,49.0,plots_extra/metrics/features/index/mean/bert/tables/iso_bert_index.csv,bert/tables_INDEX/index_bootstrap/index_raw_iso_bert-base-uncased.csv
bert,BERT: MEAN vs FIRST,index,IsoScore,iso,iso,7,7,0,0.1180770173668861,0.0180855337530374,17.0,12.0,plots_extra/metrics/features/index/mean/bert/tables/iso_bert_index.csv,bert/tables_INDEX/index_bootstrap/index_raw_iso_bert-base-uncased.csv
bert,BERT: MEAN vs FIRST,index,IsoScore,iso,iso,7,7,1,0.1996840685606002,0.031227096915245,47.0,40.0,plots_extra/metrics/features/index/mean/bert/tables/iso_bert_index.csv,bert/tables_INDEX/index_bootstrap/index_raw_iso_bert-base-uncased.csv
bert,BERT: MEAN vs FIRST,index,IsoScore,iso,iso,7,7,2,0.251817524433136,0.0386861562728881,89.0,85.0,plots_extra/metrics/features/index/mean/bert/tables/iso_bert_index.csv,bert/tables_INDEX/index_bootstrap/index_raw_iso_bert-base-uncased.csv
bert,BERT: MEAN vs FIRST,index,IsoScore,iso,iso,7,7,3,0.2625505030155182,0.0412843078374862,105.0,100.0,plots_extra/metrics/features/index/mean/bert/tables/iso_bert_index.csv,bert/tables_INDEX/index_bootstrap/index_raw_iso_bert-base-uncased.csv
bert,BERT: MEAN vs FIRST,index,IsoScore,iso,iso,7,7,4,0.2474048435688018,0.0355230271816253,82.0,66.0,plots_extra/metrics/features/index/mean/bert/tables/iso_bert_index.csv,bert/tables_INDEX/index_bootstrap/index_raw_iso_bert-base-uncased.csv
bert,BERT: MEAN vs FIRST,index,IsoScore,iso,iso,7,7,5,0.2657803297042846,0.0365423411130905,110.0,73.0,plots_extra/metrics/features/index/mean/bert/tables/iso_bert_index.csv,bert/tables_INDEX/index_bootstrap/index_raw_iso_bert-base-uncased.csv
bert,BERT: MEAN vs FIRST,index,IsoScore,iso,iso,7,7,6,0.2785676121711731,0.0400753654539585,120.0,94.0,plots_extra/metrics/features/index/mean/bert/tables/iso_bert_index.csv,bert/tables_INDEX/index_bootstrap/index_raw_iso_bert-base-uncased.csv
bert,BERT: MEAN vs FIRST,index,IsoScore,iso,iso,7,7,7,0.288845032453537,0.0430275872349739,126.0,109.0,plots_extra/metrics/features/index/mean/bert/tables/iso_bert_index.csv,bert/tables_INDEX/index_bootstrap/index_raw_iso_bert-base-uncased.csv
bert,BERT: MEAN vs FIRST,index,IsoScore,iso,iso,7,7,8,0.2716042995452881,0.0436371527612209,114.0,112.0,plots_extra/metrics/features/index/mean/bert/tables/iso_bert_index.csv,bert/tables_INDEX/index_bootstrap/index_raw_iso_bert-base-uncased.csv
bert,BERT: MEAN vs FIRST,index,IsoScore,iso,iso,7,7,9,0.2634826600551605,0.0441211275756359,108.0,115.0,plots_extra/metrics/features/index/mean/bert/tables/iso_bert_index.csv,bert/tables_INDEX/index_bootstrap/index_raw_iso_bert-base-uncased.csv
bert,BERT: MEAN vs FIRST,index,IsoScore,iso,iso,7,7,10,0.2381806820631027,0.0373708494007587,72.0,76.0,plots_extra/metrics/features/index/mean/bert/tables/iso_bert_index.csv,bert/tables_INDEX/index_bootstrap/index_raw_iso_bert-base-uncased.csv
bert,BERT: MEAN vs FIRST,index,IsoScore,iso,iso,7,7,11,0.2084670960903167,0.0302671510726213,55.0,35.0,plots_extra/metrics/features/index/mean/bert/tables/iso_bert_index.csv,bert/tables_INDEX/index_bootstrap/index_raw_iso_bert-base-uncased.csv
bert,BERT: MEAN vs FIRST,index,IsoScore,iso,iso,7,7,12,0.1627301275730133,0.0251320861279964,29.0,27.0,plots_extra/metrics/features/index/mean/bert/tables/iso_bert_index.csv,bert/tables_INDEX/index_bootstrap/index_raw_iso_bert-base-uncased.csv
bert,BERT: MEAN vs FIRST,index,IsoScore,iso,iso,8,8,0,0.1141357794404029,0.0177532993257045,13.0,8.0,plots_extra/metrics/features/index/mean/bert/tables/iso_bert_index.csv,bert/tables_INDEX/index_bootstrap/index_raw_iso_bert-base-uncased.csv
bert,BERT: MEAN vs FIRST,index,IsoScore,iso,iso,8,8,1,0.1948972642421722,0.0306423231959342,42.0,38.0,plots_extra/metrics/features/index/mean/bert/tables/iso_bert_index.csv,bert/tables_INDEX/index_bootstrap/index_raw_iso_bert-base-uncased.csv
bert,BERT: MEAN vs FIRST,index,IsoScore,iso,iso,8,8,2,0.2453840672969818,0.0374691858887672,80.0,78.0,plots_extra/metrics/features/index/mean/bert/tables/iso_bert_index.csv,bert/tables_INDEX/index_bootstrap/index_raw_iso_bert-base-uncased.csv
bert,BERT: MEAN vs FIRST,index,IsoScore,iso,iso,8,8,3,0.2563254237174988,0.0400924161076545,94.0,95.0,plots_extra/metrics/features/index/mean/bert/tables/iso_bert_index.csv,bert/tables_INDEX/index_bootstrap/index_raw_iso_bert-base-uncased.csv
bert,BERT: MEAN vs FIRST,index,IsoScore,iso,iso,8,8,4,0.2391887605190277,0.034318596124649,74.0,61.0,plots_extra/metrics/features/index/mean/bert/tables/iso_bert_index.csv,bert/tables_INDEX/index_bootstrap/index_raw_iso_bert-base-uncased.csv
bert,BERT: MEAN vs FIRST,index,IsoScore,iso,iso,8,8,5,0.2583779394626617,0.0354256927967071,99.0,65.0,plots_extra/metrics/features/index/mean/bert/tables/iso_bert_index.csv,bert/tables_INDEX/index_bootstrap/index_raw_iso_bert-base-uncased.csv
bert,BERT: MEAN vs FIRST,index,IsoScore,iso,iso,8,8,6,0.2719321846961975,0.0388765558600425,115.0,87.0,plots_extra/metrics/features/index/mean/bert/tables/iso_bert_index.csv,bert/tables_INDEX/index_bootstrap/index_raw_iso_bert-base-uncased.csv
bert,BERT: MEAN vs FIRST,index,IsoScore,iso,iso,8,8,7,0.2814234793186188,0.0418850146234035,123.0,103.0,plots_extra/metrics/features/index/mean/bert/tables/iso_bert_index.csv,bert/tables_INDEX/index_bootstrap/index_raw_iso_bert-base-uncased.csv
bert,BERT: MEAN vs FIRST,index,IsoScore,iso,iso,8,8,8,0.2647505104541778,0.0427444018423557,109.0,108.0,plots_extra/metrics/features/index/mean/bert/tables/iso_bert_index.csv,bert/tables_INDEX/index_bootstrap/index_raw_iso_bert-base-uncased.csv
bert,BERT: MEAN vs FIRST,index,IsoScore,iso,iso,8,8,9,0.2569862604141235,0.0420638360083103,95.0,106.0,plots_extra/metrics/features/index/mean/bert/tables/iso_bert_index.csv,bert/tables_INDEX/index_bootstrap/index_raw_iso_bert-base-uncased.csv
bert,BERT: MEAN vs FIRST,index,IsoScore,iso,iso,8,8,10,0.23157799243927,0.0351565144956111,65.0,64.0,plots_extra/metrics/features/index/mean/bert/tables/iso_bert_index.csv,bert/tables_INDEX/index_bootstrap/index_raw_iso_bert-base-uncased.csv
bert,BERT: MEAN vs FIRST,index,IsoScore,iso,iso,8,8,11,0.2002232819795608,0.0284086391329765,48.0,32.0,plots_extra/metrics/features/index/mean/bert/tables/iso_bert_index.csv,bert/tables_INDEX/index_bootstrap/index_raw_iso_bert-base-uncased.csv
bert,BERT: MEAN vs FIRST,index,IsoScore,iso,iso,8,8,12,0.147333025932312,0.0219798143953084,26.0,24.0,plots_extra/metrics/features/index/mean/bert/tables/iso_bert_index.csv,bert/tables_INDEX/index_bootstrap/index_raw_iso_bert-base-uncased.csv
bert,BERT: MEAN vs FIRST,index,IsoScore,iso,iso,9,9,0,0.1141486912965774,0.0175857581198215,14.0,7.0,plots_extra/metrics/features/index/mean/bert/tables/iso_bert_index.csv,bert/tables_INDEX/index_bootstrap/index_raw_iso_bert-base-uncased.csv
bert,BERT: MEAN vs FIRST,index,IsoScore,iso,iso,9,9,1,0.1963710486888885,0.0303885750472545,43.0,36.0,plots_extra/metrics/features/index/mean/bert/tables/iso_bert_index.csv,bert/tables_INDEX/index_bootstrap/index_raw_iso_bert-base-uncased.csv
bert,BERT: MEAN vs FIRST,index,IsoScore,iso,iso,9,9,2,0.2496588975191116,0.0373843200504779,86.0,77.0,plots_extra/metrics/features/index/mean/bert/tables/iso_bert_index.csv,bert/tables_INDEX/index_bootstrap/index_raw_iso_bert-base-uncased.csv
bert,BERT: MEAN vs FIRST,index,IsoScore,iso,iso,9,9,3,0.2579766511917114,0.0396641008555889,97.0,92.0,plots_extra/metrics/features/index/mean/bert/tables/iso_bert_index.csv,bert/tables_INDEX/index_bootstrap/index_raw_iso_bert-base-uncased.csv
bert,BERT: MEAN vs FIRST,index,IsoScore,iso,iso,9,9,4,0.2391088902950287,0.033919584006071,73.0,56.0,plots_extra/metrics/features/index/mean/bert/tables/iso_bert_index.csv,bert/tables_INDEX/index_bootstrap/index_raw_iso_bert-base-uncased.csv
bert,BERT: MEAN vs FIRST,index,IsoScore,iso,iso,9,9,5,0.2579947113990783,0.0350008979439735,98.0,63.0,plots_extra/metrics/features/index/mean/bert/tables/iso_bert_index.csv,bert/tables_INDEX/index_bootstrap/index_raw_iso_bert-base-uncased.csv
bert,BERT: MEAN vs FIRST,index,IsoScore,iso,iso,9,9,6,0.2691806852817535,0.0380554944276809,111.0,81.0,plots_extra/metrics/features/index/mean/bert/tables/iso_bert_index.csv,bert/tables_INDEX/index_bootstrap/index_raw_iso_bert-base-uncased.csv
bert,BERT: MEAN vs FIRST,index,IsoScore,iso,iso,9,9,7,0.2778899371623993,0.0410451851785182,118.0,99.0,plots_extra/metrics/features/index/mean/bert/tables/iso_bert_index.csv,bert/tables_INDEX/index_bootstrap/index_raw_iso_bert-base-uncased.csv
bert,BERT: MEAN vs FIRST,index,IsoScore,iso,iso,9,9,8,0.2602617740631103,0.0419816672801971,102.0,105.0,plots_extra/metrics/features/index/mean/bert/tables/iso_bert_index.csv,bert/tables_INDEX/index_bootstrap/index_raw_iso_bert-base-uncased.csv
bert,BERT: MEAN vs FIRST,index,IsoScore,iso,iso,9,9,9,0.251821219921112,0.0410448163747787,90.0,98.0,plots_extra/metrics/features/index/mean/bert/tables/iso_bert_index.csv,bert/tables_INDEX/index_bootstrap/index_raw_iso_bert-base-uncased.csv
bert,BERT: MEAN vs FIRST,index,IsoScore,iso,iso,9,9,10,0.2248355448246002,0.0332198217511177,63.0,53.0,plots_extra/metrics/features/index/mean/bert/tables/iso_bert_index.csv,bert/tables_INDEX/index_bootstrap/index_raw_iso_bert-base-uncased.csv
bert,BERT: MEAN vs FIRST,index,IsoScore,iso,iso,9,9,11,0.1910326480865478,0.0264552310109138,40.0,29.0,plots_extra/metrics/features/index/mean/bert/tables/iso_bert_index.csv,bert/tables_INDEX/index_bootstrap/index_raw_iso_bert-base-uncased.csv
bert,BERT: MEAN vs FIRST,index,IsoScore,iso,iso,9,9,12,0.1318832337856292,0.0194500107318162,24.0,17.0,plots_extra/metrics/features/index/mean/bert/tables/iso_bert_index.csv,bert/tables_INDEX/index_bootstrap/index_raw_iso_bert-base-uncased.csv
bert,BERT: MEAN vs FIRST,index,LID,lpca99,lpca99,1,1,0,418.75,475.75,1.0,1.0,plots_extra/metrics/features/index/mean/bert/tables/lpca99_bert_index.csv,bert/tables_INDEX/index_bootstrap/index_raw_lpca99_bert-base-uncased.csv
bert,BERT: MEAN vs FIRST,index,LID,lpca99,lpca99,1,1,1,502.875,545.6500244140625,2.0,2.0,plots_extra/metrics/features/index/mean/bert/tables/lpca99_bert_index.csv,bert/tables_INDEX/index_bootstrap/index_raw_lpca99_bert-base-uncased.csv
bert,BERT: MEAN vs FIRST,index,LID,lpca99,lpca99,1,1,2,534.125,569.5,4.0,3.0,plots_extra/metrics/features/index/mean/bert/tables/lpca99_bert_index.csv,bert/tables_INDEX/index_bootstrap/index_raw_lpca99_bert-base-uncased.csv
bert,BERT: MEAN vs FIRST,index,LID,lpca99,lpca99,1,1,3,562.625,592.7000122070312,6.0,6.0,plots_extra/metrics/features/index/mean/bert/tables/lpca99_bert_index.csv,bert/tables_INDEX/index_bootstrap/index_raw_lpca99_bert-base-uncased.csv
bert,BERT: MEAN vs FIRST,index,LID,lpca99,lpca99,1,1,4,579.875,604.7000122070312,13.0,8.0,plots_extra/metrics/features/index/mean/bert/tables/lpca99_bert_index.csv,bert/tables_INDEX/index_bootstrap/index_raw_lpca99_bert-base-uncased.csv
bert,BERT: MEAN vs FIRST,index,LID,lpca99,lpca99,1,1,5,598.125,619.9000244140625,17.0,15.0,plots_extra/metrics/features/index/mean/bert/tables/lpca99_bert_index.csv,bert/tables_INDEX/index_bootstrap/index_raw_lpca99_bert-base-uncased.csv
bert,BERT: MEAN vs FIRST,index,LID,lpca99,lpca99,1,1,6,611.125,630.4000244140625,20.0,17.0,plots_extra/metrics/features/index/mean/bert/tables/lpca99_bert_index.csv,bert/tables_INDEX/index_bootstrap/index_raw_lpca99_bert-base-uncased.csv
bert,BERT: MEAN vs FIRST,index,LID,lpca99,lpca99,1,1,7,613.5,631.5,21.0,18.0,plots_extra/metrics/features/index/mean/bert/tables/lpca99_bert_index.csv,bert/tables_INDEX/index_bootstrap/index_raw_lpca99_bert-base-uncased.csv
bert,BERT: MEAN vs FIRST,index,LID,lpca99,lpca99,1,1,8,617.125,634.25,24.0,21.0,plots_extra/metrics/features/index/mean/bert/tables/lpca99_bert_index.csv,bert/tables_INDEX/index_bootstrap/index_raw_lpca99_bert-base-uncased.csv
bert,BERT: MEAN vs FIRST,index,LID,lpca99,lpca99,1,1,9,628.125,646.0,31.0,30.0,plots_extra/metrics/features/index/mean/bert/tables/lpca99_bert_index.csv,bert/tables_INDEX/index_bootstrap/index_raw_lpca99_bert-base-uncased.csv
bert,BERT: MEAN vs FIRST,index,LID,lpca99,lpca99,1,1,10,636.25,653.75,40.0,34.0,plots_extra/metrics/features/index/mean/bert/tables/lpca99_bert_index.csv,bert/tables_INDEX/index_bootstrap/index_raw_lpca99_bert-base-uncased.csv
bert,BERT: MEAN vs FIRST,index,LID,lpca99,lpca99,1,1,11,643.125,660.9000244140625,43.0,42.0,plots_extra/metrics/features/index/mean/bert/tables/lpca99_bert_index.csv,bert/tables_INDEX/index_bootstrap/index_raw_lpca99_bert-base-uncased.csv
bert,BERT: MEAN vs FIRST,index,LID,lpca99,lpca99,1,1,12,637.25,655.5499877929688,41.0,36.0,plots_extra/metrics/features/index/mean/bert/tables/lpca99_bert_index.csv,bert/tables_INDEX/index_bootstrap/index_raw_lpca99_bert-base-uncased.csv
bert,BERT: MEAN vs FIRST,index,LID,lpca99,lpca99,10,10,0,592.375,632.0499877929688,15.0,19.0,plots_extra/metrics/features/index/mean/bert/tables/lpca99_bert_index.csv,bert/tables_INDEX/index_bootstrap/index_raw_lpca99_bert-base-uncased.csv
bert,BERT: MEAN vs FIRST,index,LID,lpca99,lpca99,10,10,1,630.625,661.4000244140625,33.0,43.0,plots_extra/metrics/features/index/mean/bert/tables/lpca99_bert_index.csv,bert/tables_INDEX/index_bootstrap/index_raw_lpca99_bert-base-uncased.csv
bert,BERT: MEAN vs FIRST,index,LID,lpca99,lpca99,10,10,2,647.375,672.7999877929688,51.0,56.0,plots_extra/metrics/features/index/mean/bert/tables/lpca99_bert_index.csv,bert/tables_INDEX/index_bootstrap/index_raw_lpca99_bert-base-uncased.csv
bert,BERT: MEAN vs FIRST,index,LID,lpca99,lpca99,10,10,3,656.75,679.2999877929688,58.0,67.0,plots_extra/metrics/features/index/mean/bert/tables/lpca99_bert_index.csv,bert/tables_INDEX/index_bootstrap/index_raw_lpca99_bert-base-uncased.csv
bert,BERT: MEAN vs FIRST,index,LID,lpca99,lpca99,10,10,4,667.0,687.0999755859375,72.0,86.0,plots_extra/metrics/features/index/mean/bert/tables/lpca99_bert_index.csv,bert/tables_INDEX/index_bootstrap/index_raw_lpca99_bert-base-uncased.csv
bert,BERT: MEAN vs FIRST,index,LID,lpca99,lpca99,10,10,5,676.25,694.25,105.0,121.0,plots_extra/metrics/features/index/mean/bert/tables/lpca99_bert_index.csv,bert/tables_INDEX/index_bootstrap/index_raw_lpca99_bert-base-uncased.csv
bert,BERT: MEAN vs FIRST,index,LID,lpca99,lpca99,10,10,6,684.5,700.75,127.0,127.0,plots_extra/metrics/features/index/mean/bert/tables/lpca99_bert_index.csv,bert/tables_INDEX/index_bootstrap/index_raw_lpca99_bert-base-uncased.csv
bert,BERT: MEAN vs FIRST,index,LID,lpca99,lpca99,10,10,7,689.25,704.6500244140625,130.0,130.0,plots_extra/metrics/features/index/mean/bert/tables/lpca99_bert_index.csv,bert/tables_INDEX/index_bootstrap/index_raw_lpca99_bert-base-uncased.csv
bert,BERT: MEAN vs FIRST,index,LID,lpca99,lpca99,10,10,8,688.625,704.1500244140625,129.0,128.0,plots_extra/metrics/features/index/mean/bert/tables/lpca99_bert_index.csv,bert/tables_INDEX/index_bootstrap/index_raw_lpca99_bert-base-uncased.csv
bert,BERT: MEAN vs FIRST,index,LID,lpca99,lpca99,10,10,9,688.125,704.25,128.0,129.0,plots_extra/metrics/features/index/mean/bert/tables/lpca99_bert_index.csv,bert/tables_INDEX/index_bootstrap/index_raw_lpca99_bert-base-uncased.csv
bert,BERT: MEAN vs FIRST,index,LID,lpca99,lpca99,10,10,10,682.75,700.3499755859375,126.0,126.0,plots_extra/metrics/features/index/mean/bert/tables/lpca99_bert_index.csv,bert/tables_INDEX/index_bootstrap/index_raw_lpca99_bert-base-uncased.csv
bert,BERT: MEAN vs FIRST,index,LID,lpca99,lpca99,10,10,11,681.125,699.9500122070312,125.0,125.0,plots_extra/metrics/features/index/mean/bert/tables/lpca99_bert_index.csv,bert/tables_INDEX/index_bootstrap/index_raw_lpca99_bert-base-uncased.csv
bert,BERT: MEAN vs FIRST,index,LID,lpca99,lpca99,10,10,12,675.125,694.2000122070312,96.0,119.5,plots_extra/metrics/features/index/mean/bert/tables/lpca99_bert_index.csv,bert/tables_INDEX/index_bootstrap/index_raw_lpca99_bert-base-uncased.csv
bert,BERT: MEAN vs FIRST,index,LID,lpca99,lpca99,2,2,0,528.75,574.2000122070312,3.0,4.0,plots_extra/metrics/features/index/mean/bert/tables/lpca99_bert_index.csv,bert/tables_INDEX/index_bootstrap/index_raw_lpca99_bert-base-uncased.csv
bert,BERT: MEAN vs FIRST,index,LID,lpca99,lpca99,2,2,1,585.5,618.0999755859375,14.0,14.0,plots_extra/metrics/features/index/mean/bert/tables/lpca99_bert_index.csv,bert/tables_INDEX/index_bootstrap/index_raw_lpca99_bert-base-uncased.csv
bert,BERT: MEAN vs FIRST,index,LID,lpca99,lpca99,2,2,2,605.25,632.5499877929688,18.0,20.0,plots_extra/metrics/features/index/mean/bert/tables/lpca99_bert_index.csv,bert/tables_INDEX/index_bootstrap/index_raw_lpca99_bert-base-uncased.csv
bert,BERT: MEAN vs FIRST,index,LID,lpca99,lpca99,2,2,3,619.125,642.7999877929688,26.0,24.0,plots_extra/metrics/features/index/mean/bert/tables/lpca99_bert_index.csv,bert/tables_INDEX/index_bootstrap/index_raw_lpca99_bert-base-uncased.csv
bert,BERT: MEAN vs FIRST,index,LID,lpca99,lpca99,2,2,4,632.625,653.3499755859375,34.0,33.0,plots_extra/metrics/features/index/mean/bert/tables/lpca99_bert_index.csv,bert/tables_INDEX/index_bootstrap/index_raw_lpca99_bert-base-uncased.csv
bert,BERT: MEAN vs FIRST,index,LID,lpca99,lpca99,2,2,5,643.375,662.4000244140625,44.0,44.0,plots_extra/metrics/features/index/mean/bert/tables/lpca99_bert_index.csv,bert/tables_INDEX/index_bootstrap/index_raw_lpca99_bert-base-uncased.csv
bert,BERT: MEAN vs FIRST,index,LID,lpca99,lpca99,2,2,6,653.0,670.4000244140625,53.0,52.0,plots_extra/metrics/features/index/mean/bert/tables/lpca99_bert_index.csv,bert/tables_INDEX/index_bootstrap/index_raw_lpca99_bert-base-uncased.csv
bert,BERT: MEAN vs FIRST,index,LID,lpca99,lpca99,2,2,7,654.625,671.0999755859375,54.0,53.0,plots_extra/metrics/features/index/mean/bert/tables/lpca99_bert_index.csv,bert/tables_INDEX/index_bootstrap/index_raw_lpca99_bert-base-uncased.csv
bert,BERT: MEAN vs FIRST,index,LID,lpca99,lpca99,2,2,8,655.75,672.3499755859375,56.0,55.0,plots_extra/metrics/features/index/mean/bert/tables/lpca99_bert_index.csv,bert/tables_INDEX/index_bootstrap/index_raw_lpca99_bert-base-uncased.csv
bert,BERT: MEAN vs FIRST,index,LID,lpca99,lpca99,2,2,9,658.125,675.25,63.0,62.5,plots_extra/metrics/features/index/mean/bert/tables/lpca99_bert_index.csv,bert/tables_INDEX/index_bootstrap/index_raw_lpca99_bert-base-uncased.csv
bert,BERT: MEAN vs FIRST,index,LID,lpca99,lpca99,2,2,10,658.5,676.0499877929688,65.0,64.0,plots_extra/metrics/features/index/mean/bert/tables/lpca99_bert_index.csv,bert/tables_INDEX/index_bootstrap/index_raw_lpca99_bert-base-uncased.csv
bert,BERT: MEAN vs FIRST,index,LID,lpca99,lpca99,2,2,11,660.5,678.0499877929688,66.0,66.0,plots_extra/metrics/features/index/mean/bert/tables/lpca99_bert_index.csv,bert/tables_INDEX/index_bootstrap/index_raw_lpca99_bert-base-uncased.csv
bert,BERT: MEAN vs FIRST,index,LID,lpca99,lpca99,2,2,12,658.25,675.25,64.0,62.5,plots_extra/metrics/features/index/mean/bert/tables/lpca99_bert_index.csv,bert/tables_INDEX/index_bootstrap/index_raw_lpca99_bert-base-uncased.csv
bert,BERT: MEAN vs FIRST,index,LID,lpca99,lpca99,3,3,0,545.375,586.7999877929688,5.0,5.0,plots_extra/metrics/features/index/mean/bert/tables/lpca99_bert_index.csv,bert/tables_INDEX/index_bootstrap/index_raw_lpca99_bert-base-uncased.csv
bert,BERT: MEAN vs FIRST,index,LID,lpca99,lpca99,3,3,1,597.375,626.9000244140625,16.0,16.0,plots_extra/metrics/features/index/mean/bert/tables/lpca99_bert_index.csv,bert/tables_INDEX/index_bootstrap/index_raw_lpca99_bert-base-uncased.csv
bert,BERT: MEAN vs FIRST,index,LID,lpca99,lpca99,3,3,2,617.0,641.4500122070312,22.5,23.0,plots_extra/metrics/features/index/mean/bert/tables/lpca99_bert_index.csv,bert/tables_INDEX/index_bootstrap/index_raw_lpca99_bert-base-uncased.csv
bert,BERT: MEAN vs FIRST,index,LID,lpca99,lpca99,3,3,3,629.75,651.2000122070312,32.0,32.0,plots_extra/metrics/features/index/mean/bert/tables/lpca99_bert_index.csv,bert/tables_INDEX/index_bootstrap/index_raw_lpca99_bert-base-uncased.csv
bert,BERT: MEAN vs FIRST,index,LID,lpca99,lpca99,3,3,4,644.25,662.8499755859375,46.0,45.0,plots_extra/metrics/features/index/mean/bert/tables/lpca99_bert_index.csv,bert/tables_INDEX/index_bootstrap/index_raw_lpca99_bert-base-uncased.csv
bert,BERT: MEAN vs FIRST,index,LID,lpca99,lpca99,3,3,5,654.875,672.0,55.0,54.0,plots_extra/metrics/features/index/mean/bert/tables/lpca99_bert_index.csv,bert/tables_INDEX/index_bootstrap/index_raw_lpca99_bert-base-uncased.csv
bert,BERT: MEAN vs FIRST,index,LID,lpca99,lpca99,3,3,6,664.875,680.4500122070312,68.0,68.0,plots_extra/metrics/features/index/mean/bert/tables/lpca99_bert_index.csv,bert/tables_INDEX/index_bootstrap/index_raw_lpca99_bert-base-uncased.csv
bert,BERT: MEAN vs FIRST,index,LID,lpca99,lpca99,3,3,7,668.0,683.0499877929688,76.0,75.0,plots_extra/metrics/features/index/mean/bert/tables/lpca99_bert_index.csv,bert/tables_INDEX/index_bootstrap/index_raw_lpca99_bert-base-uncased.csv
bert,BERT: MEAN vs FIRST,index,LID,lpca99,lpca99,3,3,8,668.875,683.8499755859375,80.0,76.0,plots_extra/metrics/features/index/mean/bert/tables/lpca99_bert_index.csv,bert/tables_INDEX/index_bootstrap/index_raw_lpca99_bert-base-uncased.csv
bert,BERT: MEAN vs FIRST,index,LID,lpca99,lpca99,3,3,9,669.625,685.2999877929688,83.5,81.0,plots_extra/metrics/features/index/mean/bert/tables/lpca99_bert_index.csv,bert/tables_INDEX/index_bootstrap/index_raw_lpca99_bert-base-uncased.csv
bert,BERT: MEAN vs FIRST,index,LID,lpca99,lpca99,3,3,10,668.25,684.0499877929688,77.5,77.0,plots_extra/metrics/features/index/mean/bert/tables/lpca99_bert_index.csv,bert/tables_INDEX/index_bootstrap/index_raw_lpca99_bert-base-uncased.csv
bert,BERT: MEAN vs FIRST,index,LID,lpca99,lpca99,3,3,11,669.125,685.25,81.0,80.0,plots_extra/metrics/features/index/mean/bert/tables/lpca99_bert_index.csv,bert/tables_INDEX/index_bootstrap/index_raw_lpca99_bert-base-uncased.csv
bert,BERT: MEAN vs FIRST,index,LID,lpca99,lpca99,3,3,12,665.875,682.2000122070312,69.0,70.5,plots_extra/metrics/features/index/mean/bert/tables/lpca99_bert_index.csv,bert/tables_INDEX/index_bootstrap/index_raw_lpca99_bert-base-uncased.csv
bert,BERT: MEAN vs FIRST,index,LID,lpca99,lpca99,4,4,0,565.75,602.4500122070312,7.0,7.0,plots_extra/metrics/features/index/mean/bert/tables/lpca99_bert_index.csv,bert/tables_INDEX/index_bootstrap/index_raw_lpca99_bert-base-uncased.csv
bert,BERT: MEAN vs FIRST,index,LID,lpca99,lpca99,4,4,1,611.0,637.6500244140625,19.0,22.0,plots_extra/metrics/features/index/mean/bert/tables/lpca99_bert_index.csv,bert/tables_INDEX/index_bootstrap/index_raw_lpca99_bert-base-uncased.csv
bert,BERT: MEAN vs FIRST,index,LID,lpca99,lpca99,4,4,2,627.625,650.0,30.0,31.0,plots_extra/metrics/features/index/mean/bert/tables/lpca99_bert_index.csv,bert/tables_INDEX/index_bootstrap/index_raw_lpca99_bert-base-uncased.csv
bert,BERT: MEAN vs FIRST,index,LID,lpca99,lpca99,4,4,3,638.75,658.0,42.0,41.0,plots_extra/metrics/features/index/mean/bert/tables/lpca99_bert_index.csv,bert/tables_INDEX/index_bootstrap/index_raw_lpca99_bert-base-uncased.csv
bert,BERT: MEAN vs FIRST,index,LID,lpca99,lpca99,4,4,4,651.875,668.9500122070312,52.0,51.0,plots_extra/metrics/features/index/mean/bert/tables/lpca99_bert_index.csv,bert/tables_INDEX/index_bootstrap/index_raw_lpca99_bert-base-uncased.csv
bert,BERT: MEAN vs FIRST,index,LID,lpca99,lpca99,4,4,5,662.5,677.9000244140625,67.0,65.0,plots_extra/metrics/features/index/mean/bert/tables/lpca99_bert_index.csv,bert/tables_INDEX/index_bootstrap/index_raw_lpca99_bert-base-uncased.csv
bert,BERT: MEAN vs FIRST,index,LID,lpca99,lpca99,4,4,6,671.75,686.0499877929688,86.5,84.0,plots_extra/metrics/features/index/mean/bert/tables/lpca99_bert_index.csv,bert/tables_INDEX/index_bootstrap/index_raw_lpca99_bert-base-uncased.csv
bert,BERT: MEAN vs FIRST,index,LID,lpca99,lpca99,4,4,7,674.75,688.5999755859375,93.0,89.0,plots_extra/metrics/features/index/mean/bert/tables/lpca99_bert_index.csv,bert/tables_INDEX/index_bootstrap/index_raw_lpca99_bert-base-uncased.csv
bert,BERT: MEAN vs FIRST,index,LID,lpca99,lpca99,4,4,8,675.625,689.6500244140625,98.0,92.0,plots_extra/metrics/features/index/mean/bert/tables/lpca99_bert_index.csv,bert/tables_INDEX/index_bootstrap/index_raw_lpca99_bert-base-uncased.csv
bert,BERT: MEAN vs FIRST,index,LID,lpca99,lpca99,4,4,9,676.125,690.7000122070312,104.0,101.0,plots_extra/metrics/features/index/mean/bert/tables/lpca99_bert_index.csv,bert/tables_INDEX/index_bootstrap/index_raw_lpca99_bert-base-uncased.csv
bert,BERT: MEAN vs FIRST,index,LID,lpca99,lpca99,4,4,10,673.375,688.5,88.0,88.0,plots_extra/metrics/features/index/mean/bert/tables/lpca99_bert_index.csv,bert/tables_INDEX/index_bootstrap/index_raw_lpca99_bert-base-uncased.csv
bert,BERT: MEAN vs FIRST,index,LID,lpca99,lpca99,4,4,11,673.75,689.25,89.0,90.0,plots_extra/metrics/features/index/mean/bert/tables/lpca99_bert_index.csv,bert/tables_INDEX/index_bootstrap/index_raw_lpca99_bert-base-uncased.csv
bert,BERT: MEAN vs FIRST,index,LID,lpca99,lpca99,4,4,12,669.625,685.4500122070312,83.5,82.0,plots_extra/metrics/features/index/mean/bert/tables/lpca99_bert_index.csv,bert/tables_INDEX/index_bootstrap/index_raw_lpca99_bert-base-uncased.csv
bert,BERT: MEAN vs FIRST,index,LID,lpca99,lpca99,5,5,0,579.75,613.7999877929688,12.0,13.0,plots_extra/metrics/features/index/mean/bert/tables/lpca99_bert_index.csv,bert/tables_INDEX/index_bootstrap/index_raw_lpca99_bert-base-uncased.csv
bert,BERT: MEAN vs FIRST,index,LID,lpca99,lpca99,5,5,1,620.125,645.0999755859375,29.0,28.0,plots_extra/metrics/features/index/mean/bert/tables/lpca99_bert_index.csv,bert/tables_INDEX/index_bootstrap/index_raw_lpca99_bert-base-uncased.csv
bert,BERT: MEAN vs FIRST,index,LID,lpca99,lpca99,5,5,2,635.125,655.9500122070312,38.5,37.0,plots_extra/metrics/features/index/mean/bert/tables/lpca99_bert_index.csv,bert/tables_INDEX/index_bootstrap/index_raw_lpca99_bert-base-uncased.csv
bert,BERT: MEAN vs FIRST,index,LID,lpca99,lpca99,5,5,3,645.0,663.25,47.5,46.0,plots_extra/metrics/features/index/mean/bert/tables/lpca99_bert_index.csv,bert/tables_INDEX/index_bootstrap/index_raw_lpca99_bert-base-uncased.csv
bert,BERT: MEAN vs FIRST,index,LID,lpca99,lpca99,5,5,4,657.125,673.5,59.0,57.0,plots_extra/metrics/features/index/mean/bert/tables/lpca99_bert_index.csv,bert/tables_INDEX/index_bootstrap/index_raw_lpca99_bert-base-uncased.csv
bert,BERT: MEAN vs FIRST,index,LID,lpca99,lpca99,5,5,5,666.375,681.7000122070312,70.0,69.0,plots_extra/metrics/features/index/mean/bert/tables/lpca99_bert_index.csv,bert/tables_INDEX/index_bootstrap/index_raw_lpca99_bert-base-uncased.csv
bert,BERT: MEAN vs FIRST,index,LID,lpca99,lpca99,5,5,6,675.75,689.5499877929688,100.5,91.0,plots_extra/metrics/features/index/mean/bert/tables/lpca99_bert_index.csv,bert/tables_INDEX/index_bootstrap/index_raw_lpca99_bert-base-uncased.csv
bert,BERT: MEAN vs FIRST,index,LID,lpca99,lpca99,5,5,7,679.25,692.3499755859375,110.0,108.0,plots_extra/metrics/features/index/mean/bert/tables/lpca99_bert_index.csv,bert/tables_INDEX/index_bootstrap/index_raw_lpca99_bert-base-uncased.csv
bert,BERT: MEAN vs FIRST,index,LID,lpca99,lpca99,5,5,8,680.0,693.0,112.0,109.0,plots_extra/metrics/features/index/mean/bert/tables/lpca99_bert_index.csv,bert/tables_INDEX/index_bootstrap/index_raw_lpca99_bert-base-uncased.csv
bert,BERT: MEAN vs FIRST,index,LID,lpca99,lpca99,5,5,9,680.125,693.8499755859375,113.5,111.5,plots_extra/metrics/features/index/mean/bert/tables/lpca99_bert_index.csv,bert/tables_INDEX/index_bootstrap/index_raw_lpca99_bert-base-uncased.csv
bert,BERT: MEAN vs FIRST,index,LID,lpca99,lpca99,5,5,10,676.5,691.2000122070312,108.5,104.0,plots_extra/metrics/features/index/mean/bert/tables/lpca99_bert_index.csv,bert/tables_INDEX/index_bootstrap/index_raw_lpca99_bert-base-uncased.csv
bert,BERT: MEAN vs FIRST,index,LID,lpca99,lpca99,5,5,11,676.375,691.75,106.5,107.0,plots_extra/metrics/features/index/mean/bert/tables/lpca99_bert_index.csv,bert/tables_INDEX/index_bootstrap/index_raw_lpca99_bert-base-uncased.csv
bert,BERT: MEAN vs FIRST,index,LID,lpca99,lpca99,5,5,12,671.75,687.2999877929688,86.5,87.0,plots_extra/metrics/features/index/mean/bert/tables/lpca99_bert_index.csv,bert/tables_INDEX/index_bootstrap/index_raw_lpca99_bert-base-uncased.csv
bert,BERT: MEAN vs FIRST,index,LID,lpca99,lpca99,6,6,0,577.625,612.5499877929688,9.0,10.0,plots_extra/metrics/features/index/mean/bert/tables/lpca99_bert_index.csv,bert/tables_INDEX/index_bootstrap/index_raw_lpca99_bert-base-uncased.csv
bert,BERT: MEAN vs FIRST,index,LID,lpca99,lpca99,6,6,1,619.625,645.25,28.0,29.0,plots_extra/metrics/features/index/mean/bert/tables/lpca99_bert_index.csv,bert/tables_INDEX/index_bootstrap/index_raw_lpca99_bert-base-uncased.csv
bert,BERT: MEAN vs FIRST,index,LID,lpca99,lpca99,6,6,2,635.125,656.7999877929688,38.5,40.0,plots_extra/metrics/features/index/mean/bert/tables/lpca99_bert_index.csv,bert/tables_INDEX/index_bootstrap/index_raw_lpca99_bert-base-uncased.csv
bert,BERT: MEAN vs FIRST,index,LID,lpca99,lpca99,6,6,3,645.25,664.0999755859375,50.0,48.0,plots_extra/metrics/features/index/mean/bert/tables/lpca99_bert_index.csv,bert/tables_INDEX/index_bootstrap/index_raw_lpca99_bert-base-uncased.csv
bert,BERT: MEAN vs FIRST,index,LID,lpca99,lpca99,6,6,4,657.875,674.5499877929688,62.0,61.0,plots_extra/metrics/features/index/mean/bert/tables/lpca99_bert_index.csv,bert/tables_INDEX/index_bootstrap/index_raw_lpca99_bert-base-uncased.csv
bert,BERT: MEAN vs FIRST,index,LID,lpca99,lpca99,6,6,5,667.375,682.5499877929688,74.0,73.0,plots_extra/metrics/features/index/mean/bert/tables/lpca99_bert_index.csv,bert/tables_INDEX/index_bootstrap/index_raw_lpca99_bert-base-uncased.csv
bert,BERT: MEAN vs FIRST,index,LID,lpca99,lpca99,6,6,6,676.375,690.25,106.5,98.0,plots_extra/metrics/features/index/mean/bert/tables/lpca99_bert_index.csv,bert/tables_INDEX/index_bootstrap/index_raw_lpca99_bert-base-uncased.csv
bert,BERT: MEAN vs FIRST,index,LID,lpca99,lpca99,6,6,7,680.75,693.7999877929688,122.5,110.0,plots_extra/metrics/features/index/mean/bert/tables/lpca99_bert_index.csv,bert/tables_INDEX/index_bootstrap/index_raw_lpca99_bert-base-uncased.csv
bert,BERT: MEAN vs FIRST,index,LID,lpca99,lpca99,6,6,8,680.875,694.0999755859375,124.0,118.0,plots_extra/metrics/features/index/mean/bert/tables/lpca99_bert_index.csv,bert/tables_INDEX/index_bootstrap/index_raw_lpca99_bert-base-uncased.csv
bert,BERT: MEAN vs FIRST,index,LID,lpca99,lpca99,6,6,9,680.625,694.7000122070312,120.5,124.0,plots_extra/metrics/features/index/mean/bert/tables/lpca99_bert_index.csv,bert/tables_INDEX/index_bootstrap/index_raw_lpca99_bert-base-uncased.csv
bert,BERT: MEAN vs FIRST,index,LID,lpca99,lpca99,6,6,10,676.5,691.2999877929688,108.5,105.0,plots_extra/metrics/features/index/mean/bert/tables/lpca99_bert_index.csv,bert/tables_INDEX/index_bootstrap/index_raw_lpca99_bert-base-uncased.csv
bert,BERT: MEAN vs FIRST,index,LID,lpca99,lpca99,6,6,11,675.75,691.3499755859375,100.5,106.0,plots_extra/metrics/features/index/mean/bert/tables/lpca99_bert_index.csv,bert/tables_INDEX/index_bootstrap/index_raw_lpca99_bert-base-uncased.csv
bert,BERT: MEAN vs FIRST,index,LID,lpca99,lpca99,6,6,12,670.625,686.4000244140625,85.0,85.0,plots_extra/metrics/features/index/mean/bert/tables/lpca99_bert_index.csv,bert/tables_INDEX/index_bootstrap/index_raw_lpca99_bert-base-uncased.csv
bert,BERT: MEAN vs FIRST,index,LID,lpca99,lpca99,7,7,0,578.375,612.7000122070312,11.0,11.5,plots_extra/metrics/features/index/mean/bert/tables/lpca99_bert_index.csv,bert/tables_INDEX/index_bootstrap/index_raw_lpca99_bert-base-uncased.csv
bert,BERT: MEAN vs FIRST,index,LID,lpca99,lpca99,7,7,1,619.25,644.9500122070312,27.0,27.0,plots_extra/metrics/features/index/mean/bert/tables/lpca99_bert_index.csv,bert/tables_INDEX/index_bootstrap/index_raw_lpca99_bert-base-uncased.csv
bert,BERT: MEAN vs FIRST,index,LID,lpca99,lpca99,7,7,2,634.75,656.7000122070312,37.0,39.0,plots_extra/metrics/features/index/mean/bert/tables/lpca99_bert_index.csv,bert/tables_INDEX/index_bootstrap/index_raw_lpca99_bert-base-uncased.csv
bert,BERT: MEAN vs FIRST,index,LID,lpca99,lpca99,7,7,3,645.125,664.1500244140625,49.0,49.5,plots_extra/metrics/features/index/mean/bert/tables/lpca99_bert_index.csv,bert/tables_INDEX/index_bootstrap/index_raw_lpca99_bert-base-uncased.csv
bert,BERT: MEAN vs FIRST,index,LID,lpca99,lpca99,7,7,4,657.5,674.25,60.0,59.0,plots_extra/metrics/features/index/mean/bert/tables/lpca99_bert_index.csv,bert/tables_INDEX/index_bootstrap/index_raw_lpca99_bert-base-uncased.csv
bert,BERT: MEAN vs FIRST,index,LID,lpca99,lpca99,7,7,5,667.125,682.3499755859375,73.0,72.0,plots_extra/metrics/features/index/mean/bert/tables/lpca99_bert_index.csv,bert/tables_INDEX/index_bootstrap/index_raw_lpca99_bert-base-uncased.csv
bert,BERT: MEAN vs FIRST,index,LID,lpca99,lpca99,7,7,6,676.0,690.25,102.5,98.0,plots_extra/metrics/features/index/mean/bert/tables/lpca99_bert_index.csv,bert/tables_INDEX/index_bootstrap/index_raw_lpca99_bert-base-uncased.csv
bert,BERT: MEAN vs FIRST,index,LID,lpca99,lpca99,7,7,7,680.5,693.9500122070312,119.0,114.5,plots_extra/metrics/features/index/mean/bert/tables/lpca99_bert_index.csv,bert/tables_INDEX/index_bootstrap/index_raw_lpca99_bert-base-uncased.csv
bert,BERT: MEAN vs FIRST,index,LID,lpca99,lpca99,7,7,8,680.25,693.8499755859375,116.0,111.5,plots_extra/metrics/features/index/mean/bert/tables/lpca99_bert_index.csv,bert/tables_INDEX/index_bootstrap/index_raw_lpca99_bert-base-uncased.csv
bert,BERT: MEAN vs FIRST,index,LID,lpca99,lpca99,7,7,9,680.125,694.5999755859375,113.5,122.0,plots_extra/metrics/features/index/mean/bert/tables/lpca99_bert_index.csv,bert/tables_INDEX/index_bootstrap/index_raw_lpca99_bert-base-uncased.csv
bert,BERT: MEAN vs FIRST,index,LID,lpca99,lpca99,7,7,10,675.625,690.9500122070312,98.0,103.0,plots_extra/metrics/features/index/mean/bert/tables/lpca99_bert_index.csv,bert/tables_INDEX/index_bootstrap/index_raw_lpca99_bert-base-uncased.csv
bert,BERT: MEAN vs FIRST,index,LID,lpca99,lpca99,7,7,11,674.5,690.7999877929688,92.0,102.0,plots_extra/metrics/features/index/mean/bert/tables/lpca99_bert_index.csv,bert/tables_INDEX/index_bootstrap/index_raw_lpca99_bert-base-uncased.csv
bert,BERT: MEAN vs FIRST,index,LID,lpca99,lpca99,7,7,12,669.25,685.7999877929688,82.0,83.0,plots_extra/metrics/features/index/mean/bert/tables/lpca99_bert_index.csv,bert/tables_INDEX/index_bootstrap/index_raw_lpca99_bert-base-uncased.csv
bert,BERT: MEAN vs FIRST,index,LID,lpca99,lpca99,8,8,0,574.5,609.7000122070312,8.0,9.0,plots_extra/metrics/features/index/mean/bert/tables/lpca99_bert_index.csv,bert/tables_INDEX/index_bootstrap/index_raw_lpca99_bert-base-uncased.csv
bert,BERT: MEAN vs FIRST,index,LID,lpca99,lpca99,8,8,1,617.0,643.2999877929688,22.5,25.0,plots_extra/metrics/features/index/mean/bert/tables/lpca99_bert_index.csv,bert/tables_INDEX/index_bootstrap/index_raw_lpca99_bert-base-uncased.csv
bert,BERT: MEAN vs FIRST,index,LID,lpca99,lpca99,8,8,2,633.375,655.4500122070312,35.0,35.0,plots_extra/metrics/features/index/mean/bert/tables/lpca99_bert_index.csv,bert/tables_INDEX/index_bootstrap/index_raw_lpca99_bert-base-uncased.csv
bert,BERT: MEAN vs FIRST,index,LID,lpca99,lpca99,8,8,3,643.75,663.2999877929688,45.0,47.0,plots_extra/metrics/features/index/mean/bert/tables/lpca99_bert_index.csv,bert/tables_INDEX/index_bootstrap/index_raw_lpca99_bert-base-uncased.csv
bert,BERT: MEAN vs FIRST,index,LID,lpca99,lpca99,8,8,4,656.625,673.7000122070312,57.0,58.0,plots_extra/metrics/features/index/mean/bert/tables/lpca99_bert_index.csv,bert/tables_INDEX/index_bootstrap/index_raw_lpca99_bert-base-uncased.csv
bert,BERT: MEAN vs FIRST,index,LID,lpca99,lpca99,8,8,5,666.75,682.2000122070312,71.0,70.5,plots_extra/metrics/features/index/mean/bert/tables/lpca99_bert_index.csv,bert/tables_INDEX/index_bootstrap/index_raw_lpca99_bert-base-uncased.csv
bert,BERT: MEAN vs FIRST,index,LID,lpca99,lpca99,8,8,6,675.625,689.8499755859375,98.0,93.5,plots_extra/metrics/features/index/mean/bert/tables/lpca99_bert_index.csv,bert/tables_INDEX/index_bootstrap/index_raw_lpca99_bert-base-uncased.csv
bert,BERT: MEAN vs FIRST,index,LID,lpca99,lpca99,8,8,7,680.75,694.0,122.5,116.5,plots_extra/metrics/features/index/mean/bert/tables/lpca99_bert_index.csv,bert/tables_INDEX/index_bootstrap/index_raw_lpca99_bert-base-uncased.csv
bert,BERT: MEAN vs FIRST,index,LID,lpca99,lpca99,8,8,8,680.25,693.9000244140625,116.0,113.0,plots_extra/metrics/features/index/mean/bert/tables/lpca99_bert_index.csv,bert/tables_INDEX/index_bootstrap/index_raw_lpca99_bert-base-uncased.csv
bert,BERT: MEAN vs FIRST,index,LID,lpca99,lpca99,8,8,9,679.875,694.2000122070312,111.0,119.5,plots_extra/metrics/features/index/mean/bert/tables/lpca99_bert_index.csv,bert/tables_INDEX/index_bootstrap/index_raw_lpca99_bert-base-uncased.csv
bert,BERT: MEAN vs FIRST,index,LID,lpca99,lpca99,8,8,10,675.0,690.25,95.0,98.0,plots_extra/metrics/features/index/mean/bert/tables/lpca99_bert_index.csv,bert/tables_INDEX/index_bootstrap/index_raw_lpca99_bert-base-uncased.csv
bert,BERT: MEAN vs FIRST,index,LID,lpca99,lpca99,8,8,11,673.875,690.0499877929688,90.5,95.0,plots_extra/metrics/features/index/mean/bert/tables/lpca99_bert_index.csv,bert/tables_INDEX/index_bootstrap/index_raw_lpca99_bert-base-uncased.csv
bert,BERT: MEAN vs FIRST,index,LID,lpca99,lpca99,8,8,12,668.75,684.6500244140625,79.0,79.0,plots_extra/metrics/features/index/mean/bert/tables/lpca99_bert_index.csv,bert/tables_INDEX/index_bootstrap/index_raw_lpca99_bert-base-uncased.csv
bert,BERT: MEAN vs FIRST,index,LID,lpca99,lpca99,9,9,0,578.0,612.7000122070312,10.0,11.5,plots_extra/metrics/features/index/mean/bert/tables/lpca99_bert_index.csv,bert/tables_INDEX/index_bootstrap/index_raw_lpca99_bert-base-uncased.csv
bert,BERT: MEAN vs FIRST,index,LID,lpca99,lpca99,9,9,1,618.625,644.2999877929688,25.0,26.0,plots_extra/metrics/features/index/mean/bert/tables/lpca99_bert_index.csv,bert/tables_INDEX/index_bootstrap/index_raw_lpca99_bert-base-uncased.csv
bert,BERT: MEAN vs FIRST,index,LID,lpca99,lpca99,9,9,2,634.625,656.3499755859375,36.0,38.0,plots_extra/metrics/features/index/mean/bert/tables/lpca99_bert_index.csv,bert/tables_INDEX/index_bootstrap/index_raw_lpca99_bert-base-uncased.csv
bert,BERT: MEAN vs FIRST,index,LID,lpca99,lpca99,9,9,3,645.0,664.1500244140625,47.5,49.5,plots_extra/metrics/features/index/mean/bert/tables/lpca99_bert_index.csv,bert/tables_INDEX/index_bootstrap/index_raw_lpca99_bert-base-uncased.csv
bert,BERT: MEAN vs FIRST,index,LID,lpca99,lpca99,9,9,4,657.625,674.3499755859375,61.0,60.0,plots_extra/metrics/features/index/mean/bert/tables/lpca99_bert_index.csv,bert/tables_INDEX/index_bootstrap/index_raw_lpca99_bert-base-uncased.csv
bert,BERT: MEAN vs FIRST,index,LID,lpca99,lpca99,9,9,5,667.5,682.6500244140625,75.0,74.0,plots_extra/metrics/features/index/mean/bert/tables/lpca99_bert_index.csv,bert/tables_INDEX/index_bootstrap/index_raw_lpca99_bert-base-uncased.csv
bert,BERT: MEAN vs FIRST,index,LID,lpca99,lpca99,9,9,6,676.0,690.1500244140625,102.5,96.0,plots_extra/metrics/features/index/mean/bert/tables/lpca99_bert_index.csv,bert/tables_INDEX/index_bootstrap/index_raw_lpca99_bert-base-uncased.csv
bert,BERT: MEAN vs FIRST,index,LID,lpca99,lpca99,9,9,7,680.625,694.0,120.5,116.5,plots_extra/metrics/features/index/mean/bert/tables/lpca99_bert_index.csv,bert/tables_INDEX/index_bootstrap/index_raw_lpca99_bert-base-uncased.csv
bert,BERT: MEAN vs FIRST,index,LID,lpca99,lpca99,9,9,8,680.375,693.9500122070312,118.0,114.5,plots_extra/metrics/features/index/mean/bert/tables/lpca99_bert_index.csv,bert/tables_INDEX/index_bootstrap/index_raw_lpca99_bert-base-uncased.csv
bert,BERT: MEAN vs FIRST,index,LID,lpca99,lpca99,9,9,9,680.25,694.6500244140625,116.0,123.0,plots_extra/metrics/features/index/mean/bert/tables/lpca99_bert_index.csv,bert/tables_INDEX/index_bootstrap/index_raw_lpca99_bert-base-uncased.csv
bert,BERT: MEAN vs FIRST,index,LID,lpca99,lpca99,9,9,10,674.875,690.2999877929688,94.0,100.0,plots_extra/metrics/features/index/mean/bert/tables/lpca99_bert_index.csv,bert/tables_INDEX/index_bootstrap/index_raw_lpca99_bert-base-uncased.csv
bert,BERT: MEAN vs FIRST,index,LID,lpca99,lpca99,9,9,11,673.875,689.8499755859375,90.5,93.5,plots_extra/metrics/features/index/mean/bert/tables/lpca99_bert_index.csv,bert/tables_INDEX/index_bootstrap/index_raw_lpca99_bert-base-uncased.csv
bert,BERT: MEAN vs FIRST,index,LID,lpca99,lpca99,9,9,12,668.25,684.5999755859375,77.5,78.0,plots_extra/metrics/features/index/mean/bert/tables/lpca99_bert_index.csv,bert/tables_INDEX/index_bootstrap/index_raw_lpca99_bert-base-uncased.csv
bert,BERT: MEAN vs FIRST,index,NLID,gride,gride,1,1,0,0.4098531901836395,0.5032333731651306,1.0,3.0,plots_extra/metrics/features/index/mean/bert/tables/gride_bert_index.csv,bert/tables_INDEX/index_bootstrap/index_raw_gride_bert-base-uncased.csv
bert,BERT: MEAN vs FIRST,index,NLID,gride,gride,1,1,1,4.073253154754639,4.6704583168029785,9.0,10.0,plots_extra/metrics/features/index/mean/bert/tables/gride_bert_index.csv,bert/tables_INDEX/index_bootstrap/index_raw_gride_bert-base-uncased.csv
bert,BERT: MEAN vs FIRST,index,NLID,gride,gride,1,1,2,4.941043376922607,5.169313907623291,10.0,11.0,plots_extra/metrics/features/index/mean/bert/tables/gride_bert_index.csv,bert/tables_INDEX/index_bootstrap/index_raw_gride_bert-base-uncased.csv
bert,BERT: MEAN vs FIRST,index,NLID,gride,gride,1,1,3,6.229832649230957,6.284788131713867,11.0,13.0,plots_extra/metrics/features/index/mean/bert/tables/gride_bert_index.csv,bert/tables_INDEX/index_bootstrap/index_raw_gride_bert-base-uncased.csv
bert,BERT: MEAN vs FIRST,index,NLID,gride,gride,1,1,4,6.847995281219482,6.964957237243652,15.0,15.0,plots_extra/metrics/features/index/mean/bert/tables/gride_bert_index.csv,bert/tables_INDEX/index_bootstrap/index_raw_gride_bert-base-uncased.csv
bert,BERT: MEAN vs FIRST,index,NLID,gride,gride,1,1,5,8.038032531738281,8.075643539428711,18.0,20.0,plots_extra/metrics/features/index/mean/bert/tables/gride_bert_index.csv,bert/tables_INDEX/index_bootstrap/index_raw_gride_bert-base-uncased.csv
bert,BERT: MEAN vs FIRST,index,NLID,gride,gride,1,1,6,9.14658546447754,9.181706428527832,25.0,24.0,plots_extra/metrics/features/index/mean/bert/tables/gride_bert_index.csv,bert/tables_INDEX/index_bootstrap/index_raw_gride_bert-base-uncased.csv
bert,BERT: MEAN vs FIRST,index,NLID,gride,gride,1,1,7,9.926474571228027,9.714803695678713,30.0,27.0,plots_extra/metrics/features/index/mean/bert/tables/gride_bert_index.csv,bert/tables_INDEX/index_bootstrap/index_raw_gride_bert-base-uncased.csv
bert,BERT: MEAN vs FIRST,index,NLID,gride,gride,1,1,8,10.158858299255373,9.822768211364746,31.0,29.0,plots_extra/metrics/features/index/mean/bert/tables/gride_bert_index.csv,bert/tables_INDEX/index_bootstrap/index_raw_gride_bert-base-uncased.csv
bert,BERT: MEAN vs FIRST,index,NLID,gride,gride,1,1,9,12.446521759033203,11.538293838500977,41.0,37.0,plots_extra/metrics/features/index/mean/bert/tables/gride_bert_index.csv,bert/tables_INDEX/index_bootstrap/index_raw_gride_bert-base-uncased.csv
bert,BERT: MEAN vs FIRST,index,NLID,gride,gride,1,1,10,14.256080627441406,12.878031730651855,57.0,49.0,plots_extra/metrics/features/index/mean/bert/tables/gride_bert_index.csv,bert/tables_INDEX/index_bootstrap/index_raw_gride_bert-base-uncased.csv
bert,BERT: MEAN vs FIRST,index,NLID,gride,gride,1,1,11,15.811057090759276,14.85777473449707,66.0,61.0,plots_extra/metrics/features/index/mean/bert/tables/gride_bert_index.csv,bert/tables_INDEX/index_bootstrap/index_raw_gride_bert-base-uncased.csv
bert,BERT: MEAN vs FIRST,index,NLID,gride,gride,1,1,12,16.238601684570312,16.29314613342285,70.0,69.0,plots_extra/metrics/features/index/mean/bert/tables/gride_bert_index.csv,bert/tables_INDEX/index_bootstrap/index_raw_gride_bert-base-uncased.csv
bert,BERT: MEAN vs FIRST,index,NLID,gride,gride,10,10,0,8.580047607421875,7.463372230529785,21.0,17.0,plots_extra/metrics/features/index/mean/bert/tables/gride_bert_index.csv,bert/tables_INDEX/index_bootstrap/index_raw_gride_bert-base-uncased.csv
bert,BERT: MEAN vs FIRST,index,NLID,gride,gride,10,10,1,12.320514678955078,10.699613571166992,40.0,34.0,plots_extra/metrics/features/index/mean/bert/tables/gride_bert_index.csv,bert/tables_INDEX/index_bootstrap/index_raw_gride_bert-base-uncased.csv
bert,BERT: MEAN vs FIRST,index,NLID,gride,gride,10,10,2,15.65110206604004,14.570123672485352,65.0,60.0,plots_extra/metrics/features/index/mean/bert/tables/gride_bert_index.csv,bert/tables_INDEX/index_bootstrap/index_raw_gride_bert-base-uncased.csv
bert,BERT: MEAN vs FIRST,index,NLID,gride,gride,10,10,3,16.972049713134766,16.0804500579834,75.0,68.0,plots_extra/metrics/features/index/mean/bert/tables/gride_bert_index.csv,bert/tables_INDEX/index_bootstrap/index_raw_gride_bert-base-uncased.csv
bert,BERT: MEAN vs FIRST,index,NLID,gride,gride,10,10,4,15.30892848968506,16.731449127197266,63.0,73.0,plots_extra/metrics/features/index/mean/bert/tables/gride_bert_index.csv,bert/tables_INDEX/index_bootstrap/index_raw_gride_bert-base-uncased.csv
bert,BERT: MEAN vs FIRST,index,NLID,gride,gride,10,10,5,18.432453155517575,19.52095413208008,83.0,90.0,plots_extra/metrics/features/index/mean/bert/tables/gride_bert_index.csv,bert/tables_INDEX/index_bootstrap/index_raw_gride_bert-base-uncased.csv
bert,BERT: MEAN vs FIRST,index,NLID,gride,gride,10,10,6,19.319107055664062,20.3711051940918,86.0,97.0,plots_extra/metrics/features/index/mean/bert/tables/gride_bert_index.csv,bert/tables_INDEX/index_bootstrap/index_raw_gride_bert-base-uncased.csv
bert,BERT: MEAN vs FIRST,index,NLID,gride,gride,10,10,7,21.43433380126953,22.16681289672852,108.0,107.0,plots_extra/metrics/features/index/mean/bert/tables/gride_bert_index.csv,bert/tables_INDEX/index_bootstrap/index_raw_gride_bert-base-uncased.csv
bert,BERT: MEAN vs FIRST,index,NLID,gride,gride,10,10,8,21.87525177001953,21.671241760253903,111.0,103.0,plots_extra/metrics/features/index/mean/bert/tables/gride_bert_index.csv,bert/tables_INDEX/index_bootstrap/index_raw_gride_bert-base-uncased.csv
bert,BERT: MEAN vs FIRST,index,NLID,gride,gride,10,10,9,28.080371856689453,28.8659610748291,127.0,127.0,plots_extra/metrics/features/index/mean/bert/tables/gride_bert_index.csv,bert/tables_INDEX/index_bootstrap/index_raw_gride_bert-base-uncased.csv
bert,BERT: MEAN vs FIRST,index,NLID,gride,gride,10,10,10,27.846635818481445,30.50372695922852,126.0,129.0,plots_extra/metrics/features/index/mean/bert/tables/gride_bert_index.csv,bert/tables_INDEX/index_bootstrap/index_raw_gride_bert-base-uncased.csv
bert,BERT: MEAN vs FIRST,index,NLID,gride,gride,10,10,11,26.117307662963867,27.116342544555664,124.0,122.0,plots_extra/metrics/features/index/mean/bert/tables/gride_bert_index.csv,bert/tables_INDEX/index_bootstrap/index_raw_gride_bert-base-uncased.csv
bert,BERT: MEAN vs FIRST,index,NLID,gride,gride,10,10,12,21.99252319335937,23.086673736572266,113.0,114.0,plots_extra/metrics/features/index/mean/bert/tables/gride_bert_index.csv,bert/tables_INDEX/index_bootstrap/index_raw_gride_bert-base-uncased.csv
bert,BERT: MEAN vs FIRST,index,NLID,gride,gride,2,2,0,0.5570078492164612,0.5015853047370911,2.0,2.0,plots_extra/metrics/features/index/mean/bert/tables/gride_bert_index.csv,bert/tables_INDEX/index_bootstrap/index_raw_gride_bert-base-uncased.csv
bert,BERT: MEAN vs FIRST,index,NLID,gride,gride,2,2,1,6.293102264404297,6.023097038269043,12.0,12.0,plots_extra/metrics/features/index/mean/bert/tables/gride_bert_index.csv,bert/tables_INDEX/index_bootstrap/index_raw_gride_bert-base-uncased.csv
bert,BERT: MEAN vs FIRST,index,NLID,gride,gride,2,2,2,8.023543357849121,7.370839595794678,17.0,16.0,plots_extra/metrics/features/index/mean/bert/tables/gride_bert_index.csv,bert/tables_INDEX/index_bootstrap/index_raw_gride_bert-base-uncased.csv
bert,BERT: MEAN vs FIRST,index,NLID,gride,gride,2,2,3,9.570491790771484,9.152681350708008,28.0,23.0,plots_extra/metrics/features/index/mean/bert/tables/gride_bert_index.csv,bert/tables_INDEX/index_bootstrap/index_raw_gride_bert-base-uncased.csv
bert,BERT: MEAN vs FIRST,index,NLID,gride,gride,2,2,4,9.841809272766112,10.083940505981444,29.0,31.0,plots_extra/metrics/features/index/mean/bert/tables/gride_bert_index.csv,bert/tables_INDEX/index_bootstrap/index_raw_gride_bert-base-uncased.csv
bert,BERT: MEAN vs FIRST,index,NLID,gride,gride,2,2,5,11.23405647277832,11.597846031188965,33.0,40.0,plots_extra/metrics/features/index/mean/bert/tables/gride_bert_index.csv,bert/tables_INDEX/index_bootstrap/index_raw_gride_bert-base-uncased.csv
bert,BERT: MEAN vs FIRST,index,NLID,gride,gride,2,2,6,12.49737548828125,12.55048656463623,44.0,46.0,plots_extra/metrics/features/index/mean/bert/tables/gride_bert_index.csv,bert/tables_INDEX/index_bootstrap/index_raw_gride_bert-base-uncased.csv
bert,BERT: MEAN vs FIRST,index,NLID,gride,gride,2,2,7,13.470980644226074,13.170166015625,53.0,51.0,plots_extra/metrics/features/index/mean/bert/tables/gride_bert_index.csv,bert/tables_INDEX/index_bootstrap/index_raw_gride_bert-base-uncased.csv
bert,BERT: MEAN vs FIRST,index,NLID,gride,gride,2,2,8,14.464118003845217,13.738842964172363,59.0,53.0,plots_extra/metrics/features/index/mean/bert/tables/gride_bert_index.csv,bert/tables_INDEX/index_bootstrap/index_raw_gride_bert-base-uncased.csv
bert,BERT: MEAN vs FIRST,index,NLID,gride,gride,2,2,9,15.411157608032228,15.153340339660645,64.0,63.0,plots_extra/metrics/features/index/mean/bert/tables/gride_bert_index.csv,bert/tables_INDEX/index_bootstrap/index_raw_gride_bert-base-uncased.csv
bert,BERT: MEAN vs FIRST,index,NLID,gride,gride,2,2,10,16.186901092529297,17.147430419921875,69.0,75.0,plots_extra/metrics/features/index/mean/bert/tables/gride_bert_index.csv,bert/tables_INDEX/index_bootstrap/index_raw_gride_bert-base-uncased.csv
bert,BERT: MEAN vs FIRST,index,NLID,gride,gride,2,2,11,18.0716609954834,18.828662872314453,81.0,85.0,plots_extra/metrics/features/index/mean/bert/tables/gride_bert_index.csv,bert/tables_INDEX/index_bootstrap/index_raw_gride_bert-base-uncased.csv
bert,BERT: MEAN vs FIRST,index,NLID,gride,gride,2,2,12,16.624914169311523,17.960960388183594,72.0,80.0,plots_extra/metrics/features/index/mean/bert/tables/gride_bert_index.csv,bert/tables_INDEX/index_bootstrap/index_raw_gride_bert-base-uncased.csv
bert,BERT: MEAN vs FIRST,index,NLID,gride,gride,3,3,0,0.6981740593910217,0.4555012285709381,4.0,1.0,plots_extra/metrics/features/index/mean/bert/tables/gride_bert_index.csv,bert/tables_INDEX/index_bootstrap/index_raw_gride_bert-base-uncased.csv
bert,BERT: MEAN vs FIRST,index,NLID,gride,gride,3,3,1,6.572245597839356,6.486763000488281,14.0,14.0,plots_extra/metrics/features/index/mean/bert/tables/gride_bert_index.csv,bert/tables_INDEX/index_bootstrap/index_raw_gride_bert-base-uncased.csv
bert,BERT: MEAN vs FIRST,index,NLID,gride,gride,3,3,2,9.105854988098145,8.126421928405762,24.0,21.0,plots_extra/metrics/features/index/mean/bert/tables/gride_bert_index.csv,bert/tables_INDEX/index_bootstrap/index_raw_gride_bert-base-uncased.csv
bert,BERT: MEAN vs FIRST,index,NLID,gride,gride,3,3,3,11.454061508178713,9.860942840576172,36.0,30.0,plots_extra/metrics/features/index/mean/bert/tables/gride_bert_index.csv,bert/tables_INDEX/index_bootstrap/index_raw_gride_bert-base-uncased.csv
bert,BERT: MEAN vs FIRST,index,NLID,gride,gride,3,3,4,12.455307006835938,10.75486660003662,42.0,35.0,plots_extra/metrics/features/index/mean/bert/tables/gride_bert_index.csv,bert/tables_INDEX/index_bootstrap/index_raw_gride_bert-base-uncased.csv
bert,BERT: MEAN vs FIRST,index,NLID,gride,gride,3,3,5,14.227815628051758,12.544533729553224,56.0,45.0,plots_extra/metrics/features/index/mean/bert/tables/gride_bert_index.csv,bert/tables_INDEX/index_bootstrap/index_raw_gride_bert-base-uncased.csv
bert,BERT: MEAN vs FIRST,index,NLID,gride,gride,3,3,6,16.416343688964844,14.076677322387695,71.0,57.0,plots_extra/metrics/features/index/mean/bert/tables/gride_bert_index.csv,bert/tables_INDEX/index_bootstrap/index_raw_gride_bert-base-uncased.csv
bert,BERT: MEAN vs FIRST,index,NLID,gride,gride,3,3,7,17.962800979614258,15.332478523254396,80.0,64.0,plots_extra/metrics/features/index/mean/bert/tables/gride_bert_index.csv,bert/tables_INDEX/index_bootstrap/index_raw_gride_bert-base-uncased.csv
bert,BERT: MEAN vs FIRST,index,NLID,gride,gride,3,3,8,19.002033233642575,16.619836807250977,85.0,72.0,plots_extra/metrics/features/index/mean/bert/tables/gride_bert_index.csv,bert/tables_INDEX/index_bootstrap/index_raw_gride_bert-base-uncased.csv
bert,BERT: MEAN vs FIRST,index,NLID,gride,gride,3,3,9,19.62602424621582,18.22952079772949,89.0,82.0,plots_extra/metrics/features/index/mean/bert/tables/gride_bert_index.csv,bert/tables_INDEX/index_bootstrap/index_raw_gride_bert-base-uncased.csv
bert,BERT: MEAN vs FIRST,index,NLID,gride,gride,3,3,10,17.547988891601562,18.76942253112793,79.0,84.0,plots_extra/metrics/features/index/mean/bert/tables/gride_bert_index.csv,bert/tables_INDEX/index_bootstrap/index_raw_gride_bert-base-uncased.csv
bert,BERT: MEAN vs FIRST,index,NLID,gride,gride,3,3,11,19.52254676818848,22.598079681396484,88.0,110.0,plots_extra/metrics/features/index/mean/bert/tables/gride_bert_index.csv,bert/tables_INDEX/index_bootstrap/index_raw_gride_bert-base-uncased.csv
bert,BERT: MEAN vs FIRST,index,NLID,gride,gride,3,3,12,22.5560359954834,22.84048080444336,116.0,113.0,plots_extra/metrics/features/index/mean/bert/tables/gride_bert_index.csv,bert/tables_INDEX/index_bootstrap/index_raw_gride_bert-base-uncased.csv
bert,BERT: MEAN vs FIRST,index,NLID,gride,gride,4,4,0,6.448631763458252,1.193310022354126,13.0,5.0,plots_extra/metrics/features/index/mean/bert/tables/gride_bert_index.csv,bert/tables_INDEX/index_bootstrap/index_raw_gride_bert-base-uncased.csv
bert,BERT: MEAN vs FIRST,index,NLID,gride,gride,4,4,1,8.852951049804688,7.916693687438965,22.0,19.0,plots_extra/metrics/features/index/mean/bert/tables/gride_bert_index.csv,bert/tables_INDEX/index_bootstrap/index_raw_gride_bert-base-uncased.csv
bert,BERT: MEAN vs FIRST,index,NLID,gride,gride,4,4,2,11.61617374420166,10.114153861999512,37.0,32.0,plots_extra/metrics/features/index/mean/bert/tables/gride_bert_index.csv,bert/tables_INDEX/index_bootstrap/index_raw_gride_bert-base-uncased.csv
bert,BERT: MEAN vs FIRST,index,NLID,gride,gride,4,4,3,13.002821922302246,11.567415237426758,47.0,38.0,plots_extra/metrics/features/index/mean/bert/tables/gride_bert_index.csv,bert/tables_INDEX/index_bootstrap/index_raw_gride_bert-base-uncased.csv
bert,BERT: MEAN vs FIRST,index,NLID,gride,gride,4,4,4,13.021015167236328,12.41811466217041,48.0,43.0,plots_extra/metrics/features/index/mean/bert/tables/gride_bert_index.csv,bert/tables_INDEX/index_bootstrap/index_raw_gride_bert-base-uncased.csv
bert,BERT: MEAN vs FIRST,index,NLID,gride,gride,4,4,5,15.082334518432615,14.205822944641112,61.0,58.0,plots_extra/metrics/features/index/mean/bert/tables/gride_bert_index.csv,bert/tables_INDEX/index_bootstrap/index_raw_gride_bert-base-uncased.csv
bert,BERT: MEAN vs FIRST,index,NLID,gride,gride,4,4,6,16.879966735839844,15.886602401733398,74.0,67.0,plots_extra/metrics/features/index/mean/bert/tables/gride_bert_index.csv,bert/tables_INDEX/index_bootstrap/index_raw_gride_bert-base-uncased.csv
bert,BERT: MEAN vs FIRST,index,NLID,gride,gride,4,4,7,18.66693115234375,17.140789031982422,84.0,74.0,plots_extra/metrics/features/index/mean/bert/tables/gride_bert_index.csv,bert/tables_INDEX/index_bootstrap/index_raw_gride_bert-base-uncased.csv
bert,BERT: MEAN vs FIRST,index,NLID,gride,gride,4,4,8,20.09014892578125,18.020240783691406,99.0,81.0,plots_extra/metrics/features/index/mean/bert/tables/gride_bert_index.csv,bert/tables_INDEX/index_bootstrap/index_raw_gride_bert-base-uncased.csv
bert,BERT: MEAN vs FIRST,index,NLID,gride,gride,4,4,9,20.73737335205078,19.579578399658203,104.0,91.0,plots_extra/metrics/features/index/mean/bert/tables/gride_bert_index.csv,bert/tables_INDEX/index_bootstrap/index_raw_gride_bert-base-uncased.csv
bert,BERT: MEAN vs FIRST,index,NLID,gride,gride,4,4,10,25.610048294067383,28.65728187561035,122.0,126.0,plots_extra/metrics/features/index/mean/bert/tables/gride_bert_index.csv,bert/tables_INDEX/index_bootstrap/index_raw_gride_bert-base-uncased.csv
bert,BERT: MEAN vs FIRST,index,NLID,gride,gride,4,4,11,25.85061454772949,25.939281463623047,123.0,120.0,plots_extra/metrics/features/index/mean/bert/tables/gride_bert_index.csv,bert/tables_INDEX/index_bootstrap/index_raw_gride_bert-base-uncased.csv
bert,BERT: MEAN vs FIRST,index,NLID,gride,gride,4,4,12,24.42605781555176,22.42852210998535,119.0,109.0,plots_extra/metrics/features/index/mean/bert/tables/gride_bert_index.csv,bert/tables_INDEX/index_bootstrap/index_raw_gride_bert-base-uncased.csv
bert,BERT: MEAN vs FIRST,index,NLID,gride,gride,5,5,0,0.907161295413971,3.152083158493042,6.0,9.0,plots_extra/metrics/features/index/mean/bert/tables/gride_bert_index.csv,bert/tables_INDEX/index_bootstrap/index_raw_gride_bert-base-uncased.csv
bert,BERT: MEAN vs FIRST,index,NLID,gride,gride,5,5,1,8.910167694091797,9.789403915405272,23.0,28.0,plots_extra/metrics/features/index/mean/bert/tables/gride_bert_index.csv,bert/tables_INDEX/index_bootstrap/index_raw_gride_bert-base-uncased.csv
bert,BERT: MEAN vs FIRST,index,NLID,gride,gride,5,5,2,11.720260620117188,11.885831832885742,38.0,41.0,plots_extra/metrics/features/index/mean/bert/tables/gride_bert_index.csv,bert/tables_INDEX/index_bootstrap/index_raw_gride_bert-base-uncased.csv
bert,BERT: MEAN vs FIRST,index,NLID,gride,gride,5,5,3,13.06350803375244,12.919279098510742,49.0,50.0,plots_extra/metrics/features/index/mean/bert/tables/gride_bert_index.csv,bert/tables_INDEX/index_bootstrap/index_raw_gride_bert-base-uncased.csv
bert,BERT: MEAN vs FIRST,index,NLID,gride,gride,5,5,4,13.378265380859377,14.260190963745115,52.0,59.0,plots_extra/metrics/features/index/mean/bert/tables/gride_bert_index.csv,bert/tables_INDEX/index_bootstrap/index_raw_gride_bert-base-uncased.csv
bert,BERT: MEAN vs FIRST,index,NLID,gride,gride,5,5,5,16.015674591064453,16.599422454833984,67.0,71.0,plots_extra/metrics/features/index/mean/bert/tables/gride_bert_index.csv,bert/tables_INDEX/index_bootstrap/index_raw_gride_bert-base-uncased.csv
bert,BERT: MEAN vs FIRST,index,NLID,gride,gride,5,5,6,18.3687686920166,18.27171897888184,82.0,83.0,plots_extra/metrics/features/index/mean/bert/tables/gride_bert_index.csv,bert/tables_INDEX/index_bootstrap/index_raw_gride_bert-base-uncased.csv
bert,BERT: MEAN vs FIRST,index,NLID,gride,gride,5,5,7,20.68277359008789,19.70947265625,103.0,92.0,plots_extra/metrics/features/index/mean/bert/tables/gride_bert_index.csv,bert/tables_INDEX/index_bootstrap/index_raw_gride_bert-base-uncased.csv
bert,BERT: MEAN vs FIRST,index,NLID,gride,gride,5,5,8,22.229721069335938,20.38058090209961,115.0,98.0,plots_extra/metrics/features/index/mean/bert/tables/gride_bert_index.csv,bert/tables_INDEX/index_bootstrap/index_raw_gride_bert-base-uncased.csv
bert,BERT: MEAN vs FIRST,index,NLID,gride,gride,5,5,9,22.11872100830078,21.698787689208984,114.0,104.0,plots_extra/metrics/features/index/mean/bert/tables/gride_bert_index.csv,bert/tables_INDEX/index_bootstrap/index_raw_gride_bert-base-uncased.csv
bert,BERT: MEAN vs FIRST,index,NLID,gride,gride,5,5,10,28.38765335083008,32.426170349121094,128.0,130.0,plots_extra/metrics/features/index/mean/bert/tables/gride_bert_index.csv,bert/tables_INDEX/index_bootstrap/index_raw_gride_bert-base-uncased.csv
bert,BERT: MEAN vs FIRST,index,NLID,gride,gride,5,5,11,28.53131484985352,27.003826141357425,129.0,121.0,plots_extra/metrics/features/index/mean/bert/tables/gride_bert_index.csv,bert/tables_INDEX/index_bootstrap/index_raw_gride_bert-base-uncased.csv
bert,BERT: MEAN vs FIRST,index,NLID,gride,gride,5,5,12,25.340930938720703,24.59979248046875,120.0,117.0,plots_extra/metrics/features/index/mean/bert/tables/gride_bert_index.csv,bert/tables_INDEX/index_bootstrap/index_raw_gride_bert-base-uncased.csv
bert,BERT: MEAN vs FIRST,index,NLID,gride,gride,6,6,0,0.6662762761116028,1.24355149269104,3.0,7.0,plots_extra/metrics/features/index/mean/bert/tables/gride_bert_index.csv,bert/tables_INDEX/index_bootstrap/index_raw_gride_bert-base-uncased.csv
bert,BERT: MEAN vs FIRST,index,NLID,gride,gride,6,6,1,6.8825273513793945,9.496255874633787,16.0,26.0,plots_extra/metrics/features/index/mean/bert/tables/gride_bert_index.csv,bert/tables_INDEX/index_bootstrap/index_raw_gride_bert-base-uncased.csv
bert,BERT: MEAN vs FIRST,index,NLID,gride,gride,6,6,2,9.33681869506836,11.981496810913086,26.0,42.0,plots_extra/metrics/features/index/mean/bert/tables/gride_bert_index.csv,bert/tables_INDEX/index_bootstrap/index_raw_gride_bert-base-uncased.csv
bert,BERT: MEAN vs FIRST,index,NLID,gride,gride,6,6,3,10.568012237548828,12.75961208343506,32.0,48.0,plots_extra/metrics/features/index/mean/bert/tables/gride_bert_index.csv,bert/tables_INDEX/index_bootstrap/index_raw_gride_bert-base-uncased.csv
bert,BERT: MEAN vs FIRST,index,NLID,gride,gride,6,6,4,11.313919067382812,13.774584770202637,35.0,54.0,plots_extra/metrics/features/index/mean/bert/tables/gride_bert_index.csv,bert/tables_INDEX/index_bootstrap/index_raw_gride_bert-base-uncased.csv
bert,BERT: MEAN vs FIRST,index,NLID,gride,gride,6,6,5,14.133624076843262,15.84429168701172,55.0,66.0,plots_extra/metrics/features/index/mean/bert/tables/gride_bert_index.csv,bert/tables_INDEX/index_bootstrap/index_raw_gride_bert-base-uncased.csv
bert,BERT: MEAN vs FIRST,index,NLID,gride,gride,6,6,6,16.805721282958984,17.59790802001953,73.0,77.0,plots_extra/metrics/features/index/mean/bert/tables/gride_bert_index.csv,bert/tables_INDEX/index_bootstrap/index_raw_gride_bert-base-uncased.csv
bert,BERT: MEAN vs FIRST,index,NLID,gride,gride,6,6,7,19.74718475341797,19.375919342041016,93.0,89.0,plots_extra/metrics/features/index/mean/bert/tables/gride_bert_index.csv,bert/tables_INDEX/index_bootstrap/index_raw_gride_bert-base-uncased.csv
bert,BERT: MEAN vs FIRST,index,NLID,gride,gride,6,6,8,19.75292205810547,19.750049591064453,94.0,93.0,plots_extra/metrics/features/index/mean/bert/tables/gride_bert_index.csv,bert/tables_INDEX/index_bootstrap/index_raw_gride_bert-base-uncased.csv
bert,BERT: MEAN vs FIRST,index,NLID,gride,gride,6,6,9,20.30834007263184,20.742918014526367,100.0,100.0,plots_extra/metrics/features/index/mean/bert/tables/gride_bert_index.csv,bert/tables_INDEX/index_bootstrap/index_raw_gride_bert-base-uncased.csv
bert,BERT: MEAN vs FIRST,index,NLID,gride,gride,6,6,10,29.54164695739746,29.300806045532227,130.0,128.0,plots_extra/metrics/features/index/mean/bert/tables/gride_bert_index.csv,bert/tables_INDEX/index_bootstrap/index_raw_gride_bert-base-uncased.csv
bert,BERT: MEAN vs FIRST,index,NLID,gride,gride,6,6,11,22.735572814941406,23.98374557495117,117.0,116.0,plots_extra/metrics/features/index/mean/bert/tables/gride_bert_index.csv,bert/tables_INDEX/index_bootstrap/index_raw_gride_bert-base-uncased.csv
bert,BERT: MEAN vs FIRST,index,NLID,gride,gride,6,6,12,20.597332000732425,21.72721290588379,102.0,106.0,plots_extra/metrics/features/index/mean/bert/tables/gride_bert_index.csv,bert/tables_INDEX/index_bootstrap/index_raw_gride_bert-base-uncased.csv
bert,BERT: MEAN vs FIRST,index,NLID,gride,gride,7,7,0,0.9265580177307128,1.230959177017212,7.0,6.0,plots_extra/metrics/features/index/mean/bert/tables/gride_bert_index.csv,bert/tables_INDEX/index_bootstrap/index_raw_gride_bert-base-uncased.csv
bert,BERT: MEAN vs FIRST,index,NLID,gride,gride,7,7,1,8.550227165222168,7.830622673034668,20.0,18.0,plots_extra/metrics/features/index/mean/bert/tables/gride_bert_index.csv,bert/tables_INDEX/index_bootstrap/index_raw_gride_bert-base-uncased.csv
bert,BERT: MEAN vs FIRST,index,NLID,gride,gride,7,7,2,11.986323356628418,10.20260238647461,39.0,33.0,plots_extra/metrics/features/index/mean/bert/tables/gride_bert_index.csv,bert/tables_INDEX/index_bootstrap/index_raw_gride_bert-base-uncased.csv
bert,BERT: MEAN vs FIRST,index,NLID,gride,gride,7,7,3,13.159664154052734,11.574082374572754,50.0,39.0,plots_extra/metrics/features/index/mean/bert/tables/gride_bert_index.csv,bert/tables_INDEX/index_bootstrap/index_raw_gride_bert-base-uncased.csv
bert,BERT: MEAN vs FIRST,index,NLID,gride,gride,7,7,4,12.94843578338623,13.184785842895508,46.0,52.0,plots_extra/metrics/features/index/mean/bert/tables/gride_bert_index.csv,bert/tables_INDEX/index_bootstrap/index_raw_gride_bert-base-uncased.csv
bert,BERT: MEAN vs FIRST,index,NLID,gride,gride,7,7,5,15.166509628295898,15.603395462036133,62.0,65.0,plots_extra/metrics/features/index/mean/bert/tables/gride_bert_index.csv,bert/tables_INDEX/index_bootstrap/index_raw_gride_bert-base-uncased.csv
bert,BERT: MEAN vs FIRST,index,NLID,gride,gride,7,7,6,17.159269332885742,17.339214324951172,76.0,76.0,plots_extra/metrics/features/index/mean/bert/tables/gride_bert_index.csv,bert/tables_INDEX/index_bootstrap/index_raw_gride_bert-base-uncased.csv
bert,BERT: MEAN vs FIRST,index,NLID,gride,gride,7,7,7,19.342931747436523,19.21554946899414,87.0,87.0,plots_extra/metrics/features/index/mean/bert/tables/gride_bert_index.csv,bert/tables_INDEX/index_bootstrap/index_raw_gride_bert-base-uncased.csv
bert,BERT: MEAN vs FIRST,index,NLID,gride,gride,7,7,8,19.829694747924805,19.367862701416016,95.0,88.0,plots_extra/metrics/features/index/mean/bert/tables/gride_bert_index.csv,bert/tables_INDEX/index_bootstrap/index_raw_gride_bert-base-uncased.csv
bert,BERT: MEAN vs FIRST,index,NLID,gride,gride,7,7,9,20.56868934631348,20.913423538208008,101.0,101.0,plots_extra/metrics/features/index/mean/bert/tables/gride_bert_index.csv,bert/tables_INDEX/index_bootstrap/index_raw_gride_bert-base-uncased.csv
bert,BERT: MEAN vs FIRST,index,NLID,gride,gride,7,7,10,26.56452751159668,28.14992904663086,125.0,123.0,plots_extra/metrics/features/index/mean/bert/tables/gride_bert_index.csv,bert/tables_INDEX/index_bootstrap/index_raw_gride_bert-base-uncased.csv
bert,BERT: MEAN vs FIRST,index,NLID,gride,gride,7,7,11,21.87699508666992,23.685243606567383,112.0,115.0,plots_extra/metrics/features/index/mean/bert/tables/gride_bert_index.csv,bert/tables_INDEX/index_bootstrap/index_raw_gride_bert-base-uncased.csv
bert,BERT: MEAN vs FIRST,index,NLID,gride,gride,7,7,12,19.6882266998291,22.37355232238769,91.0,108.0,plots_extra/metrics/features/index/mean/bert/tables/gride_bert_index.csv,bert/tables_INDEX/index_bootstrap/index_raw_gride_bert-base-uncased.csv
bert,BERT: MEAN vs FIRST,index,NLID,gride,gride,8,8,0,0.85897296667099,0.7183085083961487,5.0,4.0,plots_extra/metrics/features/index/mean/bert/tables/gride_bert_index.csv,bert/tables_INDEX/index_bootstrap/index_raw_gride_bert-base-uncased.csv
bert,BERT: MEAN vs FIRST,index,NLID,gride,gride,8,8,1,8.373346328735352,8.438005447387695,19.0,22.0,plots_extra/metrics/features/index/mean/bert/tables/gride_bert_index.csv,bert/tables_INDEX/index_bootstrap/index_raw_gride_bert-base-uncased.csv
bert,BERT: MEAN vs FIRST,index,NLID,gride,gride,8,8,2,11.254088401794434,11.492077827453612,34.0,36.0,plots_extra/metrics/features/index/mean/bert/tables/gride_bert_index.csv,bert/tables_INDEX/index_bootstrap/index_raw_gride_bert-base-uncased.csv
bert,BERT: MEAN vs FIRST,index,NLID,gride,gride,8,8,3,12.47509479522705,12.738821029663086,43.0,47.0,plots_extra/metrics/features/index/mean/bert/tables/gride_bert_index.csv,bert/tables_INDEX/index_bootstrap/index_raw_gride_bert-base-uncased.csv
bert,BERT: MEAN vs FIRST,index,NLID,gride,gride,8,8,4,12.631606101989746,13.93614387512207,45.0,56.0,plots_extra/metrics/features/index/mean/bert/tables/gride_bert_index.csv,bert/tables_INDEX/index_bootstrap/index_raw_gride_bert-base-uncased.csv
bert,BERT: MEAN vs FIRST,index,NLID,gride,gride,8,8,5,14.986126899719238,16.309602737426758,60.0,70.0,plots_extra/metrics/features/index/mean/bert/tables/gride_bert_index.csv,bert/tables_INDEX/index_bootstrap/index_raw_gride_bert-base-uncased.csv
bert,BERT: MEAN vs FIRST,index,NLID,gride,gride,8,8,6,17.28951644897461,17.86041259765625,77.0,79.0,plots_extra/metrics/features/index/mean/bert/tables/gride_bert_index.csv,bert/tables_INDEX/index_bootstrap/index_raw_gride_bert-base-uncased.csv
bert,BERT: MEAN vs FIRST,index,NLID,gride,gride,8,8,7,19.72157287597656,19.8677921295166,92.0,94.0,plots_extra/metrics/features/index/mean/bert/tables/gride_bert_index.csv,bert/tables_INDEX/index_bootstrap/index_raw_gride_bert-base-uncased.csv
bert,BERT: MEAN vs FIRST,index,NLID,gride,gride,8,8,8,20.012157440185547,20.08523178100586,97.0,95.0,plots_extra/metrics/features/index/mean/bert/tables/gride_bert_index.csv,bert/tables_INDEX/index_bootstrap/index_raw_gride_bert-base-uncased.csv
bert,BERT: MEAN vs FIRST,index,NLID,gride,gride,8,8,9,21.44194602966309,21.72189140319824,109.0,105.0,plots_extra/metrics/features/index/mean/bert/tables/gride_bert_index.csv,bert/tables_INDEX/index_bootstrap/index_raw_gride_bert-base-uncased.csv
bert,BERT: MEAN vs FIRST,index,NLID,gride,gride,8,8,10,25.466405868530277,28.44039535522461,121.0,125.0,plots_extra/metrics/features/index/mean/bert/tables/gride_bert_index.csv,bert/tables_INDEX/index_bootstrap/index_raw_gride_bert-base-uncased.csv
bert,BERT: MEAN vs FIRST,index,NLID,gride,gride,8,8,11,21.342960357666016,25.21501922607422,107.0,118.0,plots_extra/metrics/features/index/mean/bert/tables/gride_bert_index.csv,bert/tables_INDEX/index_bootstrap/index_raw_gride_bert-base-uncased.csv
bert,BERT: MEAN vs FIRST,index,NLID,gride,gride,8,8,12,20.04448509216309,22.79989051818848,98.0,112.0,plots_extra/metrics/features/index/mean/bert/tables/gride_bert_index.csv,bert/tables_INDEX/index_bootstrap/index_raw_gride_bert-base-uncased.csv
bert,BERT: MEAN vs FIRST,index,NLID,gride,gride,9,9,0,1.6863566637039185,2.4208788871765137,8.0,8.0,plots_extra/metrics/features/index/mean/bert/tables/gride_bert_index.csv,bert/tables_INDEX/index_bootstrap/index_raw_gride_bert-base-uncased.csv
bert,BERT: MEAN vs FIRST,index,NLID,gride,gride,9,9,1,9.453107833862305,9.402652740478516,27.0,25.0,plots_extra/metrics/features/index/mean/bert/tables/gride_bert_index.csv,bert/tables_INDEX/index_bootstrap/index_raw_gride_bert-base-uncased.csv
bert,BERT: MEAN vs FIRST,index,NLID,gride,gride,9,9,2,13.191617965698242,12.511556625366213,51.0,44.0,plots_extra/metrics/features/index/mean/bert/tables/gride_bert_index.csv,bert/tables_INDEX/index_bootstrap/index_raw_gride_bert-base-uncased.csv
bert,BERT: MEAN vs FIRST,index,NLID,gride,gride,9,9,3,14.281715393066406,13.821992874145508,58.0,55.0,plots_extra/metrics/features/index/mean/bert/tables/gride_bert_index.csv,bert/tables_INDEX/index_bootstrap/index_raw_gride_bert-base-uncased.csv
bert,BERT: MEAN vs FIRST,index,NLID,gride,gride,9,9,4,13.85594367980957,15.07004737854004,54.0,62.0,plots_extra/metrics/features/index/mean/bert/tables/gride_bert_index.csv,bert/tables_INDEX/index_bootstrap/index_raw_gride_bert-base-uncased.csv
bert,BERT: MEAN vs FIRST,index,NLID,gride,gride,9,9,5,16.017362594604492,17.59992027282715,68.0,78.0,plots_extra/metrics/features/index/mean/bert/tables/gride_bert_index.csv,bert/tables_INDEX/index_bootstrap/index_raw_gride_bert-base-uncased.csv
bert,BERT: MEAN vs FIRST,index,NLID,gride,gride,9,9,6,17.43839454650879,18.842464447021484,78.0,86.0,plots_extra/metrics/features/index/mean/bert/tables/gride_bert_index.csv,bert/tables_INDEX/index_bootstrap/index_raw_gride_bert-base-uncased.csv
bert,BERT: MEAN vs FIRST,index,NLID,gride,gride,9,9,7,19.630002975463867,20.55855941772461,90.0,99.0,plots_extra/metrics/features/index/mean/bert/tables/gride_bert_index.csv,bert/tables_INDEX/index_bootstrap/index_raw_gride_bert-base-uncased.csv
bert,BERT: MEAN vs FIRST,index,NLID,gride,gride,9,9,8,19.90604782104492,20.288448333740234,96.0,96.0,plots_extra/metrics/features/index/mean/bert/tables/gride_bert_index.csv,bert/tables_INDEX/index_bootstrap/index_raw_gride_bert-base-uncased.csv
bert,BERT: MEAN vs FIRST,index,NLID,gride,gride,9,9,9,21.179468154907227,21.278156280517575,106.0,102.0,plots_extra/metrics/features/index/mean/bert/tables/gride_bert_index.csv,bert/tables_INDEX/index_bootstrap/index_raw_gride_bert-base-uncased.csv
bert,BERT: MEAN vs FIRST,index,NLID,gride,gride,9,9,10,23.828784942626957,28.1973934173584,118.0,124.0,plots_extra/metrics/features/index/mean/bert/tables/gride_bert_index.csv,bert/tables_INDEX/index_bootstrap/index_raw_gride_bert-base-uncased.csv
bert,BERT: MEAN vs FIRST,index,NLID,gride,gride,9,9,11,21.838003158569336,25.81378555297852,110.0,119.0,plots_extra/metrics/features/index/mean/bert/tables/gride_bert_index.csv,bert/tables_INDEX/index_bootstrap/index_raw_gride_bert-base-uncased.csv
bert,BERT: MEAN vs FIRST,index,NLID,gride,gride,9,9,12,20.838193893432617,22.754375457763672,105.0,111.0,plots_extra/metrics/features/index/mean/bert/tables/gride_bert_index.csv,bert/tables_INDEX/index_bootstrap/index_raw_gride_bert-base-uncased.csv
bert,BERT: MEAN vs FIRST,relation_type,IsoScore,iso,iso,advmod,advmod,0,0.0669123753905296,0.0177227333188056,32.0,42.0,plots_extra/metrics/features/relations/mean/bert/tables/iso_bert_relation.csv,bert/tables_REL/relation_bootstrap/relation_raw_iso_bert-base-uncased.csv
bert,BERT: MEAN vs FIRST,relation_type,IsoScore,iso,iso,advmod,advmod,1,0.0663540959358215,0.0172165259718894,30.0,37.0,plots_extra/metrics/features/relations/mean/bert/tables/iso_bert_relation.csv,bert/tables_REL/relation_bootstrap/relation_raw_iso_bert-base-uncased.csv
bert,BERT: MEAN vs FIRST,relation_type,IsoScore,iso,iso,advmod,advmod,2,0.075655460357666,0.0199418514966964,35.0,44.0,plots_extra/metrics/features/relations/mean/bert/tables/iso_bert_relation.csv,bert/tables_REL/relation_bootstrap/relation_raw_iso_bert-base-uncased.csv
bert,BERT: MEAN vs FIRST,relation_type,IsoScore,iso,iso,advmod,advmod,3,0.0846384614706039,0.0223674941807985,39.0,49.0,plots_extra/metrics/features/relations/mean/bert/tables/iso_bert_relation.csv,bert/tables_REL/relation_bootstrap/relation_raw_iso_bert-base-uncased.csv
bert,BERT: MEAN vs FIRST,relation_type,IsoScore,iso,iso,advmod,advmod,4,0.0943382233381271,0.0242841392755508,45.0,53.0,plots_extra/metrics/features/relations/mean/bert/tables/iso_bert_relation.csv,bert/tables_REL/relation_bootstrap/relation_raw_iso_bert-base-uncased.csv
bert,BERT: MEAN vs FIRST,relation_type,IsoScore,iso,iso,advmod,advmod,5,0.099695436656475,0.0249910596758127,47.0,54.0,plots_extra/metrics/features/relations/mean/bert/tables/iso_bert_relation.csv,bert/tables_REL/relation_bootstrap/relation_raw_iso_bert-base-uncased.csv
bert,BERT: MEAN vs FIRST,relation_type,IsoScore,iso,iso,advmod,advmod,6,0.1097562089562416,0.027377700433135,49.0,56.0,plots_extra/metrics/features/relations/mean/bert/tables/iso_bert_relation.csv,bert/tables_REL/relation_bootstrap/relation_raw_iso_bert-base-uncased.csv
bert,BERT: MEAN vs FIRST,relation_type,IsoScore,iso,iso,advmod,advmod,7,0.1210074201226234,0.0290957931429147,53.0,59.0,plots_extra/metrics/features/relations/mean/bert/tables/iso_bert_relation.csv,bert/tables_REL/relation_bootstrap/relation_raw_iso_bert-base-uncased.csv
bert,BERT: MEAN vs FIRST,relation_type,IsoScore,iso,iso,advmod,advmod,8,0.1313641369342804,0.0325225815176963,56.0,69.0,plots_extra/metrics/features/relations/mean/bert/tables/iso_bert_relation.csv,bert/tables_REL/relation_bootstrap/relation_raw_iso_bert-base-uncased.csv
bert,BERT: MEAN vs FIRST,relation_type,IsoScore,iso,iso,advmod,advmod,9,0.1495762169361114,0.0356854945421218,60.0,86.0,plots_extra/metrics/features/relations/mean/bert/tables/iso_bert_relation.csv,bert/tables_REL/relation_bootstrap/relation_raw_iso_bert-base-uncased.csv
bert,BERT: MEAN vs FIRST,relation_type,IsoScore,iso,iso,advmod,advmod,10,0.1626936197280883,0.037562895566225,66.0,92.0,plots_extra/metrics/features/relations/mean/bert/tables/iso_bert_relation.csv,bert/tables_REL/relation_bootstrap/relation_raw_iso_bert-base-uncased.csv
bert,BERT: MEAN vs FIRST,relation_type,IsoScore,iso,iso,advmod,advmod,11,0.163720354437828,0.0351300984621048,68.0,81.0,plots_extra/metrics/features/relations/mean/bert/tables/iso_bert_relation.csv,bert/tables_REL/relation_bootstrap/relation_raw_iso_bert-base-uncased.csv
bert,BERT: MEAN vs FIRST,relation_type,IsoScore,iso,iso,advmod,advmod,12,0.1309657394886016,0.0223567150533199,55.0,48.0,plots_extra/metrics/features/relations/mean/bert/tables/iso_bert_relation.csv,bert/tables_REL/relation_bootstrap/relation_raw_iso_bert-base-uncased.csv
bert,BERT: MEAN vs FIRST,relation_type,IsoScore,iso,iso,amod,amod,0,0.1739523708820343,0.0389137901365757,79.0,97.0,plots_extra/metrics/features/relations/mean/bert/tables/iso_bert_relation.csv,bert/tables_REL/relation_bootstrap/relation_raw_iso_bert-base-uncased.csv
bert,BERT: MEAN vs FIRST,relation_type,IsoScore,iso,iso,amod,amod,1,0.1675488203763961,0.0401774011552333,71.0,100.0,plots_extra/metrics/features/relations/mean/bert/tables/iso_bert_relation.csv,bert/tables_REL/relation_bootstrap/relation_raw_iso_bert-base-uncased.csv
bert,BERT: MEAN vs FIRST,relation_type,IsoScore,iso,iso,amod,amod,2,0.1740821301937103,0.0410868264734745,80.0,101.0,plots_extra/metrics/features/relations/mean/bert/tables/iso_bert_relation.csv,bert/tables_REL/relation_bootstrap/relation_raw_iso_bert-base-uncased.csv
bert,BERT: MEAN vs FIRST,relation_type,IsoScore,iso,iso,amod,amod,3,0.1650762259960174,0.0385856069624424,69.0,96.0,plots_extra/metrics/features/relations/mean/bert/tables/iso_bert_relation.csv,bert/tables_REL/relation_bootstrap/relation_raw_iso_bert-base-uncased.csv
bert,BERT: MEAN vs FIRST,relation_type,IsoScore,iso,iso,amod,amod,4,0.1626865565776825,0.0365230478346347,65.0,91.0,plots_extra/metrics/features/relations/mean/bert/tables/iso_bert_relation.csv,bert/tables_REL/relation_bootstrap/relation_raw_iso_bert-base-uncased.csv
bert,BERT: MEAN vs FIRST,relation_type,IsoScore,iso,iso,amod,amod,5,0.1617260575294494,0.0360243581235408,63.0,89.0,plots_extra/metrics/features/relations/mean/bert/tables/iso_bert_relation.csv,bert/tables_REL/relation_bootstrap/relation_raw_iso_bert-base-uncased.csv
bert,BERT: MEAN vs FIRST,relation_type,IsoScore,iso,iso,amod,amod,6,0.1617490351200103,0.0351562425494194,64.0,82.0,plots_extra/metrics/features/relations/mean/bert/tables/iso_bert_relation.csv,bert/tables_REL/relation_bootstrap/relation_raw_iso_bert-base-uncased.csv
bert,BERT: MEAN vs FIRST,relation_type,IsoScore,iso,iso,amod,amod,7,0.1614986956119537,0.0329654291272163,62.0,73.0,plots_extra/metrics/features/relations/mean/bert/tables/iso_bert_relation.csv,bert/tables_REL/relation_bootstrap/relation_raw_iso_bert-base-uncased.csv
bert,BERT: MEAN vs FIRST,relation_type,IsoScore,iso,iso,amod,amod,8,0.1636472195386886,0.0315809287130832,67.0,67.0,plots_extra/metrics/features/relations/mean/bert/tables/iso_bert_relation.csv,bert/tables_REL/relation_bootstrap/relation_raw_iso_bert-base-uncased.csv
bert,BERT: MEAN vs FIRST,relation_type,IsoScore,iso,iso,amod,amod,9,0.1705136448144912,0.0306045170873403,75.0,64.0,plots_extra/metrics/features/relations/mean/bert/tables/iso_bert_relation.csv,bert/tables_REL/relation_bootstrap/relation_raw_iso_bert-base-uncased.csv
bert,BERT: MEAN vs FIRST,relation_type,IsoScore,iso,iso,amod,amod,10,0.1749935001134872,0.0299548394978046,81.0,61.0,plots_extra/metrics/features/relations/mean/bert/tables/iso_bert_relation.csv,bert/tables_REL/relation_bootstrap/relation_raw_iso_bert-base-uncased.csv
bert,BERT: MEAN vs FIRST,relation_type,IsoScore,iso,iso,amod,amod,11,0.1703108251094818,0.028010718524456,74.0,58.0,plots_extra/metrics/features/relations/mean/bert/tables/iso_bert_relation.csv,bert/tables_REL/relation_bootstrap/relation_raw_iso_bert-base-uncased.csv
bert,BERT: MEAN vs FIRST,relation_type,IsoScore,iso,iso,amod,amod,12,0.1739220470190048,0.033442698419094,78.0,78.0,plots_extra/metrics/features/relations/mean/bert/tables/iso_bert_relation.csv,bert/tables_REL/relation_bootstrap/relation_raw_iso_bert-base-uncased.csv
bert,BERT: MEAN vs FIRST,relation_type,IsoScore,iso,iso,case,case,0,0.0259746015071868,0.010734861716628,11.0,21.0,plots_extra/metrics/features/relations/mean/bert/tables/iso_bert_relation.csv,bert/tables_REL/relation_bootstrap/relation_raw_iso_bert-base-uncased.csv
bert,BERT: MEAN vs FIRST,relation_type,IsoScore,iso,iso,case,case,1,0.0324591025710105,0.0123829971998929,17.0,24.0,plots_extra/metrics/features/relations/mean/bert/tables/iso_bert_relation.csv,bert/tables_REL/relation_bootstrap/relation_raw_iso_bert-base-uncased.csv
bert,BERT: MEAN vs FIRST,relation_type,IsoScore,iso,iso,case,case,2,0.038780353963375,0.0140068531036376,22.0,27.0,plots_extra/metrics/features/relations/mean/bert/tables/iso_bert_relation.csv,bert/tables_REL/relation_bootstrap/relation_raw_iso_bert-base-uncased.csv
bert,BERT: MEAN vs FIRST,relation_type,IsoScore,iso,iso,case,case,3,0.0491452366113662,0.0162029936909675,25.0,34.0,plots_extra/metrics/features/relations/mean/bert/tables/iso_bert_relation.csv,bert/tables_REL/relation_bootstrap/relation_raw_iso_bert-base-uncased.csv
bert,BERT: MEAN vs FIRST,relation_type,IsoScore,iso,iso,case,case,4,0.0616555586457252,0.0176103692501783,28.0,40.0,plots_extra/metrics/features/relations/mean/bert/tables/iso_bert_relation.csv,bert/tables_REL/relation_bootstrap/relation_raw_iso_bert-base-uncased.csv
bert,BERT: MEAN vs FIRST,relation_type,IsoScore,iso,iso,case,case,5,0.0844557136297226,0.0221087392419576,38.0,47.0,plots_extra/metrics/features/relations/mean/bert/tables/iso_bert_relation.csv,bert/tables_REL/relation_bootstrap/relation_raw_iso_bert-base-uncased.csv
bert,BERT: MEAN vs FIRST,relation_type,IsoScore,iso,iso,case,case,6,0.1187215074896812,0.027717962861061,52.0,57.0,plots_extra/metrics/features/relations/mean/bert/tables/iso_bert_relation.csv,bert/tables_REL/relation_bootstrap/relation_raw_iso_bert-base-uncased.csv
bert,BERT: MEAN vs FIRST,relation_type,IsoScore,iso,iso,case,case,7,0.140907809138298,0.0308042112737894,59.0,65.0,plots_extra/metrics/features/relations/mean/bert/tables/iso_bert_relation.csv,bert/tables_REL/relation_bootstrap/relation_raw_iso_bert-base-uncased.csv
bert,BERT: MEAN vs FIRST,relation_type,IsoScore,iso,iso,case,case,8,0.1510613560676574,0.0330084897577762,61.0,74.0,plots_extra/metrics/features/relations/mean/bert/tables/iso_bert_relation.csv,bert/tables_REL/relation_bootstrap/relation_raw_iso_bert-base-uncased.csv
bert,BERT: MEAN vs FIRST,relation_type,IsoScore,iso,iso,case,case,9,0.165288358926773,0.0358777828514575,70.0,87.0,plots_extra/metrics/features/relations/mean/bert/tables/iso_bert_relation.csv,bert/tables_REL/relation_bootstrap/relation_raw_iso_bert-base-uncased.csv
bert,BERT: MEAN vs FIRST,relation_type,IsoScore,iso,iso,case,case,10,0.1716972887516021,0.0395011268556118,76.0,99.0,plots_extra/metrics/features/relations/mean/bert/tables/iso_bert_relation.csv,bert/tables_REL/relation_bootstrap/relation_raw_iso_bert-base-uncased.csv
bert,BERT: MEAN vs FIRST,relation_type,IsoScore,iso,iso,case,case,11,0.172489196062088,0.0380573570728302,77.0,95.0,plots_extra/metrics/features/relations/mean/bert/tables/iso_bert_relation.csv,bert/tables_REL/relation_bootstrap/relation_raw_iso_bert-base-uncased.csv
bert,BERT: MEAN vs FIRST,relation_type,IsoScore,iso,iso,case,case,12,0.1383751183748245,0.0272490661591291,58.0,55.0,plots_extra/metrics/features/relations/mean/bert/tables/iso_bert_relation.csv,bert/tables_REL/relation_bootstrap/relation_raw_iso_bert-base-uncased.csv
bert,BERT: MEAN vs FIRST,relation_type,IsoScore,iso,iso,conj,conj,0,0.3142237961292267,0.0545135252177715,130.0,123.0,plots_extra/metrics/features/relations/mean/bert/tables/iso_bert_relation.csv,bert/tables_REL/relation_bootstrap/relation_raw_iso_bert-base-uncased.csv
bert,BERT: MEAN vs FIRST,relation_type,IsoScore,iso,iso,conj,conj,1,0.3127352893352508,0.057158812880516,129.0,127.0,plots_extra/metrics/features/relations/mean/bert/tables/iso_bert_relation.csv,bert/tables_REL/relation_bootstrap/relation_raw_iso_bert-base-uncased.csv
bert,BERT: MEAN vs FIRST,relation_type,IsoScore,iso,iso,conj,conj,2,0.3061280846595764,0.0562347397208213,128.0,125.0,plots_extra/metrics/features/relations/mean/bert/tables/iso_bert_relation.csv,bert/tables_REL/relation_bootstrap/relation_raw_iso_bert-base-uncased.csv
bert,BERT: MEAN vs FIRST,relation_type,IsoScore,iso,iso,conj,conj,3,0.2914300262928009,0.0535552315413951,127.0,122.0,plots_extra/metrics/features/relations/mean/bert/tables/iso_bert_relation.csv,bert/tables_REL/relation_bootstrap/relation_raw_iso_bert-base-uncased.csv
bert,BERT: MEAN vs FIRST,relation_type,IsoScore,iso,iso,conj,conj,4,0.2670117318630218,0.0454867631196975,123.0,116.0,plots_extra/metrics/features/relations/mean/bert/tables/iso_bert_relation.csv,bert/tables_REL/relation_bootstrap/relation_raw_iso_bert-base-uncased.csv
bert,BERT: MEAN vs FIRST,relation_type,IsoScore,iso,iso,conj,conj,5,0.2609865069389343,0.0442519336938858,122.0,113.0,plots_extra/metrics/features/relations/mean/bert/tables/iso_bert_relation.csv,bert/tables_REL/relation_bootstrap/relation_raw_iso_bert-base-uncased.csv
bert,BERT: MEAN vs FIRST,relation_type,IsoScore,iso,iso,conj,conj,6,0.2543900609016418,0.0415303520858287,120.0,106.0,plots_extra/metrics/features/relations/mean/bert/tables/iso_bert_relation.csv,bert/tables_REL/relation_bootstrap/relation_raw_iso_bert-base-uncased.csv
bert,BERT: MEAN vs FIRST,relation_type,IsoScore,iso,iso,conj,conj,7,0.2464319765567779,0.0376214422285556,119.0,93.0,plots_extra/metrics/features/relations/mean/bert/tables/iso_bert_relation.csv,bert/tables_REL/relation_bootstrap/relation_raw_iso_bert-base-uncased.csv
bert,BERT: MEAN vs FIRST,relation_type,IsoScore,iso,iso,conj,conj,8,0.221769168972969,0.0330900698900222,110.0,76.0,plots_extra/metrics/features/relations/mean/bert/tables/iso_bert_relation.csv,bert/tables_REL/relation_bootstrap/relation_raw_iso_bert-base-uncased.csv
bert,BERT: MEAN vs FIRST,relation_type,IsoScore,iso,iso,conj,conj,9,0.2192734479904174,0.0325559824705123,108.0,70.0,plots_extra/metrics/features/relations/mean/bert/tables/iso_bert_relation.csv,bert/tables_REL/relation_bootstrap/relation_raw_iso_bert-base-uncased.csv
bert,BERT: MEAN vs FIRST,relation_type,IsoScore,iso,iso,conj,conj,10,0.2106588184833526,0.0327274091541767,106.0,72.0,plots_extra/metrics/features/relations/mean/bert/tables/iso_bert_relation.csv,bert/tables_REL/relation_bootstrap/relation_raw_iso_bert-base-uncased.csv
bert,BERT: MEAN vs FIRST,relation_type,IsoScore,iso,iso,conj,conj,11,0.2059159576892852,0.0330423451960086,105.0,75.0,plots_extra/metrics/features/relations/mean/bert/tables/iso_bert_relation.csv,bert/tables_REL/relation_bootstrap/relation_raw_iso_bert-base-uncased.csv
bert,BERT: MEAN vs FIRST,relation_type,IsoScore,iso,iso,conj,conj,12,0.2109180986881256,0.037707008421421,107.0,94.0,plots_extra/metrics/features/relations/mean/bert/tables/iso_bert_relation.csv,bert/tables_REL/relation_bootstrap/relation_raw_iso_bert-base-uncased.csv
bert,BERT: MEAN vs FIRST,relation_type,IsoScore,iso,iso,det,det,0,0.0110734151676297,0.0050359861925244,2.0,2.0,plots_extra/metrics/features/relations/mean/bert/tables/iso_bert_relation.csv,bert/tables_REL/relation_bootstrap/relation_raw_iso_bert-base-uncased.csv
bert,BERT: MEAN vs FIRST,relation_type,IsoScore,iso,iso,det,det,1,0.0133068459108471,0.005266751628369,4.0,3.0,plots_extra/metrics/features/relations/mean/bert/tables/iso_bert_relation.csv,bert/tables_REL/relation_bootstrap/relation_raw_iso_bert-base-uncased.csv
bert,BERT: MEAN vs FIRST,relation_type,IsoScore,iso,iso,det,det,2,0.0167663563042879,0.0059144692495465,5.0,5.0,plots_extra/metrics/features/relations/mean/bert/tables/iso_bert_relation.csv,bert/tables_REL/relation_bootstrap/relation_raw_iso_bert-base-uncased.csv
bert,BERT: MEAN vs FIRST,relation_type,IsoScore,iso,iso,det,det,3,0.0214560590684413,0.0069216676056385,8.0,7.0,plots_extra/metrics/features/relations/mean/bert/tables/iso_bert_relation.csv,bert/tables_REL/relation_bootstrap/relation_raw_iso_bert-base-uncased.csv
bert,BERT: MEAN vs FIRST,relation_type,IsoScore,iso,iso,det,det,4,0.0289411395788192,0.0080347387120127,14.0,13.0,plots_extra/metrics/features/relations/mean/bert/tables/iso_bert_relation.csv,bert/tables_REL/relation_bootstrap/relation_raw_iso_bert-base-uncased.csv
bert,BERT: MEAN vs FIRST,relation_type,IsoScore,iso,iso,det,det,5,0.0415873564779758,0.0100017376244068,23.0,20.0,plots_extra/metrics/features/relations/mean/bert/tables/iso_bert_relation.csv,bert/tables_REL/relation_bootstrap/relation_raw_iso_bert-base-uncased.csv
bert,BERT: MEAN vs FIRST,relation_type,IsoScore,iso,iso,det,det,6,0.0612445101141929,0.013235280290246,27.0,25.0,plots_extra/metrics/features/relations/mean/bert/tables/iso_bert_relation.csv,bert/tables_REL/relation_bootstrap/relation_raw_iso_bert-base-uncased.csv
bert,BERT: MEAN vs FIRST,relation_type,IsoScore,iso,iso,det,det,7,0.0724867433309555,0.0141238952055573,34.0,28.0,plots_extra/metrics/features/relations/mean/bert/tables/iso_bert_relation.csv,bert/tables_REL/relation_bootstrap/relation_raw_iso_bert-base-uncased.csv
bert,BERT: MEAN vs FIRST,relation_type,IsoScore,iso,iso,det,det,8,0.1064560189843177,0.0209952741861343,48.0,46.0,plots_extra/metrics/features/relations/mean/bert/tables/iso_bert_relation.csv,bert/tables_REL/relation_bootstrap/relation_raw_iso_bert-base-uncased.csv
bert,BERT: MEAN vs FIRST,relation_type,IsoScore,iso,iso,det,det,9,0.1116394028067588,0.0203629061579704,50.0,45.0,plots_extra/metrics/features/relations/mean/bert/tables/iso_bert_relation.csv,bert/tables_REL/relation_bootstrap/relation_raw_iso_bert-base-uncased.csv
bert,BERT: MEAN vs FIRST,relation_type,IsoScore,iso,iso,det,det,10,0.1300796866416931,0.0240705199539661,54.0,51.0,plots_extra/metrics/features/relations/mean/bert/tables/iso_bert_relation.csv,bert/tables_REL/relation_bootstrap/relation_raw_iso_bert-base-uncased.csv
bert,BERT: MEAN vs FIRST,relation_type,IsoScore,iso,iso,det,det,11,0.1329765319824218,0.0239007584750652,57.0,50.0,plots_extra/metrics/features/relations/mean/bert/tables/iso_bert_relation.csv,bert/tables_REL/relation_bootstrap/relation_raw_iso_bert-base-uncased.csv
bert,BERT: MEAN vs FIRST,relation_type,IsoScore,iso,iso,det,det,12,0.0893914625048637,0.0151145365089178,40.0,31.0,plots_extra/metrics/features/relations/mean/bert/tables/iso_bert_relation.csv,bert/tables_REL/relation_bootstrap/relation_raw_iso_bert-base-uncased.csv
bert,BERT: MEAN vs FIRST,relation_type,IsoScore,iso,iso,nsubj,nsubj,0,0.036434955894947,0.0092511596158146,21.0,18.0,plots_extra/metrics/features/relations/mean/bert/tables/iso_bert_relation.csv,bert/tables_REL/relation_bootstrap/relation_raw_iso_bert-base-uncased.csv
bert,BERT: MEAN vs FIRST,relation_type,IsoScore,iso,iso,nsubj,nsubj,1,0.0474725440144538,0.0116556212306022,24.0,22.0,plots_extra/metrics/features/relations/mean/bert/tables/iso_bert_relation.csv,bert/tables_REL/relation_bootstrap/relation_raw_iso_bert-base-uncased.csv
bert,BERT: MEAN vs FIRST,relation_type,IsoScore,iso,iso,nsubj,nsubj,2,0.0636167675256729,0.0137710021808743,29.0,26.0,plots_extra/metrics/features/relations/mean/bert/tables/iso_bert_relation.csv,bert/tables_REL/relation_bootstrap/relation_raw_iso_bert-base-uncased.csv
bert,BERT: MEAN vs FIRST,relation_type,IsoScore,iso,iso,nsubj,nsubj,3,0.0665928870439529,0.0148377176374197,31.0,30.0,plots_extra/metrics/features/relations/mean/bert/tables/iso_bert_relation.csv,bert/tables_REL/relation_bootstrap/relation_raw_iso_bert-base-uncased.csv
bert,BERT: MEAN vs FIRST,relation_type,IsoScore,iso,iso,nsubj,nsubj,4,0.0690772831439971,0.0147729506716132,33.0,29.0,plots_extra/metrics/features/relations/mean/bert/tables/iso_bert_relation.csv,bert/tables_REL/relation_bootstrap/relation_raw_iso_bert-base-uncased.csv
bert,BERT: MEAN vs FIRST,relation_type,IsoScore,iso,iso,nsubj,nsubj,5,0.0765181630849838,0.0154316965490579,36.0,32.0,plots_extra/metrics/features/relations/mean/bert/tables/iso_bert_relation.csv,bert/tables_REL/relation_bootstrap/relation_raw_iso_bert-base-uncased.csv
bert,BERT: MEAN vs FIRST,relation_type,IsoScore,iso,iso,nsubj,nsubj,6,0.0810116678476333,0.0161784216761589,37.0,33.0,plots_extra/metrics/features/relations/mean/bert/tables/iso_bert_relation.csv,bert/tables_REL/relation_bootstrap/relation_raw_iso_bert-base-uncased.csv
bert,BERT: MEAN vs FIRST,relation_type,IsoScore,iso,iso,nsubj,nsubj,7,0.0933140590786933,0.0172309651970863,43.0,38.0,plots_extra/metrics/features/relations/mean/bert/tables/iso_bert_relation.csv,bert/tables_REL/relation_bootstrap/relation_raw_iso_bert-base-uncased.csv
bert,BERT: MEAN vs FIRST,relation_type,IsoScore,iso,iso,nsubj,nsubj,8,0.0923275873064994,0.0172962471842765,42.0,39.0,plots_extra/metrics/features/relations/mean/bert/tables/iso_bert_relation.csv,bert/tables_REL/relation_bootstrap/relation_raw_iso_bert-base-uncased.csv
bert,BERT: MEAN vs FIRST,relation_type,IsoScore,iso,iso,nsubj,nsubj,9,0.0955417901277542,0.0178838744759559,46.0,43.0,plots_extra/metrics/features/relations/mean/bert/tables/iso_bert_relation.csv,bert/tables_REL/relation_bootstrap/relation_raw_iso_bert-base-uncased.csv
bert,BERT: MEAN vs FIRST,relation_type,IsoScore,iso,iso,nsubj,nsubj,10,0.0939198359847068,0.0165283884853124,44.0,36.0,plots_extra/metrics/features/relations/mean/bert/tables/iso_bert_relation.csv,bert/tables_REL/relation_bootstrap/relation_raw_iso_bert-base-uncased.csv
bert,BERT: MEAN vs FIRST,relation_type,IsoScore,iso,iso,nsubj,nsubj,11,0.0894815102219581,0.0162066407501697,41.0,35.0,plots_extra/metrics/features/relations/mean/bert/tables/iso_bert_relation.csv,bert/tables_REL/relation_bootstrap/relation_raw_iso_bert-base-uncased.csv
bert,BERT: MEAN vs FIRST,relation_type,IsoScore,iso,iso,nsubj,nsubj,12,0.0598690100014209,0.011985688470304,26.0,23.0,plots_extra/metrics/features/relations/mean/bert/tables/iso_bert_relation.csv,bert/tables_REL/relation_bootstrap/relation_raw_iso_bert-base-uncased.csv
bert,BERT: MEAN vs FIRST,relation_type,IsoScore,iso,iso,obj,obj,0,0.170206606388092,0.0241478532552719,73.0,52.0,plots_extra/metrics/features/relations/mean/bert/tables/iso_bert_relation.csv,bert/tables_REL/relation_bootstrap/relation_raw_iso_bert-base-uncased.csv
bert,BERT: MEAN vs FIRST,relation_type,IsoScore,iso,iso,obj,obj,1,0.1899628937244415,0.03021190315485,91.0,62.0,plots_extra/metrics/features/relations/mean/bert/tables/iso_bert_relation.csv,bert/tables_REL/relation_bootstrap/relation_raw_iso_bert-base-uncased.csv
bert,BERT: MEAN vs FIRST,relation_type,IsoScore,iso,iso,obj,obj,2,0.2045867890119552,0.0331354439258575,104.0,77.0,plots_extra/metrics/features/relations/mean/bert/tables/iso_bert_relation.csv,bert/tables_REL/relation_bootstrap/relation_raw_iso_bert-base-uncased.csv
bert,BERT: MEAN vs FIRST,relation_type,IsoScore,iso,iso,obj,obj,3,0.2023500949144363,0.0352172926068306,102.0,83.0,plots_extra/metrics/features/relations/mean/bert/tables/iso_bert_relation.csv,bert/tables_REL/relation_bootstrap/relation_raw_iso_bert-base-uncased.csv
bert,BERT: MEAN vs FIRST,relation_type,IsoScore,iso,iso,obj,obj,4,0.1814401298761367,0.0295450706034898,83.0,60.0,plots_extra/metrics/features/relations/mean/bert/tables/iso_bert_relation.csv,bert/tables_REL/relation_bootstrap/relation_raw_iso_bert-base-uncased.csv
bert,BERT: MEAN vs FIRST,relation_type,IsoScore,iso,iso,obj,obj,5,0.1862039268016815,0.0316396914422512,86.0,68.0,plots_extra/metrics/features/relations/mean/bert/tables/iso_bert_relation.csv,bert/tables_REL/relation_bootstrap/relation_raw_iso_bert-base-uncased.csv
bert,BERT: MEAN vs FIRST,relation_type,IsoScore,iso,iso,obj,obj,6,0.1832910925149917,0.0311994329094886,84.0,66.0,plots_extra/metrics/features/relations/mean/bert/tables/iso_bert_relation.csv,bert/tables_REL/relation_bootstrap/relation_raw_iso_bert-base-uncased.csv
bert,BERT: MEAN vs FIRST,relation_type,IsoScore,iso,iso,obj,obj,7,0.195014402270317,0.0342516265809536,96.0,79.0,plots_extra/metrics/features/relations/mean/bert/tables/iso_bert_relation.csv,bert/tables_REL/relation_bootstrap/relation_raw_iso_bert-base-uncased.csv
bert,BERT: MEAN vs FIRST,relation_type,IsoScore,iso,iso,obj,obj,8,0.1919087916612625,0.036372784525156,92.0,90.0,plots_extra/metrics/features/relations/mean/bert/tables/iso_bert_relation.csv,bert/tables_REL/relation_bootstrap/relation_raw_iso_bert-base-uncased.csv
bert,BERT: MEAN vs FIRST,relation_type,IsoScore,iso,iso,obj,obj,9,0.1993704587221145,0.0419882647693157,100.0,107.0,plots_extra/metrics/features/relations/mean/bert/tables/iso_bert_relation.csv,bert/tables_REL/relation_bootstrap/relation_raw_iso_bert-base-uncased.csv
bert,BERT: MEAN vs FIRST,relation_type,IsoScore,iso,iso,obj,obj,10,0.1939035058021545,0.0413853414356708,94.0,105.0,plots_extra/metrics/features/relations/mean/bert/tables/iso_bert_relation.csv,bert/tables_REL/relation_bootstrap/relation_raw_iso_bert-base-uncased.csv
bert,BERT: MEAN vs FIRST,relation_type,IsoScore,iso,iso,obj,obj,11,0.1871050298213958,0.0353906974196434,88.0,85.0,plots_extra/metrics/features/relations/mean/bert/tables/iso_bert_relation.csv,bert/tables_REL/relation_bootstrap/relation_raw_iso_bert-base-uncased.csv
bert,BERT: MEAN vs FIRST,relation_type,IsoScore,iso,iso,obj,obj,12,0.1876578480005264,0.0325867272913455,89.0,71.0,plots_extra/metrics/features/relations/mean/bert/tables/iso_bert_relation.csv,bert/tables_REL/relation_bootstrap/relation_raw_iso_bert-base-uncased.csv
bert,BERT: MEAN vs FIRST,relation_type,IsoScore,iso,iso,obl,obl,0,0.2678301930427551,0.0463602915406227,124.0,117.0,plots_extra/metrics/features/relations/mean/bert/tables/iso_bert_relation.csv,bert/tables_REL/relation_bootstrap/relation_raw_iso_bert-base-uncased.csv
bert,BERT: MEAN vs FIRST,relation_type,IsoScore,iso,iso,obl,obl,1,0.2775906920433044,0.0590843930840492,126.0,129.0,plots_extra/metrics/features/relations/mean/bert/tables/iso_bert_relation.csv,bert/tables_REL/relation_bootstrap/relation_raw_iso_bert-base-uncased.csv
bert,BERT: MEAN vs FIRST,relation_type,IsoScore,iso,iso,obl,obl,2,0.2739223539829254,0.0592149309813976,125.0,130.0,plots_extra/metrics/features/relations/mean/bert/tables/iso_bert_relation.csv,bert/tables_REL/relation_bootstrap/relation_raw_iso_bert-base-uncased.csv
bert,BERT: MEAN vs FIRST,relation_type,IsoScore,iso,iso,obl,obl,3,0.2591395974159241,0.0588614717125892,121.0,128.0,plots_extra/metrics/features/relations/mean/bert/tables/iso_bert_relation.csv,bert/tables_REL/relation_bootstrap/relation_raw_iso_bert-base-uncased.csv
bert,BERT: MEAN vs FIRST,relation_type,IsoScore,iso,iso,obl,obl,4,0.2406785190105438,0.0551286078989505,118.0,124.0,plots_extra/metrics/features/relations/mean/bert/tables/iso_bert_relation.csv,bert/tables_REL/relation_bootstrap/relation_raw_iso_bert-base-uncased.csv
bert,BERT: MEAN vs FIRST,relation_type,IsoScore,iso,iso,obl,obl,5,0.2404345721006393,0.0562670119106769,117.0,126.0,plots_extra/metrics/features/relations/mean/bert/tables/iso_bert_relation.csv,bert/tables_REL/relation_bootstrap/relation_raw_iso_bert-base-uncased.csv
bert,BERT: MEAN vs FIRST,relation_type,IsoScore,iso,iso,obl,obl,6,0.2352630645036697,0.0532056987285614,114.0,120.0,plots_extra/metrics/features/relations/mean/bert/tables/iso_bert_relation.csv,bert/tables_REL/relation_bootstrap/relation_raw_iso_bert-base-uncased.csv
bert,BERT: MEAN vs FIRST,relation_type,IsoScore,iso,iso,obl,obl,7,0.2360930740833282,0.0534248501062393,115.0,121.0,plots_extra/metrics/features/relations/mean/bert/tables/iso_bert_relation.csv,bert/tables_REL/relation_bootstrap/relation_raw_iso_bert-base-uncased.csv
bert,BERT: MEAN vs FIRST,relation_type,IsoScore,iso,iso,obl,obl,8,0.2265655696392059,0.0478662438690662,112.0,119.0,plots_extra/metrics/features/relations/mean/bert/tables/iso_bert_relation.csv,bert/tables_REL/relation_bootstrap/relation_raw_iso_bert-base-uncased.csv
bert,BERT: MEAN vs FIRST,relation_type,IsoScore,iso,iso,obl,obl,9,0.2363063395023346,0.0478556267917156,116.0,118.0,plots_extra/metrics/features/relations/mean/bert/tables/iso_bert_relation.csv,bert/tables_REL/relation_bootstrap/relation_raw_iso_bert-base-uncased.csv
bert,BERT: MEAN vs FIRST,relation_type,IsoScore,iso,iso,obl,obl,10,0.227251797914505,0.0454683750867843,113.0,115.0,plots_extra/metrics/features/relations/mean/bert/tables/iso_bert_relation.csv,bert/tables_REL/relation_bootstrap/relation_raw_iso_bert-base-uncased.csv
bert,BERT: MEAN vs FIRST,relation_type,IsoScore,iso,iso,obl,obl,11,0.2211638391017913,0.0393170267343521,109.0,98.0,plots_extra/metrics/features/relations/mean/bert/tables/iso_bert_relation.csv,bert/tables_REL/relation_bootstrap/relation_raw_iso_bert-base-uncased.csv
bert,BERT: MEAN vs FIRST,relation_type,IsoScore,iso,iso,obl,obl,12,0.222339391708374,0.0359580032527446,111.0,88.0,plots_extra/metrics/features/relations/mean/bert/tables/iso_bert_relation.csv,bert/tables_REL/relation_bootstrap/relation_raw_iso_bert-base-uncased.csv
bert,BERT: MEAN vs FIRST,relation_type,IsoScore,iso,iso,punct,punct,0,0.0130439354106783,0.0064660585485398,3.0,6.0,plots_extra/metrics/features/relations/mean/bert/tables/iso_bert_relation.csv,bert/tables_REL/relation_bootstrap/relation_raw_iso_bert-base-uncased.csv
bert,BERT: MEAN vs FIRST,relation_type,IsoScore,iso,iso,punct,punct,1,0.0176735017448663,0.0074357283301651,6.0,9.0,plots_extra/metrics/features/relations/mean/bert/tables/iso_bert_relation.csv,bert/tables_REL/relation_bootstrap/relation_raw_iso_bert-base-uncased.csv
bert,BERT: MEAN vs FIRST,relation_type,IsoScore,iso,iso,punct,punct,2,0.0236042756587266,0.0088993916288018,9.0,17.0,plots_extra/metrics/features/relations/mean/bert/tables/iso_bert_relation.csv,bert/tables_REL/relation_bootstrap/relation_raw_iso_bert-base-uncased.csv
bert,BERT: MEAN vs FIRST,relation_type,IsoScore,iso,iso,punct,punct,3,0.0256713815033435,0.008103422820568,10.0,15.0,plots_extra/metrics/features/relations/mean/bert/tables/iso_bert_relation.csv,bert/tables_REL/relation_bootstrap/relation_raw_iso_bert-base-uncased.csv
bert,BERT: MEAN vs FIRST,relation_type,IsoScore,iso,iso,punct,punct,4,0.0264783538877964,0.00760850450024,12.0,11.0,plots_extra/metrics/features/relations/mean/bert/tables/iso_bert_relation.csv,bert/tables_REL/relation_bootstrap/relation_raw_iso_bert-base-uncased.csv
bert,BERT: MEAN vs FIRST,relation_type,IsoScore,iso,iso,punct,punct,5,0.0327618494629859,0.0085498914122581,18.0,16.0,plots_extra/metrics/features/relations/mean/bert/tables/iso_bert_relation.csv,bert/tables_REL/relation_bootstrap/relation_raw_iso_bert-base-uncased.csv
bert,BERT: MEAN vs FIRST,relation_type,IsoScore,iso,iso,punct,punct,6,0.0316677987575531,0.0078979460522532,16.0,12.0,plots_extra/metrics/features/relations/mean/bert/tables/iso_bert_relation.csv,bert/tables_REL/relation_bootstrap/relation_raw_iso_bert-base-uncased.csv
bert,BERT: MEAN vs FIRST,relation_type,IsoScore,iso,iso,punct,punct,7,0.033842708915472,0.0080511709675192,19.0,14.0,plots_extra/metrics/features/relations/mean/bert/tables/iso_bert_relation.csv,bert/tables_REL/relation_bootstrap/relation_raw_iso_bert-base-uncased.csv
bert,BERT: MEAN vs FIRST,relation_type,IsoScore,iso,iso,punct,punct,8,0.0298125687986612,0.0076020578853785,15.0,10.0,plots_extra/metrics/features/relations/mean/bert/tables/iso_bert_relation.csv,bert/tables_REL/relation_bootstrap/relation_raw_iso_bert-base-uncased.csv
bert,BERT: MEAN vs FIRST,relation_type,IsoScore,iso,iso,punct,punct,9,0.0361551567912101,0.0096118580549955,20.0,19.0,plots_extra/metrics/features/relations/mean/bert/tables/iso_bert_relation.csv,bert/tables_REL/relation_bootstrap/relation_raw_iso_bert-base-uncased.csv
bert,BERT: MEAN vs FIRST,relation_type,IsoScore,iso,iso,punct,punct,10,0.0266315676271915,0.0073382430709898,13.0,8.0,plots_extra/metrics/features/relations/mean/bert/tables/iso_bert_relation.csv,bert/tables_REL/relation_bootstrap/relation_raw_iso_bert-base-uncased.csv
bert,BERT: MEAN vs FIRST,relation_type,IsoScore,iso,iso,punct,punct,11,0.0178656876087188,0.0055876523256301,7.0,4.0,plots_extra/metrics/features/relations/mean/bert/tables/iso_bert_relation.csv,bert/tables_REL/relation_bootstrap/relation_raw_iso_bert-base-uncased.csv
bert,BERT: MEAN vs FIRST,relation_type,IsoScore,iso,iso,punct,punct,12,0.0077126584947109,0.0036281046923249,1.0,1.0,plots_extra/metrics/features/relations/mean/bert/tables/iso_bert_relation.csv,bert/tables_REL/relation_bootstrap/relation_raw_iso_bert-base-uncased.csv
bert,BERT: MEAN vs FIRST,relation_type,IsoScore,iso,iso,root,root,0,0.1869674623012542,0.0353245586156845,87.0,84.0,plots_extra/metrics/features/relations/mean/bert/tables/iso_bert_relation.csv,bert/tables_REL/relation_bootstrap/relation_raw_iso_bert-base-uncased.csv
bert,BERT: MEAN vs FIRST,relation_type,IsoScore,iso,iso,root,root,1,0.1952408701181411,0.0411333516240119,97.0,102.0,plots_extra/metrics/features/relations/mean/bert/tables/iso_bert_relation.csv,bert/tables_REL/relation_bootstrap/relation_raw_iso_bert-base-uncased.csv
bert,BERT: MEAN vs FIRST,relation_type,IsoScore,iso,iso,root,root,2,0.199808195233345,0.0435029938817024,101.0,111.0,plots_extra/metrics/features/relations/mean/bert/tables/iso_bert_relation.csv,bert/tables_REL/relation_bootstrap/relation_raw_iso_bert-base-uncased.csv
bert,BERT: MEAN vs FIRST,relation_type,IsoScore,iso,iso,root,root,3,0.1992652416229248,0.0442926660180091,99.0,114.0,plots_extra/metrics/features/relations/mean/bert/tables/iso_bert_relation.csv,bert/tables_REL/relation_bootstrap/relation_raw_iso_bert-base-uncased.csv
bert,BERT: MEAN vs FIRST,relation_type,IsoScore,iso,iso,root,root,4,0.1923630088567733,0.0413592718541622,93.0,104.0,plots_extra/metrics/features/relations/mean/bert/tables/iso_bert_relation.csv,bert/tables_REL/relation_bootstrap/relation_raw_iso_bert-base-uncased.csv
bert,BERT: MEAN vs FIRST,relation_type,IsoScore,iso,iso,root,root,5,0.194068357348442,0.0425339415669441,95.0,109.0,plots_extra/metrics/features/relations/mean/bert/tables/iso_bert_relation.csv,bert/tables_REL/relation_bootstrap/relation_raw_iso_bert-base-uncased.csv
bert,BERT: MEAN vs FIRST,relation_type,IsoScore,iso,iso,root,root,6,0.1983275115489959,0.0436744354665279,98.0,112.0,plots_extra/metrics/features/relations/mean/bert/tables/iso_bert_relation.csv,bert/tables_REL/relation_bootstrap/relation_raw_iso_bert-base-uncased.csv
bert,BERT: MEAN vs FIRST,relation_type,IsoScore,iso,iso,root,root,7,0.2027404606342315,0.0432339757680892,103.0,110.0,plots_extra/metrics/features/relations/mean/bert/tables/iso_bert_relation.csv,bert/tables_REL/relation_bootstrap/relation_raw_iso_bert-base-uncased.csv
bert,BERT: MEAN vs FIRST,relation_type,IsoScore,iso,iso,root,root,8,0.1878941506147384,0.0420801527798175,90.0,108.0,plots_extra/metrics/features/relations/mean/bert/tables/iso_bert_relation.csv,bert/tables_REL/relation_bootstrap/relation_raw_iso_bert-base-uncased.csv
bert,BERT: MEAN vs FIRST,relation_type,IsoScore,iso,iso,root,root,9,0.1854277998208999,0.0412200801074504,85.0,103.0,plots_extra/metrics/features/relations/mean/bert/tables/iso_bert_relation.csv,bert/tables_REL/relation_bootstrap/relation_raw_iso_bert-base-uncased.csv
bert,BERT: MEAN vs FIRST,relation_type,IsoScore,iso,iso,root,root,10,0.1774559468030929,0.0345266051590442,82.0,80.0,plots_extra/metrics/features/relations/mean/bert/tables/iso_bert_relation.csv,bert/tables_REL/relation_bootstrap/relation_raw_iso_bert-base-uncased.csv
bert,BERT: MEAN vs FIRST,relation_type,IsoScore,iso,iso,root,root,11,0.1681655347347259,0.0302886124700307,72.0,63.0,plots_extra/metrics/features/relations/mean/bert/tables/iso_bert_relation.csv,bert/tables_REL/relation_bootstrap/relation_raw_iso_bert-base-uncased.csv
bert,BERT: MEAN vs FIRST,relation_type,IsoScore,iso,iso,root,root,12,0.1137178987264633,0.0177029781043529,51.0,41.0,plots_extra/metrics/features/relations/mean/bert/tables/iso_bert_relation.csv,bert/tables_REL/relation_bootstrap/relation_raw_iso_bert-base-uncased.csv
bert,BERT: MEAN vs FIRST,relation_type,LID,lpca99,lpca99,advmod,advmod,0,272.625,310.3999938964844,6.0,6.0,plots_extra/metrics/features/relations/mean/bert/tables/lpca99_bert_relation.csv,bert/tables_REL/relation_bootstrap/relation_raw_lpca99_bert-base-uncased.csv
bert,BERT: MEAN vs FIRST,relation_type,LID,lpca99,lpca99,advmod,advmod,1,425.75,459.2999877929688,12.0,13.0,plots_extra/metrics/features/relations/mean/bert/tables/lpca99_bert_relation.csv,bert/tables_REL/relation_bootstrap/relation_raw_lpca99_bert-base-uncased.csv
bert,BERT: MEAN vs FIRST,relation_type,LID,lpca99,lpca99,advmod,advmod,2,501.5,530.25,18.0,17.0,plots_extra/metrics/features/relations/mean/bert/tables/lpca99_bert_relation.csv,bert/tables_REL/relation_bootstrap/relation_raw_lpca99_bert-base-uncased.csv
bert,BERT: MEAN vs FIRST,relation_type,LID,lpca99,lpca99,advmod,advmod,3,540.25,566.3499755859375,24.0,21.0,plots_extra/metrics/features/relations/mean/bert/tables/lpca99_bert_relation.csv,bert/tables_REL/relation_bootstrap/relation_raw_lpca99_bert-base-uncased.csv
bert,BERT: MEAN vs FIRST,relation_type,LID,lpca99,lpca99,advmod,advmod,4,571.625,595.4500122070312,29.0,29.0,plots_extra/metrics/features/relations/mean/bert/tables/lpca99_bert_relation.csv,bert/tables_REL/relation_bootstrap/relation_raw_lpca99_bert-base-uncased.csv
bert,BERT: MEAN vs FIRST,relation_type,LID,lpca99,lpca99,advmod,advmod,5,593.75,616.0,37.0,35.0,plots_extra/metrics/features/relations/mean/bert/tables/lpca99_bert_relation.csv,bert/tables_REL/relation_bootstrap/relation_raw_lpca99_bert-base-uncased.csv
bert,BERT: MEAN vs FIRST,relation_type,LID,lpca99,lpca99,advmod,advmod,6,614.5,635.0999755859375,43.0,44.0,plots_extra/metrics/features/relations/mean/bert/tables/lpca99_bert_relation.csv,bert/tables_REL/relation_bootstrap/relation_raw_lpca99_bert-base-uncased.csv
bert,BERT: MEAN vs FIRST,relation_type,LID,lpca99,lpca99,advmod,advmod,7,629.375,648.5499877929688,54.0,53.0,plots_extra/metrics/features/relations/mean/bert/tables/lpca99_bert_relation.csv,bert/tables_REL/relation_bootstrap/relation_raw_lpca99_bert-base-uncased.csv
bert,BERT: MEAN vs FIRST,relation_type,LID,lpca99,lpca99,advmod,advmod,8,635.875,654.9000244140625,60.0,60.0,plots_extra/metrics/features/relations/mean/bert/tables/lpca99_bert_relation.csv,bert/tables_REL/relation_bootstrap/relation_raw_lpca99_bert-base-uncased.csv
bert,BERT: MEAN vs FIRST,relation_type,LID,lpca99,lpca99,advmod,advmod,9,645.125,662.7000122070312,75.5,73.0,plots_extra/metrics/features/relations/mean/bert/tables/lpca99_bert_relation.csv,bert/tables_REL/relation_bootstrap/relation_raw_lpca99_bert-base-uncased.csv
bert,BERT: MEAN vs FIRST,relation_type,LID,lpca99,lpca99,advmod,advmod,10,651.75,668.5,89.0,87.0,plots_extra/metrics/features/relations/mean/bert/tables/lpca99_bert_relation.csv,bert/tables_REL/relation_bootstrap/relation_raw_lpca99_bert-base-uncased.csv
bert,BERT: MEAN vs FIRST,relation_type,LID,lpca99,lpca99,advmod,advmod,11,656.875,673.4500122070312,105.0,103.0,plots_extra/metrics/features/relations/mean/bert/tables/lpca99_bert_relation.csv,bert/tables_REL/relation_bootstrap/relation_raw_lpca99_bert-base-uncased.csv
bert,BERT: MEAN vs FIRST,relation_type,LID,lpca99,lpca99,advmod,advmod,12,655.625,672.0499877929688,99.0,100.0,plots_extra/metrics/features/relations/mean/bert/tables/lpca99_bert_relation.csv,bert/tables_REL/relation_bootstrap/relation_raw_lpca99_bert-base-uncased.csv
bert,BERT: MEAN vs FIRST,relation_type,LID,lpca99,lpca99,amod,amod,0,538.0,574.5,23.0,23.0,plots_extra/metrics/features/relations/mean/bert/tables/lpca99_bert_relation.csv,bert/tables_REL/relation_bootstrap/relation_raw_lpca99_bert-base-uncased.csv
bert,BERT: MEAN vs FIRST,relation_type,LID,lpca99,lpca99,amod,amod,1,595.25,621.7000122070312,39.0,38.0,plots_extra/metrics/features/relations/mean/bert/tables/lpca99_bert_relation.csv,bert/tables_REL/relation_bootstrap/relation_raw_lpca99_bert-base-uncased.csv
bert,BERT: MEAN vs FIRST,relation_type,LID,lpca99,lpca99,amod,amod,2,614.0,635.8499755859375,42.0,45.0,plots_extra/metrics/features/relations/mean/bert/tables/lpca99_bert_relation.csv,bert/tables_REL/relation_bootstrap/relation_raw_lpca99_bert-base-uncased.csv
bert,BERT: MEAN vs FIRST,relation_type,LID,lpca99,lpca99,amod,amod,3,620.25,640.6500244140625,47.0,46.0,plots_extra/metrics/features/relations/mean/bert/tables/lpca99_bert_relation.csv,bert/tables_REL/relation_bootstrap/relation_raw_lpca99_bert-base-uncased.csv
bert,BERT: MEAN vs FIRST,relation_type,LID,lpca99,lpca99,amod,amod,4,628.375,648.1500244140625,52.0,52.0,plots_extra/metrics/features/relations/mean/bert/tables/lpca99_bert_relation.csv,bert/tables_REL/relation_bootstrap/relation_raw_lpca99_bert-base-uncased.csv
bert,BERT: MEAN vs FIRST,relation_type,LID,lpca99,lpca99,amod,amod,5,631.375,650.5999755859375,56.0,54.0,plots_extra/metrics/features/relations/mean/bert/tables/lpca99_bert_relation.csv,bert/tables_REL/relation_bootstrap/relation_raw_lpca99_bert-base-uncased.csv
bert,BERT: MEAN vs FIRST,relation_type,LID,lpca99,lpca99,amod,amod,6,636.125,654.9500122070312,61.0,61.0,plots_extra/metrics/features/relations/mean/bert/tables/lpca99_bert_relation.csv,bert/tables_REL/relation_bootstrap/relation_raw_lpca99_bert-base-uncased.csv
bert,BERT: MEAN vs FIRST,relation_type,LID,lpca99,lpca99,amod,amod,7,638.75,656.9000244140625,63.5,62.0,plots_extra/metrics/features/relations/mean/bert/tables/lpca99_bert_relation.csv,bert/tables_REL/relation_bootstrap/relation_raw_lpca99_bert-base-uncased.csv
bert,BERT: MEAN vs FIRST,relation_type,LID,lpca99,lpca99,amod,amod,8,644.125,661.5499877929688,71.5,70.0,plots_extra/metrics/features/relations/mean/bert/tables/lpca99_bert_relation.csv,bert/tables_REL/relation_bootstrap/relation_raw_lpca99_bert-base-uncased.csv
bert,BERT: MEAN vs FIRST,relation_type,LID,lpca99,lpca99,amod,amod,9,651.75,668.7999877929688,89.0,89.0,plots_extra/metrics/features/relations/mean/bert/tables/lpca99_bert_relation.csv,bert/tables_REL/relation_bootstrap/relation_raw_lpca99_bert-base-uncased.csv
bert,BERT: MEAN vs FIRST,relation_type,LID,lpca99,lpca99,amod,amod,10,654.375,671.0499877929688,97.0,97.0,plots_extra/metrics/features/relations/mean/bert/tables/lpca99_bert_relation.csv,bert/tables_REL/relation_bootstrap/relation_raw_lpca99_bert-base-uncased.csv
bert,BERT: MEAN vs FIRST,relation_type,LID,lpca99,lpca99,amod,amod,11,658.375,674.9000244140625,112.0,111.0,plots_extra/metrics/features/relations/mean/bert/tables/lpca99_bert_relation.csv,bert/tables_REL/relation_bootstrap/relation_raw_lpca99_bert-base-uncased.csv
bert,BERT: MEAN vs FIRST,relation_type,LID,lpca99,lpca99,amod,amod,12,658.625,675.4500122070312,113.0,113.0,plots_extra/metrics/features/relations/mean/bert/tables/lpca99_bert_relation.csv,bert/tables_REL/relation_bootstrap/relation_raw_lpca99_bert-base-uncased.csv
bert,BERT: MEAN vs FIRST,relation_type,LID,lpca99,lpca99,case,case,0,77.25,81.0,3.0,3.0,plots_extra/metrics/features/relations/mean/bert/tables/lpca99_bert_relation.csv,bert/tables_REL/relation_bootstrap/relation_raw_lpca99_bert-base-uncased.csv
bert,BERT: MEAN vs FIRST,relation_type,LID,lpca99,lpca99,case,case,1,316.125,331.1499938964844,7.0,7.0,plots_extra/metrics/features/relations/mean/bert/tables/lpca99_bert_relation.csv,bert/tables_REL/relation_bootstrap/relation_raw_lpca99_bert-base-uncased.csv
bert,BERT: MEAN vs FIRST,relation_type,LID,lpca99,lpca99,case,case,2,420.75,441.7000122070313,11.0,11.0,plots_extra/metrics/features/relations/mean/bert/tables/lpca99_bert_relation.csv,bert/tables_REL/relation_bootstrap/relation_raw_lpca99_bert-base-uncased.csv
bert,BERT: MEAN vs FIRST,relation_type,LID,lpca99,lpca99,case,case,3,480.375,502.6499938964844,16.0,15.0,plots_extra/metrics/features/relations/mean/bert/tables/lpca99_bert_relation.csv,bert/tables_REL/relation_bootstrap/relation_raw_lpca99_bert-base-uncased.csv
bert,BERT: MEAN vs FIRST,relation_type,LID,lpca99,lpca99,case,case,4,533.5,554.75,20.0,20.0,plots_extra/metrics/features/relations/mean/bert/tables/lpca99_bert_relation.csv,bert/tables_REL/relation_bootstrap/relation_raw_lpca99_bert-base-uncased.csv
bert,BERT: MEAN vs FIRST,relation_type,LID,lpca99,lpca99,case,case,5,582.125,602.2000122070312,34.0,33.0,plots_extra/metrics/features/relations/mean/bert/tables/lpca99_bert_relation.csv,bert/tables_REL/relation_bootstrap/relation_raw_lpca99_bert-base-uncased.csv
bert,BERT: MEAN vs FIRST,relation_type,LID,lpca99,lpca99,case,case,6,615.5,633.5999755859375,45.0,43.0,plots_extra/metrics/features/relations/mean/bert/tables/lpca99_bert_relation.csv,bert/tables_REL/relation_bootstrap/relation_raw_lpca99_bert-base-uncased.csv
bert,BERT: MEAN vs FIRST,relation_type,LID,lpca99,lpca99,case,case,7,633.75,650.9000244140625,58.0,55.0,plots_extra/metrics/features/relations/mean/bert/tables/lpca99_bert_relation.csv,bert/tables_REL/relation_bootstrap/relation_raw_lpca99_bert-base-uncased.csv
bert,BERT: MEAN vs FIRST,relation_type,LID,lpca99,lpca99,case,case,8,641.75,658.3499755859375,68.0,65.0,plots_extra/metrics/features/relations/mean/bert/tables/lpca99_bert_relation.csv,bert/tables_REL/relation_bootstrap/relation_raw_lpca99_bert-base-uncased.csv
bert,BERT: MEAN vs FIRST,relation_type,LID,lpca99,lpca99,case,case,9,650.75,667.0,86.0,83.0,plots_extra/metrics/features/relations/mean/bert/tables/lpca99_bert_relation.csv,bert/tables_REL/relation_bootstrap/relation_raw_lpca99_bert-base-uncased.csv
bert,BERT: MEAN vs FIRST,relation_type,LID,lpca99,lpca99,case,case,10,656.25,671.9500122070312,101.0,99.0,plots_extra/metrics/features/relations/mean/bert/tables/lpca99_bert_relation.csv,bert/tables_REL/relation_bootstrap/relation_raw_lpca99_bert-base-uncased.csv
bert,BERT: MEAN vs FIRST,relation_type,LID,lpca99,lpca99,case,case,11,664.25,679.6500244140625,122.0,121.0,plots_extra/metrics/features/relations/mean/bert/tables/lpca99_bert_relation.csv,bert/tables_REL/relation_bootstrap/relation_raw_lpca99_bert-base-uncased.csv
bert,BERT: MEAN vs FIRST,relation_type,LID,lpca99,lpca99,case,case,12,660.75,676.2999877929688,118.0,116.0,plots_extra/metrics/features/relations/mean/bert/tables/lpca99_bert_relation.csv,bert/tables_REL/relation_bootstrap/relation_raw_lpca99_bert-base-uncased.csv
bert,BERT: MEAN vs FIRST,relation_type,LID,lpca99,lpca99,conj,conj,0,646.625,664.0,79.0,76.0,plots_extra/metrics/features/relations/mean/bert/tables/lpca99_bert_relation.csv,bert/tables_REL/relation_bootstrap/relation_raw_lpca99_bert-base-uncased.csv
bert,BERT: MEAN vs FIRST,relation_type,LID,lpca99,lpca99,conj,conj,1,657.5,673.9500122070312,110.0,105.5,plots_extra/metrics/features/relations/mean/bert/tables/lpca99_bert_relation.csv,bert/tables_REL/relation_bootstrap/relation_raw_lpca99_bert-base-uncased.csv
bert,BERT: MEAN vs FIRST,relation_type,LID,lpca99,lpca99,conj,conj,2,656.5,672.5999755859375,102.0,101.0,plots_extra/metrics/features/relations/mean/bert/tables/lpca99_bert_relation.csv,bert/tables_REL/relation_bootstrap/relation_raw_lpca99_bert-base-uncased.csv
bert,BERT: MEAN vs FIRST,relation_type,LID,lpca99,lpca99,conj,conj,3,657.125,673.5,107.0,104.0,plots_extra/metrics/features/relations/mean/bert/tables/lpca99_bert_relation.csv,bert/tables_REL/relation_bootstrap/relation_raw_lpca99_bert-base-uncased.csv
bert,BERT: MEAN vs FIRST,relation_type,LID,lpca99,lpca99,conj,conj,4,659.25,676.25,115.0,115.0,plots_extra/metrics/features/relations/mean/bert/tables/lpca99_bert_relation.csv,bert/tables_REL/relation_bootstrap/relation_raw_lpca99_bert-base-uncased.csv
bert,BERT: MEAN vs FIRST,relation_type,LID,lpca99,lpca99,conj,conj,5,660.5,677.25,117.0,118.0,plots_extra/metrics/features/relations/mean/bert/tables/lpca99_bert_relation.csv,bert/tables_REL/relation_bootstrap/relation_raw_lpca99_bert-base-uncased.csv
bert,BERT: MEAN vs FIRST,relation_type,LID,lpca99,lpca99,conj,conj,6,663.625,679.9000244140625,121.0,122.0,plots_extra/metrics/features/relations/mean/bert/tables/lpca99_bert_relation.csv,bert/tables_REL/relation_bootstrap/relation_raw_lpca99_bert-base-uncased.csv
bert,BERT: MEAN vs FIRST,relation_type,LID,lpca99,lpca99,conj,conj,7,665.25,681.0499877929688,124.5,124.0,plots_extra/metrics/features/relations/mean/bert/tables/lpca99_bert_relation.csv,bert/tables_REL/relation_bootstrap/relation_raw_lpca99_bert-base-uncased.csv
bert,BERT: MEAN vs FIRST,relation_type,LID,lpca99,lpca99,conj,conj,8,665.25,680.9000244140625,124.5,123.0,plots_extra/metrics/features/relations/mean/bert/tables/lpca99_bert_relation.csv,bert/tables_REL/relation_bootstrap/relation_raw_lpca99_bert-base-uncased.csv
bert,BERT: MEAN vs FIRST,relation_type,LID,lpca99,lpca99,conj,conj,9,668.25,683.9500122070312,130.0,130.0,plots_extra/metrics/features/relations/mean/bert/tables/lpca99_bert_relation.csv,bert/tables_REL/relation_bootstrap/relation_raw_lpca99_bert-base-uncased.csv
bert,BERT: MEAN vs FIRST,relation_type,LID,lpca99,lpca99,conj,conj,10,666.875,682.5,129.0,127.0,plots_extra/metrics/features/relations/mean/bert/tables/lpca99_bert_relation.csv,bert/tables_REL/relation_bootstrap/relation_raw_lpca99_bert-base-uncased.csv
bert,BERT: MEAN vs FIRST,relation_type,LID,lpca99,lpca99,conj,conj,11,666.75,682.7999877929688,127.5,128.5,plots_extra/metrics/features/relations/mean/bert/tables/lpca99_bert_relation.csv,bert/tables_REL/relation_bootstrap/relation_raw_lpca99_bert-base-uncased.csv
bert,BERT: MEAN vs FIRST,relation_type,LID,lpca99,lpca99,conj,conj,12,665.5,681.7999877929688,126.0,126.0,plots_extra/metrics/features/relations/mean/bert/tables/lpca99_bert_relation.csv,bert/tables_REL/relation_bootstrap/relation_raw_lpca99_bert-base-uncased.csv
bert,BERT: MEAN vs FIRST,relation_type,LID,lpca99,lpca99,det,det,0,32.25,33.0,1.0,1.0,plots_extra/metrics/features/relations/mean/bert/tables/lpca99_bert_relation.csv,bert/tables_REL/relation_bootstrap/relation_raw_lpca99_bert-base-uncased.csv
bert,BERT: MEAN vs FIRST,relation_type,LID,lpca99,lpca99,det,det,1,250.875,260.54998779296875,5.0,5.0,plots_extra/metrics/features/relations/mean/bert/tables/lpca99_bert_relation.csv,bert/tables_REL/relation_bootstrap/relation_raw_lpca99_bert-base-uncased.csv
bert,BERT: MEAN vs FIRST,relation_type,LID,lpca99,lpca99,det,det,2,365.375,382.5499877929688,9.0,9.0,plots_extra/metrics/features/relations/mean/bert/tables/lpca99_bert_relation.csv,bert/tables_REL/relation_bootstrap/relation_raw_lpca99_bert-base-uncased.csv
bert,BERT: MEAN vs FIRST,relation_type,LID,lpca99,lpca99,det,det,3,434.25,455.0499877929688,13.0,12.0,plots_extra/metrics/features/relations/mean/bert/tables/lpca99_bert_relation.csv,bert/tables_REL/relation_bootstrap/relation_raw_lpca99_bert-base-uncased.csv
bert,BERT: MEAN vs FIRST,relation_type,LID,lpca99,lpca99,det,det,4,494.625,515.0499877929688,17.0,16.0,plots_extra/metrics/features/relations/mean/bert/tables/lpca99_bert_relation.csv,bert/tables_REL/relation_bootstrap/relation_raw_lpca99_bert-base-uncased.csv
bert,BERT: MEAN vs FIRST,relation_type,LID,lpca99,lpca99,det,det,5,554.0,573.6500244140625,28.0,22.0,plots_extra/metrics/features/relations/mean/bert/tables/lpca99_bert_relation.csv,bert/tables_REL/relation_bootstrap/relation_raw_lpca99_bert-base-uncased.csv
bert,BERT: MEAN vs FIRST,relation_type,LID,lpca99,lpca99,det,det,6,587.875,606.9000244140625,35.0,34.0,plots_extra/metrics/features/relations/mean/bert/tables/lpca99_bert_relation.csv,bert/tables_REL/relation_bootstrap/relation_raw_lpca99_bert-base-uncased.csv
bert,BERT: MEAN vs FIRST,relation_type,LID,lpca99,lpca99,det,det,7,615.125,633.2000122070312,44.0,41.0,plots_extra/metrics/features/relations/mean/bert/tables/lpca99_bert_relation.csv,bert/tables_REL/relation_bootstrap/relation_raw_lpca99_bert-base-uncased.csv
bert,BERT: MEAN vs FIRST,relation_type,LID,lpca99,lpca99,det,det,8,624.75,642.5,49.0,47.0,plots_extra/metrics/features/relations/mean/bert/tables/lpca99_bert_relation.csv,bert/tables_REL/relation_bootstrap/relation_raw_lpca99_bert-base-uncased.csv
bert,BERT: MEAN vs FIRST,relation_type,LID,lpca99,lpca99,det,det,9,635.25,652.5499877929688,59.0,58.0,plots_extra/metrics/features/relations/mean/bert/tables/lpca99_bert_relation.csv,bert/tables_REL/relation_bootstrap/relation_raw_lpca99_bert-base-uncased.csv
bert,BERT: MEAN vs FIRST,relation_type,LID,lpca99,lpca99,det,det,10,644.375,660.5999755859375,73.0,68.0,plots_extra/metrics/features/relations/mean/bert/tables/lpca99_bert_relation.csv,bert/tables_REL/relation_bootstrap/relation_raw_lpca99_bert-base-uncased.csv
bert,BERT: MEAN vs FIRST,relation_type,LID,lpca99,lpca99,det,det,11,655.0,670.9500122070312,98.0,96.0,plots_extra/metrics/features/relations/mean/bert/tables/lpca99_bert_relation.csv,bert/tables_REL/relation_bootstrap/relation_raw_lpca99_bert-base-uncased.csv
bert,BERT: MEAN vs FIRST,relation_type,LID,lpca99,lpca99,det,det,12,654.25,669.9500122070312,96.0,92.0,plots_extra/metrics/features/relations/mean/bert/tables/lpca99_bert_relation.csv,bert/tables_REL/relation_bootstrap/relation_raw_lpca99_bert-base-uncased.csv
bert,BERT: MEAN vs FIRST,relation_type,LID,lpca99,lpca99,nsubj,nsubj,0,477.0,540.0999755859375,15.0,18.0,plots_extra/metrics/features/relations/mean/bert/tables/lpca99_bert_relation.csv,bert/tables_REL/relation_bootstrap/relation_raw_lpca99_bert-base-uncased.csv
bert,BERT: MEAN vs FIRST,relation_type,LID,lpca99,lpca99,nsubj,nsubj,1,547.0,593.0999755859375,25.0,28.0,plots_extra/metrics/features/relations/mean/bert/tables/lpca99_bert_relation.csv,bert/tables_REL/relation_bootstrap/relation_raw_lpca99_bert-base-uncased.csv
bert,BERT: MEAN vs FIRST,relation_type,LID,lpca99,lpca99,nsubj,nsubj,2,579.75,618.0499877929688,33.0,36.0,plots_extra/metrics/features/relations/mean/bert/tables/lpca99_bert_relation.csv,bert/tables_REL/relation_bootstrap/relation_raw_lpca99_bert-base-uncased.csv
bert,BERT: MEAN vs FIRST,relation_type,LID,lpca99,lpca99,nsubj,nsubj,3,588.625,623.3499755859375,36.0,39.0,plots_extra/metrics/features/relations/mean/bert/tables/lpca99_bert_relation.csv,bert/tables_REL/relation_bootstrap/relation_raw_lpca99_bert-base-uncased.csv
bert,BERT: MEAN vs FIRST,relation_type,LID,lpca99,lpca99,nsubj,nsubj,4,603.25,633.25,40.0,42.0,plots_extra/metrics/features/relations/mean/bert/tables/lpca99_bert_relation.csv,bert/tables_REL/relation_bootstrap/relation_raw_lpca99_bert-base-uncased.csv
bert,BERT: MEAN vs FIRST,relation_type,LID,lpca99,lpca99,nsubj,nsubj,5,617.5,643.5,46.0,48.0,plots_extra/metrics/features/relations/mean/bert/tables/lpca99_bert_relation.csv,bert/tables_REL/relation_bootstrap/relation_raw_lpca99_bert-base-uncased.csv
bert,BERT: MEAN vs FIRST,relation_type,LID,lpca99,lpca99,nsubj,nsubj,6,628.5,651.4500122070312,53.0,56.0,plots_extra/metrics/features/relations/mean/bert/tables/lpca99_bert_relation.csv,bert/tables_REL/relation_bootstrap/relation_raw_lpca99_bert-base-uncased.csv
bert,BERT: MEAN vs FIRST,relation_type,LID,lpca99,lpca99,nsubj,nsubj,7,638.75,659.0,63.5,67.0,plots_extra/metrics/features/relations/mean/bert/tables/lpca99_bert_relation.csv,bert/tables_REL/relation_bootstrap/relation_raw_lpca99_bert-base-uncased.csv
bert,BERT: MEAN vs FIRST,relation_type,LID,lpca99,lpca99,nsubj,nsubj,8,641.625,661.2999877929688,67.0,69.0,plots_extra/metrics/features/relations/mean/bert/tables/lpca99_bert_relation.csv,bert/tables_REL/relation_bootstrap/relation_raw_lpca99_bert-base-uncased.csv
bert,BERT: MEAN vs FIRST,relation_type,LID,lpca99,lpca99,nsubj,nsubj,9,645.625,665.5499877929688,77.0,80.0,plots_extra/metrics/features/relations/mean/bert/tables/lpca99_bert_relation.csv,bert/tables_REL/relation_bootstrap/relation_raw_lpca99_bert-base-uncased.csv
bert,BERT: MEAN vs FIRST,relation_type,LID,lpca99,lpca99,nsubj,nsubj,10,646.25,665.8499755859375,78.0,81.0,plots_extra/metrics/features/relations/mean/bert/tables/lpca99_bert_relation.csv,bert/tables_REL/relation_bootstrap/relation_raw_lpca99_bert-base-uncased.csv
bert,BERT: MEAN vs FIRST,relation_type,LID,lpca99,lpca99,nsubj,nsubj,11,647.875,667.9500122070312,82.0,85.0,plots_extra/metrics/features/relations/mean/bert/tables/lpca99_bert_relation.csv,bert/tables_REL/relation_bootstrap/relation_raw_lpca99_bert-base-uncased.csv
bert,BERT: MEAN vs FIRST,relation_type,LID,lpca99,lpca99,nsubj,nsubj,12,645.125,664.25,75.5,77.0,plots_extra/metrics/features/relations/mean/bert/tables/lpca99_bert_relation.csv,bert/tables_REL/relation_bootstrap/relation_raw_lpca99_bert-base-uncased.csv
bert,BERT: MEAN vs FIRST,relation_type,LID,lpca99,lpca99,obj,obj,0,603.75,630.75,41.0,40.0,plots_extra/metrics/features/relations/mean/bert/tables/lpca99_bert_relation.csv,bert/tables_REL/relation_bootstrap/relation_raw_lpca99_bert-base-uncased.csv
bert,BERT: MEAN vs FIRST,relation_type,LID,lpca99,lpca99,obj,obj,1,630.875,653.0499877929688,55.0,59.0,plots_extra/metrics/features/relations/mean/bert/tables/lpca99_bert_relation.csv,bert/tables_REL/relation_bootstrap/relation_raw_lpca99_bert-base-uncased.csv
bert,BERT: MEAN vs FIRST,relation_type,LID,lpca99,lpca99,obj,obj,2,637.25,657.3499755859375,62.0,63.0,plots_extra/metrics/features/relations/mean/bert/tables/lpca99_bert_relation.csv,bert/tables_REL/relation_bootstrap/relation_raw_lpca99_bert-base-uncased.csv
bert,BERT: MEAN vs FIRST,relation_type,LID,lpca99,lpca99,obj,obj,3,639.125,658.9500122070312,66.0,66.0,plots_extra/metrics/features/relations/mean/bert/tables/lpca99_bert_relation.csv,bert/tables_REL/relation_bootstrap/relation_raw_lpca99_bert-base-uncased.csv
bert,BERT: MEAN vs FIRST,relation_type,LID,lpca99,lpca99,obj,obj,4,642.125,662.2000122070312,69.0,71.0,plots_extra/metrics/features/relations/mean/bert/tables/lpca99_bert_relation.csv,bert/tables_REL/relation_bootstrap/relation_raw_lpca99_bert-base-uncased.csv
bert,BERT: MEAN vs FIRST,relation_type,LID,lpca99,lpca99,obj,obj,5,643.875,663.0999755859375,70.0,74.0,plots_extra/metrics/features/relations/mean/bert/tables/lpca99_bert_relation.csv,bert/tables_REL/relation_bootstrap/relation_raw_lpca99_bert-base-uncased.csv
bert,BERT: MEAN vs FIRST,relation_type,LID,lpca99,lpca99,obj,obj,6,648.0,666.3499755859375,83.0,82.0,plots_extra/metrics/features/relations/mean/bert/tables/lpca99_bert_relation.csv,bert/tables_REL/relation_bootstrap/relation_raw_lpca99_bert-base-uncased.csv
bert,BERT: MEAN vs FIRST,relation_type,LID,lpca99,lpca99,obj,obj,7,651.75,669.4000244140625,89.0,91.0,plots_extra/metrics/features/relations/mean/bert/tables/lpca99_bert_relation.csv,bert/tables_REL/relation_bootstrap/relation_raw_lpca99_bert-base-uncased.csv
bert,BERT: MEAN vs FIRST,relation_type,LID,lpca99,lpca99,obj,obj,8,652.375,670.0,91.0,93.0,plots_extra/metrics/features/relations/mean/bert/tables/lpca99_bert_relation.csv,bert/tables_REL/relation_bootstrap/relation_raw_lpca99_bert-base-uncased.csv
bert,BERT: MEAN vs FIRST,relation_type,LID,lpca99,lpca99,obj,obj,9,656.875,674.4000244140625,105.0,110.0,plots_extra/metrics/features/relations/mean/bert/tables/lpca99_bert_relation.csv,bert/tables_REL/relation_bootstrap/relation_raw_lpca99_bert-base-uncased.csv
bert,BERT: MEAN vs FIRST,relation_type,LID,lpca99,lpca99,obj,obj,10,656.75,674.0499877929688,103.0,107.0,plots_extra/metrics/features/relations/mean/bert/tables/lpca99_bert_relation.csv,bert/tables_REL/relation_bootstrap/relation_raw_lpca99_bert-base-uncased.csv
bert,BERT: MEAN vs FIRST,relation_type,LID,lpca99,lpca99,obj,obj,11,658.0,675.5999755859375,111.0,114.0,plots_extra/metrics/features/relations/mean/bert/tables/lpca99_bert_relation.csv,bert/tables_REL/relation_bootstrap/relation_raw_lpca99_bert-base-uncased.csv
bert,BERT: MEAN vs FIRST,relation_type,LID,lpca99,lpca99,obj,obj,12,659.375,676.5499877929688,116.0,117.0,plots_extra/metrics/features/relations/mean/bert/tables/lpca99_bert_relation.csv,bert/tables_REL/relation_bootstrap/relation_raw_lpca99_bert-base-uncased.csv
bert,BERT: MEAN vs FIRST,relation_type,LID,lpca99,lpca99,obl,obl,0,625.5,646.5499877929688,50.0,50.0,plots_extra/metrics/features/relations/mean/bert/tables/lpca99_bert_relation.csv,bert/tables_REL/relation_bootstrap/relation_raw_lpca99_bert-base-uncased.csv
bert,BERT: MEAN vs FIRST,relation_type,LID,lpca99,lpca99,obl,obl,1,644.625,663.1500244140625,74.0,75.0,plots_extra/metrics/features/relations/mean/bert/tables/lpca99_bert_relation.csv,bert/tables_REL/relation_bootstrap/relation_raw_lpca99_bert-base-uncased.csv
bert,BERT: MEAN vs FIRST,relation_type,LID,lpca99,lpca99,obl,obl,2,647.125,664.75,81.0,79.0,plots_extra/metrics/features/relations/mean/bert/tables/lpca99_bert_relation.csv,bert/tables_REL/relation_bootstrap/relation_raw_lpca99_bert-base-uncased.csv
bert,BERT: MEAN vs FIRST,relation_type,LID,lpca99,lpca99,obl,obl,3,646.75,664.6500244140625,80.0,78.0,plots_extra/metrics/features/relations/mean/bert/tables/lpca99_bert_relation.csv,bert/tables_REL/relation_bootstrap/relation_raw_lpca99_bert-base-uncased.csv
bert,BERT: MEAN vs FIRST,relation_type,LID,lpca99,lpca99,obl,obl,4,648.875,667.0499877929688,84.0,84.0,plots_extra/metrics/features/relations/mean/bert/tables/lpca99_bert_relation.csv,bert/tables_REL/relation_bootstrap/relation_raw_lpca99_bert-base-uncased.csv
bert,BERT: MEAN vs FIRST,relation_type,LID,lpca99,lpca99,obl,obl,5,650.5,668.2000122070312,85.0,86.0,plots_extra/metrics/features/relations/mean/bert/tables/lpca99_bert_relation.csv,bert/tables_REL/relation_bootstrap/relation_raw_lpca99_bert-base-uncased.csv
bert,BERT: MEAN vs FIRST,relation_type,LID,lpca99,lpca99,obl,obl,6,654.0,671.6500244140625,95.0,98.0,plots_extra/metrics/features/relations/mean/bert/tables/lpca99_bert_relation.csv,bert/tables_REL/relation_bootstrap/relation_raw_lpca99_bert-base-uncased.csv
bert,BERT: MEAN vs FIRST,relation_type,LID,lpca99,lpca99,obl,obl,7,655.875,673.1500244140625,100.0,102.0,plots_extra/metrics/features/relations/mean/bert/tables/lpca99_bert_relation.csv,bert/tables_REL/relation_bootstrap/relation_raw_lpca99_bert-base-uncased.csv
bert,BERT: MEAN vs FIRST,relation_type,LID,lpca99,lpca99,obl,obl,8,656.875,674.1500244140625,105.0,108.5,plots_extra/metrics/features/relations/mean/bert/tables/lpca99_bert_relation.csv,bert/tables_REL/relation_bootstrap/relation_raw_lpca99_bert-base-uncased.csv
bert,BERT: MEAN vs FIRST,relation_type,LID,lpca99,lpca99,obl,obl,9,662.375,679.4000244140625,119.0,119.5,plots_extra/metrics/features/relations/mean/bert/tables/lpca99_bert_relation.csv,bert/tables_REL/relation_bootstrap/relation_raw_lpca99_bert-base-uncased.csv
bert,BERT: MEAN vs FIRST,relation_type,LID,lpca99,lpca99,obl,obl,10,663.125,679.4000244140625,120.0,119.5,plots_extra/metrics/features/relations/mean/bert/tables/lpca99_bert_relation.csv,bert/tables_REL/relation_bootstrap/relation_raw_lpca99_bert-base-uncased.csv
bert,BERT: MEAN vs FIRST,relation_type,LID,lpca99,lpca99,obl,obl,11,664.75,681.4000244140625,123.0,125.0,plots_extra/metrics/features/relations/mean/bert/tables/lpca99_bert_relation.csv,bert/tables_REL/relation_bootstrap/relation_raw_lpca99_bert-base-uncased.csv
bert,BERT: MEAN vs FIRST,relation_type,LID,lpca99,lpca99,obl,obl,12,666.75,682.7999877929688,127.5,128.5,plots_extra/metrics/features/relations/mean/bert/tables/lpca99_bert_relation.csv,bert/tables_REL/relation_bootstrap/relation_raw_lpca99_bert-base-uncased.csv
bert,BERT: MEAN vs FIRST,relation_type,LID,lpca99,lpca99,punct,punct,0,36.125,36.70000076293945,2.0,2.0,plots_extra/metrics/features/relations/mean/bert/tables/lpca99_bert_relation.csv,bert/tables_REL/relation_bootstrap/relation_raw_lpca99_bert-base-uncased.csv
bert,BERT: MEAN vs FIRST,relation_type,LID,lpca99,lpca99,punct,punct,1,232.625,243.4499969482422,4.0,4.0,plots_extra/metrics/features/relations/mean/bert/tables/lpca99_bert_relation.csv,bert/tables_REL/relation_bootstrap/relation_raw_lpca99_bert-base-uncased.csv
bert,BERT: MEAN vs FIRST,relation_type,LID,lpca99,lpca99,punct,punct,2,356.25,378.0,8.0,8.0,plots_extra/metrics/features/relations/mean/bert/tables/lpca99_bert_relation.csv,bert/tables_REL/relation_bootstrap/relation_raw_lpca99_bert-base-uncased.csv
bert,BERT: MEAN vs FIRST,relation_type,LID,lpca99,lpca99,punct,punct,3,415.0,439.3500061035156,10.0,10.0,plots_extra/metrics/features/relations/mean/bert/tables/lpca99_bert_relation.csv,bert/tables_REL/relation_bootstrap/relation_raw_lpca99_bert-base-uncased.csv
bert,BERT: MEAN vs FIRST,relation_type,LID,lpca99,lpca99,punct,punct,4,469.0,494.25,14.0,14.0,plots_extra/metrics/features/relations/mean/bert/tables/lpca99_bert_relation.csv,bert/tables_REL/relation_bootstrap/relation_raw_lpca99_bert-base-uncased.csv
bert,BERT: MEAN vs FIRST,relation_type,LID,lpca99,lpca99,punct,punct,5,517.25,542.3499755859375,19.0,19.0,plots_extra/metrics/features/relations/mean/bert/tables/lpca99_bert_relation.csv,bert/tables_REL/relation_bootstrap/relation_raw_lpca99_bert-base-uncased.csv
bert,BERT: MEAN vs FIRST,relation_type,LID,lpca99,lpca99,punct,punct,6,550.125,575.0999755859375,27.0,24.0,plots_extra/metrics/features/relations/mean/bert/tables/lpca99_bert_relation.csv,bert/tables_REL/relation_bootstrap/relation_raw_lpca99_bert-base-uncased.csv
bert,BERT: MEAN vs FIRST,relation_type,LID,lpca99,lpca99,punct,punct,7,575.25,600.0999755859375,32.0,30.0,plots_extra/metrics/features/relations/mean/bert/tables/lpca99_bert_relation.csv,bert/tables_REL/relation_bootstrap/relation_raw_lpca99_bert-base-uncased.csv
bert,BERT: MEAN vs FIRST,relation_type,LID,lpca99,lpca99,punct,punct,8,573.625,600.3499755859375,31.0,31.0,plots_extra/metrics/features/relations/mean/bert/tables/lpca99_bert_relation.csv,bert/tables_REL/relation_bootstrap/relation_raw_lpca99_bert-base-uncased.csv
bert,BERT: MEAN vs FIRST,relation_type,LID,lpca99,lpca99,punct,punct,9,572.375,601.5,30.0,32.0,plots_extra/metrics/features/relations/mean/bert/tables/lpca99_bert_relation.csv,bert/tables_REL/relation_bootstrap/relation_raw_lpca99_bert-base-uncased.csv
bert,BERT: MEAN vs FIRST,relation_type,LID,lpca99,lpca99,punct,punct,10,536.375,581.3499755859375,21.0,25.0,plots_extra/metrics/features/relations/mean/bert/tables/lpca99_bert_relation.csv,bert/tables_REL/relation_bootstrap/relation_raw_lpca99_bert-base-uncased.csv
bert,BERT: MEAN vs FIRST,relation_type,LID,lpca99,lpca99,punct,punct,11,536.75,584.2999877929688,22.0,27.0,plots_extra/metrics/features/relations/mean/bert/tables/lpca99_bert_relation.csv,bert/tables_REL/relation_bootstrap/relation_raw_lpca99_bert-base-uncased.csv
bert,BERT: MEAN vs FIRST,relation_type,LID,lpca99,lpca99,punct,punct,12,549.375,581.9500122070312,26.0,26.0,plots_extra/metrics/features/relations/mean/bert/tables/lpca99_bert_relation.csv,bert/tables_REL/relation_bootstrap/relation_raw_lpca99_bert-base-uncased.csv
bert,BERT: MEAN vs FIRST,relation_type,LID,lpca99,lpca99,root,root,0,594.875,620.9500122070312,38.0,37.0,plots_extra/metrics/features/relations/mean/bert/tables/lpca99_bert_relation.csv,bert/tables_REL/relation_bootstrap/relation_raw_lpca99_bert-base-uncased.csv
bert,BERT: MEAN vs FIRST,relation_type,LID,lpca99,lpca99,root,root,1,621.875,643.7000122070312,48.0,49.0,plots_extra/metrics/features/relations/mean/bert/tables/lpca99_bert_relation.csv,bert/tables_REL/relation_bootstrap/relation_raw_lpca99_bert-base-uncased.csv
bert,BERT: MEAN vs FIRST,relation_type,LID,lpca99,lpca99,root,root,2,627.5,647.5499877929688,51.0,51.0,plots_extra/metrics/features/relations/mean/bert/tables/lpca99_bert_relation.csv,bert/tables_REL/relation_bootstrap/relation_raw_lpca99_bert-base-uncased.csv
bert,BERT: MEAN vs FIRST,relation_type,LID,lpca99,lpca99,root,root,3,631.875,651.5,57.0,57.0,plots_extra/metrics/features/relations/mean/bert/tables/lpca99_bert_relation.csv,bert/tables_REL/relation_bootstrap/relation_raw_lpca99_bert-base-uncased.csv
bert,BERT: MEAN vs FIRST,relation_type,LID,lpca99,lpca99,root,root,4,639.0,657.8499755859375,65.0,64.0,plots_extra/metrics/features/relations/mean/bert/tables/lpca99_bert_relation.csv,bert/tables_REL/relation_bootstrap/relation_raw_lpca99_bert-base-uncased.csv
bert,BERT: MEAN vs FIRST,relation_type,LID,lpca99,lpca99,root,root,5,644.125,662.3499755859375,71.5,72.0,plots_extra/metrics/features/relations/mean/bert/tables/lpca99_bert_relation.csv,bert/tables_REL/relation_bootstrap/relation_raw_lpca99_bert-base-uncased.csv
bert,BERT: MEAN vs FIRST,relation_type,LID,lpca99,lpca99,root,root,6,651.25,668.5499877929688,87.0,88.0,plots_extra/metrics/features/relations/mean/bert/tables/lpca99_bert_relation.csv,bert/tables_REL/relation_bootstrap/relation_raw_lpca99_bert-base-uncased.csv
bert,BERT: MEAN vs FIRST,relation_type,LID,lpca99,lpca99,root,root,7,653.875,670.5999755859375,94.0,94.5,plots_extra/metrics/features/relations/mean/bert/tables/lpca99_bert_relation.csv,bert/tables_REL/relation_bootstrap/relation_raw_lpca99_bert-base-uncased.csv
bert,BERT: MEAN vs FIRST,relation_type,LID,lpca99,lpca99,root,root,8,653.625,670.5999755859375,93.0,94.5,plots_extra/metrics/features/relations/mean/bert/tables/lpca99_bert_relation.csv,bert/tables_REL/relation_bootstrap/relation_raw_lpca99_bert-base-uncased.csv
bert,BERT: MEAN vs FIRST,relation_type,LID,lpca99,lpca99,root,root,9,657.25,674.1500244140625,108.5,108.5,plots_extra/metrics/features/relations/mean/bert/tables/lpca99_bert_relation.csv,bert/tables_REL/relation_bootstrap/relation_raw_lpca99_bert-base-uncased.csv
bert,BERT: MEAN vs FIRST,relation_type,LID,lpca99,lpca99,root,root,10,657.25,673.9500122070312,108.5,105.5,plots_extra/metrics/features/relations/mean/bert/tables/lpca99_bert_relation.csv,bert/tables_REL/relation_bootstrap/relation_raw_lpca99_bert-base-uncased.csv
bert,BERT: MEAN vs FIRST,relation_type,LID,lpca99,lpca99,root,root,11,658.75,675.2999877929688,114.0,112.0,plots_extra/metrics/features/relations/mean/bert/tables/lpca99_bert_relation.csv,bert/tables_REL/relation_bootstrap/relation_raw_lpca99_bert-base-uncased.csv
bert,BERT: MEAN vs FIRST,relation_type,LID,lpca99,lpca99,root,root,12,652.625,669.3499755859375,92.0,90.0,plots_extra/metrics/features/relations/mean/bert/tables/lpca99_bert_relation.csv,bert/tables_REL/relation_bootstrap/relation_raw_lpca99_bert-base-uncased.csv
bert,BERT: MEAN vs FIRST,relation_type,NLID,gride,gride,advmod,advmod,0,3.3641257286071777,3.296966552734375,4.0,5.0,plots_extra/metrics/features/relations/mean/bert/tables/gride_bert_relation.csv,bert/tables_REL/relation_bootstrap/relation_raw_gride_bert-base-uncased.csv
bert,BERT: MEAN vs FIRST,relation_type,NLID,gride,gride,advmod,advmod,1,4.323030471801758,4.4217071533203125,6.0,6.0,plots_extra/metrics/features/relations/mean/bert/tables/gride_bert_relation.csv,bert/tables_REL/relation_bootstrap/relation_raw_gride_bert-base-uncased.csv
bert,BERT: MEAN vs FIRST,relation_type,NLID,gride,gride,advmod,advmod,2,5.139358043670654,5.224011421203613,7.0,7.0,plots_extra/metrics/features/relations/mean/bert/tables/gride_bert_relation.csv,bert/tables_REL/relation_bootstrap/relation_raw_gride_bert-base-uncased.csv
bert,BERT: MEAN vs FIRST,relation_type,NLID,gride,gride,advmod,advmod,3,5.832727432250977,5.816557884216309,8.0,10.0,plots_extra/metrics/features/relations/mean/bert/tables/gride_bert_relation.csv,bert/tables_REL/relation_bootstrap/relation_raw_gride_bert-base-uncased.csv
bert,BERT: MEAN vs FIRST,relation_type,NLID,gride,gride,advmod,advmod,4,6.759181022644043,6.488797664642334,11.0,12.0,plots_extra/metrics/features/relations/mean/bert/tables/gride_bert_relation.csv,bert/tables_REL/relation_bootstrap/relation_raw_gride_bert-base-uncased.csv
bert,BERT: MEAN vs FIRST,relation_type,NLID,gride,gride,advmod,advmod,5,7.524219036102295,7.081222534179688,14.0,15.0,plots_extra/metrics/features/relations/mean/bert/tables/gride_bert_relation.csv,bert/tables_REL/relation_bootstrap/relation_raw_gride_bert-base-uncased.csv
bert,BERT: MEAN vs FIRST,relation_type,NLID,gride,gride,advmod,advmod,6,8.587017059326172,7.95989990234375,20.0,20.0,plots_extra/metrics/features/relations/mean/bert/tables/gride_bert_relation.csv,bert/tables_REL/relation_bootstrap/relation_raw_gride_bert-base-uncased.csv
bert,BERT: MEAN vs FIRST,relation_type,NLID,gride,gride,advmod,advmod,7,9.72615909576416,9.043374061584473,30.0,25.0,plots_extra/metrics/features/relations/mean/bert/tables/gride_bert_relation.csv,bert/tables_REL/relation_bootstrap/relation_raw_gride_bert-base-uncased.csv
bert,BERT: MEAN vs FIRST,relation_type,NLID,gride,gride,advmod,advmod,8,10.79531955718994,10.152545928955078,42.0,33.0,plots_extra/metrics/features/relations/mean/bert/tables/gride_bert_relation.csv,bert/tables_REL/relation_bootstrap/relation_raw_gride_bert-base-uncased.csv
bert,BERT: MEAN vs FIRST,relation_type,NLID,gride,gride,advmod,advmod,9,13.569449424743652,12.433228492736816,55.0,51.0,plots_extra/metrics/features/relations/mean/bert/tables/gride_bert_relation.csv,bert/tables_REL/relation_bootstrap/relation_raw_gride_bert-base-uncased.csv
bert,BERT: MEAN vs FIRST,relation_type,NLID,gride,gride,advmod,advmod,10,16.362552642822266,14.847129821777344,73.0,73.0,plots_extra/metrics/features/relations/mean/bert/tables/gride_bert_relation.csv,bert/tables_REL/relation_bootstrap/relation_raw_gride_bert-base-uncased.csv
bert,BERT: MEAN vs FIRST,relation_type,NLID,gride,gride,advmod,advmod,11,17.889381408691406,16.405969619750977,84.0,89.0,plots_extra/metrics/features/relations/mean/bert/tables/gride_bert_relation.csv,bert/tables_REL/relation_bootstrap/relation_raw_gride_bert-base-uncased.csv
bert,BERT: MEAN vs FIRST,relation_type,NLID,gride,gride,advmod,advmod,12,18.78761100769043,17.6978759765625,92.0,101.0,plots_extra/metrics/features/relations/mean/bert/tables/gride_bert_relation.csv,bert/tables_REL/relation_bootstrap/relation_raw_gride_bert-base-uncased.csv
bert,BERT: MEAN vs FIRST,relation_type,NLID,gride,gride,amod,amod,0,7.157139778137207,5.6217451095581055,12.0,9.0,plots_extra/metrics/features/relations/mean/bert/tables/gride_bert_relation.csv,bert/tables_REL/relation_bootstrap/relation_raw_gride_bert-base-uncased.csv
bert,BERT: MEAN vs FIRST,relation_type,NLID,gride,gride,amod,amod,1,8.981608390808105,6.725317478179932,24.0,13.0,plots_extra/metrics/features/relations/mean/bert/tables/gride_bert_relation.csv,bert/tables_REL/relation_bootstrap/relation_raw_gride_bert-base-uncased.csv
bert,BERT: MEAN vs FIRST,relation_type,NLID,gride,gride,amod,amod,2,10.375718116760254,7.5473313331604,38.0,17.0,plots_extra/metrics/features/relations/mean/bert/tables/gride_bert_relation.csv,bert/tables_REL/relation_bootstrap/relation_raw_gride_bert-base-uncased.csv
bert,BERT: MEAN vs FIRST,relation_type,NLID,gride,gride,amod,amod,3,11.960416793823242,8.922505378723145,47.0,23.0,plots_extra/metrics/features/relations/mean/bert/tables/gride_bert_relation.csv,bert/tables_REL/relation_bootstrap/relation_raw_gride_bert-base-uncased.csv
bert,BERT: MEAN vs FIRST,relation_type,NLID,gride,gride,amod,amod,4,14.024458885192873,10.473846435546877,58.0,35.0,plots_extra/metrics/features/relations/mean/bert/tables/gride_bert_relation.csv,bert/tables_REL/relation_bootstrap/relation_raw_gride_bert-base-uncased.csv
bert,BERT: MEAN vs FIRST,relation_type,NLID,gride,gride,amod,amod,5,14.618410110473633,11.636462211608888,62.0,45.0,plots_extra/metrics/features/relations/mean/bert/tables/gride_bert_relation.csv,bert/tables_REL/relation_bootstrap/relation_raw_gride_bert-base-uncased.csv
bert,BERT: MEAN vs FIRST,relation_type,NLID,gride,gride,amod,amod,6,15.683967590332031,12.618614196777344,68.0,56.0,plots_extra/metrics/features/relations/mean/bert/tables/gride_bert_relation.csv,bert/tables_REL/relation_bootstrap/relation_raw_gride_bert-base-uncased.csv
bert,BERT: MEAN vs FIRST,relation_type,NLID,gride,gride,amod,amod,7,16.10044288635254,13.347208976745604,71.0,58.0,plots_extra/metrics/features/relations/mean/bert/tables/gride_bert_relation.csv,bert/tables_REL/relation_bootstrap/relation_raw_gride_bert-base-uncased.csv
bert,BERT: MEAN vs FIRST,relation_type,NLID,gride,gride,amod,amod,8,17.73638916015625,15.220659255981444,82.0,77.0,plots_extra/metrics/features/relations/mean/bert/tables/gride_bert_relation.csv,bert/tables_REL/relation_bootstrap/relation_raw_gride_bert-base-uncased.csv
bert,BERT: MEAN vs FIRST,relation_type,NLID,gride,gride,amod,amod,9,19.458709716796875,17.180959701538086,97.0,94.0,plots_extra/metrics/features/relations/mean/bert/tables/gride_bert_relation.csv,bert/tables_REL/relation_bootstrap/relation_raw_gride_bert-base-uncased.csv
bert,BERT: MEAN vs FIRST,relation_type,NLID,gride,gride,amod,amod,10,20.832399368286133,18.764568328857425,103.0,107.0,plots_extra/metrics/features/relations/mean/bert/tables/gride_bert_relation.csv,bert/tables_REL/relation_bootstrap/relation_raw_gride_bert-base-uncased.csv
bert,BERT: MEAN vs FIRST,relation_type,NLID,gride,gride,amod,amod,11,22.459909439086918,20.368885040283203,111.0,115.0,plots_extra/metrics/features/relations/mean/bert/tables/gride_bert_relation.csv,bert/tables_REL/relation_bootstrap/relation_raw_gride_bert-base-uncased.csv
bert,BERT: MEAN vs FIRST,relation_type,NLID,gride,gride,amod,amod,12,22.868240356445312,21.801517486572266,114.0,123.0,plots_extra/metrics/features/relations/mean/bert/tables/gride_bert_relation.csv,bert/tables_REL/relation_bootstrap/relation_raw_gride_bert-base-uncased.csv
bert,BERT: MEAN vs FIRST,relation_type,NLID,gride,gride,case,case,0,3.92268180847168,0.3767862915992737,5.0,2.0,plots_extra/metrics/features/relations/mean/bert/tables/gride_bert_relation.csv,bert/tables_REL/relation_bootstrap/relation_raw_gride_bert-base-uncased.csv
bert,BERT: MEAN vs FIRST,relation_type,NLID,gride,gride,case,case,1,8.57052230834961,7.872685432434082,19.0,19.0,plots_extra/metrics/features/relations/mean/bert/tables/gride_bert_relation.csv,bert/tables_REL/relation_bootstrap/relation_raw_gride_bert-base-uncased.csv
bert,BERT: MEAN vs FIRST,relation_type,NLID,gride,gride,case,case,2,10.153311729431152,10.05405616760254,37.0,30.0,plots_extra/metrics/features/relations/mean/bert/tables/gride_bert_relation.csv,bert/tables_REL/relation_bootstrap/relation_raw_gride_bert-base-uncased.csv
bert,BERT: MEAN vs FIRST,relation_type,NLID,gride,gride,case,case,3,10.047686576843262,10.084508895874023,35.0,32.0,plots_extra/metrics/features/relations/mean/bert/tables/gride_bert_relation.csv,bert/tables_REL/relation_bootstrap/relation_raw_gride_bert-base-uncased.csv
bert,BERT: MEAN vs FIRST,relation_type,NLID,gride,gride,case,case,4,10.794022560119627,11.009588241577148,41.0,40.0,plots_extra/metrics/features/relations/mean/bert/tables/gride_bert_relation.csv,bert/tables_REL/relation_bootstrap/relation_raw_gride_bert-base-uncased.csv
bert,BERT: MEAN vs FIRST,relation_type,NLID,gride,gride,case,case,5,12.279374122619627,12.547857284545898,49.0,54.0,plots_extra/metrics/features/relations/mean/bert/tables/gride_bert_relation.csv,bert/tables_REL/relation_bootstrap/relation_raw_gride_bert-base-uncased.csv
bert,BERT: MEAN vs FIRST,relation_type,NLID,gride,gride,case,case,6,13.781573295593262,13.605862617492676,56.0,62.0,plots_extra/metrics/features/relations/mean/bert/tables/gride_bert_relation.csv,bert/tables_REL/relation_bootstrap/relation_raw_gride_bert-base-uncased.csv
bert,BERT: MEAN vs FIRST,relation_type,NLID,gride,gride,case,case,7,14.978726387023926,14.547601699829102,66.0,70.0,plots_extra/metrics/features/relations/mean/bert/tables/gride_bert_relation.csv,bert/tables_REL/relation_bootstrap/relation_raw_gride_bert-base-uncased.csv
bert,BERT: MEAN vs FIRST,relation_type,NLID,gride,gride,case,case,8,16.421297073364258,15.547429084777832,74.0,81.0,plots_extra/metrics/features/relations/mean/bert/tables/gride_bert_relation.csv,bert/tables_REL/relation_bootstrap/relation_raw_gride_bert-base-uncased.csv
bert,BERT: MEAN vs FIRST,relation_type,NLID,gride,gride,case,case,9,18.95913314819336,17.804317474365234,94.0,103.0,plots_extra/metrics/features/relations/mean/bert/tables/gride_bert_relation.csv,bert/tables_REL/relation_bootstrap/relation_raw_gride_bert-base-uncased.csv
bert,BERT: MEAN vs FIRST,relation_type,NLID,gride,gride,case,case,10,20.640254974365234,19.31416702270508,102.0,110.0,plots_extra/metrics/features/relations/mean/bert/tables/gride_bert_relation.csv,bert/tables_REL/relation_bootstrap/relation_raw_gride_bert-base-uncased.csv
bert,BERT: MEAN vs FIRST,relation_type,NLID,gride,gride,case,case,11,21.943315505981445,20.570709228515625,108.0,117.0,plots_extra/metrics/features/relations/mean/bert/tables/gride_bert_relation.csv,bert/tables_REL/relation_bootstrap/relation_raw_gride_bert-base-uncased.csv
bert,BERT: MEAN vs FIRST,relation_type,NLID,gride,gride,case,case,12,21.803754806518555,21.472768783569336,107.0,121.0,plots_extra/metrics/features/relations/mean/bert/tables/gride_bert_relation.csv,bert/tables_REL/relation_bootstrap/relation_raw_gride_bert-base-uncased.csv
bert,BERT: MEAN vs FIRST,relation_type,NLID,gride,gride,conj,conj,0,23.42711639404297,16.958759307861328,115.0,93.0,plots_extra/metrics/features/relations/mean/bert/tables/gride_bert_relation.csv,bert/tables_REL/relation_bootstrap/relation_raw_gride_bert-base-uncased.csv
bert,BERT: MEAN vs FIRST,relation_type,NLID,gride,gride,conj,conj,1,25.00617408752441,16.308490753173828,119.0,87.0,plots_extra/metrics/features/relations/mean/bert/tables/gride_bert_relation.csv,bert/tables_REL/relation_bootstrap/relation_raw_gride_bert-base-uncased.csv
bert,BERT: MEAN vs FIRST,relation_type,NLID,gride,gride,conj,conj,2,25.767847061157227,17.268571853637695,122.0,95.0,plots_extra/metrics/features/relations/mean/bert/tables/gride_bert_relation.csv,bert/tables_REL/relation_bootstrap/relation_raw_gride_bert-base-uncased.csv
bert,BERT: MEAN vs FIRST,relation_type,NLID,gride,gride,conj,conj,3,26.48889541625977,17.89057731628418,126.0,104.0,plots_extra/metrics/features/relations/mean/bert/tables/gride_bert_relation.csv,bert/tables_REL/relation_bootstrap/relation_raw_gride_bert-base-uncased.csv
bert,BERT: MEAN vs FIRST,relation_type,NLID,gride,gride,conj,conj,4,26.44045066833496,18.36791610717773,125.0,105.0,plots_extra/metrics/features/relations/mean/bert/tables/gride_bert_relation.csv,bert/tables_REL/relation_bootstrap/relation_raw_gride_bert-base-uncased.csv
bert,BERT: MEAN vs FIRST,relation_type,NLID,gride,gride,conj,conj,5,24.42635726928711,18.88949584960937,118.0,109.0,plots_extra/metrics/features/relations/mean/bert/tables/gride_bert_relation.csv,bert/tables_REL/relation_bootstrap/relation_raw_gride_bert-base-uncased.csv
bert,BERT: MEAN vs FIRST,relation_type,NLID,gride,gride,conj,conj,6,25.636377334594727,19.40250396728516,120.0,111.0,plots_extra/metrics/features/relations/mean/bert/tables/gride_bert_relation.csv,bert/tables_REL/relation_bootstrap/relation_raw_gride_bert-base-uncased.csv
bert,BERT: MEAN vs FIRST,relation_type,NLID,gride,gride,conj,conj,7,26.272403717041016,20.911794662475582,124.0,119.0,plots_extra/metrics/features/relations/mean/bert/tables/gride_bert_relation.csv,bert/tables_REL/relation_bootstrap/relation_raw_gride_bert-base-uncased.csv
bert,BERT: MEAN vs FIRST,relation_type,NLID,gride,gride,conj,conj,8,25.74772453308105,21.458030700683597,121.0,120.0,plots_extra/metrics/features/relations/mean/bert/tables/gride_bert_relation.csv,bert/tables_REL/relation_bootstrap/relation_raw_gride_bert-base-uncased.csv
bert,BERT: MEAN vs FIRST,relation_type,NLID,gride,gride,conj,conj,9,26.83932304382324,23.367870330810547,128.0,126.0,plots_extra/metrics/features/relations/mean/bert/tables/gride_bert_relation.csv,bert/tables_REL/relation_bootstrap/relation_raw_gride_bert-base-uncased.csv
bert,BERT: MEAN vs FIRST,relation_type,NLID,gride,gride,conj,conj,10,25.988754272460938,23.549449920654297,123.0,127.0,plots_extra/metrics/features/relations/mean/bert/tables/gride_bert_relation.csv,bert/tables_REL/relation_bootstrap/relation_raw_gride_bert-base-uncased.csv
bert,BERT: MEAN vs FIRST,relation_type,NLID,gride,gride,conj,conj,11,26.697559356689453,24.677736282348636,127.0,129.0,plots_extra/metrics/features/relations/mean/bert/tables/gride_bert_relation.csv,bert/tables_REL/relation_bootstrap/relation_raw_gride_bert-base-uncased.csv
bert,BERT: MEAN vs FIRST,relation_type,NLID,gride,gride,conj,conj,12,28.962909698486328,27.72568702697754,130.0,130.0,plots_extra/metrics/features/relations/mean/bert/tables/gride_bert_relation.csv,bert/tables_REL/relation_bootstrap/relation_raw_gride_bert-base-uncased.csv
bert,BERT: MEAN vs FIRST,relation_type,NLID,gride,gride,det,det,0,0.2304141223430633,0.403057187795639,2.0,3.0,plots_extra/metrics/features/relations/mean/bert/tables/gride_bert_relation.csv,bert/tables_REL/relation_bootstrap/relation_raw_gride_bert-base-uncased.csv
bert,BERT: MEAN vs FIRST,relation_type,NLID,gride,gride,det,det,1,5.966498374938965,7.186382293701172,10.0,16.0,plots_extra/metrics/features/relations/mean/bert/tables/gride_bert_relation.csv,bert/tables_REL/relation_bootstrap/relation_raw_gride_bert-base-uncased.csv
bert,BERT: MEAN vs FIRST,relation_type,NLID,gride,gride,det,det,2,8.820362091064453,10.082643508911133,23.0,31.0,plots_extra/metrics/features/relations/mean/bert/tables/gride_bert_relation.csv,bert/tables_REL/relation_bootstrap/relation_raw_gride_bert-base-uncased.csv
bert,BERT: MEAN vs FIRST,relation_type,NLID,gride,gride,det,det,3,10.00456428527832,11.20390796661377,34.0,43.0,plots_extra/metrics/features/relations/mean/bert/tables/gride_bert_relation.csv,bert/tables_REL/relation_bootstrap/relation_raw_gride_bert-base-uncased.csv
bert,BERT: MEAN vs FIRST,relation_type,NLID,gride,gride,det,det,4,11.378807067871094,12.104955673217772,46.0,46.0,plots_extra/metrics/features/relations/mean/bert/tables/gride_bert_relation.csv,bert/tables_REL/relation_bootstrap/relation_raw_gride_bert-base-uncased.csv
bert,BERT: MEAN vs FIRST,relation_type,NLID,gride,gride,det,det,5,13.2511568069458,14.10075569152832,53.0,66.0,plots_extra/metrics/features/relations/mean/bert/tables/gride_bert_relation.csv,bert/tables_REL/relation_bootstrap/relation_raw_gride_bert-base-uncased.csv
bert,BERT: MEAN vs FIRST,relation_type,NLID,gride,gride,det,det,6,14.59477710723877,14.973249435424805,61.0,75.0,plots_extra/metrics/features/relations/mean/bert/tables/gride_bert_relation.csv,bert/tables_REL/relation_bootstrap/relation_raw_gride_bert-base-uncased.csv
bert,BERT: MEAN vs FIRST,relation_type,NLID,gride,gride,det,det,7,16.825023651123047,16.849136352539062,77.0,92.0,plots_extra/metrics/features/relations/mean/bert/tables/gride_bert_relation.csv,bert/tables_REL/relation_bootstrap/relation_raw_gride_bert-base-uncased.csv
bert,BERT: MEAN vs FIRST,relation_type,NLID,gride,gride,det,det,8,18.2913818359375,17.74850082397461,89.0,102.0,plots_extra/metrics/features/relations/mean/bert/tables/gride_bert_relation.csv,bert/tables_REL/relation_bootstrap/relation_raw_gride_bert-base-uncased.csv
bert,BERT: MEAN vs FIRST,relation_type,NLID,gride,gride,det,det,9,20.55718040466309,19.80137634277344,100.0,113.0,plots_extra/metrics/features/relations/mean/bert/tables/gride_bert_relation.csv,bert/tables_REL/relation_bootstrap/relation_raw_gride_bert-base-uncased.csv
bert,BERT: MEAN vs FIRST,relation_type,NLID,gride,gride,det,det,10,21.610729217529297,20.779754638671875,104.0,118.0,plots_extra/metrics/features/relations/mean/bert/tables/gride_bert_relation.csv,bert/tables_REL/relation_bootstrap/relation_raw_gride_bert-base-uncased.csv
bert,BERT: MEAN vs FIRST,relation_type,NLID,gride,gride,det,det,11,22.713747024536133,21.92705535888672,113.0,124.0,plots_extra/metrics/features/relations/mean/bert/tables/gride_bert_relation.csv,bert/tables_REL/relation_bootstrap/relation_raw_gride_bert-base-uncased.csv
bert,BERT: MEAN vs FIRST,relation_type,NLID,gride,gride,det,det,12,23.475187301635746,23.05513572692871,116.0,125.0,plots_extra/metrics/features/relations/mean/bert/tables/gride_bert_relation.csv,bert/tables_REL/relation_bootstrap/relation_raw_gride_bert-base-uncased.csv
bert,BERT: MEAN vs FIRST,relation_type,NLID,gride,gride,nsubj,nsubj,0,2.499112129211426,2.064286708831787,3.0,4.0,plots_extra/metrics/features/relations/mean/bert/tables/gride_bert_relation.csv,bert/tables_REL/relation_bootstrap/relation_raw_gride_bert-base-uncased.csv
bert,BERT: MEAN vs FIRST,relation_type,NLID,gride,gride,nsubj,nsubj,1,7.458353996276855,10.030171394348145,13.0,29.0,plots_extra/metrics/features/relations/mean/bert/tables/gride_bert_relation.csv,bert/tables_REL/relation_bootstrap/relation_raw_gride_bert-base-uncased.csv
bert,BERT: MEAN vs FIRST,relation_type,NLID,gride,gride,nsubj,nsubj,2,9.160381317138672,12.29157543182373,26.0,49.0,plots_extra/metrics/features/relations/mean/bert/tables/gride_bert_relation.csv,bert/tables_REL/relation_bootstrap/relation_raw_gride_bert-base-uncased.csv
bert,BERT: MEAN vs FIRST,relation_type,NLID,gride,gride,nsubj,nsubj,3,9.842432022094728,12.151800155639648,31.0,47.0,plots_extra/metrics/features/relations/mean/bert/tables/gride_bert_relation.csv,bert/tables_REL/relation_bootstrap/relation_raw_gride_bert-base-uncased.csv
bert,BERT: MEAN vs FIRST,relation_type,NLID,gride,gride,nsubj,nsubj,4,10.433674812316896,12.447172164916992,39.0,52.0,plots_extra/metrics/features/relations/mean/bert/tables/gride_bert_relation.csv,bert/tables_REL/relation_bootstrap/relation_raw_gride_bert-base-uncased.csv
bert,BERT: MEAN vs FIRST,relation_type,NLID,gride,gride,nsubj,nsubj,5,12.117465019226074,13.937692642211914,48.0,64.0,plots_extra/metrics/features/relations/mean/bert/tables/gride_bert_relation.csv,bert/tables_REL/relation_bootstrap/relation_raw_gride_bert-base-uncased.csv
bert,BERT: MEAN vs FIRST,relation_type,NLID,gride,gride,nsubj,nsubj,6,13.387947082519531,14.650442123413086,54.0,72.0,plots_extra/metrics/features/relations/mean/bert/tables/gride_bert_relation.csv,bert/tables_REL/relation_bootstrap/relation_raw_gride_bert-base-uncased.csv
bert,BERT: MEAN vs FIRST,relation_type,NLID,gride,gride,nsubj,nsubj,7,14.493983268737791,15.454388618469238,60.0,80.0,plots_extra/metrics/features/relations/mean/bert/tables/gride_bert_relation.csv,bert/tables_REL/relation_bootstrap/relation_raw_gride_bert-base-uncased.csv
bert,BERT: MEAN vs FIRST,relation_type,NLID,gride,gride,nsubj,nsubj,8,14.822738647460938,15.701319694519045,63.0,82.0,plots_extra/metrics/features/relations/mean/bert/tables/gride_bert_relation.csv,bert/tables_REL/relation_bootstrap/relation_raw_gride_bert-base-uncased.csv
bert,BERT: MEAN vs FIRST,relation_type,NLID,gride,gride,nsubj,nsubj,9,16.23528289794922,16.281532287597656,72.0,86.0,plots_extra/metrics/features/relations/mean/bert/tables/gride_bert_relation.csv,bert/tables_REL/relation_bootstrap/relation_raw_gride_bert-base-uncased.csv
bert,BERT: MEAN vs FIRST,relation_type,NLID,gride,gride,nsubj,nsubj,10,17.524717330932617,16.373077392578125,81.0,88.0,plots_extra/metrics/features/relations/mean/bert/tables/gride_bert_relation.csv,bert/tables_REL/relation_bootstrap/relation_raw_gride_bert-base-uncased.csv
bert,BERT: MEAN vs FIRST,relation_type,NLID,gride,gride,nsubj,nsubj,11,17.51690673828125,17.5539608001709,80.0,97.0,plots_extra/metrics/features/relations/mean/bert/tables/gride_bert_relation.csv,bert/tables_REL/relation_bootstrap/relation_raw_gride_bert-base-uncased.csv
bert,BERT: MEAN vs FIRST,relation_type,NLID,gride,gride,nsubj,nsubj,12,16.758949279785156,17.638751983642578,76.0,98.0,plots_extra/metrics/features/relations/mean/bert/tables/gride_bert_relation.csv,bert/tables_REL/relation_bootstrap/relation_raw_gride_bert-base-uncased.csv
bert,BERT: MEAN vs FIRST,relation_type,NLID,gride,gride,obj,obj,0,8.565851211547852,12.41966438293457,18.0,50.0,plots_extra/metrics/features/relations/mean/bert/tables/gride_bert_relation.csv,bert/tables_REL/relation_bootstrap/relation_raw_gride_bert-base-uncased.csv
bert,BERT: MEAN vs FIRST,relation_type,NLID,gride,gride,obj,obj,1,10.081233024597168,13.508245468139648,36.0,61.0,plots_extra/metrics/features/relations/mean/bert/tables/gride_bert_relation.csv,bert/tables_REL/relation_bootstrap/relation_raw_gride_bert-base-uncased.csv
bert,BERT: MEAN vs FIRST,relation_type,NLID,gride,gride,obj,obj,2,11.33663558959961,14.897567749023438,45.0,74.0,plots_extra/metrics/features/relations/mean/bert/tables/gride_bert_relation.csv,bert/tables_REL/relation_bootstrap/relation_raw_gride_bert-base-uncased.csv
bert,BERT: MEAN vs FIRST,relation_type,NLID,gride,gride,obj,obj,3,12.484046936035156,14.264684677124023,51.0,68.0,plots_extra/metrics/features/relations/mean/bert/tables/gride_bert_relation.csv,bert/tables_REL/relation_bootstrap/relation_raw_gride_bert-base-uncased.csv
bert,BERT: MEAN vs FIRST,relation_type,NLID,gride,gride,obj,obj,4,14.069543838500977,13.847707748413086,59.0,63.0,plots_extra/metrics/features/relations/mean/bert/tables/gride_bert_relation.csv,bert/tables_REL/relation_bootstrap/relation_raw_gride_bert-base-uncased.csv
bert,BERT: MEAN vs FIRST,relation_type,NLID,gride,gride,obj,obj,5,15.530004501342772,14.436144828796388,67.0,69.0,plots_extra/metrics/features/relations/mean/bert/tables/gride_bert_relation.csv,bert/tables_REL/relation_bootstrap/relation_raw_gride_bert-base-uncased.csv
bert,BERT: MEAN vs FIRST,relation_type,NLID,gride,gride,obj,obj,6,16.71961784362793,15.04863739013672,75.0,76.0,plots_extra/metrics/features/relations/mean/bert/tables/gride_bert_relation.csv,bert/tables_REL/relation_bootstrap/relation_raw_gride_bert-base-uncased.csv
bert,BERT: MEAN vs FIRST,relation_type,NLID,gride,gride,obj,obj,7,18.13671493530273,15.829174995422363,87.0,83.0,plots_extra/metrics/features/relations/mean/bert/tables/gride_bert_relation.csv,bert/tables_REL/relation_bootstrap/relation_raw_gride_bert-base-uncased.csv
bert,BERT: MEAN vs FIRST,relation_type,NLID,gride,gride,obj,obj,8,17.86425018310547,15.978533744812012,83.0,85.0,plots_extra/metrics/features/relations/mean/bert/tables/gride_bert_relation.csv,bert/tables_REL/relation_bootstrap/relation_raw_gride_bert-base-uncased.csv
bert,BERT: MEAN vs FIRST,relation_type,NLID,gride,gride,obj,obj,9,18.835693359375,16.508563995361328,93.0,90.0,plots_extra/metrics/features/relations/mean/bert/tables/gride_bert_relation.csv,bert/tables_REL/relation_bootstrap/relation_raw_gride_bert-base-uncased.csv
bert,BERT: MEAN vs FIRST,relation_type,NLID,gride,gride,obj,obj,10,19.112436294555664,16.65705108642578,95.0,91.0,plots_extra/metrics/features/relations/mean/bert/tables/gride_bert_relation.csv,bert/tables_REL/relation_bootstrap/relation_raw_gride_bert-base-uncased.csv
bert,BERT: MEAN vs FIRST,relation_type,NLID,gride,gride,obj,obj,11,19.8248348236084,17.670246124267578,98.0,100.0,plots_extra/metrics/features/relations/mean/bert/tables/gride_bert_relation.csv,bert/tables_REL/relation_bootstrap/relation_raw_gride_bert-base-uncased.csv
bert,BERT: MEAN vs FIRST,relation_type,NLID,gride,gride,obj,obj,12,21.61099624633789,19.432376861572266,105.0,112.0,plots_extra/metrics/features/relations/mean/bert/tables/gride_bert_relation.csv,bert/tables_REL/relation_bootstrap/relation_raw_gride_bert-base-uncased.csv
bert,BERT: MEAN vs FIRST,relation_type,NLID,gride,gride,obl,obl,0,13.019574165344238,10.594472885131836,52.0,36.0,plots_extra/metrics/features/relations/mean/bert/tables/gride_bert_relation.csv,bert/tables_REL/relation_bootstrap/relation_raw_gride_bert-base-uncased.csv
bert,BERT: MEAN vs FIRST,relation_type,NLID,gride,gride,obl,obl,1,14.921944618225098,11.142465591430664,65.0,42.0,plots_extra/metrics/features/relations/mean/bert/tables/gride_bert_relation.csv,bert/tables_REL/relation_bootstrap/relation_raw_gride_bert-base-uncased.csv
bert,BERT: MEAN vs FIRST,relation_type,NLID,gride,gride,obl,obl,2,15.891439437866213,12.496454238891602,69.0,53.0,plots_extra/metrics/features/relations/mean/bert/tables/gride_bert_relation.csv,bert/tables_REL/relation_bootstrap/relation_raw_gride_bert-base-uncased.csv
bert,BERT: MEAN vs FIRST,relation_type,NLID,gride,gride,obl,obl,3,17.180397033691406,13.145387649536133,79.0,57.0,plots_extra/metrics/features/relations/mean/bert/tables/gride_bert_relation.csv,bert/tables_REL/relation_bootstrap/relation_raw_gride_bert-base-uncased.csv
bert,BERT: MEAN vs FIRST,relation_type,NLID,gride,gride,obl,obl,4,18.174072265625,13.366765022277832,88.0,60.0,plots_extra/metrics/features/relations/mean/bert/tables/gride_bert_relation.csv,bert/tables_REL/relation_bootstrap/relation_raw_gride_bert-base-uncased.csv
bert,BERT: MEAN vs FIRST,relation_type,NLID,gride,gride,obl,obl,5,18.03055191040039,14.155308723449709,85.0,67.0,plots_extra/metrics/features/relations/mean/bert/tables/gride_bert_relation.csv,bert/tables_REL/relation_bootstrap/relation_raw_gride_bert-base-uncased.csv
bert,BERT: MEAN vs FIRST,relation_type,NLID,gride,gride,obl,obl,6,18.727602005004883,14.646283149719238,91.0,71.0,plots_extra/metrics/features/relations/mean/bert/tables/gride_bert_relation.csv,bert/tables_REL/relation_bootstrap/relation_raw_gride_bert-base-uncased.csv
bert,BERT: MEAN vs FIRST,relation_type,NLID,gride,gride,obl,obl,7,18.673370361328125,15.29892921447754,90.0,78.0,plots_extra/metrics/features/relations/mean/bert/tables/gride_bert_relation.csv,bert/tables_REL/relation_bootstrap/relation_raw_gride_bert-base-uncased.csv
bert,BERT: MEAN vs FIRST,relation_type,NLID,gride,gride,obl,obl,8,19.364940643310547,15.86242961883545,96.0,84.0,plots_extra/metrics/features/relations/mean/bert/tables/gride_bert_relation.csv,bert/tables_REL/relation_bootstrap/relation_raw_gride_bert-base-uncased.csv
bert,BERT: MEAN vs FIRST,relation_type,NLID,gride,gride,obl,obl,9,22.02737236022949,17.659311294555664,110.0,99.0,plots_extra/metrics/features/relations/mean/bert/tables/gride_bert_relation.csv,bert/tables_REL/relation_bootstrap/relation_raw_gride_bert-base-uncased.csv
bert,BERT: MEAN vs FIRST,relation_type,NLID,gride,gride,obl,obl,10,21.94491958618164,18.602807998657227,109.0,106.0,plots_extra/metrics/features/relations/mean/bert/tables/gride_bert_relation.csv,bert/tables_REL/relation_bootstrap/relation_raw_gride_bert-base-uncased.csv
bert,BERT: MEAN vs FIRST,relation_type,NLID,gride,gride,obl,obl,11,23.643272399902344,20.535797119140625,117.0,116.0,plots_extra/metrics/features/relations/mean/bert/tables/gride_bert_relation.csv,bert/tables_REL/relation_bootstrap/relation_raw_gride_bert-base-uncased.csv
bert,BERT: MEAN vs FIRST,relation_type,NLID,gride,gride,obl,obl,12,26.995758056640625,24.033031463623047,129.0,128.0,plots_extra/metrics/features/relations/mean/bert/tables/gride_bert_relation.csv,bert/tables_REL/relation_bootstrap/relation_raw_gride_bert-base-uncased.csv
bert,BERT: MEAN vs FIRST,relation_type,NLID,gride,gride,punct,punct,0,0.1616978347301483,0.2949416041374206,1.0,1.0,plots_extra/metrics/features/relations/mean/bert/tables/gride_bert_relation.csv,bert/tables_REL/relation_bootstrap/relation_raw_gride_bert-base-uncased.csv
bert,BERT: MEAN vs FIRST,relation_type,NLID,gride,gride,punct,punct,1,5.841738700866699,5.620269298553467,9.0,8.0,plots_extra/metrics/features/relations/mean/bert/tables/gride_bert_relation.csv,bert/tables_REL/relation_bootstrap/relation_raw_gride_bert-base-uncased.csv
bert,BERT: MEAN vs FIRST,relation_type,NLID,gride,gride,punct,punct,2,7.834671974182129,9.256824493408203,16.0,26.0,plots_extra/metrics/features/relations/mean/bert/tables/gride_bert_relation.csv,bert/tables_REL/relation_bootstrap/relation_raw_gride_bert-base-uncased.csv
bert,BERT: MEAN vs FIRST,relation_type,NLID,gride,gride,punct,punct,3,7.663443565368652,8.791810989379883,15.0,22.0,plots_extra/metrics/features/relations/mean/bert/tables/gride_bert_relation.csv,bert/tables_REL/relation_bootstrap/relation_raw_gride_bert-base-uncased.csv
bert,BERT: MEAN vs FIRST,relation_type,NLID,gride,gride,punct,punct,4,7.89334774017334,8.968290328979492,17.0,24.0,plots_extra/metrics/features/relations/mean/bert/tables/gride_bert_relation.csv,bert/tables_REL/relation_bootstrap/relation_raw_gride_bert-base-uncased.csv
bert,BERT: MEAN vs FIRST,relation_type,NLID,gride,gride,punct,punct,5,8.649157524108887,9.872476577758787,21.0,28.0,plots_extra/metrics/features/relations/mean/bert/tables/gride_bert_relation.csv,bert/tables_REL/relation_bootstrap/relation_raw_gride_bert-base-uncased.csv
bert,BERT: MEAN vs FIRST,relation_type,NLID,gride,gride,punct,punct,6,9.40007781982422,10.733797073364258,28.0,37.0,plots_extra/metrics/features/relations/mean/bert/tables/gride_bert_relation.csv,bert/tables_REL/relation_bootstrap/relation_raw_gride_bert-base-uncased.csv
bert,BERT: MEAN vs FIRST,relation_type,NLID,gride,gride,punct,punct,7,10.000670433044434,11.438413619995115,33.0,44.0,plots_extra/metrics/features/relations/mean/bert/tables/gride_bert_relation.csv,bert/tables_REL/relation_bootstrap/relation_raw_gride_bert-base-uncased.csv
bert,BERT: MEAN vs FIRST,relation_type,NLID,gride,gride,punct,punct,8,9.518187522888184,11.090139389038086,29.0,41.0,plots_extra/metrics/features/relations/mean/bert/tables/gride_bert_relation.csv,bert/tables_REL/relation_bootstrap/relation_raw_gride_bert-base-uncased.csv
bert,BERT: MEAN vs FIRST,relation_type,NLID,gride,gride,punct,punct,9,9.30582046508789,10.849328994750977,27.0,38.0,plots_extra/metrics/features/relations/mean/bert/tables/gride_bert_relation.csv,bert/tables_REL/relation_bootstrap/relation_raw_gride_bert-base-uncased.csv
bert,BERT: MEAN vs FIRST,relation_type,NLID,gride,gride,punct,punct,10,9.050594329833984,10.24718952178955,25.0,34.0,plots_extra/metrics/features/relations/mean/bert/tables/gride_bert_relation.csv,bert/tables_REL/relation_bootstrap/relation_raw_gride_bert-base-uncased.csv
bert,BERT: MEAN vs FIRST,relation_type,NLID,gride,gride,punct,punct,11,10.526683807373049,12.192824363708496,40.0,48.0,plots_extra/metrics/features/relations/mean/bert/tables/gride_bert_relation.csv,bert/tables_REL/relation_bootstrap/relation_raw_gride_bert-base-uncased.csv
bert,BERT: MEAN vs FIRST,relation_type,NLID,gride,gride,punct,punct,12,11.252623558044434,13.36451244354248,44.0,59.0,plots_extra/metrics/features/relations/mean/bert/tables/gride_bert_relation.csv,bert/tables_REL/relation_bootstrap/relation_raw_gride_bert-base-uncased.csv
bert,BERT: MEAN vs FIRST,relation_type,NLID,gride,gride,root,root,0,8.785507202148438,6.053639888763428,22.0,11.0,plots_extra/metrics/features/relations/mean/bert/tables/gride_bert_relation.csv,bert/tables_REL/relation_bootstrap/relation_raw_gride_bert-base-uncased.csv
bert,BERT: MEAN vs FIRST,relation_type,NLID,gride,gride,root,root,1,9.8490571975708,6.8196539878845215,32.0,14.0,plots_extra/metrics/features/relations/mean/bert/tables/gride_bert_relation.csv,bert/tables_REL/relation_bootstrap/relation_raw_gride_bert-base-uncased.csv
bert,BERT: MEAN vs FIRST,relation_type,NLID,gride,gride,root,root,2,10.894556045532228,7.725693702697754,43.0,18.0,plots_extra/metrics/features/relations/mean/bert/tables/gride_bert_relation.csv,bert/tables_REL/relation_bootstrap/relation_raw_gride_bert-base-uncased.csv
bert,BERT: MEAN vs FIRST,relation_type,NLID,gride,gride,root,root,3,12.374669075012209,8.767426490783691,50.0,21.0,plots_extra/metrics/features/relations/mean/bert/tables/gride_bert_relation.csv,bert/tables_REL/relation_bootstrap/relation_raw_gride_bert-base-uncased.csv
bert,BERT: MEAN vs FIRST,relation_type,NLID,gride,gride,root,root,4,13.938776969909668,9.765240669250488,57.0,27.0,plots_extra/metrics/features/relations/mean/bert/tables/gride_bert_relation.csv,bert/tables_REL/relation_bootstrap/relation_raw_gride_bert-base-uncased.csv
bert,BERT: MEAN vs FIRST,relation_type,NLID,gride,gride,root,root,5,14.832877159118652,10.917230606079102,64.0,39.0,plots_extra/metrics/features/relations/mean/bert/tables/gride_bert_relation.csv,bert/tables_REL/relation_bootstrap/relation_raw_gride_bert-base-uncased.csv
bert,BERT: MEAN vs FIRST,relation_type,NLID,gride,gride,root,root,6,16.02970314025879,12.609190940856934,70.0,55.0,plots_extra/metrics/features/relations/mean/bert/tables/gride_bert_relation.csv,bert/tables_REL/relation_bootstrap/relation_raw_gride_bert-base-uncased.csv
bert,BERT: MEAN vs FIRST,relation_type,NLID,gride,gride,root,root,7,17.131364822387695,13.954046249389648,78.0,65.0,plots_extra/metrics/features/relations/mean/bert/tables/gride_bert_relation.csv,bert/tables_REL/relation_bootstrap/relation_raw_gride_bert-base-uncased.csv
bert,BERT: MEAN vs FIRST,relation_type,NLID,gride,gride,root,root,8,18.121517181396484,15.329118728637695,86.0,79.0,plots_extra/metrics/features/relations/mean/bert/tables/gride_bert_relation.csv,bert/tables_REL/relation_bootstrap/relation_raw_gride_bert-base-uncased.csv
bert,BERT: MEAN vs FIRST,relation_type,NLID,gride,gride,root,root,9,20.053041458129883,17.410114288330078,99.0,96.0,plots_extra/metrics/features/relations/mean/bert/tables/gride_bert_relation.csv,bert/tables_REL/relation_bootstrap/relation_raw_gride_bert-base-uncased.csv
bert,BERT: MEAN vs FIRST,relation_type,NLID,gride,gride,root,root,10,20.591228485107425,18.85009002685547,101.0,108.0,plots_extra/metrics/features/relations/mean/bert/tables/gride_bert_relation.csv,bert/tables_REL/relation_bootstrap/relation_raw_gride_bert-base-uncased.csv
bert,BERT: MEAN vs FIRST,relation_type,NLID,gride,gride,root,root,11,21.736045837402344,20.19610977172852,106.0,114.0,plots_extra/metrics/features/relations/mean/bert/tables/gride_bert_relation.csv,bert/tables_REL/relation_bootstrap/relation_raw_gride_bert-base-uncased.csv
bert,BERT: MEAN vs FIRST,relation_type,NLID,gride,gride,root,root,12,22.48446083068848,21.552907943725582,112.0,122.0,plots_extra/metrics/features/relations/mean/bert/tables/gride_bert_relation.csv,bert/tables_REL/relation_bootstrap/relation_raw_gride_bert-base-uncased.csv
bert,BERT: MEAN vs FIRST,arity,IsoScore,iso,iso,0,0,0,0.0793739110231399,0.0184121616184711,2.0,2.0,plots_extra/metrics/features/arity/mean/bert/tables/iso_bert_arity.csv,bert/tables_ARITY/arity_bootstrap/arity_raw_iso_bert-base-uncased.csv
bert,BERT: MEAN vs FIRST,arity,IsoScore,iso,iso,0,0,1,0.1247566118836402,0.0302354879677295,3.0,5.0,plots_extra/metrics/features/arity/mean/bert/tables/iso_bert_arity.csv,bert/tables_ARITY/arity_bootstrap/arity_raw_iso_bert-base-uncased.csv
bert,BERT: MEAN vs FIRST,arity,IsoScore,iso,iso,0,0,2,0.1599425971508026,0.0346542969346046,5.0,13.0,plots_extra/metrics/features/arity/mean/bert/tables/iso_bert_arity.csv,bert/tables_ARITY/arity_bootstrap/arity_raw_iso_bert-base-uncased.csv
bert,BERT: MEAN vs FIRST,arity,IsoScore,iso,iso,0,0,3,0.1724687814712524,0.0381330735981464,7.0,16.0,plots_extra/metrics/features/arity/mean/bert/tables/iso_bert_arity.csv,bert/tables_ARITY/arity_bootstrap/arity_raw_iso_bert-base-uncased.csv
bert,BERT: MEAN vs FIRST,arity,IsoScore,iso,iso,0,0,4,0.1668088883161544,0.0325569584965705,6.0,7.0,plots_extra/metrics/features/arity/mean/bert/tables/iso_bert_arity.csv,bert/tables_ARITY/arity_bootstrap/arity_raw_iso_bert-base-uncased.csv
bert,BERT: MEAN vs FIRST,arity,IsoScore,iso,iso,0,0,5,0.188692033290863,0.0333514250814914,9.0,11.0,plots_extra/metrics/features/arity/mean/bert/tables/iso_bert_arity.csv,bert/tables_ARITY/arity_bootstrap/arity_raw_iso_bert-base-uncased.csv
bert,BERT: MEAN vs FIRST,arity,IsoScore,iso,iso,0,0,6,0.2012048959732055,0.0328558757901191,10.0,9.0,plots_extra/metrics/features/arity/mean/bert/tables/iso_bert_arity.csv,bert/tables_ARITY/arity_bootstrap/arity_raw_iso_bert-base-uncased.csv
bert,BERT: MEAN vs FIRST,arity,IsoScore,iso,iso,0,0,7,0.2137225121259689,0.0334279313683509,13.0,12.0,plots_extra/metrics/features/arity/mean/bert/tables/iso_bert_arity.csv,bert/tables_ARITY/arity_bootstrap/arity_raw_iso_bert-base-uncased.csv
bert,BERT: MEAN vs FIRST,arity,IsoScore,iso,iso,0,0,8,0.2085020542144775,0.0330083183944225,12.0,10.0,plots_extra/metrics/features/arity/mean/bert/tables/iso_bert_arity.csv,bert/tables_ARITY/arity_bootstrap/arity_raw_iso_bert-base-uncased.csv
bert,BERT: MEAN vs FIRST,arity,IsoScore,iso,iso,0,0,9,0.2057434022426605,0.0312213320285081,11.0,6.0,plots_extra/metrics/features/arity/mean/bert/tables/iso_bert_arity.csv,bert/tables_ARITY/arity_bootstrap/arity_raw_iso_bert-base-uncased.csv
bert,BERT: MEAN vs FIRST,arity,IsoScore,iso,iso,0,0,10,0.1808646470308303,0.0263776015490293,8.0,4.0,plots_extra/metrics/features/arity/mean/bert/tables/iso_bert_arity.csv,bert/tables_ARITY/arity_bootstrap/arity_raw_iso_bert-base-uncased.csv
bert,BERT: MEAN vs FIRST,arity,IsoScore,iso,iso,0,0,11,0.1469524204730987,0.0205903053283691,4.0,3.0,plots_extra/metrics/features/arity/mean/bert/tables/iso_bert_arity.csv,bert/tables_ARITY/arity_bootstrap/arity_raw_iso_bert-base-uncased.csv
bert,BERT: MEAN vs FIRST,arity,IsoScore,iso,iso,0,0,12,0.0756168812513351,0.0128892306238412,1.0,1.0,plots_extra/metrics/features/arity/mean/bert/tables/iso_bert_arity.csv,bert/tables_ARITY/arity_bootstrap/arity_raw_iso_bert-base-uncased.csv
bert,BERT: MEAN vs FIRST,arity,IsoScore,iso,iso,1,1,0,0.3242400288581848,0.0540485754609108,60.0,51.0,plots_extra/metrics/features/arity/mean/bert/tables/iso_bert_arity.csv,bert/tables_ARITY/arity_bootstrap/arity_raw_iso_bert-base-uncased.csv
bert,BERT: MEAN vs FIRST,arity,IsoScore,iso,iso,1,1,1,0.3372028768062591,0.0745347365736961,65.0,64.0,plots_extra/metrics/features/arity/mean/bert/tables/iso_bert_arity.csv,bert/tables_ARITY/arity_bootstrap/arity_raw_iso_bert-base-uncased.csv
bert,BERT: MEAN vs FIRST,arity,IsoScore,iso,iso,1,1,2,0.3324973881244659,0.0771111994981765,63.0,65.0,plots_extra/metrics/features/arity/mean/bert/tables/iso_bert_arity.csv,bert/tables_ARITY/arity_bootstrap/arity_raw_iso_bert-base-uncased.csv
bert,BERT: MEAN vs FIRST,arity,IsoScore,iso,iso,1,1,3,0.3211045861244201,0.0738232731819152,59.0,63.0,plots_extra/metrics/features/arity/mean/bert/tables/iso_bert_arity.csv,bert/tables_ARITY/arity_bootstrap/arity_raw_iso_bert-base-uncased.csv
bert,BERT: MEAN vs FIRST,arity,IsoScore,iso,iso,1,1,4,0.3045989871025085,0.0691906958818435,57.0,62.0,plots_extra/metrics/features/arity/mean/bert/tables/iso_bert_arity.csv,bert/tables_ARITY/arity_bootstrap/arity_raw_iso_bert-base-uncased.csv
bert,BERT: MEAN vs FIRST,arity,IsoScore,iso,iso,1,1,5,0.2997744679450989,0.0658862367272377,56.0,61.0,plots_extra/metrics/features/arity/mean/bert/tables/iso_bert_arity.csv,bert/tables_ARITY/arity_bootstrap/arity_raw_iso_bert-base-uncased.csv
bert,BERT: MEAN vs FIRST,arity,IsoScore,iso,iso,1,1,6,0.2932603359222412,0.061477605253458,53.0,56.0,plots_extra/metrics/features/arity/mean/bert/tables/iso_bert_arity.csv,bert/tables_ARITY/arity_bootstrap/arity_raw_iso_bert-base-uncased.csv
bert,BERT: MEAN vs FIRST,arity,IsoScore,iso,iso,1,1,7,0.2930798530578613,0.059857964515686,52.0,55.0,plots_extra/metrics/features/arity/mean/bert/tables/iso_bert_arity.csv,bert/tables_ARITY/arity_bootstrap/arity_raw_iso_bert-base-uncased.csv
bert,BERT: MEAN vs FIRST,arity,IsoScore,iso,iso,1,1,8,0.278140664100647,0.0553141012787818,46.0,52.0,plots_extra/metrics/features/arity/mean/bert/tables/iso_bert_arity.csv,bert/tables_ARITY/arity_bootstrap/arity_raw_iso_bert-base-uncased.csv
bert,BERT: MEAN vs FIRST,arity,IsoScore,iso,iso,1,1,9,0.2771453559398651,0.0494750626385211,45.0,47.0,plots_extra/metrics/features/arity/mean/bert/tables/iso_bert_arity.csv,bert/tables_ARITY/arity_bootstrap/arity_raw_iso_bert-base-uncased.csv
bert,BERT: MEAN vs FIRST,arity,IsoScore,iso,iso,1,1,10,0.2559743225574493,0.0456296652555465,34.0,38.0,plots_extra/metrics/features/arity/mean/bert/tables/iso_bert_arity.csv,bert/tables_ARITY/arity_bootstrap/arity_raw_iso_bert-base-uncased.csv
bert,BERT: MEAN vs FIRST,arity,IsoScore,iso,iso,1,1,11,0.2426621466875076,0.0387660264968872,25.0,17.0,plots_extra/metrics/features/arity/mean/bert/tables/iso_bert_arity.csv,bert/tables_ARITY/arity_bootstrap/arity_raw_iso_bert-base-uncased.csv
bert,BERT: MEAN vs FIRST,arity,IsoScore,iso,iso,1,1,12,0.2205832004547119,0.0326408185064792,17.0,8.0,plots_extra/metrics/features/arity/mean/bert/tables/iso_bert_arity.csv,bert/tables_ARITY/arity_bootstrap/arity_raw_iso_bert-base-uncased.csv
bert,BERT: MEAN vs FIRST,arity,IsoScore,iso,iso,2,2,0,0.3344119191169739,0.0634010508656501,64.0,59.0,plots_extra/metrics/features/arity/mean/bert/tables/iso_bert_arity.csv,bert/tables_ARITY/arity_bootstrap/arity_raw_iso_bert-base-uncased.csv
bert,BERT: MEAN vs FIRST,arity,IsoScore,iso,iso,2,2,1,0.3313932120800018,0.0655188485980033,62.0,60.0,plots_extra/metrics/features/arity/mean/bert/tables/iso_bert_arity.csv,bert/tables_ARITY/arity_bootstrap/arity_raw_iso_bert-base-uncased.csv
bert,BERT: MEAN vs FIRST,arity,IsoScore,iso,iso,2,2,2,0.325903832912445,0.0632517486810684,61.0,58.0,plots_extra/metrics/features/arity/mean/bert/tables/iso_bert_arity.csv,bert/tables_ARITY/arity_bootstrap/arity_raw_iso_bert-base-uncased.csv
bert,BERT: MEAN vs FIRST,arity,IsoScore,iso,iso,2,2,3,0.3135796189308166,0.0618876069784164,58.0,57.0,plots_extra/metrics/features/arity/mean/bert/tables/iso_bert_arity.csv,bert/tables_ARITY/arity_bootstrap/arity_raw_iso_bert-base-uncased.csv
bert,BERT: MEAN vs FIRST,arity,IsoScore,iso,iso,2,2,4,0.2974914908409118,0.0561105124652385,55.0,54.0,plots_extra/metrics/features/arity/mean/bert/tables/iso_bert_arity.csv,bert/tables_ARITY/arity_bootstrap/arity_raw_iso_bert-base-uncased.csv
bert,BERT: MEAN vs FIRST,arity,IsoScore,iso,iso,2,2,5,0.2933796048164367,0.0560365468263626,54.0,53.0,plots_extra/metrics/features/arity/mean/bert/tables/iso_bert_arity.csv,bert/tables_ARITY/arity_bootstrap/arity_raw_iso_bert-base-uncased.csv
bert,BERT: MEAN vs FIRST,arity,IsoScore,iso,iso,2,2,6,0.2882676124572754,0.0534188896417617,51.0,50.0,plots_extra/metrics/features/arity/mean/bert/tables/iso_bert_arity.csv,bert/tables_ARITY/arity_bootstrap/arity_raw_iso_bert-base-uncased.csv
bert,BERT: MEAN vs FIRST,arity,IsoScore,iso,iso,2,2,7,0.2874000966548919,0.0510210357606411,50.0,49.0,plots_extra/metrics/features/arity/mean/bert/tables/iso_bert_arity.csv,bert/tables_ARITY/arity_bootstrap/arity_raw_iso_bert-base-uncased.csv
bert,BERT: MEAN vs FIRST,arity,IsoScore,iso,iso,2,2,8,0.2693236470222473,0.0485249757766723,43.0,43.0,plots_extra/metrics/features/arity/mean/bert/tables/iso_bert_arity.csv,bert/tables_ARITY/arity_bootstrap/arity_raw_iso_bert-base-uncased.csv
bert,BERT: MEAN vs FIRST,arity,IsoScore,iso,iso,2,2,9,0.2660768032073974,0.0462214276194572,42.0,39.0,plots_extra/metrics/features/arity/mean/bert/tables/iso_bert_arity.csv,bert/tables_ARITY/arity_bootstrap/arity_raw_iso_bert-base-uncased.csv
bert,BERT: MEAN vs FIRST,arity,IsoScore,iso,iso,2,2,10,0.246160551905632,0.0444252826273441,30.0,32.0,plots_extra/metrics/features/arity/mean/bert/tables/iso_bert_arity.csv,bert/tables_ARITY/arity_bootstrap/arity_raw_iso_bert-base-uncased.csv
bert,BERT: MEAN vs FIRST,arity,IsoScore,iso,iso,2,2,11,0.2342478930950164,0.0398405380547046,22.0,19.0,plots_extra/metrics/features/arity/mean/bert/tables/iso_bert_arity.csv,bert/tables_ARITY/arity_bootstrap/arity_raw_iso_bert-base-uncased.csv
bert,BERT: MEAN vs FIRST,arity,IsoScore,iso,iso,2,2,12,0.228695347905159,0.0380358286201953,20.0,15.0,plots_extra/metrics/features/arity/mean/bert/tables/iso_bert_arity.csv,bert/tables_ARITY/arity_bootstrap/arity_raw_iso_bert-base-uncased.csv
bert,BERT: MEAN vs FIRST,arity,IsoScore,iso,iso,3,3,0,0.2854999899864197,0.0472264289855957,49.0,41.0,plots_extra/metrics/features/arity/mean/bert/tables/iso_bert_arity.csv,bert/tables_ARITY/arity_bootstrap/arity_raw_iso_bert-base-uncased.csv
bert,BERT: MEAN vs FIRST,arity,IsoScore,iso,iso,3,3,1,0.2841474413871765,0.0486073121428489,47.0,44.0,plots_extra/metrics/features/arity/mean/bert/tables/iso_bert_arity.csv,bert/tables_ARITY/arity_bootstrap/arity_raw_iso_bert-base-uncased.csv
bert,BERT: MEAN vs FIRST,arity,IsoScore,iso,iso,3,3,2,0.2843557298183441,0.049635462462902,48.0,48.0,plots_extra/metrics/features/arity/mean/bert/tables/iso_bert_arity.csv,bert/tables_ARITY/arity_bootstrap/arity_raw_iso_bert-base-uncased.csv
bert,BERT: MEAN vs FIRST,arity,IsoScore,iso,iso,3,3,3,0.2752000689506531,0.0490154325962066,44.0,45.0,plots_extra/metrics/features/arity/mean/bert/tables/iso_bert_arity.csv,bert/tables_ARITY/arity_bootstrap/arity_raw_iso_bert-base-uncased.csv
bert,BERT: MEAN vs FIRST,arity,IsoScore,iso,iso,3,3,4,0.2616813778877258,0.0440316908061504,39.0,30.0,plots_extra/metrics/features/arity/mean/bert/tables/iso_bert_arity.csv,bert/tables_ARITY/arity_bootstrap/arity_raw_iso_bert-base-uncased.csv
bert,BERT: MEAN vs FIRST,arity,IsoScore,iso,iso,3,3,5,0.2623595595359802,0.0451746843755245,40.0,34.0,plots_extra/metrics/features/arity/mean/bert/tables/iso_bert_arity.csv,bert/tables_ARITY/arity_bootstrap/arity_raw_iso_bert-base-uncased.csv
bert,BERT: MEAN vs FIRST,arity,IsoScore,iso,iso,3,3,6,0.2604874670505523,0.0435998253524303,36.0,27.0,plots_extra/metrics/features/arity/mean/bert/tables/iso_bert_arity.csv,bert/tables_ARITY/arity_bootstrap/arity_raw_iso_bert-base-uncased.csv
bert,BERT: MEAN vs FIRST,arity,IsoScore,iso,iso,3,3,7,0.2608264684677124,0.0415549427270889,37.0,22.0,plots_extra/metrics/features/arity/mean/bert/tables/iso_bert_arity.csv,bert/tables_ARITY/arity_bootstrap/arity_raw_iso_bert-base-uncased.csv
bert,BERT: MEAN vs FIRST,arity,IsoScore,iso,iso,3,3,8,0.2475419491529464,0.0412823818624019,31.0,21.0,plots_extra/metrics/features/arity/mean/bert/tables/iso_bert_arity.csv,bert/tables_ARITY/arity_bootstrap/arity_raw_iso_bert-base-uncased.csv
bert,BERT: MEAN vs FIRST,arity,IsoScore,iso,iso,3,3,9,0.2447236031293869,0.0426184572279453,27.0,26.0,plots_extra/metrics/features/arity/mean/bert/tables/iso_bert_arity.csv,bert/tables_ARITY/arity_bootstrap/arity_raw_iso_bert-base-uncased.csv
bert,BERT: MEAN vs FIRST,arity,IsoScore,iso,iso,3,3,10,0.230527251958847,0.0421234928071498,21.0,24.0,plots_extra/metrics/features/arity/mean/bert/tables/iso_bert_arity.csv,bert/tables_ARITY/arity_bootstrap/arity_raw_iso_bert-base-uncased.csv
bert,BERT: MEAN vs FIRST,arity,IsoScore,iso,iso,3,3,11,0.2209426164627075,0.0398051962256431,18.0,18.0,plots_extra/metrics/features/arity/mean/bert/tables/iso_bert_arity.csv,bert/tables_ARITY/arity_bootstrap/arity_raw_iso_bert-base-uncased.csv
bert,BERT: MEAN vs FIRST,arity,IsoScore,iso,iso,3,3,12,0.2184832841157913,0.0357803851366043,15.0,14.0,plots_extra/metrics/features/arity/mean/bert/tables/iso_bert_arity.csv,bert/tables_ARITY/arity_bootstrap/arity_raw_iso_bert-base-uncased.csv
bert,BERT: MEAN vs FIRST,arity,IsoScore,iso,iso,4,4,0,0.2626606822013855,0.0450107008218765,41.0,33.0,plots_extra/metrics/features/arity/mean/bert/tables/iso_bert_arity.csv,bert/tables_ARITY/arity_bootstrap/arity_raw_iso_bert-base-uncased.csv
bert,BERT: MEAN vs FIRST,arity,IsoScore,iso,iso,4,4,1,0.2613125443458557,0.0466431230306625,38.0,40.0,plots_extra/metrics/features/arity/mean/bert/tables/iso_bert_arity.csv,bert/tables_ARITY/arity_bootstrap/arity_raw_iso_bert-base-uncased.csv
bert,BERT: MEAN vs FIRST,arity,IsoScore,iso,iso,4,4,2,0.2599022686481476,0.0480959452688694,35.0,42.0,plots_extra/metrics/features/arity/mean/bert/tables/iso_bert_arity.csv,bert/tables_ARITY/arity_bootstrap/arity_raw_iso_bert-base-uncased.csv
bert,BERT: MEAN vs FIRST,arity,IsoScore,iso,iso,4,4,3,0.2558932900428772,0.0490649752318859,33.0,46.0,plots_extra/metrics/features/arity/mean/bert/tables/iso_bert_arity.csv,bert/tables_ARITY/arity_bootstrap/arity_raw_iso_bert-base-uncased.csv
bert,BERT: MEAN vs FIRST,arity,IsoScore,iso,iso,4,4,4,0.244618684053421,0.0440316684544086,26.0,29.0,plots_extra/metrics/features/arity/mean/bert/tables/iso_bert_arity.csv,bert/tables_ARITY/arity_bootstrap/arity_raw_iso_bert-base-uncased.csv
bert,BERT: MEAN vs FIRST,arity,IsoScore,iso,iso,4,4,5,0.2459375411272049,0.045208740979433,29.0,35.0,plots_extra/metrics/features/arity/mean/bert/tables/iso_bert_arity.csv,bert/tables_ARITY/arity_bootstrap/arity_raw_iso_bert-base-uncased.csv
bert,BERT: MEAN vs FIRST,arity,IsoScore,iso,iso,4,4,6,0.2453513592481613,0.043931420892477,28.0,28.0,plots_extra/metrics/features/arity/mean/bert/tables/iso_bert_arity.csv,bert/tables_ARITY/arity_bootstrap/arity_raw_iso_bert-base-uncased.csv
bert,BERT: MEAN vs FIRST,arity,IsoScore,iso,iso,4,4,7,0.2477950304746627,0.042236391454935,32.0,25.0,plots_extra/metrics/features/arity/mean/bert/tables/iso_bert_arity.csv,bert/tables_ARITY/arity_bootstrap/arity_raw_iso_bert-base-uncased.csv
bert,BERT: MEAN vs FIRST,arity,IsoScore,iso,iso,4,4,8,0.2368094027042389,0.0416717231273651,23.0,23.0,plots_extra/metrics/features/arity/mean/bert/tables/iso_bert_arity.csv,bert/tables_ARITY/arity_bootstrap/arity_raw_iso_bert-base-uncased.csv
bert,BERT: MEAN vs FIRST,arity,IsoScore,iso,iso,4,4,9,0.2378629744052887,0.0443679653108119,24.0,31.0,plots_extra/metrics/features/arity/mean/bert/tables/iso_bert_arity.csv,bert/tables_ARITY/arity_bootstrap/arity_raw_iso_bert-base-uncased.csv
bert,BERT: MEAN vs FIRST,arity,IsoScore,iso,iso,4,4,10,0.2269827127456665,0.0452584847807884,19.0,36.0,plots_extra/metrics/features/arity/mean/bert/tables/iso_bert_arity.csv,bert/tables_ARITY/arity_bootstrap/arity_raw_iso_bert-base-uncased.csv
bert,BERT: MEAN vs FIRST,arity,IsoScore,iso,iso,4,4,11,0.2194847613573074,0.0455538406968116,16.0,37.0,plots_extra/metrics/features/arity/mean/bert/tables/iso_bert_arity.csv,bert/tables_ARITY/arity_bootstrap/arity_raw_iso_bert-base-uncased.csv
bert,BERT: MEAN vs FIRST,arity,IsoScore,iso,iso,4,4,12,0.2181510478258133,0.0403220355510711,14.0,20.0,plots_extra/metrics/features/arity/mean/bert/tables/iso_bert_arity.csv,bert/tables_ARITY/arity_bootstrap/arity_raw_iso_bert-base-uncased.csv
bert,BERT: MEAN vs FIRST,arity,LID,lpca99,pca99,0,0,0,427.125,584.1799926757812,1.0,1.0,plots_extra/metrics/features/arity/mean/bert/tables/lpca99_bert_arity.csv,bert/tables_ARITY/arity_bootstrap/arity_raw_pca99_bert-base-uncased.csv
bert,BERT: MEAN vs FIRST,arity,LID,lpca99,pca99,0,0,1,534.375,638.1599731445312,2.0,2.0,plots_extra/metrics/features/arity/mean/bert/tables/lpca99_bert_arity.csv,bert/tables_ARITY/arity_bootstrap/arity_raw_pca99_bert-base-uncased.csv
bert,BERT: MEAN vs FIRST,arity,LID,lpca99,pca99,0,0,2,585.875,663.4199829101562,3.0,3.0,plots_extra/metrics/features/arity/mean/bert/tables/lpca99_bert_arity.csv,bert/tables_ARITY/arity_bootstrap/arity_raw_pca99_bert-base-uncased.csv
bert,BERT: MEAN vs FIRST,arity,LID,lpca99,pca99,0,0,3,612.625,673.97998046875,4.0,6.0,plots_extra/metrics/features/arity/mean/bert/tables/lpca99_bert_arity.csv,bert/tables_ARITY/arity_bootstrap/arity_raw_pca99_bert-base-uncased.csv
bert,BERT: MEAN vs FIRST,arity,LID,lpca99,pca99,0,0,4,635.875,684.5599975585938,6.0,15.0,plots_extra/metrics/features/arity/mean/bert/tables/lpca99_bert_arity.csv,bert/tables_ARITY/arity_bootstrap/arity_raw_pca99_bert-base-uncased.csv
bert,BERT: MEAN vs FIRST,arity,LID,lpca99,pca99,0,0,5,656.0,696.0,16.0,31.5,plots_extra/metrics/features/arity/mean/bert/tables/lpca99_bert_arity.csv,bert/tables_ARITY/arity_bootstrap/arity_raw_pca99_bert-base-uncased.csv
bert,BERT: MEAN vs FIRST,arity,LID,lpca99,pca99,0,0,6,670.5,704.8800048828125,38.0,54.0,plots_extra/metrics/features/arity/mean/bert/tables/lpca99_bert_arity.csv,bert/tables_ARITY/arity_bootstrap/arity_raw_pca99_bert-base-uncased.csv
bert,BERT: MEAN vs FIRST,arity,LID,lpca99,pca99,0,0,7,679.375,710.0,62.0,62.5,plots_extra/metrics/features/arity/mean/bert/tables/lpca99_bert_arity.csv,bert/tables_ARITY/arity_bootstrap/arity_raw_pca99_bert-base-uncased.csv
bert,BERT: MEAN vs FIRST,arity,LID,lpca99,pca99,0,0,8,679.75,711.0,64.0,64.0,plots_extra/metrics/features/arity/mean/bert/tables/lpca99_bert_arity.csv,bert/tables_ARITY/arity_bootstrap/arity_raw_pca99_bert-base-uncased.csv
bert,BERT: MEAN vs FIRST,arity,LID,lpca99,pca99,0,0,9,679.5,711.0399780273438,63.0,65.0,plots_extra/metrics/features/arity/mean/bert/tables/lpca99_bert_arity.csv,bert/tables_ARITY/arity_bootstrap/arity_raw_pca99_bert-base-uncased.csv
bert,BERT: MEAN vs FIRST,arity,LID,lpca99,pca99,0,0,10,675.5,709.0,53.5,61.0,plots_extra/metrics/features/arity/mean/bert/tables/lpca99_bert_arity.csv,bert/tables_ARITY/arity_bootstrap/arity_raw_pca99_bert-base-uncased.csv
bert,BERT: MEAN vs FIRST,arity,LID,lpca99,pca99,0,0,11,675.25,710.0,51.0,62.5,plots_extra/metrics/features/arity/mean/bert/tables/lpca99_bert_arity.csv,bert/tables_ARITY/arity_bootstrap/arity_raw_pca99_bert-base-uncased.csv
bert,BERT: MEAN vs FIRST,arity,LID,lpca99,pca99,0,0,12,668.25,702.9400024414062,30.5,49.0,plots_extra/metrics/features/arity/mean/bert/tables/lpca99_bert_arity.csv,bert/tables_ARITY/arity_bootstrap/arity_raw_pca99_bert-base-uncased.csv
bert,BERT: MEAN vs FIRST,arity,LID,lpca99,pca99,1,1,0,648.5,679.5800170898438,9.0,8.0,plots_extra/metrics/features/arity/mean/bert/tables/lpca99_bert_arity.csv,bert/tables_ARITY/arity_bootstrap/arity_raw_pca99_bert-base-uncased.csv
bert,BERT: MEAN vs FIRST,arity,LID,lpca99,pca99,1,1,1,663.0,691.8200073242188,23.0,24.0,plots_extra/metrics/features/arity/mean/bert/tables/lpca99_bert_arity.csv,bert/tables_ARITY/arity_bootstrap/arity_raw_pca99_bert-base-uncased.csv
bert,BERT: MEAN vs FIRST,arity,LID,lpca99,pca99,1,1,2,664.125,691.0800170898438,25.0,23.0,plots_extra/metrics/features/arity/mean/bert/tables/lpca99_bert_arity.csv,bert/tables_ARITY/arity_bootstrap/arity_raw_pca99_bert-base-uncased.csv
bert,BERT: MEAN vs FIRST,arity,LID,lpca99,pca99,1,1,3,665.125,692.260009765625,27.0,25.0,plots_extra/metrics/features/arity/mean/bert/tables/lpca99_bert_arity.csv,bert/tables_ARITY/arity_bootstrap/arity_raw_pca99_bert-base-uncased.csv
bert,BERT: MEAN vs FIRST,arity,LID,lpca99,pca99,1,1,4,668.625,696.0,34.0,31.5,plots_extra/metrics/features/arity/mean/bert/tables/lpca99_bert_arity.csv,bert/tables_ARITY/arity_bootstrap/arity_raw_pca99_bert-base-uncased.csv
bert,BERT: MEAN vs FIRST,arity,LID,lpca99,pca99,1,1,5,670.25,698.0,37.0,38.0,plots_extra/metrics/features/arity/mean/bert/tables/lpca99_bert_arity.csv,bert/tables_ARITY/arity_bootstrap/arity_raw_pca99_bert-base-uncased.csv
bert,BERT: MEAN vs FIRST,arity,LID,lpca99,pca99,1,1,6,673.625,701.1599731445312,47.0,46.0,plots_extra/metrics/features/arity/mean/bert/tables/lpca99_bert_arity.csv,bert/tables_ARITY/arity_bootstrap/arity_raw_pca99_bert-base-uncased.csv
bert,BERT: MEAN vs FIRST,arity,LID,lpca99,pca99,1,1,7,675.375,703.0,52.0,50.0,plots_extra/metrics/features/arity/mean/bert/tables/lpca99_bert_arity.csv,bert/tables_ARITY/arity_bootstrap/arity_raw_pca99_bert-base-uncased.csv
bert,BERT: MEAN vs FIRST,arity,LID,lpca99,pca99,1,1,8,676.625,704.1400146484375,56.5,53.0,plots_extra/metrics/features/arity/mean/bert/tables/lpca99_bert_arity.csv,bert/tables_ARITY/arity_bootstrap/arity_raw_pca99_bert-base-uncased.csv
bert,BERT: MEAN vs FIRST,arity,LID,lpca99,pca99,1,1,9,680.0,707.52001953125,65.0,60.0,plots_extra/metrics/features/arity/mean/bert/tables/lpca99_bert_arity.csv,bert/tables_ARITY/arity_bootstrap/arity_raw_pca99_bert-base-uncased.csv
bert,BERT: MEAN vs FIRST,arity,LID,lpca99,pca99,1,1,10,677.875,705.4000244140625,59.0,56.0,plots_extra/metrics/features/arity/mean/bert/tables/lpca99_bert_arity.csv,bert/tables_ARITY/arity_bootstrap/arity_raw_pca99_bert-base-uncased.csv
bert,BERT: MEAN vs FIRST,arity,LID,lpca99,pca99,1,1,11,678.0,706.47998046875,60.0,59.0,plots_extra/metrics/features/arity/mean/bert/tables/lpca99_bert_arity.csv,bert/tables_ARITY/arity_bootstrap/arity_raw_pca99_bert-base-uncased.csv
bert,BERT: MEAN vs FIRST,arity,LID,lpca99,pca99,1,1,12,676.625,705.4400024414062,56.5,57.0,plots_extra/metrics/features/arity/mean/bert/tables/lpca99_bert_arity.csv,bert/tables_ARITY/arity_bootstrap/arity_raw_pca99_bert-base-uncased.csv
bert,BERT: MEAN vs FIRST,arity,LID,lpca99,pca99,2,2,0,648.0,678.6599731445312,8.0,7.0,plots_extra/metrics/features/arity/mean/bert/tables/lpca99_bert_arity.csv,bert/tables_ARITY/arity_bootstrap/arity_raw_pca99_bert-base-uncased.csv
bert,BERT: MEAN vs FIRST,arity,LID,lpca99,pca99,2,2,1,662.125,690.4199829101562,20.0,20.0,plots_extra/metrics/features/arity/mean/bert/tables/lpca99_bert_arity.csv,bert/tables_ARITY/arity_bootstrap/arity_raw_pca99_bert-base-uncased.csv
bert,BERT: MEAN vs FIRST,arity,LID,lpca99,pca99,2,2,2,662.375,689.9000244140625,21.0,19.0,plots_extra/metrics/features/arity/mean/bert/tables/lpca99_bert_arity.csv,bert/tables_ARITY/arity_bootstrap/arity_raw_pca99_bert-base-uncased.csv
bert,BERT: MEAN vs FIRST,arity,LID,lpca99,pca99,2,2,3,662.875,690.739990234375,22.0,21.0,plots_extra/metrics/features/arity/mean/bert/tables/lpca99_bert_arity.csv,bert/tables_ARITY/arity_bootstrap/arity_raw_pca99_bert-base-uncased.csv
bert,BERT: MEAN vs FIRST,arity,LID,lpca99,pca99,2,2,4,666.75,694.4400024414062,28.0,27.0,plots_extra/metrics/features/arity/mean/bert/tables/lpca99_bert_arity.csv,bert/tables_ARITY/arity_bootstrap/arity_raw_pca99_bert-base-uncased.csv
bert,BERT: MEAN vs FIRST,arity,LID,lpca99,pca99,2,2,5,668.5,696.3400268554688,33.0,33.0,plots_extra/metrics/features/arity/mean/bert/tables/lpca99_bert_arity.csv,bert/tables_ARITY/arity_bootstrap/arity_raw_pca99_bert-base-uncased.csv
bert,BERT: MEAN vs FIRST,arity,LID,lpca99,pca99,2,2,6,672.75,700.0,45.0,43.5,plots_extra/metrics/features/arity/mean/bert/tables/lpca99_bert_arity.csv,bert/tables_ARITY/arity_bootstrap/arity_raw_pca99_bert-base-uncased.csv
bert,BERT: MEAN vs FIRST,arity,LID,lpca99,pca99,2,2,7,674.875,701.97998046875,50.0,47.0,plots_extra/metrics/features/arity/mean/bert/tables/lpca99_bert_arity.csv,bert/tables_ARITY/arity_bootstrap/arity_raw_pca99_bert-base-uncased.csv
bert,BERT: MEAN vs FIRST,arity,LID,lpca99,pca99,2,2,8,675.5,702.6199951171875,53.5,48.0,plots_extra/metrics/features/arity/mean/bert/tables/lpca99_bert_arity.csv,bert/tables_ARITY/arity_bootstrap/arity_raw_pca99_bert-base-uncased.csv
bert,BERT: MEAN vs FIRST,arity,LID,lpca99,pca99,2,2,9,678.625,705.760009765625,61.0,58.0,plots_extra/metrics/features/arity/mean/bert/tables/lpca99_bert_arity.csv,bert/tables_ARITY/arity_bootstrap/arity_raw_pca99_bert-base-uncased.csv
bert,BERT: MEAN vs FIRST,arity,LID,lpca99,pca99,2,2,10,676.375,703.8599853515625,55.0,51.0,plots_extra/metrics/features/arity/mean/bert/tables/lpca99_bert_arity.csv,bert/tables_ARITY/arity_bootstrap/arity_raw_pca99_bert-base-uncased.csv
bert,BERT: MEAN vs FIRST,arity,LID,lpca99,pca99,2,2,11,676.75,704.97998046875,58.0,55.0,plots_extra/metrics/features/arity/mean/bert/tables/lpca99_bert_arity.csv,bert/tables_ARITY/arity_bootstrap/arity_raw_pca99_bert-base-uncased.csv
bert,BERT: MEAN vs FIRST,arity,LID,lpca99,pca99,2,2,12,674.75,703.9600219726562,49.0,52.0,plots_extra/metrics/features/arity/mean/bert/tables/lpca99_bert_arity.csv,bert/tables_ARITY/arity_bootstrap/arity_raw_pca99_bert-base-uncased.csv
bert,BERT: MEAN vs FIRST,arity,LID,lpca99,pca99,3,3,0,637.125,670.760009765625,7.0,5.0,plots_extra/metrics/features/arity/mean/bert/tables/lpca99_bert_arity.csv,bert/tables_ARITY/arity_bootstrap/arity_raw_pca99_bert-base-uncased.csv
bert,BERT: MEAN vs FIRST,arity,LID,lpca99,pca99,3,3,1,653.375,683.8400268554688,13.0,13.0,plots_extra/metrics/features/arity/mean/bert/tables/lpca99_bert_arity.csv,bert/tables_ARITY/arity_bootstrap/arity_raw_pca99_bert-base-uncased.csv
bert,BERT: MEAN vs FIRST,arity,LID,lpca99,pca99,3,3,2,654.375,683.219970703125,14.0,12.0,plots_extra/metrics/features/arity/mean/bert/tables/lpca99_bert_arity.csv,bert/tables_ARITY/arity_bootstrap/arity_raw_pca99_bert-base-uncased.csv
bert,BERT: MEAN vs FIRST,arity,LID,lpca99,pca99,3,3,3,655.75,684.1199951171875,15.0,14.0,plots_extra/metrics/features/arity/mean/bert/tables/lpca99_bert_arity.csv,bert/tables_ARITY/arity_bootstrap/arity_raw_pca99_bert-base-uncased.csv
bert,BERT: MEAN vs FIRST,arity,LID,lpca99,pca99,3,3,4,660.5,688.5999755859375,19.0,18.0,plots_extra/metrics/features/arity/mean/bert/tables/lpca99_bert_arity.csv,bert/tables_ARITY/arity_bootstrap/arity_raw_pca99_bert-base-uncased.csv
bert,BERT: MEAN vs FIRST,arity,LID,lpca99,pca99,3,3,5,663.125,690.9400024414062,24.0,22.0,plots_extra/metrics/features/arity/mean/bert/tables/lpca99_bert_arity.csv,bert/tables_ARITY/arity_bootstrap/arity_raw_pca99_bert-base-uncased.csv
bert,BERT: MEAN vs FIRST,arity,LID,lpca99,pca99,3,3,6,668.375,695.0,32.0,28.5,plots_extra/metrics/features/arity/mean/bert/tables/lpca99_bert_arity.csv,bert/tables_ARITY/arity_bootstrap/arity_raw_pca99_bert-base-uncased.csv
bert,BERT: MEAN vs FIRST,arity,LID,lpca99,pca99,3,3,7,671.125,697.0,41.0,35.0,plots_extra/metrics/features/arity/mean/bert/tables/lpca99_bert_arity.csv,bert/tables_ARITY/arity_bootstrap/arity_raw_pca99_bert-base-uncased.csv
bert,BERT: MEAN vs FIRST,arity,LID,lpca99,pca99,3,3,8,671.25,697.52001953125,42.0,37.0,plots_extra/metrics/features/arity/mean/bert/tables/lpca99_bert_arity.csv,bert/tables_ARITY/arity_bootstrap/arity_raw_pca99_bert-base-uncased.csv
bert,BERT: MEAN vs FIRST,arity,LID,lpca99,pca99,3,3,9,674.0,700.1400146484375,48.0,45.0,plots_extra/metrics/features/arity/mean/bert/tables/lpca99_bert_arity.csv,bert/tables_ARITY/arity_bootstrap/arity_raw_pca99_bert-base-uncased.csv
bert,BERT: MEAN vs FIRST,arity,LID,lpca99,pca99,3,3,10,672.25,698.5,44.0,41.0,plots_extra/metrics/features/arity/mean/bert/tables/lpca99_bert_arity.csv,bert/tables_ARITY/arity_bootstrap/arity_raw_pca99_bert-base-uncased.csv
bert,BERT: MEAN vs FIRST,arity,LID,lpca99,pca99,3,3,11,673.0,700.0,46.0,43.5,plots_extra/metrics/features/arity/mean/bert/tables/lpca99_bert_arity.csv,bert/tables_ARITY/arity_bootstrap/arity_raw_pca99_bert-base-uncased.csv
bert,BERT: MEAN vs FIRST,arity,LID,lpca99,pca99,3,3,12,671.375,699.0,43.0,42.0,plots_extra/metrics/features/arity/mean/bert/tables/lpca99_bert_arity.csv,bert/tables_ARITY/arity_bootstrap/arity_raw_pca99_bert-base-uncased.csv
bert,BERT: MEAN vs FIRST,arity,LID,lpca99,pca99,4,4,0,633.75,667.4600219726562,5.0,4.0,plots_extra/metrics/features/arity/mean/bert/tables/lpca99_bert_arity.csv,bert/tables_ARITY/arity_bootstrap/arity_raw_pca99_bert-base-uncased.csv
bert,BERT: MEAN vs FIRST,arity,LID,lpca99,pca99,4,4,1,650.0,681.0399780273438,10.0,10.0,plots_extra/metrics/features/arity/mean/bert/tables/lpca99_bert_arity.csv,bert/tables_ARITY/arity_bootstrap/arity_raw_pca99_bert-base-uncased.csv
bert,BERT: MEAN vs FIRST,arity,LID,lpca99,pca99,4,4,2,650.75,680.5599975585938,11.0,9.0,plots_extra/metrics/features/arity/mean/bert/tables/lpca99_bert_arity.csv,bert/tables_ARITY/arity_bootstrap/arity_raw_pca99_bert-base-uncased.csv
bert,BERT: MEAN vs FIRST,arity,LID,lpca99,pca99,4,4,3,652.875,682.3200073242188,12.0,11.0,plots_extra/metrics/features/arity/mean/bert/tables/lpca99_bert_arity.csv,bert/tables_ARITY/arity_bootstrap/arity_raw_pca99_bert-base-uncased.csv
bert,BERT: MEAN vs FIRST,arity,LID,lpca99,pca99,4,4,4,657.25,686.4600219726562,17.0,16.0,plots_extra/metrics/features/arity/mean/bert/tables/lpca99_bert_arity.csv,bert/tables_ARITY/arity_bootstrap/arity_raw_pca99_bert-base-uncased.csv
bert,BERT: MEAN vs FIRST,arity,LID,lpca99,pca99,4,4,5,659.375,688.5800170898438,18.0,17.0,plots_extra/metrics/features/arity/mean/bert/tables/lpca99_bert_arity.csv,bert/tables_ARITY/arity_bootstrap/arity_raw_pca99_bert-base-uncased.csv
bert,BERT: MEAN vs FIRST,arity,LID,lpca99,pca99,4,4,6,664.75,692.9000244140625,26.0,26.0,plots_extra/metrics/features/arity/mean/bert/tables/lpca99_bert_arity.csv,bert/tables_ARITY/arity_bootstrap/arity_raw_pca99_bert-base-uncased.csv
bert,BERT: MEAN vs FIRST,arity,LID,lpca99,pca99,4,4,7,667.5,695.0,29.0,28.5,plots_extra/metrics/features/arity/mean/bert/tables/lpca99_bert_arity.csv,bert/tables_ARITY/arity_bootstrap/arity_raw_pca99_bert-base-uncased.csv
bert,BERT: MEAN vs FIRST,arity,LID,lpca99,pca99,4,4,8,668.25,695.6199951171875,30.5,30.0,plots_extra/metrics/features/arity/mean/bert/tables/lpca99_bert_arity.csv,bert/tables_ARITY/arity_bootstrap/arity_raw_pca99_bert-base-uncased.csv
bert,BERT: MEAN vs FIRST,arity,LID,lpca99,pca99,4,4,9,671.0,698.0999755859375,40.0,40.0,plots_extra/metrics/features/arity/mean/bert/tables/lpca99_bert_arity.csv,bert/tables_ARITY/arity_bootstrap/arity_raw_pca99_bert-base-uncased.csv
bert,BERT: MEAN vs FIRST,arity,LID,lpca99,pca99,4,4,10,669.625,696.8400268554688,36.0,34.0,plots_extra/metrics/features/arity/mean/bert/tables/lpca99_bert_arity.csv,bert/tables_ARITY/arity_bootstrap/arity_raw_pca99_bert-base-uncased.csv
bert,BERT: MEAN vs FIRST,arity,LID,lpca99,pca99,4,4,11,670.625,698.0599975585938,39.0,39.0,plots_extra/metrics/features/arity/mean/bert/tables/lpca99_bert_arity.csv,bert/tables_ARITY/arity_bootstrap/arity_raw_pca99_bert-base-uncased.csv
bert,BERT: MEAN vs FIRST,arity,LID,lpca99,pca99,4,4,12,668.875,697.1799926757812,35.0,36.0,plots_extra/metrics/features/arity/mean/bert/tables/lpca99_bert_arity.csv,bert/tables_ARITY/arity_bootstrap/arity_raw_pca99_bert-base-uncased.csv
bert,BERT: MEAN vs FIRST,arity,NLID,gride,gride,0,0,0,6.010299205780029,4.80966854095459,1.0,1.0,plots_extra/metrics/features/arity/mean/bert/tables/gride_bert_arity.csv,bert/tables_ARITY/arity_bootstrap/arity_raw_gride_bert-base-uncased.csv
bert,BERT: MEAN vs FIRST,arity,NLID,gride,gride,0,0,1,8.1494779586792,6.75229024887085,2.0,2.0,plots_extra/metrics/features/arity/mean/bert/tables/gride_bert_arity.csv,bert/tables_ARITY/arity_bootstrap/arity_raw_gride_bert-base-uncased.csv
bert,BERT: MEAN vs FIRST,arity,NLID,gride,gride,0,0,2,10.041885375976562,8.534560203552246,3.0,3.0,plots_extra/metrics/features/arity/mean/bert/tables/gride_bert_arity.csv,bert/tables_ARITY/arity_bootstrap/arity_raw_gride_bert-base-uncased.csv
bert,BERT: MEAN vs FIRST,arity,NLID,gride,gride,0,0,3,10.668863296508787,9.540623664855955,4.0,4.0,plots_extra/metrics/features/arity/mean/bert/tables/gride_bert_arity.csv,bert/tables_ARITY/arity_bootstrap/arity_raw_gride_bert-base-uncased.csv
bert,BERT: MEAN vs FIRST,arity,NLID,gride,gride,0,0,4,11.191584587097168,10.655517578125,5.0,5.0,plots_extra/metrics/features/arity/mean/bert/tables/gride_bert_arity.csv,bert/tables_ARITY/arity_bootstrap/arity_raw_gride_bert-base-uncased.csv
bert,BERT: MEAN vs FIRST,arity,NLID,gride,gride,0,0,5,13.377403259277344,12.935178756713867,6.0,8.0,plots_extra/metrics/features/arity/mean/bert/tables/gride_bert_arity.csv,bert/tables_ARITY/arity_bootstrap/arity_raw_gride_bert-base-uncased.csv
bert,BERT: MEAN vs FIRST,arity,NLID,gride,gride,0,0,6,15.311250686645508,15.050741195678713,9.0,13.0,plots_extra/metrics/features/arity/mean/bert/tables/gride_bert_arity.csv,bert/tables_ARITY/arity_bootstrap/arity_raw_gride_bert-base-uncased.csv
bert,BERT: MEAN vs FIRST,arity,NLID,gride,gride,0,0,7,17.260875701904297,16.91968536376953,12.0,19.0,plots_extra/metrics/features/arity/mean/bert/tables/gride_bert_arity.csv,bert/tables_ARITY/arity_bootstrap/arity_raw_gride_bert-base-uncased.csv
bert,BERT: MEAN vs FIRST,arity,NLID,gride,gride,0,0,8,18.034135818481445,17.5057315826416,15.0,23.0,plots_extra/metrics/features/arity/mean/bert/tables/gride_bert_arity.csv,bert/tables_ARITY/arity_bootstrap/arity_raw_gride_bert-base-uncased.csv
bert,BERT: MEAN vs FIRST,arity,NLID,gride,gride,0,0,9,20.536785125732425,20.829730987548828,22.0,41.0,plots_extra/metrics/features/arity/mean/bert/tables/gride_bert_arity.csv,bert/tables_ARITY/arity_bootstrap/arity_raw_gride_bert-base-uncased.csv
bert,BERT: MEAN vs FIRST,arity,NLID,gride,gride,0,0,10,20.533939361572266,23.6986026763916,21.0,51.0,plots_extra/metrics/features/arity/mean/bert/tables/gride_bert_arity.csv,bert/tables_ARITY/arity_bootstrap/arity_raw_gride_bert-base-uncased.csv
bert,BERT: MEAN vs FIRST,arity,NLID,gride,gride,0,0,11,20.379648208618164,21.686397552490234,20.0,45.0,plots_extra/metrics/features/arity/mean/bert/tables/gride_bert_arity.csv,bert/tables_ARITY/arity_bootstrap/arity_raw_gride_bert-base-uncased.csv
bert,BERT: MEAN vs FIRST,arity,NLID,gride,gride,0,0,12,18.409334182739254,19.440401077270508,16.0,32.0,plots_extra/metrics/features/arity/mean/bert/tables/gride_bert_arity.csv,bert/tables_ARITY/arity_bootstrap/arity_raw_gride_bert-base-uncased.csv
bert,BERT: MEAN vs FIRST,arity,NLID,gride,gride,1,1,0,22.44388961791992,17.64104652404785,27.0,24.0,plots_extra/metrics/features/arity/mean/bert/tables/gride_bert_arity.csv,bert/tables_ARITY/arity_bootstrap/arity_raw_gride_bert-base-uncased.csv
bert,BERT: MEAN vs FIRST,arity,NLID,gride,gride,1,1,1,26.3291015625,16.69314956665039,50.0,18.0,plots_extra/metrics/features/arity/mean/bert/tables/gride_bert_arity.csv,bert/tables_ARITY/arity_bootstrap/arity_raw_gride_bert-base-uncased.csv
bert,BERT: MEAN vs FIRST,arity,NLID,gride,gride,1,1,2,26.20165061950684,18.392593383789062,48.0,25.0,plots_extra/metrics/features/arity/mean/bert/tables/gride_bert_arity.csv,bert/tables_ARITY/arity_bootstrap/arity_raw_gride_bert-base-uncased.csv
bert,BERT: MEAN vs FIRST,arity,NLID,gride,gride,1,1,3,26.53291893005371,19.85779190063477,51.0,37.0,plots_extra/metrics/features/arity/mean/bert/tables/gride_bert_arity.csv,bert/tables_ARITY/arity_bootstrap/arity_raw_gride_bert-base-uncased.csv
bert,BERT: MEAN vs FIRST,arity,NLID,gride,gride,1,1,4,26.01909828186035,18.99165725708008,45.0,27.0,plots_extra/metrics/features/arity/mean/bert/tables/gride_bert_arity.csv,bert/tables_ARITY/arity_bootstrap/arity_raw_gride_bert-base-uncased.csv
bert,BERT: MEAN vs FIRST,arity,NLID,gride,gride,1,1,5,24.82305908203125,19.159936904907227,32.0,29.0,plots_extra/metrics/features/arity/mean/bert/tables/gride_bert_arity.csv,bert/tables_ARITY/arity_bootstrap/arity_raw_gride_bert-base-uncased.csv
bert,BERT: MEAN vs FIRST,arity,NLID,gride,gride,1,1,6,25.497901916503903,19.308439254760746,38.0,30.0,plots_extra/metrics/features/arity/mean/bert/tables/gride_bert_arity.csv,bert/tables_ARITY/arity_bootstrap/arity_raw_gride_bert-base-uncased.csv
bert,BERT: MEAN vs FIRST,arity,NLID,gride,gride,1,1,7,25.59903717041016,19.804162979125977,39.0,36.0,plots_extra/metrics/features/arity/mean/bert/tables/gride_bert_arity.csv,bert/tables_ARITY/arity_bootstrap/arity_raw_gride_bert-base-uncased.csv
bert,BERT: MEAN vs FIRST,arity,NLID,gride,gride,1,1,8,25.72098922729492,20.241106033325195,41.0,39.0,plots_extra/metrics/features/arity/mean/bert/tables/gride_bert_arity.csv,bert/tables_ARITY/arity_bootstrap/arity_raw_gride_bert-base-uncased.csv
bert,BERT: MEAN vs FIRST,arity,NLID,gride,gride,1,1,9,27.84744453430176,22.52271270751953,62.0,47.0,plots_extra/metrics/features/arity/mean/bert/tables/gride_bert_arity.csv,bert/tables_ARITY/arity_bootstrap/arity_raw_gride_bert-base-uncased.csv
bert,BERT: MEAN vs FIRST,arity,NLID,gride,gride,1,1,10,24.657054901123047,22.608747482299805,31.0,48.0,plots_extra/metrics/features/arity/mean/bert/tables/gride_bert_arity.csv,bert/tables_ARITY/arity_bootstrap/arity_raw_gride_bert-base-uncased.csv
bert,BERT: MEAN vs FIRST,arity,NLID,gride,gride,1,1,11,26.008981704711918,24.897905349731445,44.0,54.0,plots_extra/metrics/features/arity/mean/bert/tables/gride_bert_arity.csv,bert/tables_ARITY/arity_bootstrap/arity_raw_gride_bert-base-uncased.csv
bert,BERT: MEAN vs FIRST,arity,NLID,gride,gride,1,1,12,27.480369567871094,27.700275421142575,60.0,62.0,plots_extra/metrics/features/arity/mean/bert/tables/gride_bert_arity.csv,bert/tables_ARITY/arity_bootstrap/arity_raw_gride_bert-base-uncased.csv
bert,BERT: MEAN vs FIRST,arity,NLID,gride,gride,2,2,0,25.477258682250977,15.999237060546877,37.0,16.0,plots_extra/metrics/features/arity/mean/bert/tables/gride_bert_arity.csv,bert/tables_ARITY/arity_bootstrap/arity_raw_gride_bert-base-uncased.csv
bert,BERT: MEAN vs FIRST,arity,NLID,gride,gride,2,2,1,25.611825942993164,17.295738220214844,40.0,22.0,plots_extra/metrics/features/arity/mean/bert/tables/gride_bert_arity.csv,bert/tables_ARITY/arity_bootstrap/arity_raw_gride_bert-base-uncased.csv
bert,BERT: MEAN vs FIRST,arity,NLID,gride,gride,2,2,2,25.02263641357422,19.368816375732425,35.0,31.0,plots_extra/metrics/features/arity/mean/bert/tables/gride_bert_arity.csv,bert/tables_ARITY/arity_bootstrap/arity_raw_gride_bert-base-uncased.csv
bert,BERT: MEAN vs FIRST,arity,NLID,gride,gride,2,2,3,25.74276733398437,19.663555145263672,42.0,34.0,plots_extra/metrics/features/arity/mean/bert/tables/gride_bert_arity.csv,bert/tables_ARITY/arity_bootstrap/arity_raw_gride_bert-base-uncased.csv
bert,BERT: MEAN vs FIRST,arity,NLID,gride,gride,2,2,4,26.125337600708008,19.57163429260254,46.0,33.0,plots_extra/metrics/features/arity/mean/bert/tables/gride_bert_arity.csv,bert/tables_ARITY/arity_bootstrap/arity_raw_gride_bert-base-uncased.csv
bert,BERT: MEAN vs FIRST,arity,NLID,gride,gride,2,2,5,25.019819259643555,19.92999649047852,34.0,38.0,plots_extra/metrics/features/arity/mean/bert/tables/gride_bert_arity.csv,bert/tables_ARITY/arity_bootstrap/arity_raw_gride_bert-base-uncased.csv
bert,BERT: MEAN vs FIRST,arity,NLID,gride,gride,2,2,6,25.97502899169922,20.384145736694336,43.0,40.0,plots_extra/metrics/features/arity/mean/bert/tables/gride_bert_arity.csv,bert/tables_ARITY/arity_bootstrap/arity_raw_gride_bert-base-uncased.csv
bert,BERT: MEAN vs FIRST,arity,NLID,gride,gride,2,2,7,26.60171127319336,21.33639907836914,53.0,42.0,plots_extra/metrics/features/arity/mean/bert/tables/gride_bert_arity.csv,bert/tables_ARITY/arity_bootstrap/arity_raw_gride_bert-base-uncased.csv
bert,BERT: MEAN vs FIRST,arity,NLID,gride,gride,2,2,8,26.12915802001953,22.02527618408203,47.0,46.0,plots_extra/metrics/features/arity/mean/bert/tables/gride_bert_arity.csv,bert/tables_ARITY/arity_bootstrap/arity_raw_gride_bert-base-uncased.csv
bert,BERT: MEAN vs FIRST,arity,NLID,gride,gride,2,2,9,27.301687240600582,24.164844512939453,57.0,53.0,plots_extra/metrics/features/arity/mean/bert/tables/gride_bert_arity.csv,bert/tables_ARITY/arity_bootstrap/arity_raw_gride_bert-base-uncased.csv
bert,BERT: MEAN vs FIRST,arity,NLID,gride,gride,2,2,10,26.5522403717041,24.117868423461918,52.0,52.0,plots_extra/metrics/features/arity/mean/bert/tables/gride_bert_arity.csv,bert/tables_ARITY/arity_bootstrap/arity_raw_gride_bert-base-uncased.csv
bert,BERT: MEAN vs FIRST,arity,NLID,gride,gride,2,2,11,27.68854331970215,25.894847869873047,61.0,59.0,plots_extra/metrics/features/arity/mean/bert/tables/gride_bert_arity.csv,bert/tables_ARITY/arity_bootstrap/arity_raw_gride_bert-base-uncased.csv
bert,BERT: MEAN vs FIRST,arity,NLID,gride,gride,2,2,12,29.28877067565918,28.740886688232425,64.0,64.0,plots_extra/metrics/features/arity/mean/bert/tables/gride_bert_arity.csv,bert/tables_ARITY/arity_bootstrap/arity_raw_gride_bert-base-uncased.csv
bert,BERT: MEAN vs FIRST,arity,NLID,gride,gride,3,3,0,15.612213134765623,13.101963996887209,10.0,9.0,plots_extra/metrics/features/arity/mean/bert/tables/gride_bert_arity.csv,bert/tables_ARITY/arity_bootstrap/arity_raw_gride_bert-base-uncased.csv
bert,BERT: MEAN vs FIRST,arity,NLID,gride,gride,3,3,1,17.998779296875,13.755437850952148,14.0,11.0,plots_extra/metrics/features/arity/mean/bert/tables/gride_bert_arity.csv,bert/tables_ARITY/arity_bootstrap/arity_raw_gride_bert-base-uncased.csv
bert,BERT: MEAN vs FIRST,arity,NLID,gride,gride,3,3,2,19.658435821533203,15.31951141357422,18.0,14.0,plots_extra/metrics/features/arity/mean/bert/tables/gride_bert_arity.csv,bert/tables_ARITY/arity_bootstrap/arity_raw_gride_bert-base-uncased.csv
bert,BERT: MEAN vs FIRST,arity,NLID,gride,gride,3,3,3,20.869613647460938,16.295949935913086,23.0,17.0,plots_extra/metrics/features/arity/mean/bert/tables/gride_bert_arity.csv,bert/tables_ARITY/arity_bootstrap/arity_raw_gride_bert-base-uncased.csv
bert,BERT: MEAN vs FIRST,arity,NLID,gride,gride,3,3,4,21.605478286743164,17.283647537231445,24.0,21.0,plots_extra/metrics/features/arity/mean/bert/tables/gride_bert_arity.csv,bert/tables_ARITY/arity_bootstrap/arity_raw_gride_bert-base-uncased.csv
bert,BERT: MEAN vs FIRST,arity,NLID,gride,gride,3,3,5,22.1304874420166,18.52095031738281,26.0,26.0,plots_extra/metrics/features/arity/mean/bert/tables/gride_bert_arity.csv,bert/tables_ARITY/arity_bootstrap/arity_raw_gride_bert-base-uncased.csv
bert,BERT: MEAN vs FIRST,arity,NLID,gride,gride,3,3,6,22.99586296081543,19.751134872436523,28.0,35.0,plots_extra/metrics/features/arity/mean/bert/tables/gride_bert_arity.csv,bert/tables_ARITY/arity_bootstrap/arity_raw_gride_bert-base-uncased.csv
bert,BERT: MEAN vs FIRST,arity,NLID,gride,gride,3,3,7,24.29356575012207,21.35427665710449,30.0,43.0,plots_extra/metrics/features/arity/mean/bert/tables/gride_bert_arity.csv,bert/tables_ARITY/arity_bootstrap/arity_raw_gride_bert-base-uncased.csv
bert,BERT: MEAN vs FIRST,arity,NLID,gride,gride,3,3,8,24.96532249450684,22.623029708862305,33.0,49.0,plots_extra/metrics/features/arity/mean/bert/tables/gride_bert_arity.csv,bert/tables_ARITY/arity_bootstrap/arity_raw_gride_bert-base-uncased.csv
bert,BERT: MEAN vs FIRST,arity,NLID,gride,gride,3,3,9,26.869165420532227,25.112218856811523,55.0,55.0,plots_extra/metrics/features/arity/mean/bert/tables/gride_bert_arity.csv,bert/tables_ARITY/arity_bootstrap/arity_raw_gride_bert-base-uncased.csv
bert,BERT: MEAN vs FIRST,arity,NLID,gride,gride,3,3,10,26.30652236938477,25.43303871154785,49.0,57.0,plots_extra/metrics/features/arity/mean/bert/tables/gride_bert_arity.csv,bert/tables_ARITY/arity_bootstrap/arity_raw_gride_bert-base-uncased.csv
bert,BERT: MEAN vs FIRST,arity,NLID,gride,gride,3,3,11,27.338722229003903,26.58042907714844,58.0,61.0,plots_extra/metrics/features/arity/mean/bert/tables/gride_bert_arity.csv,bert/tables_ARITY/arity_bootstrap/arity_raw_gride_bert-base-uncased.csv
bert,BERT: MEAN vs FIRST,arity,NLID,gride,gride,3,3,12,29.937164306640625,28.83230209350586,65.0,65.0,plots_extra/metrics/features/arity/mean/bert/tables/gride_bert_arity.csv,bert/tables_ARITY/arity_bootstrap/arity_raw_gride_bert-base-uncased.csv
bert,BERT: MEAN vs FIRST,arity,NLID,gride,gride,4,4,0,13.98320198059082,11.330371856689451,7.0,6.0,plots_extra/metrics/features/arity/mean/bert/tables/gride_bert_arity.csv,bert/tables_ARITY/arity_bootstrap/arity_raw_gride_bert-base-uncased.csv
bert,BERT: MEAN vs FIRST,arity,NLID,gride,gride,4,4,1,15.180931091308594,12.29727268218994,8.0,7.0,plots_extra/metrics/features/arity/mean/bert/tables/gride_bert_arity.csv,bert/tables_ARITY/arity_bootstrap/arity_raw_gride_bert-base-uncased.csv
bert,BERT: MEAN vs FIRST,arity,NLID,gride,gride,4,4,2,16.03900909423828,13.451929092407228,11.0,10.0,plots_extra/metrics/features/arity/mean/bert/tables/gride_bert_arity.csv,bert/tables_ARITY/arity_bootstrap/arity_raw_gride_bert-base-uncased.csv
bert,BERT: MEAN vs FIRST,arity,NLID,gride,gride,4,4,3,17.91613006591797,14.778233528137209,13.0,12.0,plots_extra/metrics/features/arity/mean/bert/tables/gride_bert_arity.csv,bert/tables_ARITY/arity_bootstrap/arity_raw_gride_bert-base-uncased.csv
bert,BERT: MEAN vs FIRST,arity,NLID,gride,gride,4,4,4,19.52869415283203,15.707635879516602,17.0,15.0,plots_extra/metrics/features/arity/mean/bert/tables/gride_bert_arity.csv,bert/tables_ARITY/arity_bootstrap/arity_raw_gride_bert-base-uncased.csv
bert,BERT: MEAN vs FIRST,arity,NLID,gride,gride,4,4,5,20.330352783203125,16.992382049560547,19.0,20.0,plots_extra/metrics/features/arity/mean/bert/tables/gride_bert_arity.csv,bert/tables_ARITY/arity_bootstrap/arity_raw_gride_bert-base-uncased.csv
bert,BERT: MEAN vs FIRST,arity,NLID,gride,gride,4,4,6,21.97533798217773,19.088912963867188,25.0,28.0,plots_extra/metrics/features/arity/mean/bert/tables/gride_bert_arity.csv,bert/tables_ARITY/arity_bootstrap/arity_raw_gride_bert-base-uncased.csv
bert,BERT: MEAN vs FIRST,arity,NLID,gride,gride,4,4,7,23.92230224609375,21.468420028686523,29.0,44.0,plots_extra/metrics/features/arity/mean/bert/tables/gride_bert_arity.csv,bert/tables_ARITY/arity_bootstrap/arity_raw_gride_bert-base-uncased.csv
bert,BERT: MEAN vs FIRST,arity,NLID,gride,gride,4,4,8,25.18348693847656,23.12031936645508,36.0,50.0,plots_extra/metrics/features/arity/mean/bert/tables/gride_bert_arity.csv,bert/tables_ARITY/arity_bootstrap/arity_raw_gride_bert-base-uncased.csv
bert,BERT: MEAN vs FIRST,arity,NLID,gride,gride,4,4,9,27.02017593383789,25.27630615234375,56.0,56.0,plots_extra/metrics/features/arity/mean/bert/tables/gride_bert_arity.csv,bert/tables_ARITY/arity_bootstrap/arity_raw_gride_bert-base-uncased.csv
bert,BERT: MEAN vs FIRST,arity,NLID,gride,gride,4,4,10,26.74612617492676,25.59023094177246,54.0,58.0,plots_extra/metrics/features/arity/mean/bert/tables/gride_bert_arity.csv,bert/tables_ARITY/arity_bootstrap/arity_raw_gride_bert-base-uncased.csv
bert,BERT: MEAN vs FIRST,arity,NLID,gride,gride,4,4,11,27.3789176940918,26.337406158447266,59.0,60.0,plots_extra/metrics/features/arity/mean/bert/tables/gride_bert_arity.csv,bert/tables_ARITY/arity_bootstrap/arity_raw_gride_bert-base-uncased.csv
bert,BERT: MEAN vs FIRST,arity,NLID,gride,gride,4,4,12,29.282684326171875,28.36086082458496,63.0,63.0,plots_extra/metrics/features/arity/mean/bert/tables/gride_bert_arity.csv,bert/tables_ARITY/arity_bootstrap/arity_raw_gride_bert-base-uncased.csv
gpt2,GPT-2: MEAN vs LAST,pos,IsoScore,iso,iso,ADJ,ADJ,0,0.0267039202153682,0.0085666459053754,167.0,167.0,plots_extra/metrics/features/pos/mean/gpt2/tables/iso_gpt2_pos.csv,bert/tables_POS/pos_bootstrap/pos_raw_iso_gpt2.csv
gpt2,GPT-2: MEAN vs LAST,pos,IsoScore,iso,iso,ADJ,ADJ,1,0.0164764020591974,0.0054666404612362,165.0,164.0,plots_extra/metrics/features/pos/mean/gpt2/tables/iso_gpt2_pos.csv,bert/tables_POS/pos_bootstrap/pos_raw_iso_gpt2.csv
gpt2,GPT-2: MEAN vs LAST,pos,IsoScore,iso,iso,ADJ,ADJ,2,0.0005221144529059,0.0015651760622859,132.0,134.0,plots_extra/metrics/features/pos/mean/gpt2/tables/iso_gpt2_pos.csv,bert/tables_POS/pos_bootstrap/pos_raw_iso_gpt2.csv
gpt2,GPT-2: MEAN vs LAST,pos,IsoScore,iso,iso,ADJ,ADJ,3,3.726100112544373e-05,0.0013223882997408,74.0,75.0,plots_extra/metrics/features/pos/mean/gpt2/tables/iso_gpt2_pos.csv,bert/tables_POS/pos_bootstrap/pos_raw_iso_gpt2.csv
gpt2,GPT-2: MEAN vs LAST,pos,IsoScore,iso,iso,ADJ,ADJ,4,4.187352897133678e-05,0.0013249177718535,80.0,81.0,plots_extra/metrics/features/pos/mean/gpt2/tables/iso_gpt2_pos.csv,bert/tables_POS/pos_bootstrap/pos_raw_iso_gpt2.csv
gpt2,GPT-2: MEAN vs LAST,pos,IsoScore,iso,iso,ADJ,ADJ,5,4.631419506040402e-05,0.0013273134827613,83.0,85.0,plots_extra/metrics/features/pos/mean/gpt2/tables/iso_gpt2_pos.csv,bert/tables_POS/pos_bootstrap/pos_raw_iso_gpt2.csv
gpt2,GPT-2: MEAN vs LAST,pos,IsoScore,iso,iso,ADJ,ADJ,6,5.323024743120186e-05,0.0013310357462614,88.0,90.0,plots_extra/metrics/features/pos/mean/gpt2/tables/iso_gpt2_pos.csv,bert/tables_POS/pos_bootstrap/pos_raw_iso_gpt2.csv
gpt2,GPT-2: MEAN vs LAST,pos,IsoScore,iso,iso,ADJ,ADJ,7,6.407791806850582e-05,0.0013369370717555,95.0,96.0,plots_extra/metrics/features/pos/mean/gpt2/tables/iso_gpt2_pos.csv,bert/tables_POS/pos_bootstrap/pos_raw_iso_gpt2.csv
gpt2,GPT-2: MEAN vs LAST,pos,IsoScore,iso,iso,ADJ,ADJ,8,8.217638969654217e-05,0.0013466874370351,102.0,104.0,plots_extra/metrics/features/pos/mean/gpt2/tables/iso_gpt2_pos.csv,bert/tables_POS/pos_bootstrap/pos_raw_iso_gpt2.csv
gpt2,GPT-2: MEAN vs LAST,pos,IsoScore,iso,iso,ADJ,ADJ,9,0.0001099146684282,0.0013614961644634,110.0,112.0,plots_extra/metrics/features/pos/mean/gpt2/tables/iso_gpt2_pos.csv,bert/tables_POS/pos_bootstrap/pos_raw_iso_gpt2.csv
gpt2,GPT-2: MEAN vs LAST,pos,IsoScore,iso,iso,ADJ,ADJ,10,0.0001536449271952,0.0013845920329913,117.0,117.0,plots_extra/metrics/features/pos/mean/gpt2/tables/iso_gpt2_pos.csv,bert/tables_POS/pos_bootstrap/pos_raw_iso_gpt2.csv
gpt2,GPT-2: MEAN vs LAST,pos,IsoScore,iso,iso,ADJ,ADJ,11,0.0002320855564903,0.0014250219101086,124.0,125.0,plots_extra/metrics/features/pos/mean/gpt2/tables/iso_gpt2_pos.csv,bert/tables_POS/pos_bootstrap/pos_raw_iso_gpt2.csv
gpt2,GPT-2: MEAN vs LAST,pos,IsoScore,iso,iso,ADJ,ADJ,12,0.0010145996930077,0.0017563472501933,145.0,145.0,plots_extra/metrics/features/pos/mean/gpt2/tables/iso_gpt2_pos.csv,bert/tables_POS/pos_bootstrap/pos_raw_iso_gpt2.csv
gpt2,GPT-2: MEAN vs LAST,pos,IsoScore,iso,iso,ADP,ADP,0,0.0063797235488891,0.003706112736836,160.0,160.0,plots_extra/metrics/features/pos/mean/gpt2/tables/iso_gpt2_pos.csv,bert/tables_POS/pos_bootstrap/pos_raw_iso_gpt2.csv
gpt2,GPT-2: MEAN vs LAST,pos,IsoScore,iso,iso,ADP,ADP,1,0.0031070688273757,0.0023872961755841,154.0,153.0,plots_extra/metrics/features/pos/mean/gpt2/tables/iso_gpt2_pos.csv,bert/tables_POS/pos_bootstrap/pos_raw_iso_gpt2.csv
gpt2,GPT-2: MEAN vs LAST,pos,IsoScore,iso,iso,ADP,ADP,2,0.0001239982957486,0.0013590574963018,113.0,109.0,plots_extra/metrics/features/pos/mean/gpt2/tables/iso_gpt2_pos.csv,bert/tables_POS/pos_bootstrap/pos_raw_iso_gpt2.csv
gpt2,GPT-2: MEAN vs LAST,pos,IsoScore,iso,iso,ADP,ADP,3,1.0577463399386032e-05,0.0013070093700662,29.0,28.0,plots_extra/metrics/features/pos/mean/gpt2/tables/iso_gpt2_pos.csv,bert/tables_POS/pos_bootstrap/pos_raw_iso_gpt2.csv
gpt2,GPT-2: MEAN vs LAST,pos,IsoScore,iso,iso,ADP,ADP,4,1.4122497304924764e-05,0.0013086263788864,37.0,34.0,plots_extra/metrics/features/pos/mean/gpt2/tables/iso_gpt2_pos.csv,bert/tables_POS/pos_bootstrap/pos_raw_iso_gpt2.csv
gpt2,GPT-2: MEAN vs LAST,pos,IsoScore,iso,iso,ADP,ADP,5,1.7410564396413974e-05,0.0013101237127557,43.0,40.0,plots_extra/metrics/features/pos/mean/gpt2/tables/iso_gpt2_pos.csv,bert/tables_POS/pos_bootstrap/pos_raw_iso_gpt2.csv
gpt2,GPT-2: MEAN vs LAST,pos,IsoScore,iso,iso,ADP,ADP,6,2.257834057672881e-05,0.0013124863617122,53.0,49.0,plots_extra/metrics/features/pos/mean/gpt2/tables/iso_gpt2_pos.csv,bert/tables_POS/pos_bootstrap/pos_raw_iso_gpt2.csv
gpt2,GPT-2: MEAN vs LAST,pos,IsoScore,iso,iso,ADP,ADP,7,2.8944545192644e-05,0.0013154000043869,62.0,57.0,plots_extra/metrics/features/pos/mean/gpt2/tables/iso_gpt2_pos.csv,bert/tables_POS/pos_bootstrap/pos_raw_iso_gpt2.csv
gpt2,GPT-2: MEAN vs LAST,pos,IsoScore,iso,iso,ADP,ADP,8,3.875634502037428e-05,0.0013198235537856,75.0,73.0,plots_extra/metrics/features/pos/mean/gpt2/tables/iso_gpt2_pos.csv,bert/tables_POS/pos_bootstrap/pos_raw_iso_gpt2.csv
gpt2,GPT-2: MEAN vs LAST,pos,IsoScore,iso,iso,ADP,ADP,9,5.627121572615579e-05,0.0013277006801217,90.0,87.0,plots_extra/metrics/features/pos/mean/gpt2/tables/iso_gpt2_pos.csv,bert/tables_POS/pos_bootstrap/pos_raw_iso_gpt2.csv
gpt2,GPT-2: MEAN vs LAST,pos,IsoScore,iso,iso,ADP,ADP,10,8.706416701897979e-05,0.0013415364082902,104.0,99.0,plots_extra/metrics/features/pos/mean/gpt2/tables/iso_gpt2_pos.csv,bert/tables_POS/pos_bootstrap/pos_raw_iso_gpt2.csv
gpt2,GPT-2: MEAN vs LAST,pos,IsoScore,iso,iso,ADP,ADP,11,0.0001380076137138,0.0013641091063618,116.0,114.0,plots_extra/metrics/features/pos/mean/gpt2/tables/iso_gpt2_pos.csv,bert/tables_POS/pos_bootstrap/pos_raw_iso_gpt2.csv
gpt2,GPT-2: MEAN vs LAST,pos,IsoScore,iso,iso,ADP,ADP,12,0.0009356493828818,0.0017172312363982,142.0,141.0,plots_extra/metrics/features/pos/mean/gpt2/tables/iso_gpt2_pos.csv,bert/tables_POS/pos_bootstrap/pos_raw_iso_gpt2.csv
gpt2,GPT-2: MEAN vs LAST,pos,IsoScore,iso,iso,ADV,ADV,0,0.0055782883428037,0.0031560817733407,157.0,157.0,plots_extra/metrics/features/pos/mean/gpt2/tables/iso_gpt2_pos.csv,bert/tables_POS/pos_bootstrap/pos_raw_iso_gpt2.csv
gpt2,GPT-2: MEAN vs LAST,pos,IsoScore,iso,iso,ADV,ADV,1,0.0022567086853086,0.0021758102811872,152.0,151.0,plots_extra/metrics/features/pos/mean/gpt2/tables/iso_gpt2_pos.csv,bert/tables_POS/pos_bootstrap/pos_raw_iso_gpt2.csv
gpt2,GPT-2: MEAN vs LAST,pos,IsoScore,iso,iso,ADV,ADV,2,9.791580669116227e-05,0.0013499438064172,107.0,106.0,plots_extra/metrics/features/pos/mean/gpt2/tables/iso_gpt2_pos.csv,bert/tables_POS/pos_bootstrap/pos_raw_iso_gpt2.csv
gpt2,GPT-2: MEAN vs LAST,pos,IsoScore,iso,iso,ADV,ADV,3,7.652266504010186e-06,0.0013058986514806,20.0,19.0,plots_extra/metrics/features/pos/mean/gpt2/tables/iso_gpt2_pos.csv,bert/tables_POS/pos_bootstrap/pos_raw_iso_gpt2.csv
gpt2,GPT-2: MEAN vs LAST,pos,IsoScore,iso,iso,ADV,ADV,4,8.75347359396983e-06,0.001306460937485,23.0,23.0,plots_extra/metrics/features/pos/mean/gpt2/tables/iso_gpt2_pos.csv,bert/tables_POS/pos_bootstrap/pos_raw_iso_gpt2.csv
gpt2,GPT-2: MEAN vs LAST,pos,IsoScore,iso,iso,ADV,ADV,5,9.81445555225946e-06,0.0013069909764453,27.0,27.0,plots_extra/metrics/features/pos/mean/gpt2/tables/iso_gpt2_pos.csv,bert/tables_POS/pos_bootstrap/pos_raw_iso_gpt2.csv
gpt2,GPT-2: MEAN vs LAST,pos,IsoScore,iso,iso,ADV,ADV,6,1.1467220247141086e-05,0.0013078207848593,31.0,30.0,plots_extra/metrics/features/pos/mean/gpt2/tables/iso_gpt2_pos.csv,bert/tables_POS/pos_bootstrap/pos_raw_iso_gpt2.csv
gpt2,GPT-2: MEAN vs LAST,pos,IsoScore,iso,iso,ADV,ADV,7,1.3980954463477246e-05,0.0013090521097183,36.0,36.0,plots_extra/metrics/features/pos/mean/gpt2/tables/iso_gpt2_pos.csv,bert/tables_POS/pos_bootstrap/pos_raw_iso_gpt2.csv
gpt2,GPT-2: MEAN vs LAST,pos,IsoScore,iso,iso,ADV,ADV,8,1.818718192225788e-05,0.0013111238367855,44.0,42.0,plots_extra/metrics/features/pos/mean/gpt2/tables/iso_gpt2_pos.csv,bert/tables_POS/pos_bootstrap/pos_raw_iso_gpt2.csv
gpt2,GPT-2: MEAN vs LAST,pos,IsoScore,iso,iso,ADV,ADV,9,2.4923874661908485e-05,0.0013144055847078,57.0,56.0,plots_extra/metrics/features/pos/mean/gpt2/tables/iso_gpt2_pos.csv,bert/tables_POS/pos_bootstrap/pos_raw_iso_gpt2.csv
gpt2,GPT-2: MEAN vs LAST,pos,IsoScore,iso,iso,ADV,ADV,10,3.578211908461526e-05,0.0013197837397456,72.0,72.0,plots_extra/metrics/features/pos/mean/gpt2/tables/iso_gpt2_pos.csv,bert/tables_POS/pos_bootstrap/pos_raw_iso_gpt2.csv
gpt2,GPT-2: MEAN vs LAST,pos,IsoScore,iso,iso,ADV,ADV,11,5.7395453040953726e-05,0.0013305213069543,91.0,89.0,plots_extra/metrics/features/pos/mean/gpt2/tables/iso_gpt2_pos.csv,bert/tables_POS/pos_bootstrap/pos_raw_iso_gpt2.csv
gpt2,GPT-2: MEAN vs LAST,pos,IsoScore,iso,iso,ADV,ADV,12,0.0005141964647918,0.0015422465512529,131.0,131.0,plots_extra/metrics/features/pos/mean/gpt2/tables/iso_gpt2_pos.csv,bert/tables_POS/pos_bootstrap/pos_raw_iso_gpt2.csv
gpt2,GPT-2: MEAN vs LAST,pos,IsoScore,iso,iso,AUX,AUX,0,0.0077238315716385,0.0045107286423444,161.0,161.0,plots_extra/metrics/features/pos/mean/gpt2/tables/iso_gpt2_pos.csv,bert/tables_POS/pos_bootstrap/pos_raw_iso_gpt2.csv
gpt2,GPT-2: MEAN vs LAST,pos,IsoScore,iso,iso,AUX,AUX,1,0.0040048481896519,0.0028648655861616,156.0,156.0,plots_extra/metrics/features/pos/mean/gpt2/tables/iso_gpt2_pos.csv,bert/tables_POS/pos_bootstrap/pos_raw_iso_gpt2.csv
gpt2,GPT-2: MEAN vs LAST,pos,IsoScore,iso,iso,AUX,AUX,2,0.000176992471097,0.0013955434551462,118.0,119.0,plots_extra/metrics/features/pos/mean/gpt2/tables/iso_gpt2_pos.csv,bert/tables_POS/pos_bootstrap/pos_raw_iso_gpt2.csv
gpt2,GPT-2: MEAN vs LAST,pos,IsoScore,iso,iso,AUX,AUX,3,1.3757335182162931e-05,0.0013095646863803,35.0,38.0,plots_extra/metrics/features/pos/mean/gpt2/tables/iso_gpt2_pos.csv,bert/tables_POS/pos_bootstrap/pos_raw_iso_gpt2.csv
gpt2,GPT-2: MEAN vs LAST,pos,IsoScore,iso,iso,AUX,AUX,4,1.6694095393177122e-05,0.001311125117354,41.0,43.0,plots_extra/metrics/features/pos/mean/gpt2/tables/iso_gpt2_pos.csv,bert/tables_POS/pos_bootstrap/pos_raw_iso_gpt2.csv
gpt2,GPT-2: MEAN vs LAST,pos,IsoScore,iso,iso,AUX,AUX,5,2.0263527403585613e-05,0.0013130799634382,50.0,52.0,plots_extra/metrics/features/pos/mean/gpt2/tables/iso_gpt2_pos.csv,bert/tables_POS/pos_bootstrap/pos_raw_iso_gpt2.csv
gpt2,GPT-2: MEAN vs LAST,pos,IsoScore,iso,iso,AUX,AUX,6,2.466535624989774e-05,0.0013154805637896,56.0,58.0,plots_extra/metrics/features/pos/mean/gpt2/tables/iso_gpt2_pos.csv,bert/tables_POS/pos_bootstrap/pos_raw_iso_gpt2.csv
gpt2,GPT-2: MEAN vs LAST,pos,IsoScore,iso,iso,AUX,AUX,7,3.272639150964096e-05,0.0013197525404393,68.0,71.0,plots_extra/metrics/features/pos/mean/gpt2/tables/iso_gpt2_pos.csv,bert/tables_POS/pos_bootstrap/pos_raw_iso_gpt2.csv
gpt2,GPT-2: MEAN vs LAST,pos,IsoScore,iso,iso,AUX,AUX,8,4.599363455781713e-05,0.0013267548056319,82.0,84.0,plots_extra/metrics/features/pos/mean/gpt2/tables/iso_gpt2_pos.csv,bert/tables_POS/pos_bootstrap/pos_raw_iso_gpt2.csv
gpt2,GPT-2: MEAN vs LAST,pos,IsoScore,iso,iso,AUX,AUX,9,6.93661640980281e-05,0.001339026261121,98.0,98.0,plots_extra/metrics/features/pos/mean/gpt2/tables/iso_gpt2_pos.csv,bert/tables_POS/pos_bootstrap/pos_raw_iso_gpt2.csv
gpt2,GPT-2: MEAN vs LAST,pos,IsoScore,iso,iso,AUX,AUX,10,0.0001099331420846,0.0013597987126559,111.0,110.0,plots_extra/metrics/features/pos/mean/gpt2/tables/iso_gpt2_pos.csv,bert/tables_POS/pos_bootstrap/pos_raw_iso_gpt2.csv
gpt2,GPT-2: MEAN vs LAST,pos,IsoScore,iso,iso,AUX,AUX,11,0.0001808044908102,0.001394368824549,120.0,118.0,plots_extra/metrics/features/pos/mean/gpt2/tables/iso_gpt2_pos.csv,bert/tables_POS/pos_bootstrap/pos_raw_iso_gpt2.csv
gpt2,GPT-2: MEAN vs LAST,pos,IsoScore,iso,iso,AUX,AUX,12,0.0012697929050773,0.0017260763561353,148.0,143.0,plots_extra/metrics/features/pos/mean/gpt2/tables/iso_gpt2_pos.csv,bert/tables_POS/pos_bootstrap/pos_raw_iso_gpt2.csv
gpt2,GPT-2: MEAN vs LAST,pos,IsoScore,iso,iso,CCONJ,CCONJ,0,0.0028133154846727,0.0027072192169725,153.0,154.0,plots_extra/metrics/features/pos/mean/gpt2/tables/iso_gpt2_pos.csv,bert/tables_POS/pos_bootstrap/pos_raw_iso_gpt2.csv
gpt2,GPT-2: MEAN vs LAST,pos,IsoScore,iso,iso,CCONJ,CCONJ,1,0.0010183322010561,0.001808772329241,146.0,147.0,plots_extra/metrics/features/pos/mean/gpt2/tables/iso_gpt2_pos.csv,bert/tables_POS/pos_bootstrap/pos_raw_iso_gpt2.csv
gpt2,GPT-2: MEAN vs LAST,pos,IsoScore,iso,iso,CCONJ,CCONJ,2,4.90564780193381e-05,0.0013289781054481,84.0,88.0,plots_extra/metrics/features/pos/mean/gpt2/tables/iso_gpt2_pos.csv,bert/tables_POS/pos_bootstrap/pos_raw_iso_gpt2.csv
gpt2,GPT-2: MEAN vs LAST,pos,IsoScore,iso,iso,CCONJ,CCONJ,3,4.451944732863922e-06,0.0013045306550338,9.0,10.0,plots_extra/metrics/features/pos/mean/gpt2/tables/iso_gpt2_pos.csv,bert/tables_POS/pos_bootstrap/pos_raw_iso_gpt2.csv
gpt2,GPT-2: MEAN vs LAST,pos,IsoScore,iso,iso,CCONJ,CCONJ,4,6.032828878232976e-06,0.0013053901493549,15.0,17.0,plots_extra/metrics/features/pos/mean/gpt2/tables/iso_gpt2_pos.csv,bert/tables_POS/pos_bootstrap/pos_raw_iso_gpt2.csv
gpt2,GPT-2: MEAN vs LAST,pos,IsoScore,iso,iso,CCONJ,CCONJ,5,8.004824849194847e-06,0.0013064794475212,22.0,24.0,plots_extra/metrics/features/pos/mean/gpt2/tables/iso_gpt2_pos.csv,bert/tables_POS/pos_bootstrap/pos_raw_iso_gpt2.csv
gpt2,GPT-2: MEAN vs LAST,pos,IsoScore,iso,iso,CCONJ,CCONJ,6,1.0736087460827548e-05,0.0013079500058665,30.0,31.0,plots_extra/metrics/features/pos/mean/gpt2/tables/iso_gpt2_pos.csv,bert/tables_POS/pos_bootstrap/pos_raw_iso_gpt2.csv
gpt2,GPT-2: MEAN vs LAST,pos,IsoScore,iso,iso,CCONJ,CCONJ,7,1.663989132794086e-05,0.0013111808802932,40.0,44.0,plots_extra/metrics/features/pos/mean/gpt2/tables/iso_gpt2_pos.csv,bert/tables_POS/pos_bootstrap/pos_raw_iso_gpt2.csv
gpt2,GPT-2: MEAN vs LAST,pos,IsoScore,iso,iso,CCONJ,CCONJ,8,2.458097515045665e-05,0.0013155069900676,55.0,59.0,plots_extra/metrics/features/pos/mean/gpt2/tables/iso_gpt2_pos.csv,bert/tables_POS/pos_bootstrap/pos_raw_iso_gpt2.csv
gpt2,GPT-2: MEAN vs LAST,pos,IsoScore,iso,iso,CCONJ,CCONJ,9,3.8931280869292095e-05,0.0013232978526502,76.0,78.0,plots_extra/metrics/features/pos/mean/gpt2/tables/iso_gpt2_pos.csv,bert/tables_POS/pos_bootstrap/pos_raw_iso_gpt2.csv
gpt2,GPT-2: MEAN vs LAST,pos,IsoScore,iso,iso,CCONJ,CCONJ,10,6.075964847696014e-05,0.0013351212255656,92.0,94.0,plots_extra/metrics/features/pos/mean/gpt2/tables/iso_gpt2_pos.csv,bert/tables_POS/pos_bootstrap/pos_raw_iso_gpt2.csv
gpt2,GPT-2: MEAN vs LAST,pos,IsoScore,iso,iso,CCONJ,CCONJ,11,9.931749809766188e-05,0.0013558883219957,108.0,108.0,plots_extra/metrics/features/pos/mean/gpt2/tables/iso_gpt2_pos.csv,bert/tables_POS/pos_bootstrap/pos_raw_iso_gpt2.csv
gpt2,GPT-2: MEAN vs LAST,pos,IsoScore,iso,iso,CCONJ,CCONJ,12,0.0005851866444572,0.0015651189023628,134.0,133.0,plots_extra/metrics/features/pos/mean/gpt2/tables/iso_gpt2_pos.csv,bert/tables_POS/pos_bootstrap/pos_raw_iso_gpt2.csv
gpt2,GPT-2: MEAN vs LAST,pos,IsoScore,iso,iso,DET,DET,0,0.0020193578675389,0.0021656637545675,150.0,150.0,plots_extra/metrics/features/pos/mean/gpt2/tables/iso_gpt2_pos.csv,bert/tables_POS/pos_bootstrap/pos_raw_iso_gpt2.csv
gpt2,GPT-2: MEAN vs LAST,pos,IsoScore,iso,iso,DET,DET,1,0.0007049708510749,0.0016239758115261,137.0,137.0,plots_extra/metrics/features/pos/mean/gpt2/tables/iso_gpt2_pos.csv,bert/tables_POS/pos_bootstrap/pos_raw_iso_gpt2.csv
gpt2,GPT-2: MEAN vs LAST,pos,IsoScore,iso,iso,DET,DET,2,3.5824668884743005e-05,0.001319631235674,73.0,70.0,plots_extra/metrics/features/pos/mean/gpt2/tables/iso_gpt2_pos.csv,bert/tables_POS/pos_bootstrap/pos_raw_iso_gpt2.csv
gpt2,GPT-2: MEAN vs LAST,pos,IsoScore,iso,iso,DET,DET,3,3.155637386953458e-06,0.0013036215677857,3.0,4.0,plots_extra/metrics/features/pos/mean/gpt2/tables/iso_gpt2_pos.csv,bert/tables_POS/pos_bootstrap/pos_raw_iso_gpt2.csv
gpt2,GPT-2: MEAN vs LAST,pos,IsoScore,iso,iso,DET,DET,4,4.032028755318606e-06,0.0013040341436862,7.0,7.0,plots_extra/metrics/features/pos/mean/gpt2/tables/iso_gpt2_pos.csv,bert/tables_POS/pos_bootstrap/pos_raw_iso_gpt2.csv
gpt2,GPT-2: MEAN vs LAST,pos,IsoScore,iso,iso,DET,DET,5,5.170951226318721e-06,0.0013045640662312,11.0,11.0,plots_extra/metrics/features/pos/mean/gpt2/tables/iso_gpt2_pos.csv,bert/tables_POS/pos_bootstrap/pos_raw_iso_gpt2.csv
gpt2,GPT-2: MEAN vs LAST,pos,IsoScore,iso,iso,DET,DET,6,6.861618658149382e-06,0.0013053555740043,17.0,16.0,plots_extra/metrics/features/pos/mean/gpt2/tables/iso_gpt2_pos.csv,bert/tables_POS/pos_bootstrap/pos_raw_iso_gpt2.csv
gpt2,GPT-2: MEAN vs LAST,pos,IsoScore,iso,iso,DET,DET,7,8.966794666775968e-06,0.0013063325313851,24.0,22.0,plots_extra/metrics/features/pos/mean/gpt2/tables/iso_gpt2_pos.csv,bert/tables_POS/pos_bootstrap/pos_raw_iso_gpt2.csv
gpt2,GPT-2: MEAN vs LAST,pos,IsoScore,iso,iso,DET,DET,8,1.259425607713638e-05,0.0013080217177048,33.0,33.0,plots_extra/metrics/features/pos/mean/gpt2/tables/iso_gpt2_pos.csv,bert/tables_POS/pos_bootstrap/pos_raw_iso_gpt2.csv
gpt2,GPT-2: MEAN vs LAST,pos,IsoScore,iso,iso,DET,DET,9,1.9385332052479495e-05,0.0013111840235069,46.0,45.0,plots_extra/metrics/features/pos/mean/gpt2/tables/iso_gpt2_pos.csv,bert/tables_POS/pos_bootstrap/pos_raw_iso_gpt2.csv
gpt2,GPT-2: MEAN vs LAST,pos,IsoScore,iso,iso,DET,DET,10,3.0684968805871904e-05,0.0013164797564968,64.0,64.0,plots_extra/metrics/features/pos/mean/gpt2/tables/iso_gpt2_pos.csv,bert/tables_POS/pos_bootstrap/pos_raw_iso_gpt2.csv
gpt2,GPT-2: MEAN vs LAST,pos,IsoScore,iso,iso,DET,DET,11,4.934416574542411e-05,0.0013251887867227,86.0,82.0,plots_extra/metrics/features/pos/mean/gpt2/tables/iso_gpt2_pos.csv,bert/tables_POS/pos_bootstrap/pos_raw_iso_gpt2.csv
gpt2,GPT-2: MEAN vs LAST,pos,IsoScore,iso,iso,DET,DET,12,0.0006382974097505,0.0015847033355385,135.0,136.0,plots_extra/metrics/features/pos/mean/gpt2/tables/iso_gpt2_pos.csv,bert/tables_POS/pos_bootstrap/pos_raw_iso_gpt2.csv
gpt2,GPT-2: MEAN vs LAST,pos,IsoScore,iso,iso,NOUN,NOUN,0,0.0409045107662677,0.0094796083867549,169.0,169.0,plots_extra/metrics/features/pos/mean/gpt2/tables/iso_gpt2_pos.csv,bert/tables_POS/pos_bootstrap/pos_raw_iso_gpt2.csv
gpt2,GPT-2: MEAN vs LAST,pos,IsoScore,iso,iso,NOUN,NOUN,1,0.0372492261230945,0.0092535009607672,168.0,168.0,plots_extra/metrics/features/pos/mean/gpt2/tables/iso_gpt2_pos.csv,bert/tables_POS/pos_bootstrap/pos_raw_iso_gpt2.csv
gpt2,GPT-2: MEAN vs LAST,pos,IsoScore,iso,iso,NOUN,NOUN,2,0.0009556116419844,0.0017615256365388,143.0,146.0,plots_extra/metrics/features/pos/mean/gpt2/tables/iso_gpt2_pos.csv,bert/tables_POS/pos_bootstrap/pos_raw_iso_gpt2.csv
gpt2,GPT-2: MEAN vs LAST,pos,IsoScore,iso,iso,NOUN,NOUN,3,6.357744859997183e-05,0.0013374591944739,94.0,97.0,plots_extra/metrics/features/pos/mean/gpt2/tables/iso_gpt2_pos.csv,bert/tables_POS/pos_bootstrap/pos_raw_iso_gpt2.csv
gpt2,GPT-2: MEAN vs LAST,pos,IsoScore,iso,iso,NOUN,NOUN,4,7.178077794378623e-05,0.0013418295420706,99.0,100.0,plots_extra/metrics/features/pos/mean/gpt2/tables/iso_gpt2_pos.csv,bert/tables_POS/pos_bootstrap/pos_raw_iso_gpt2.csv
gpt2,GPT-2: MEAN vs LAST,pos,IsoScore,iso,iso,NOUN,NOUN,5,7.89851910667494e-05,0.0013456045417115,101.0,102.0,plots_extra/metrics/features/pos/mean/gpt2/tables/iso_gpt2_pos.csv,bert/tables_POS/pos_bootstrap/pos_raw_iso_gpt2.csv
gpt2,GPT-2: MEAN vs LAST,pos,IsoScore,iso,iso,NOUN,NOUN,6,9.028110798681156e-05,0.0013516158796846,105.0,107.0,plots_extra/metrics/features/pos/mean/gpt2/tables/iso_gpt2_pos.csv,bert/tables_POS/pos_bootstrap/pos_raw_iso_gpt2.csv
gpt2,GPT-2: MEAN vs LAST,pos,IsoScore,iso,iso,NOUN,NOUN,7,0.0001079171415767,0.0013609592569991,109.0,111.0,plots_extra/metrics/features/pos/mean/gpt2/tables/iso_gpt2_pos.csv,bert/tables_POS/pos_bootstrap/pos_raw_iso_gpt2.csv
gpt2,GPT-2: MEAN vs LAST,pos,IsoScore,iso,iso,NOUN,NOUN,8,0.0001375301799271,0.0013768402859568,115.0,116.0,plots_extra/metrics/features/pos/mean/gpt2/tables/iso_gpt2_pos.csv,bert/tables_POS/pos_bootstrap/pos_raw_iso_gpt2.csv
gpt2,GPT-2: MEAN vs LAST,pos,IsoScore,iso,iso,NOUN,NOUN,9,0.0001776147109922,0.0013978140195831,119.0,120.0,plots_extra/metrics/features/pos/mean/gpt2/tables/iso_gpt2_pos.csv,bert/tables_POS/pos_bootstrap/pos_raw_iso_gpt2.csv
gpt2,GPT-2: MEAN vs LAST,pos,IsoScore,iso,iso,NOUN,NOUN,10,0.0002420370728941,0.0014316849410533,125.0,126.0,plots_extra/metrics/features/pos/mean/gpt2/tables/iso_gpt2_pos.csv,bert/tables_POS/pos_bootstrap/pos_raw_iso_gpt2.csv
gpt2,GPT-2: MEAN vs LAST,pos,IsoScore,iso,iso,NOUN,NOUN,11,0.0003740107349585,0.0015006026951596,128.0,130.0,plots_extra/metrics/features/pos/mean/gpt2/tables/iso_gpt2_pos.csv,bert/tables_POS/pos_bootstrap/pos_raw_iso_gpt2.csv
gpt2,GPT-2: MEAN vs LAST,pos,IsoScore,iso,iso,NOUN,NOUN,12,0.0008375463075935,0.0016638999804854,139.0,140.0,plots_extra/metrics/features/pos/mean/gpt2/tables/iso_gpt2_pos.csv,bert/tables_POS/pos_bootstrap/pos_raw_iso_gpt2.csv
gpt2,GPT-2: MEAN vs LAST,pos,IsoScore,iso,iso,NUM,NUM,0,0.0039106179028749,0.0027805436402559,155.0,155.0,plots_extra/metrics/features/pos/mean/gpt2/tables/iso_gpt2_pos.csv,bert/tables_POS/pos_bootstrap/pos_raw_iso_gpt2.csv
gpt2,GPT-2: MEAN vs LAST,pos,IsoScore,iso,iso,NUM,NUM,1,0.0012686941772699,0.0018560638418421,147.0,148.0,plots_extra/metrics/features/pos/mean/gpt2/tables/iso_gpt2_pos.csv,bert/tables_POS/pos_bootstrap/pos_raw_iso_gpt2.csv
gpt2,GPT-2: MEAN vs LAST,pos,IsoScore,iso,iso,NUM,NUM,2,6.635781755903736e-05,0.0013354810653254,97.0,95.0,plots_extra/metrics/features/pos/mean/gpt2/tables/iso_gpt2_pos.csv,bert/tables_POS/pos_bootstrap/pos_raw_iso_gpt2.csv
gpt2,GPT-2: MEAN vs LAST,pos,IsoScore,iso,iso,NUM,NUM,3,5.489622708410025e-06,0.0013048916589468,13.0,13.0,plots_extra/metrics/features/pos/mean/gpt2/tables/iso_gpt2_pos.csv,bert/tables_POS/pos_bootstrap/pos_raw_iso_gpt2.csv
gpt2,GPT-2: MEAN vs LAST,pos,IsoScore,iso,iso,NUM,NUM,4,6.52239759801887e-06,0.0013054066803306,16.0,18.0,plots_extra/metrics/features/pos/mean/gpt2/tables/iso_gpt2_pos.csv,bert/tables_POS/pos_bootstrap/pos_raw_iso_gpt2.csv
gpt2,GPT-2: MEAN vs LAST,pos,IsoScore,iso,iso,NUM,NUM,5,7.653003194718622e-06,0.0013059494085609,21.0,21.0,plots_extra/metrics/features/pos/mean/gpt2/tables/iso_gpt2_pos.csv,bert/tables_POS/pos_bootstrap/pos_raw_iso_gpt2.csv
gpt2,GPT-2: MEAN vs LAST,pos,IsoScore,iso,iso,NUM,NUM,6,9.404481716046575e-06,0.0013068093685433,25.0,25.0,plots_extra/metrics/features/pos/mean/gpt2/tables/iso_gpt2_pos.csv,bert/tables_POS/pos_bootstrap/pos_raw_iso_gpt2.csv
gpt2,GPT-2: MEAN vs LAST,pos,IsoScore,iso,iso,NUM,NUM,7,1.1863366125908216e-05,0.0013079687487334,32.0,32.0,plots_extra/metrics/features/pos/mean/gpt2/tables/iso_gpt2_pos.csv,bert/tables_POS/pos_bootstrap/pos_raw_iso_gpt2.csv
gpt2,GPT-2: MEAN vs LAST,pos,IsoScore,iso,iso,NUM,NUM,8,1.6031632185331546e-05,0.0013099642237648,39.0,39.0,plots_extra/metrics/features/pos/mean/gpt2/tables/iso_gpt2_pos.csv,bert/tables_POS/pos_bootstrap/pos_raw_iso_gpt2.csv
gpt2,GPT-2: MEAN vs LAST,pos,IsoScore,iso,iso,NUM,NUM,9,2.1593084966298196e-05,0.0013126000994816,51.0,51.0,plots_extra/metrics/features/pos/mean/gpt2/tables/iso_gpt2_pos.csv,bert/tables_POS/pos_bootstrap/pos_raw_iso_gpt2.csv
gpt2,GPT-2: MEAN vs LAST,pos,IsoScore,iso,iso,NUM,NUM,10,3.100980757153593e-05,0.0013171443715691,65.0,65.0,plots_extra/metrics/features/pos/mean/gpt2/tables/iso_gpt2_pos.csv,bert/tables_POS/pos_bootstrap/pos_raw_iso_gpt2.csv
gpt2,GPT-2: MEAN vs LAST,pos,IsoScore,iso,iso,NUM,NUM,11,4.909954805043526e-05,0.0013254878576844,85.0,83.0,plots_extra/metrics/features/pos/mean/gpt2/tables/iso_gpt2_pos.csv,bert/tables_POS/pos_bootstrap/pos_raw_iso_gpt2.csv
gpt2,GPT-2: MEAN vs LAST,pos,IsoScore,iso,iso,NUM,NUM,12,0.000809522694908,0.001578923780471,138.0,135.0,plots_extra/metrics/features/pos/mean/gpt2/tables/iso_gpt2_pos.csv,bert/tables_POS/pos_bootstrap/pos_raw_iso_gpt2.csv
gpt2,GPT-2: MEAN vs LAST,pos,IsoScore,iso,iso,PRON,PRON,0,0.0018080149311572,0.0020296901930123,149.0,149.0,plots_extra/metrics/features/pos/mean/gpt2/tables/iso_gpt2_pos.csv,bert/tables_POS/pos_bootstrap/pos_raw_iso_gpt2.csv
gpt2,GPT-2: MEAN vs LAST,pos,IsoScore,iso,iso,PRON,PRON,1,0.0005718980683013,0.0015581777552142,133.0,132.0,plots_extra/metrics/features/pos/mean/gpt2/tables/iso_gpt2_pos.csv,bert/tables_POS/pos_bootstrap/pos_raw_iso_gpt2.csv
gpt2,GPT-2: MEAN vs LAST,pos,IsoScore,iso,iso,PRON,PRON,2,2.9570164770120755e-05,0.0013161450624465,63.0,61.0,plots_extra/metrics/features/pos/mean/gpt2/tables/iso_gpt2_pos.csv,bert/tables_POS/pos_bootstrap/pos_raw_iso_gpt2.csv
gpt2,GPT-2: MEAN vs LAST,pos,IsoScore,iso,iso,PRON,PRON,3,2.316730615348206e-06,0.0013031808193773,1.0,1.0,plots_extra/metrics/features/pos/mean/gpt2/tables/iso_gpt2_pos.csv,bert/tables_POS/pos_bootstrap/pos_raw_iso_gpt2.csv
gpt2,GPT-2: MEAN vs LAST,pos,IsoScore,iso,iso,PRON,PRON,4,2.729158268266474e-06,0.0013033653376623,2.0,2.0,plots_extra/metrics/features/pos/mean/gpt2/tables/iso_gpt2_pos.csv,bert/tables_POS/pos_bootstrap/pos_raw_iso_gpt2.csv
gpt2,GPT-2: MEAN vs LAST,pos,IsoScore,iso,iso,PRON,PRON,5,3.2429529710498173e-06,0.0013035961892455,4.0,3.0,plots_extra/metrics/features/pos/mean/gpt2/tables/iso_gpt2_pos.csv,bert/tables_POS/pos_bootstrap/pos_raw_iso_gpt2.csv
gpt2,GPT-2: MEAN vs LAST,pos,IsoScore,iso,iso,PRON,PRON,6,4.07778406952275e-06,0.0013039670884609,8.0,6.0,plots_extra/metrics/features/pos/mean/gpt2/tables/iso_gpt2_pos.csv,bert/tables_POS/pos_bootstrap/pos_raw_iso_gpt2.csv
gpt2,GPT-2: MEAN vs LAST,pos,IsoScore,iso,iso,PRON,PRON,7,5.185693680687109e-06,0.0013044634833931,12.0,9.0,plots_extra/metrics/features/pos/mean/gpt2/tables/iso_gpt2_pos.csv,bert/tables_POS/pos_bootstrap/pos_raw_iso_gpt2.csv
gpt2,GPT-2: MEAN vs LAST,pos,IsoScore,iso,iso,PRON,PRON,8,7.095875389495632e-06,0.0013053263537585,18.0,15.0,plots_extra/metrics/features/pos/mean/gpt2/tables/iso_gpt2_pos.csv,bert/tables_POS/pos_bootstrap/pos_raw_iso_gpt2.csv
gpt2,GPT-2: MEAN vs LAST,pos,IsoScore,iso,iso,PRON,PRON,9,1.0434113391966092e-05,0.0013068119296804,28.0,26.0,plots_extra/metrics/features/pos/mean/gpt2/tables/iso_gpt2_pos.csv,bert/tables_POS/pos_bootstrap/pos_raw_iso_gpt2.csv
gpt2,GPT-2: MEAN vs LAST,pos,IsoScore,iso,iso,PRON,PRON,10,1.5676680050091818e-05,0.0013091840082779,38.0,37.0,plots_extra/metrics/features/pos/mean/gpt2/tables/iso_gpt2_pos.csv,bert/tables_POS/pos_bootstrap/pos_raw_iso_gpt2.csv
gpt2,GPT-2: MEAN vs LAST,pos,IsoScore,iso,iso,PRON,PRON,11,2.588251663837582e-05,0.0013137707719579,58.0,53.0,plots_extra/metrics/features/pos/mean/gpt2/tables/iso_gpt2_pos.csv,bert/tables_POS/pos_bootstrap/pos_raw_iso_gpt2.csv
gpt2,GPT-2: MEAN vs LAST,pos,IsoScore,iso,iso,PRON,PRON,12,0.0003075278073083,0.0014389241114258,127.0,127.0,plots_extra/metrics/features/pos/mean/gpt2/tables/iso_gpt2_pos.csv,bert/tables_POS/pos_bootstrap/pos_raw_iso_gpt2.csv
gpt2,GPT-2: MEAN vs LAST,pos,IsoScore,iso,iso,PROPN,PROPN,0,0.0146329831331968,0.0061107017099857,164.0,165.0,plots_extra/metrics/features/pos/mean/gpt2/tables/iso_gpt2_pos.csv,bert/tables_POS/pos_bootstrap/pos_raw_iso_gpt2.csv
gpt2,GPT-2: MEAN vs LAST,pos,IsoScore,iso,iso,PROPN,PROPN,1,0.0061258561909198,0.0032716819550842,159.0,158.0,plots_extra/metrics/features/pos/mean/gpt2/tables/iso_gpt2_pos.csv,bert/tables_POS/pos_bootstrap/pos_raw_iso_gpt2.csv
gpt2,GPT-2: MEAN vs LAST,pos,IsoScore,iso,iso,PROPN,PROPN,2,0.0002307265967829,0.0014202331658452,123.0,123.0,plots_extra/metrics/features/pos/mean/gpt2/tables/iso_gpt2_pos.csv,bert/tables_POS/pos_bootstrap/pos_raw_iso_gpt2.csv
gpt2,GPT-2: MEAN vs LAST,pos,IsoScore,iso,iso,PROPN,PROPN,3,1.6757343473727815e-05,0.0013110325671732,42.0,41.0,plots_extra/metrics/features/pos/mean/gpt2/tables/iso_gpt2_pos.csv,bert/tables_POS/pos_bootstrap/pos_raw_iso_gpt2.csv
gpt2,GPT-2: MEAN vs LAST,pos,IsoScore,iso,iso,PROPN,PROPN,4,1.820700344978832e-05,0.0013118116185069,45.0,46.0,plots_extra/metrics/features/pos/mean/gpt2/tables/iso_gpt2_pos.csv,bert/tables_POS/pos_bootstrap/pos_raw_iso_gpt2.csv
gpt2,GPT-2: MEAN vs LAST,pos,IsoScore,iso,iso,PROPN,PROPN,5,1.9555618564481847e-05,0.001312555395998,47.0,50.0,plots_extra/metrics/features/pos/mean/gpt2/tables/iso_gpt2_pos.csv,bert/tables_POS/pos_bootstrap/pos_raw_iso_gpt2.csv
gpt2,GPT-2: MEAN vs LAST,pos,IsoScore,iso,iso,PROPN,PROPN,6,2.2247801098274067e-05,0.0013139793882146,52.0,54.0,plots_extra/metrics/features/pos/mean/gpt2/tables/iso_gpt2_pos.csv,bert/tables_POS/pos_bootstrap/pos_raw_iso_gpt2.csv
gpt2,GPT-2: MEAN vs LAST,pos,IsoScore,iso,iso,PROPN,PROPN,7,2.631609640957322e-05,0.0013160479720681,59.0,60.0,plots_extra/metrics/features/pos/mean/gpt2/tables/iso_gpt2_pos.csv,bert/tables_POS/pos_bootstrap/pos_raw_iso_gpt2.csv
gpt2,GPT-2: MEAN vs LAST,pos,IsoScore,iso,iso,PROPN,PROPN,8,3.298913725302555e-05,0.0013195258798077,69.0,69.0,plots_extra/metrics/features/pos/mean/gpt2/tables/iso_gpt2_pos.csv,bert/tables_POS/pos_bootstrap/pos_raw_iso_gpt2.csv
gpt2,GPT-2: MEAN vs LAST,pos,IsoScore,iso,iso,PROPN,PROPN,9,4.1366634832229465e-05,0.0013240632833912,79.0,79.0,plots_extra/metrics/features/pos/mean/gpt2/tables/iso_gpt2_pos.csv,bert/tables_POS/pos_bootstrap/pos_raw_iso_gpt2.csv
gpt2,GPT-2: MEAN vs LAST,pos,IsoScore,iso,iso,PROPN,PROPN,10,5.428432996268384e-05,0.0013314259704202,89.0,91.0,plots_extra/metrics/features/pos/mean/gpt2/tables/iso_gpt2_pos.csv,bert/tables_POS/pos_bootstrap/pos_raw_iso_gpt2.csv
gpt2,GPT-2: MEAN vs LAST,pos,IsoScore,iso,iso,PROPN,PROPN,11,7.805851055309176e-05,0.00134594948031,100.0,103.0,plots_extra/metrics/features/pos/mean/gpt2/tables/iso_gpt2_pos.csv,bert/tables_POS/pos_bootstrap/pos_raw_iso_gpt2.csv
gpt2,GPT-2: MEAN vs LAST,pos,IsoScore,iso,iso,PROPN,PROPN,12,0.0008966288296505,0.0016546649858355,141.0,139.0,plots_extra/metrics/features/pos/mean/gpt2/tables/iso_gpt2_pos.csv,bert/tables_POS/pos_bootstrap/pos_raw_iso_gpt2.csv
gpt2,GPT-2: MEAN vs LAST,pos,IsoScore,iso,iso,PUNCT,PUNCT,0,0.0082500856369733,0.0049272370524704,162.0,163.0,plots_extra/metrics/features/pos/mean/gpt2/tables/iso_gpt2_pos.csv,bert/tables_POS/pos_bootstrap/pos_raw_iso_gpt2.csv
gpt2,GPT-2: MEAN vs LAST,pos,IsoScore,iso,iso,PUNCT,PUNCT,1,0.0058340928517282,0.0034645111300051,158.0,159.0,plots_extra/metrics/features/pos/mean/gpt2/tables/iso_gpt2_pos.csv,bert/tables_POS/pos_bootstrap/pos_raw_iso_gpt2.csv
gpt2,GPT-2: MEAN vs LAST,pos,IsoScore,iso,iso,PUNCT,PUNCT,2,0.0002505302545614,0.0014247049111872,126.0,124.0,plots_extra/metrics/features/pos/mean/gpt2/tables/iso_gpt2_pos.csv,bert/tables_POS/pos_bootstrap/pos_raw_iso_gpt2.csv
gpt2,GPT-2: MEAN vs LAST,pos,IsoScore,iso,iso,PUNCT,PUNCT,3,2.021557156695053e-05,0.0013123290846124,49.0,48.0,plots_extra/metrics/features/pos/mean/gpt2/tables/iso_gpt2_pos.csv,bert/tables_POS/pos_bootstrap/pos_raw_iso_gpt2.csv
gpt2,GPT-2: MEAN vs LAST,pos,IsoScore,iso,iso,PUNCT,PUNCT,4,2.341123399673961e-05,0.0013140143128111,54.0,55.0,plots_extra/metrics/features/pos/mean/gpt2/tables/iso_gpt2_pos.csv,bert/tables_POS/pos_bootstrap/pos_raw_iso_gpt2.csv
gpt2,GPT-2: MEAN vs LAST,pos,IsoScore,iso,iso,PUNCT,PUNCT,5,2.801959271891974e-05,0.0013164294650778,61.0,63.0,plots_extra/metrics/features/pos/mean/gpt2/tables/iso_gpt2_pos.csv,bert/tables_POS/pos_bootstrap/pos_raw_iso_gpt2.csv
gpt2,GPT-2: MEAN vs LAST,pos,IsoScore,iso,iso,PUNCT,PUNCT,6,3.350109909661114e-05,0.0013192137703299,70.0,68.0,plots_extra/metrics/features/pos/mean/gpt2/tables/iso_gpt2_pos.csv,bert/tables_POS/pos_bootstrap/pos_raw_iso_gpt2.csv
gpt2,GPT-2: MEAN vs LAST,pos,IsoScore,iso,iso,PUNCT,PUNCT,7,4.473942317417823e-05,0.0013248859904706,81.0,80.0,plots_extra/metrics/features/pos/mean/gpt2/tables/iso_gpt2_pos.csv,bert/tables_POS/pos_bootstrap/pos_raw_iso_gpt2.csv
gpt2,GPT-2: MEAN vs LAST,pos,IsoScore,iso,iso,PUNCT,PUNCT,8,6.077018406358548e-05,0.0013328881468623,93.0,92.0,plots_extra/metrics/features/pos/mean/gpt2/tables/iso_gpt2_pos.csv,bert/tables_POS/pos_bootstrap/pos_raw_iso_gpt2.csv
gpt2,GPT-2: MEAN vs LAST,pos,IsoScore,iso,iso,PUNCT,PUNCT,9,8.5302563093137e-05,0.0013449522666633,103.0,101.0,plots_extra/metrics/features/pos/mean/gpt2/tables/iso_gpt2_pos.csv,bert/tables_POS/pos_bootstrap/pos_raw_iso_gpt2.csv
gpt2,GPT-2: MEAN vs LAST,pos,IsoScore,iso,iso,PUNCT,PUNCT,10,0.000123783480376,0.0013636285439133,112.0,113.0,plots_extra/metrics/features/pos/mean/gpt2/tables/iso_gpt2_pos.csv,bert/tables_POS/pos_bootstrap/pos_raw_iso_gpt2.csv
gpt2,GPT-2: MEAN vs LAST,pos,IsoScore,iso,iso,PUNCT,PUNCT,11,0.0002040643739746,0.0014024538686499,121.0,121.0,plots_extra/metrics/features/pos/mean/gpt2/tables/iso_gpt2_pos.csv,bert/tables_POS/pos_bootstrap/pos_raw_iso_gpt2.csv
gpt2,GPT-2: MEAN vs LAST,pos,IsoScore,iso,iso,PUNCT,PUNCT,12,0.000691074761562,0.0016484550433233,136.0,138.0,plots_extra/metrics/features/pos/mean/gpt2/tables/iso_gpt2_pos.csv,bert/tables_POS/pos_bootstrap/pos_raw_iso_gpt2.csv
gpt2,GPT-2: MEAN vs LAST,pos,IsoScore,iso,iso,SCONJ,SCONJ,0,0.0021146540530025,0.0022117195185273,151.0,152.0,plots_extra/metrics/features/pos/mean/gpt2/tables/iso_gpt2_pos.csv,bert/tables_POS/pos_bootstrap/pos_raw_iso_gpt2.csv
gpt2,GPT-2: MEAN vs LAST,pos,IsoScore,iso,iso,SCONJ,SCONJ,1,0.0009631876018829,0.001736706122756,144.0,144.0,plots_extra/metrics/features/pos/mean/gpt2/tables/iso_gpt2_pos.csv,bert/tables_POS/pos_bootstrap/pos_raw_iso_gpt2.csv
gpt2,GPT-2: MEAN vs LAST,pos,IsoScore,iso,iso,SCONJ,SCONJ,2,3.968365126638673e-05,0.0013225004076957,77.0,76.0,plots_extra/metrics/features/pos/mean/gpt2/tables/iso_gpt2_pos.csv,bert/tables_POS/pos_bootstrap/pos_raw_iso_gpt2.csv
gpt2,GPT-2: MEAN vs LAST,pos,IsoScore,iso,iso,SCONJ,SCONJ,3,3.290776703579468e-06,0.001303784083575,5.0,5.0,plots_extra/metrics/features/pos/mean/gpt2/tables/iso_gpt2_pos.csv,bert/tables_POS/pos_bootstrap/pos_raw_iso_gpt2.csv
gpt2,GPT-2: MEAN vs LAST,pos,IsoScore,iso,iso,SCONJ,SCONJ,4,4.027576778753428e-06,0.0013041674392297,6.0,8.0,plots_extra/metrics/features/pos/mean/gpt2/tables/iso_gpt2_pos.csv,bert/tables_POS/pos_bootstrap/pos_raw_iso_gpt2.csv
gpt2,GPT-2: MEAN vs LAST,pos,IsoScore,iso,iso,SCONJ,SCONJ,5,4.790023922396358e-06,0.0013045698869973,10.0,12.0,plots_extra/metrics/features/pos/mean/gpt2/tables/iso_gpt2_pos.csv,bert/tables_POS/pos_bootstrap/pos_raw_iso_gpt2.csv
gpt2,GPT-2: MEAN vs LAST,pos,IsoScore,iso,iso,SCONJ,SCONJ,6,5.860154487891123e-06,0.0013051315909251,14.0,14.0,plots_extra/metrics/features/pos/mean/gpt2/tables/iso_gpt2_pos.csv,bert/tables_POS/pos_bootstrap/pos_raw_iso_gpt2.csv
gpt2,GPT-2: MEAN vs LAST,pos,IsoScore,iso,iso,SCONJ,SCONJ,7,7.418782388413092e-06,0.0013059275224804,19.0,20.0,plots_extra/metrics/features/pos/mean/gpt2/tables/iso_gpt2_pos.csv,bert/tables_POS/pos_bootstrap/pos_raw_iso_gpt2.csv
gpt2,GPT-2: MEAN vs LAST,pos,IsoScore,iso,iso,SCONJ,SCONJ,8,9.60002034844365e-06,0.0013070473214611,26.0,29.0,plots_extra/metrics/features/pos/mean/gpt2/tables/iso_gpt2_pos.csv,bert/tables_POS/pos_bootstrap/pos_raw_iso_gpt2.csv
gpt2,GPT-2: MEAN vs LAST,pos,IsoScore,iso,iso,SCONJ,SCONJ,9,1.3177642358641606e-05,0.0013088872656226,34.0,35.0,plots_extra/metrics/features/pos/mean/gpt2/tables/iso_gpt2_pos.csv,bert/tables_POS/pos_bootstrap/pos_raw_iso_gpt2.csv
gpt2,GPT-2: MEAN vs LAST,pos,IsoScore,iso,iso,SCONJ,SCONJ,10,1.958773827936966e-05,0.0013122136006131,48.0,47.0,plots_extra/metrics/features/pos/mean/gpt2/tables/iso_gpt2_pos.csv,bert/tables_POS/pos_bootstrap/pos_raw_iso_gpt2.csv
gpt2,GPT-2: MEAN vs LAST,pos,IsoScore,iso,iso,SCONJ,SCONJ,11,3.1835908885113895e-05,0.0013184755807742,67.0,67.0,plots_extra/metrics/features/pos/mean/gpt2/tables/iso_gpt2_pos.csv,bert/tables_POS/pos_bootstrap/pos_raw_iso_gpt2.csv
gpt2,GPT-2: MEAN vs LAST,pos,IsoScore,iso,iso,SCONJ,SCONJ,12,0.0003994291182607,0.0014980369014665,130.0,129.0,plots_extra/metrics/features/pos/mean/gpt2/tables/iso_gpt2_pos.csv,bert/tables_POS/pos_bootstrap/pos_raw_iso_gpt2.csv
gpt2,GPT-2: MEAN vs LAST,pos,IsoScore,iso,iso,VERB,VERB,0,0.0218529161065816,0.0072729322127997,166.0,166.0,plots_extra/metrics/features/pos/mean/gpt2/tables/iso_gpt2_pos.csv,bert/tables_POS/pos_bootstrap/pos_raw_iso_gpt2.csv
gpt2,GPT-2: MEAN vs LAST,pos,IsoScore,iso,iso,VERB,VERB,1,0.0131394667550921,0.0045834085904061,163.0,162.0,plots_extra/metrics/features/pos/mean/gpt2/tables/iso_gpt2_pos.csv,bert/tables_POS/pos_bootstrap/pos_raw_iso_gpt2.csv
gpt2,GPT-2: MEAN vs LAST,pos,IsoScore,iso,iso,VERB,VERB,2,0.0003811347123701,0.0014826916158199,129.0,128.0,plots_extra/metrics/features/pos/mean/gpt2/tables/iso_gpt2_pos.csv,bert/tables_POS/pos_bootstrap/pos_raw_iso_gpt2.csv
gpt2,GPT-2: MEAN vs LAST,pos,IsoScore,iso,iso,VERB,VERB,3,2.7888823751709424e-05,0.0013161475071683,60.0,62.0,plots_extra/metrics/features/pos/mean/gpt2/tables/iso_gpt2_pos.csv,bert/tables_POS/pos_bootstrap/pos_raw_iso_gpt2.csv
gpt2,GPT-2: MEAN vs LAST,pos,IsoScore,iso,iso,VERB,VERB,4,3.1575422326568514e-05,0.0013179944362491,66.0,66.0,plots_extra/metrics/features/pos/mean/gpt2/tables/iso_gpt2_pos.csv,bert/tables_POS/pos_bootstrap/pos_raw_iso_gpt2.csv
gpt2,GPT-2: MEAN vs LAST,pos,IsoScore,iso,iso,VERB,VERB,5,3.545121944625862e-05,0.0013199619716033,71.0,74.0,plots_extra/metrics/features/pos/mean/gpt2/tables/iso_gpt2_pos.csv,bert/tables_POS/pos_bootstrap/pos_raw_iso_gpt2.csv
gpt2,GPT-2: MEAN vs LAST,pos,IsoScore,iso,iso,VERB,VERB,6,4.11877736041788e-05,0.0013228214811533,78.0,77.0,plots_extra/metrics/features/pos/mean/gpt2/tables/iso_gpt2_pos.csv,bert/tables_POS/pos_bootstrap/pos_raw_iso_gpt2.csv
gpt2,GPT-2: MEAN vs LAST,pos,IsoScore,iso,iso,VERB,VERB,7,5.083374708192423e-05,0.0013276389800012,87.0,86.0,plots_extra/metrics/features/pos/mean/gpt2/tables/iso_gpt2_pos.csv,bert/tables_POS/pos_bootstrap/pos_raw_iso_gpt2.csv
gpt2,GPT-2: MEAN vs LAST,pos,IsoScore,iso,iso,VERB,VERB,8,6.580467743333429e-05,0.0013350412482395,96.0,93.0,plots_extra/metrics/features/pos/mean/gpt2/tables/iso_gpt2_pos.csv,bert/tables_POS/pos_bootstrap/pos_raw_iso_gpt2.csv
gpt2,GPT-2: MEAN vs LAST,pos,IsoScore,iso,iso,VERB,VERB,9,9.133934509009124e-05,0.0013476711465045,106.0,105.0,plots_extra/metrics/features/pos/mean/gpt2/tables/iso_gpt2_pos.csv,bert/tables_POS/pos_bootstrap/pos_raw_iso_gpt2.csv
gpt2,GPT-2: MEAN vs LAST,pos,IsoScore,iso,iso,VERB,VERB,10,0.0001335951674263,0.0013683312572538,114.0,115.0,plots_extra/metrics/features/pos/mean/gpt2/tables/iso_gpt2_pos.csv,bert/tables_POS/pos_bootstrap/pos_raw_iso_gpt2.csv
gpt2,GPT-2: MEAN vs LAST,pos,IsoScore,iso,iso,VERB,VERB,11,0.0002098535187542,0.001405416871421,122.0,122.0,plots_extra/metrics/features/pos/mean/gpt2/tables/iso_gpt2_pos.csv,bert/tables_POS/pos_bootstrap/pos_raw_iso_gpt2.csv
gpt2,GPT-2: MEAN vs LAST,pos,IsoScore,iso,iso,VERB,VERB,12,0.0008576494874432,0.001717843231745,140.0,142.0,plots_extra/metrics/features/pos/mean/gpt2/tables/iso_gpt2_pos.csv,bert/tables_POS/pos_bootstrap/pos_raw_iso_gpt2.csv
gpt2,GPT-2: MEAN vs LAST,pos,LID,lpca99,lpca99,ADJ,ADJ,0,513.625,300.0,165.0,164.0,plots_extra/metrics/features/pos/mean/gpt2/tables/lpca99_gpt2_pos.csv,bert/tables_POS/pos_bootstrap/pos_raw_lpca99_gpt2.csv
gpt2,GPT-2: MEAN vs LAST,pos,LID,lpca99,lpca99,ADJ,ADJ,1,448.375,296.0,163.0,163.0,plots_extra/metrics/features/pos/mean/gpt2/tables/lpca99_gpt2_pos.csv,bert/tables_POS/pos_bootstrap/pos_raw_lpca99_gpt2.csv
gpt2,GPT-2: MEAN vs LAST,pos,LID,lpca99,lpca99,ADJ,ADJ,2,252.125,187.0,155.0,155.0,plots_extra/metrics/features/pos/mean/gpt2/tables/lpca99_gpt2_pos.csv,bert/tables_POS/pos_bootstrap/pos_raw_lpca99_gpt2.csv
gpt2,GPT-2: MEAN vs LAST,pos,LID,lpca99,lpca99,ADJ,ADJ,3,12.75,12.0,79.0,78.0,plots_extra/metrics/features/pos/mean/gpt2/tables/lpca99_gpt2_pos.csv,bert/tables_POS/pos_bootstrap/pos_raw_lpca99_gpt2.csv
gpt2,GPT-2: MEAN vs LAST,pos,LID,lpca99,lpca99,ADJ,ADJ,4,20.75,20.0,87.0,87.0,plots_extra/metrics/features/pos/mean/gpt2/tables/lpca99_gpt2_pos.csv,bert/tables_POS/pos_bootstrap/pos_raw_lpca99_gpt2.csv
gpt2,GPT-2: MEAN vs LAST,pos,LID,lpca99,lpca99,ADJ,ADJ,5,29.125,27.0,93.0,95.5,plots_extra/metrics/features/pos/mean/gpt2/tables/lpca99_gpt2_pos.csv,bert/tables_POS/pos_bootstrap/pos_raw_lpca99_gpt2.csv
gpt2,GPT-2: MEAN vs LAST,pos,LID,lpca99,lpca99,ADJ,ADJ,6,42.5,37.0,102.0,102.0,plots_extra/metrics/features/pos/mean/gpt2/tables/lpca99_gpt2_pos.csv,bert/tables_POS/pos_bootstrap/pos_raw_lpca99_gpt2.csv
gpt2,GPT-2: MEAN vs LAST,pos,LID,lpca99,lpca99,ADJ,ADJ,7,63.125,53.0,113.0,114.0,plots_extra/metrics/features/pos/mean/gpt2/tables/lpca99_gpt2_pos.csv,bert/tables_POS/pos_bootstrap/pos_raw_lpca99_gpt2.csv
gpt2,GPT-2: MEAN vs LAST,pos,LID,lpca99,lpca99,ADJ,ADJ,8,96.125,76.0,124.0,125.0,plots_extra/metrics/features/pos/mean/gpt2/tables/lpca99_gpt2_pos.csv,bert/tables_POS/pos_bootstrap/pos_raw_lpca99_gpt2.csv
gpt2,GPT-2: MEAN vs LAST,pos,LID,lpca99,lpca99,ADJ,ADJ,9,144.0,108.0,139.0,136.0,plots_extra/metrics/features/pos/mean/gpt2/tables/lpca99_gpt2_pos.csv,bert/tables_POS/pos_bootstrap/pos_raw_lpca99_gpt2.csv
gpt2,GPT-2: MEAN vs LAST,pos,LID,lpca99,lpca99,ADJ,ADJ,10,204.75,145.0,150.0,149.5,plots_extra/metrics/features/pos/mean/gpt2/tables/lpca99_gpt2_pos.csv,bert/tables_POS/pos_bootstrap/pos_raw_lpca99_gpt2.csv
gpt2,GPT-2: MEAN vs LAST,pos,LID,lpca99,lpca99,ADJ,ADJ,11,281.0,190.0,158.0,156.0,plots_extra/metrics/features/pos/mean/gpt2/tables/lpca99_gpt2_pos.csv,bert/tables_POS/pos_bootstrap/pos_raw_lpca99_gpt2.csv
gpt2,GPT-2: MEAN vs LAST,pos,LID,lpca99,lpca99,ADJ,ADJ,12,197.75,118.0,149.0,142.0,plots_extra/metrics/features/pos/mean/gpt2/tables/lpca99_gpt2_pos.csv,bert/tables_POS/pos_bootstrap/pos_raw_lpca99_gpt2.csv
gpt2,GPT-2: MEAN vs LAST,pos,LID,lpca99,lpca99,ADP,ADP,0,63.5,49.0,115.0,112.0,plots_extra/metrics/features/pos/mean/gpt2/tables/lpca99_gpt2_pos.csv,bert/tables_POS/pos_bootstrap/pos_raw_lpca99_gpt2.csv
gpt2,GPT-2: MEAN vs LAST,pos,LID,lpca99,lpca99,ADP,ADP,1,150.25,102.0,140.0,133.5,plots_extra/metrics/features/pos/mean/gpt2/tables/lpca99_gpt2_pos.csv,bert/tables_POS/pos_bootstrap/pos_raw_lpca99_gpt2.csv
gpt2,GPT-2: MEAN vs LAST,pos,LID,lpca99,lpca99,ADP,ADP,2,25.0,21.0,92.0,89.0,plots_extra/metrics/features/pos/mean/gpt2/tables/lpca99_gpt2_pos.csv,bert/tables_POS/pos_bootstrap/pos_raw_lpca99_gpt2.csv
gpt2,GPT-2: MEAN vs LAST,pos,LID,lpca99,lpca99,ADP,ADP,3,1.0,1.0,27.5,30.0,plots_extra/metrics/features/pos/mean/gpt2/tables/lpca99_gpt2_pos.csv,bert/tables_POS/pos_bootstrap/pos_raw_lpca99_gpt2.csv
gpt2,GPT-2: MEAN vs LAST,pos,LID,lpca99,lpca99,ADP,ADP,4,1.0,1.0,27.5,30.0,plots_extra/metrics/features/pos/mean/gpt2/tables/lpca99_gpt2_pos.csv,bert/tables_POS/pos_bootstrap/pos_raw_lpca99_gpt2.csv
gpt2,GPT-2: MEAN vs LAST,pos,LID,lpca99,lpca99,ADP,ADP,5,1.0,1.0,27.5,30.0,plots_extra/metrics/features/pos/mean/gpt2/tables/lpca99_gpt2_pos.csv,bert/tables_POS/pos_bootstrap/pos_raw_lpca99_gpt2.csv
gpt2,GPT-2: MEAN vs LAST,pos,LID,lpca99,lpca99,ADP,ADP,6,1.0,1.0,27.5,30.0,plots_extra/metrics/features/pos/mean/gpt2/tables/lpca99_gpt2_pos.csv,bert/tables_POS/pos_bootstrap/pos_raw_lpca99_gpt2.csv
gpt2,GPT-2: MEAN vs LAST,pos,LID,lpca99,lpca99,ADP,ADP,7,5.25,1.0,70.5,30.0,plots_extra/metrics/features/pos/mean/gpt2/tables/lpca99_gpt2_pos.csv,bert/tables_POS/pos_bootstrap/pos_raw_lpca99_gpt2.csv
gpt2,GPT-2: MEAN vs LAST,pos,LID,lpca99,lpca99,ADP,ADP,8,20.0,8.0,85.0,75.5,plots_extra/metrics/features/pos/mean/gpt2/tables/lpca99_gpt2_pos.csv,bert/tables_POS/pos_bootstrap/pos_raw_lpca99_gpt2.csv
gpt2,GPT-2: MEAN vs LAST,pos,LID,lpca99,lpca99,ADP,ADP,9,53.375,28.0,109.0,97.0,plots_extra/metrics/features/pos/mean/gpt2/tables/lpca99_gpt2_pos.csv,bert/tables_POS/pos_bootstrap/pos_raw_lpca99_gpt2.csv
gpt2,GPT-2: MEAN vs LAST,pos,LID,lpca99,lpca99,ADP,ADP,10,107.75,61.0,130.0,119.0,plots_extra/metrics/features/pos/mean/gpt2/tables/lpca99_gpt2_pos.csv,bert/tables_POS/pos_bootstrap/pos_raw_lpca99_gpt2.csv
gpt2,GPT-2: MEAN vs LAST,pos,LID,lpca99,lpca99,ADP,ADP,11,178.0,102.0,146.0,133.5,plots_extra/metrics/features/pos/mean/gpt2/tables/lpca99_gpt2_pos.csv,bert/tables_POS/pos_bootstrap/pos_raw_lpca99_gpt2.csv
gpt2,GPT-2: MEAN vs LAST,pos,LID,lpca99,lpca99,ADP,ADP,12,177.5,116.0,145.0,139.5,plots_extra/metrics/features/pos/mean/gpt2/tables/lpca99_gpt2_pos.csv,bert/tables_POS/pos_bootstrap/pos_raw_lpca99_gpt2.csv
gpt2,GPT-2: MEAN vs LAST,pos,LID,lpca99,lpca99,ADV,ADV,0,252.0,160.0,154.0,152.0,plots_extra/metrics/features/pos/mean/gpt2/tables/lpca99_gpt2_pos.csv,bert/tables_POS/pos_bootstrap/pos_raw_lpca99_gpt2.csv
gpt2,GPT-2: MEAN vs LAST,pos,LID,lpca99,lpca99,ADV,ADV,1,252.375,168.0,156.0,153.0,plots_extra/metrics/features/pos/mean/gpt2/tables/lpca99_gpt2_pos.csv,bert/tables_POS/pos_bootstrap/pos_raw_lpca99_gpt2.csv
gpt2,GPT-2: MEAN vs LAST,pos,LID,lpca99,lpca99,ADV,ADV,2,43.375,43.0,103.0,108.0,plots_extra/metrics/features/pos/mean/gpt2/tables/lpca99_gpt2_pos.csv,bert/tables_POS/pos_bootstrap/pos_raw_lpca99_gpt2.csv
gpt2,GPT-2: MEAN vs LAST,pos,LID,lpca99,lpca99,ADV,ADV,3,1.0,1.0,27.5,30.0,plots_extra/metrics/features/pos/mean/gpt2/tables/lpca99_gpt2_pos.csv,bert/tables_POS/pos_bootstrap/pos_raw_lpca99_gpt2.csv
gpt2,GPT-2: MEAN vs LAST,pos,LID,lpca99,lpca99,ADV,ADV,4,1.0,1.0,27.5,30.0,plots_extra/metrics/features/pos/mean/gpt2/tables/lpca99_gpt2_pos.csv,bert/tables_POS/pos_bootstrap/pos_raw_lpca99_gpt2.csv
gpt2,GPT-2: MEAN vs LAST,pos,LID,lpca99,lpca99,ADV,ADV,5,1.0,1.0,27.5,30.0,plots_extra/metrics/features/pos/mean/gpt2/tables/lpca99_gpt2_pos.csv,bert/tables_POS/pos_bootstrap/pos_raw_lpca99_gpt2.csv
gpt2,GPT-2: MEAN vs LAST,pos,LID,lpca99,lpca99,ADV,ADV,6,1.0,1.0,27.5,30.0,plots_extra/metrics/features/pos/mean/gpt2/tables/lpca99_gpt2_pos.csv,bert/tables_POS/pos_bootstrap/pos_raw_lpca99_gpt2.csv
gpt2,GPT-2: MEAN vs LAST,pos,LID,lpca99,lpca99,ADV,ADV,7,1.0,1.0,27.5,30.0,plots_extra/metrics/features/pos/mean/gpt2/tables/lpca99_gpt2_pos.csv,bert/tables_POS/pos_bootstrap/pos_raw_lpca99_gpt2.csv
gpt2,GPT-2: MEAN vs LAST,pos,LID,lpca99,lpca99,ADV,ADV,8,1.0,1.0,27.5,30.0,plots_extra/metrics/features/pos/mean/gpt2/tables/lpca99_gpt2_pos.csv,bert/tables_POS/pos_bootstrap/pos_raw_lpca99_gpt2.csv
gpt2,GPT-2: MEAN vs LAST,pos,LID,lpca99,lpca99,ADV,ADV,9,1.25,2.0,56.0,62.5,plots_extra/metrics/features/pos/mean/gpt2/tables/lpca99_gpt2_pos.csv,bert/tables_POS/pos_bootstrap/pos_raw_lpca99_gpt2.csv
gpt2,GPT-2: MEAN vs LAST,pos,LID,lpca99,lpca99,ADV,ADV,10,11.125,14.0,77.0,81.0,plots_extra/metrics/features/pos/mean/gpt2/tables/lpca99_gpt2_pos.csv,bert/tables_POS/pos_bootstrap/pos_raw_lpca99_gpt2.csv
gpt2,GPT-2: MEAN vs LAST,pos,LID,lpca99,lpca99,ADV,ADV,11,39.875,39.0,100.0,104.0,plots_extra/metrics/features/pos/mean/gpt2/tables/lpca99_gpt2_pos.csv,bert/tables_POS/pos_bootstrap/pos_raw_lpca99_gpt2.csv
gpt2,GPT-2: MEAN vs LAST,pos,LID,lpca99,lpca99,ADV,ADV,12,53.875,44.0,110.0,109.5,plots_extra/metrics/features/pos/mean/gpt2/tables/lpca99_gpt2_pos.csv,bert/tables_POS/pos_bootstrap/pos_raw_lpca99_gpt2.csv
gpt2,GPT-2: MEAN vs LAST,pos,LID,lpca99,lpca99,AUX,AUX,0,43.875,34.0,104.0,100.0,plots_extra/metrics/features/pos/mean/gpt2/tables/lpca99_gpt2_pos.csv,bert/tables_POS/pos_bootstrap/pos_raw_lpca99_gpt2.csv
gpt2,GPT-2: MEAN vs LAST,pos,LID,lpca99,lpca99,AUX,AUX,1,121.375,92.0,132.0,130.0,plots_extra/metrics/features/pos/mean/gpt2/tables/lpca99_gpt2_pos.csv,bert/tables_POS/pos_bootstrap/pos_raw_lpca99_gpt2.csv
gpt2,GPT-2: MEAN vs LAST,pos,LID,lpca99,lpca99,AUX,AUX,2,20.875,21.0,88.0,89.0,plots_extra/metrics/features/pos/mean/gpt2/tables/lpca99_gpt2_pos.csv,bert/tables_POS/pos_bootstrap/pos_raw_lpca99_gpt2.csv
gpt2,GPT-2: MEAN vs LAST,pos,LID,lpca99,lpca99,AUX,AUX,3,1.0,1.0,27.5,30.0,plots_extra/metrics/features/pos/mean/gpt2/tables/lpca99_gpt2_pos.csv,bert/tables_POS/pos_bootstrap/pos_raw_lpca99_gpt2.csv
gpt2,GPT-2: MEAN vs LAST,pos,LID,lpca99,lpca99,AUX,AUX,4,1.0,1.0,27.5,30.0,plots_extra/metrics/features/pos/mean/gpt2/tables/lpca99_gpt2_pos.csv,bert/tables_POS/pos_bootstrap/pos_raw_lpca99_gpt2.csv
gpt2,GPT-2: MEAN vs LAST,pos,LID,lpca99,lpca99,AUX,AUX,5,1.0,1.0,27.5,30.0,plots_extra/metrics/features/pos/mean/gpt2/tables/lpca99_gpt2_pos.csv,bert/tables_POS/pos_bootstrap/pos_raw_lpca99_gpt2.csv
gpt2,GPT-2: MEAN vs LAST,pos,LID,lpca99,lpca99,AUX,AUX,6,1.625,3.0,58.0,66.5,plots_extra/metrics/features/pos/mean/gpt2/tables/lpca99_gpt2_pos.csv,bert/tables_POS/pos_bootstrap/pos_raw_lpca99_gpt2.csv
gpt2,GPT-2: MEAN vs LAST,pos,LID,lpca99,lpca99,AUX,AUX,7,5.25,7.0,70.5,74.0,plots_extra/metrics/features/pos/mean/gpt2/tables/lpca99_gpt2_pos.csv,bert/tables_POS/pos_bootstrap/pos_raw_lpca99_gpt2.csv
gpt2,GPT-2: MEAN vs LAST,pos,LID,lpca99,lpca99,AUX,AUX,8,14.25,17.0,80.0,85.0,plots_extra/metrics/features/pos/mean/gpt2/tables/lpca99_gpt2_pos.csv,bert/tables_POS/pos_bootstrap/pos_raw_lpca99_gpt2.csv
gpt2,GPT-2: MEAN vs LAST,pos,LID,lpca99,lpca99,AUX,AUX,9,36.75,39.0,98.0,104.0,plots_extra/metrics/features/pos/mean/gpt2/tables/lpca99_gpt2_pos.csv,bert/tables_POS/pos_bootstrap/pos_raw_lpca99_gpt2.csv
gpt2,GPT-2: MEAN vs LAST,pos,LID,lpca99,lpca99,AUX,AUX,10,83.375,74.0,121.0,123.5,plots_extra/metrics/features/pos/mean/gpt2/tables/lpca99_gpt2_pos.csv,bert/tables_POS/pos_bootstrap/pos_raw_lpca99_gpt2.csv
gpt2,GPT-2: MEAN vs LAST,pos,LID,lpca99,lpca99,AUX,AUX,11,143.5,113.0,138.0,138.0,plots_extra/metrics/features/pos/mean/gpt2/tables/lpca99_gpt2_pos.csv,bert/tables_POS/pos_bootstrap/pos_raw_lpca99_gpt2.csv
gpt2,GPT-2: MEAN vs LAST,pos,LID,lpca99,lpca99,AUX,AUX,12,72.375,70.0,119.0,122.0,plots_extra/metrics/features/pos/mean/gpt2/tables/lpca99_gpt2_pos.csv,bert/tables_POS/pos_bootstrap/pos_raw_lpca99_gpt2.csv
gpt2,GPT-2: MEAN vs LAST,pos,LID,lpca99,lpca99,CCONJ,CCONJ,0,17.125,15.0,83.0,82.0,plots_extra/metrics/features/pos/mean/gpt2/tables/lpca99_gpt2_pos.csv,bert/tables_POS/pos_bootstrap/pos_raw_lpca99_gpt2.csv
gpt2,GPT-2: MEAN vs LAST,pos,LID,lpca99,lpca99,CCONJ,CCONJ,1,63.375,63.0,114.0,120.0,plots_extra/metrics/features/pos/mean/gpt2/tables/lpca99_gpt2_pos.csv,bert/tables_POS/pos_bootstrap/pos_raw_lpca99_gpt2.csv
gpt2,GPT-2: MEAN vs LAST,pos,LID,lpca99,lpca99,CCONJ,CCONJ,2,3.75,4.0,68.0,68.5,plots_extra/metrics/features/pos/mean/gpt2/tables/lpca99_gpt2_pos.csv,bert/tables_POS/pos_bootstrap/pos_raw_lpca99_gpt2.csv
gpt2,GPT-2: MEAN vs LAST,pos,LID,lpca99,lpca99,CCONJ,CCONJ,3,1.0,1.0,27.5,30.0,plots_extra/metrics/features/pos/mean/gpt2/tables/lpca99_gpt2_pos.csv,bert/tables_POS/pos_bootstrap/pos_raw_lpca99_gpt2.csv
gpt2,GPT-2: MEAN vs LAST,pos,LID,lpca99,lpca99,CCONJ,CCONJ,4,1.0,1.0,27.5,30.0,plots_extra/metrics/features/pos/mean/gpt2/tables/lpca99_gpt2_pos.csv,bert/tables_POS/pos_bootstrap/pos_raw_lpca99_gpt2.csv
gpt2,GPT-2: MEAN vs LAST,pos,LID,lpca99,lpca99,CCONJ,CCONJ,5,1.0,1.0,27.5,30.0,plots_extra/metrics/features/pos/mean/gpt2/tables/lpca99_gpt2_pos.csv,bert/tables_POS/pos_bootstrap/pos_raw_lpca99_gpt2.csv
gpt2,GPT-2: MEAN vs LAST,pos,LID,lpca99,lpca99,CCONJ,CCONJ,6,1.0,1.0,27.5,30.0,plots_extra/metrics/features/pos/mean/gpt2/tables/lpca99_gpt2_pos.csv,bert/tables_POS/pos_bootstrap/pos_raw_lpca99_gpt2.csv
gpt2,GPT-2: MEAN vs LAST,pos,LID,lpca99,lpca99,CCONJ,CCONJ,7,1.0,1.0,27.5,30.0,plots_extra/metrics/features/pos/mean/gpt2/tables/lpca99_gpt2_pos.csv,bert/tables_POS/pos_bootstrap/pos_raw_lpca99_gpt2.csv
gpt2,GPT-2: MEAN vs LAST,pos,LID,lpca99,lpca99,CCONJ,CCONJ,8,1.0,6.0,27.5,72.5,plots_extra/metrics/features/pos/mean/gpt2/tables/lpca99_gpt2_pos.csv,bert/tables_POS/pos_bootstrap/pos_raw_lpca99_gpt2.csv
gpt2,GPT-2: MEAN vs LAST,pos,LID,lpca99,lpca99,CCONJ,CCONJ,9,10.0,25.0,75.0,93.0,plots_extra/metrics/features/pos/mean/gpt2/tables/lpca99_gpt2_pos.csv,bert/tables_POS/pos_bootstrap/pos_raw_lpca99_gpt2.csv
gpt2,GPT-2: MEAN vs LAST,pos,LID,lpca99,lpca99,CCONJ,CCONJ,10,35.875,56.0,97.0,115.0,plots_extra/metrics/features/pos/mean/gpt2/tables/lpca99_gpt2_pos.csv,bert/tables_POS/pos_bootstrap/pos_raw_lpca99_gpt2.csv
gpt2,GPT-2: MEAN vs LAST,pos,LID,lpca99,lpca99,CCONJ,CCONJ,11,86.5,102.0,122.0,133.5,plots_extra/metrics/features/pos/mean/gpt2/tables/lpca99_gpt2_pos.csv,bert/tables_POS/pos_bootstrap/pos_raw_lpca99_gpt2.csv
gpt2,GPT-2: MEAN vs LAST,pos,LID,lpca99,lpca99,CCONJ,CCONJ,12,90.5,80.0,123.0,127.0,plots_extra/metrics/features/pos/mean/gpt2/tables/lpca99_gpt2_pos.csv,bert/tables_POS/pos_bootstrap/pos_raw_lpca99_gpt2.csv
gpt2,GPT-2: MEAN vs LAST,pos,LID,lpca99,lpca99,DET,DET,0,24.875,23.0,91.0,91.5,plots_extra/metrics/features/pos/mean/gpt2/tables/lpca99_gpt2_pos.csv,bert/tables_POS/pos_bootstrap/pos_raw_lpca99_gpt2.csv
gpt2,GPT-2: MEAN vs LAST,pos,LID,lpca99,lpca99,DET,DET,1,48.75,40.0,107.0,106.0,plots_extra/metrics/features/pos/mean/gpt2/tables/lpca99_gpt2_pos.csv,bert/tables_POS/pos_bootstrap/pos_raw_lpca99_gpt2.csv
gpt2,GPT-2: MEAN vs LAST,pos,LID,lpca99,lpca99,DET,DET,2,2.375,2.0,62.0,62.5,plots_extra/metrics/features/pos/mean/gpt2/tables/lpca99_gpt2_pos.csv,bert/tables_POS/pos_bootstrap/pos_raw_lpca99_gpt2.csv
gpt2,GPT-2: MEAN vs LAST,pos,LID,lpca99,lpca99,DET,DET,3,1.0,1.0,27.5,30.0,plots_extra/metrics/features/pos/mean/gpt2/tables/lpca99_gpt2_pos.csv,bert/tables_POS/pos_bootstrap/pos_raw_lpca99_gpt2.csv
gpt2,GPT-2: MEAN vs LAST,pos,LID,lpca99,lpca99,DET,DET,4,1.0,1.0,27.5,30.0,plots_extra/metrics/features/pos/mean/gpt2/tables/lpca99_gpt2_pos.csv,bert/tables_POS/pos_bootstrap/pos_raw_lpca99_gpt2.csv
gpt2,GPT-2: MEAN vs LAST,pos,LID,lpca99,lpca99,DET,DET,5,1.0,1.0,27.5,30.0,plots_extra/metrics/features/pos/mean/gpt2/tables/lpca99_gpt2_pos.csv,bert/tables_POS/pos_bootstrap/pos_raw_lpca99_gpt2.csv
gpt2,GPT-2: MEAN vs LAST,pos,LID,lpca99,lpca99,DET,DET,6,1.0,1.0,27.5,30.0,plots_extra/metrics/features/pos/mean/gpt2/tables/lpca99_gpt2_pos.csv,bert/tables_POS/pos_bootstrap/pos_raw_lpca99_gpt2.csv
gpt2,GPT-2: MEAN vs LAST,pos,LID,lpca99,lpca99,DET,DET,7,1.0,1.0,27.5,30.0,plots_extra/metrics/features/pos/mean/gpt2/tables/lpca99_gpt2_pos.csv,bert/tables_POS/pos_bootstrap/pos_raw_lpca99_gpt2.csv
gpt2,GPT-2: MEAN vs LAST,pos,LID,lpca99,lpca99,DET,DET,8,1.0,1.0,27.5,30.0,plots_extra/metrics/features/pos/mean/gpt2/tables/lpca99_gpt2_pos.csv,bert/tables_POS/pos_bootstrap/pos_raw_lpca99_gpt2.csv
gpt2,GPT-2: MEAN vs LAST,pos,LID,lpca99,lpca99,DET,DET,9,1.0,1.0,27.5,30.0,plots_extra/metrics/features/pos/mean/gpt2/tables/lpca99_gpt2_pos.csv,bert/tables_POS/pos_bootstrap/pos_raw_lpca99_gpt2.csv
gpt2,GPT-2: MEAN vs LAST,pos,LID,lpca99,lpca99,DET,DET,10,2.875,2.0,64.0,62.5,plots_extra/metrics/features/pos/mean/gpt2/tables/lpca99_gpt2_pos.csv,bert/tables_POS/pos_bootstrap/pos_raw_lpca99_gpt2.csv
gpt2,GPT-2: MEAN vs LAST,pos,LID,lpca99,lpca99,DET,DET,11,20.25,17.0,86.0,85.0,plots_extra/metrics/features/pos/mean/gpt2/tables/lpca99_gpt2_pos.csv,bert/tables_POS/pos_bootstrap/pos_raw_lpca99_gpt2.csv
gpt2,GPT-2: MEAN vs LAST,pos,LID,lpca99,lpca99,DET,DET,12,105.5,74.0,128.0,123.5,plots_extra/metrics/features/pos/mean/gpt2/tables/lpca99_gpt2_pos.csv,bert/tables_POS/pos_bootstrap/pos_raw_lpca99_gpt2.csv
gpt2,GPT-2: MEAN vs LAST,pos,LID,lpca99,lpca99,NOUN,NOUN,0,615.125,390.0,169.0,169.0,plots_extra/metrics/features/pos/mean/gpt2/tables/lpca99_gpt2_pos.csv,bert/tables_POS/pos_bootstrap/pos_raw_lpca99_gpt2.csv
gpt2,GPT-2: MEAN vs LAST,pos,LID,lpca99,lpca99,NOUN,NOUN,1,532.375,369.0,167.0,168.0,plots_extra/metrics/features/pos/mean/gpt2/tables/lpca99_gpt2_pos.csv,bert/tables_POS/pos_bootstrap/pos_raw_lpca99_gpt2.csv
gpt2,GPT-2: MEAN vs LAST,pos,LID,lpca99,lpca99,NOUN,NOUN,2,388.875,301.0,160.0,165.0,plots_extra/metrics/features/pos/mean/gpt2/tables/lpca99_gpt2_pos.csv,bert/tables_POS/pos_bootstrap/pos_raw_lpca99_gpt2.csv
gpt2,GPT-2: MEAN vs LAST,pos,LID,lpca99,lpca99,NOUN,NOUN,3,83.0,109.0,120.0,137.0,plots_extra/metrics/features/pos/mean/gpt2/tables/lpca99_gpt2_pos.csv,bert/tables_POS/pos_bootstrap/pos_raw_lpca99_gpt2.csv
gpt2,GPT-2: MEAN vs LAST,pos,LID,lpca99,lpca99,NOUN,NOUN,4,103.5,126.0,127.0,144.0,plots_extra/metrics/features/pos/mean/gpt2/tables/lpca99_gpt2_pos.csv,bert/tables_POS/pos_bootstrap/pos_raw_lpca99_gpt2.csv
gpt2,GPT-2: MEAN vs LAST,pos,LID,lpca99,lpca99,NOUN,NOUN,5,121.25,139.0,131.0,147.0,plots_extra/metrics/features/pos/mean/gpt2/tables/lpca99_gpt2_pos.csv,bert/tables_POS/pos_bootstrap/pos_raw_lpca99_gpt2.csv
gpt2,GPT-2: MEAN vs LAST,pos,LID,lpca99,lpca99,NOUN,NOUN,6,143.125,155.0,137.0,151.0,plots_extra/metrics/features/pos/mean/gpt2/tables/lpca99_gpt2_pos.csv,bert/tables_POS/pos_bootstrap/pos_raw_lpca99_gpt2.csv
gpt2,GPT-2: MEAN vs LAST,pos,LID,lpca99,lpca99,NOUN,NOUN,7,172.375,174.0,144.0,154.0,plots_extra/metrics/features/pos/mean/gpt2/tables/lpca99_gpt2_pos.csv,bert/tables_POS/pos_bootstrap/pos_raw_lpca99_gpt2.csv
gpt2,GPT-2: MEAN vs LAST,pos,LID,lpca99,lpca99,NOUN,NOUN,8,216.625,201.0,151.0,157.0,plots_extra/metrics/features/pos/mean/gpt2/tables/lpca99_gpt2_pos.csv,bert/tables_POS/pos_bootstrap/pos_raw_lpca99_gpt2.csv
gpt2,GPT-2: MEAN vs LAST,pos,LID,lpca99,lpca99,NOUN,NOUN,9,270.75,231.0,157.0,158.0,plots_extra/metrics/features/pos/mean/gpt2/tables/lpca99_gpt2_pos.csv,bert/tables_POS/pos_bootstrap/pos_raw_lpca99_gpt2.csv
gpt2,GPT-2: MEAN vs LAST,pos,LID,lpca99,lpca99,NOUN,NOUN,10,327.75,262.0,159.0,159.0,plots_extra/metrics/features/pos/mean/gpt2/tables/lpca99_gpt2_pos.csv,bert/tables_POS/pos_bootstrap/pos_raw_lpca99_gpt2.csv
gpt2,GPT-2: MEAN vs LAST,pos,LID,lpca99,lpca99,NOUN,NOUN,11,392.25,295.0,161.0,162.0,plots_extra/metrics/features/pos/mean/gpt2/tables/lpca99_gpt2_pos.csv,bert/tables_POS/pos_bootstrap/pos_raw_lpca99_gpt2.csv
gpt2,GPT-2: MEAN vs LAST,pos,LID,lpca99,lpca99,NOUN,NOUN,12,188.75,142.0,148.0,148.0,plots_extra/metrics/features/pos/mean/gpt2/tables/lpca99_gpt2_pos.csv,bert/tables_POS/pos_bootstrap/pos_raw_lpca99_gpt2.csv
gpt2,GPT-2: MEAN vs LAST,pos,LID,lpca99,lpca99,NUM,NUM,0,128.0,116.0,133.0,139.5,plots_extra/metrics/features/pos/mean/gpt2/tables/lpca99_gpt2_pos.csv,bert/tables_POS/pos_bootstrap/pos_raw_lpca99_gpt2.csv
gpt2,GPT-2: MEAN vs LAST,pos,LID,lpca99,lpca99,NUM,NUM,1,133.25,117.0,134.0,141.0,plots_extra/metrics/features/pos/mean/gpt2/tables/lpca99_gpt2_pos.csv,bert/tables_POS/pos_bootstrap/pos_raw_lpca99_gpt2.csv
gpt2,GPT-2: MEAN vs LAST,pos,LID,lpca99,lpca99,NUM,NUM,2,11.0,17.0,76.0,85.0,plots_extra/metrics/features/pos/mean/gpt2/tables/lpca99_gpt2_pos.csv,bert/tables_POS/pos_bootstrap/pos_raw_lpca99_gpt2.csv
gpt2,GPT-2: MEAN vs LAST,pos,LID,lpca99,lpca99,NUM,NUM,3,1.0,1.0,27.5,30.0,plots_extra/metrics/features/pos/mean/gpt2/tables/lpca99_gpt2_pos.csv,bert/tables_POS/pos_bootstrap/pos_raw_lpca99_gpt2.csv
gpt2,GPT-2: MEAN vs LAST,pos,LID,lpca99,lpca99,NUM,NUM,4,1.0,1.0,27.5,30.0,plots_extra/metrics/features/pos/mean/gpt2/tables/lpca99_gpt2_pos.csv,bert/tables_POS/pos_bootstrap/pos_raw_lpca99_gpt2.csv
gpt2,GPT-2: MEAN vs LAST,pos,LID,lpca99,lpca99,NUM,NUM,5,1.0,1.0,27.5,30.0,plots_extra/metrics/features/pos/mean/gpt2/tables/lpca99_gpt2_pos.csv,bert/tables_POS/pos_bootstrap/pos_raw_lpca99_gpt2.csv
gpt2,GPT-2: MEAN vs LAST,pos,LID,lpca99,lpca99,NUM,NUM,6,1.0,1.0,27.5,30.0,plots_extra/metrics/features/pos/mean/gpt2/tables/lpca99_gpt2_pos.csv,bert/tables_POS/pos_bootstrap/pos_raw_lpca99_gpt2.csv
gpt2,GPT-2: MEAN vs LAST,pos,LID,lpca99,lpca99,NUM,NUM,7,1.0,1.0,27.5,30.0,plots_extra/metrics/features/pos/mean/gpt2/tables/lpca99_gpt2_pos.csv,bert/tables_POS/pos_bootstrap/pos_raw_lpca99_gpt2.csv
gpt2,GPT-2: MEAN vs LAST,pos,LID,lpca99,lpca99,NUM,NUM,8,1.0,1.0,27.5,30.0,plots_extra/metrics/features/pos/mean/gpt2/tables/lpca99_gpt2_pos.csv,bert/tables_POS/pos_bootstrap/pos_raw_lpca99_gpt2.csv
gpt2,GPT-2: MEAN vs LAST,pos,LID,lpca99,lpca99,NUM,NUM,9,1.0,2.0,27.5,62.5,plots_extra/metrics/features/pos/mean/gpt2/tables/lpca99_gpt2_pos.csv,bert/tables_POS/pos_bootstrap/pos_raw_lpca99_gpt2.csv
gpt2,GPT-2: MEAN vs LAST,pos,LID,lpca99,lpca99,NUM,NUM,10,3.375,8.0,66.5,75.5,plots_extra/metrics/features/pos/mean/gpt2/tables/lpca99_gpt2_pos.csv,bert/tables_POS/pos_bootstrap/pos_raw_lpca99_gpt2.csv
gpt2,GPT-2: MEAN vs LAST,pos,LID,lpca99,lpca99,NUM,NUM,11,15.625,27.0,81.0,95.5,plots_extra/metrics/features/pos/mean/gpt2/tables/lpca99_gpt2_pos.csv,bert/tables_POS/pos_bootstrap/pos_raw_lpca99_gpt2.csv
gpt2,GPT-2: MEAN vs LAST,pos,LID,lpca99,lpca99,NUM,NUM,12,64.375,57.0,117.0,116.5,plots_extra/metrics/features/pos/mean/gpt2/tables/lpca99_gpt2_pos.csv,bert/tables_POS/pos_bootstrap/pos_raw_lpca99_gpt2.csv
gpt2,GPT-2: MEAN vs LAST,pos,LID,lpca99,lpca99,PRON,PRON,0,45.0,41.0,105.0,107.0,plots_extra/metrics/features/pos/mean/gpt2/tables/lpca99_gpt2_pos.csv,bert/tables_POS/pos_bootstrap/pos_raw_lpca99_gpt2.csv
gpt2,GPT-2: MEAN vs LAST,pos,LID,lpca99,lpca99,PRON,PRON,1,55.125,46.0,111.0,111.0,plots_extra/metrics/features/pos/mean/gpt2/tables/lpca99_gpt2_pos.csv,bert/tables_POS/pos_bootstrap/pos_raw_lpca99_gpt2.csv
gpt2,GPT-2: MEAN vs LAST,pos,LID,lpca99,lpca99,PRON,PRON,2,2.25,2.0,61.0,62.5,plots_extra/metrics/features/pos/mean/gpt2/tables/lpca99_gpt2_pos.csv,bert/tables_POS/pos_bootstrap/pos_raw_lpca99_gpt2.csv
gpt2,GPT-2: MEAN vs LAST,pos,LID,lpca99,lpca99,PRON,PRON,3,1.0,1.0,27.5,30.0,plots_extra/metrics/features/pos/mean/gpt2/tables/lpca99_gpt2_pos.csv,bert/tables_POS/pos_bootstrap/pos_raw_lpca99_gpt2.csv
gpt2,GPT-2: MEAN vs LAST,pos,LID,lpca99,lpca99,PRON,PRON,4,1.0,1.0,27.5,30.0,plots_extra/metrics/features/pos/mean/gpt2/tables/lpca99_gpt2_pos.csv,bert/tables_POS/pos_bootstrap/pos_raw_lpca99_gpt2.csv
gpt2,GPT-2: MEAN vs LAST,pos,LID,lpca99,lpca99,PRON,PRON,5,1.0,1.0,27.5,30.0,plots_extra/metrics/features/pos/mean/gpt2/tables/lpca99_gpt2_pos.csv,bert/tables_POS/pos_bootstrap/pos_raw_lpca99_gpt2.csv
gpt2,GPT-2: MEAN vs LAST,pos,LID,lpca99,lpca99,PRON,PRON,6,1.0,1.0,27.5,30.0,plots_extra/metrics/features/pos/mean/gpt2/tables/lpca99_gpt2_pos.csv,bert/tables_POS/pos_bootstrap/pos_raw_lpca99_gpt2.csv
gpt2,GPT-2: MEAN vs LAST,pos,LID,lpca99,lpca99,PRON,PRON,7,1.0,1.0,27.5,30.0,plots_extra/metrics/features/pos/mean/gpt2/tables/lpca99_gpt2_pos.csv,bert/tables_POS/pos_bootstrap/pos_raw_lpca99_gpt2.csv
gpt2,GPT-2: MEAN vs LAST,pos,LID,lpca99,lpca99,PRON,PRON,8,1.0,1.0,27.5,30.0,plots_extra/metrics/features/pos/mean/gpt2/tables/lpca99_gpt2_pos.csv,bert/tables_POS/pos_bootstrap/pos_raw_lpca99_gpt2.csv
gpt2,GPT-2: MEAN vs LAST,pos,LID,lpca99,lpca99,PRON,PRON,9,1.0,1.0,27.5,30.0,plots_extra/metrics/features/pos/mean/gpt2/tables/lpca99_gpt2_pos.csv,bert/tables_POS/pos_bootstrap/pos_raw_lpca99_gpt2.csv
gpt2,GPT-2: MEAN vs LAST,pos,LID,lpca99,lpca99,PRON,PRON,10,1.0,1.0,27.5,30.0,plots_extra/metrics/features/pos/mean/gpt2/tables/lpca99_gpt2_pos.csv,bert/tables_POS/pos_bootstrap/pos_raw_lpca99_gpt2.csv
gpt2,GPT-2: MEAN vs LAST,pos,LID,lpca99,lpca99,PRON,PRON,11,1.25,1.0,56.0,30.0,plots_extra/metrics/features/pos/mean/gpt2/tables/lpca99_gpt2_pos.csv,bert/tables_POS/pos_bootstrap/pos_raw_lpca99_gpt2.csv
gpt2,GPT-2: MEAN vs LAST,pos,LID,lpca99,lpca99,PRON,PRON,12,16.0,13.0,82.0,79.5,plots_extra/metrics/features/pos/mean/gpt2/tables/lpca99_gpt2_pos.csv,bert/tables_POS/pos_bootstrap/pos_raw_lpca99_gpt2.csv
gpt2,GPT-2: MEAN vs LAST,pos,LID,lpca99,lpca99,PROPN,PROPN,0,552.75,321.0,168.0,167.0,plots_extra/metrics/features/pos/mean/gpt2/tables/lpca99_gpt2_pos.csv,bert/tables_POS/pos_bootstrap/pos_raw_lpca99_gpt2.csv
gpt2,GPT-2: MEAN vs LAST,pos,LID,lpca99,lpca99,PROPN,PROPN,1,432.75,294.0,162.0,161.0,plots_extra/metrics/features/pos/mean/gpt2/tables/lpca99_gpt2_pos.csv,bert/tables_POS/pos_bootstrap/pos_raw_lpca99_gpt2.csv
gpt2,GPT-2: MEAN vs LAST,pos,LID,lpca99,lpca99,PROPN,PROPN,2,166.25,126.0,143.0,144.0,plots_extra/metrics/features/pos/mean/gpt2/tables/lpca99_gpt2_pos.csv,bert/tables_POS/pos_bootstrap/pos_raw_lpca99_gpt2.csv
gpt2,GPT-2: MEAN vs LAST,pos,LID,lpca99,lpca99,PROPN,PROPN,3,1.0,1.0,27.5,30.0,plots_extra/metrics/features/pos/mean/gpt2/tables/lpca99_gpt2_pos.csv,bert/tables_POS/pos_bootstrap/pos_raw_lpca99_gpt2.csv
gpt2,GPT-2: MEAN vs LAST,pos,LID,lpca99,lpca99,PROPN,PROPN,4,1.0,1.0,27.5,30.0,plots_extra/metrics/features/pos/mean/gpt2/tables/lpca99_gpt2_pos.csv,bert/tables_POS/pos_bootstrap/pos_raw_lpca99_gpt2.csv
gpt2,GPT-2: MEAN vs LAST,pos,LID,lpca99,lpca99,PROPN,PROPN,5,1.0,1.0,27.5,30.0,plots_extra/metrics/features/pos/mean/gpt2/tables/lpca99_gpt2_pos.csv,bert/tables_POS/pos_bootstrap/pos_raw_lpca99_gpt2.csv
gpt2,GPT-2: MEAN vs LAST,pos,LID,lpca99,lpca99,PROPN,PROPN,6,1.0,1.0,27.5,30.0,plots_extra/metrics/features/pos/mean/gpt2/tables/lpca99_gpt2_pos.csv,bert/tables_POS/pos_bootstrap/pos_raw_lpca99_gpt2.csv
gpt2,GPT-2: MEAN vs LAST,pos,LID,lpca99,lpca99,PROPN,PROPN,7,1.875,1.0,59.5,30.0,plots_extra/metrics/features/pos/mean/gpt2/tables/lpca99_gpt2_pos.csv,bert/tables_POS/pos_bootstrap/pos_raw_lpca99_gpt2.csv
gpt2,GPT-2: MEAN vs LAST,pos,LID,lpca99,lpca99,PROPN,PROPN,8,7.0,4.0,73.0,68.5,plots_extra/metrics/features/pos/mean/gpt2/tables/lpca99_gpt2_pos.csv,bert/tables_POS/pos_bootstrap/pos_raw_lpca99_gpt2.csv
gpt2,GPT-2: MEAN vs LAST,pos,LID,lpca99,lpca99,PROPN,PROPN,9,19.75,13.0,84.0,79.5,plots_extra/metrics/features/pos/mean/gpt2/tables/lpca99_gpt2_pos.csv,bert/tables_POS/pos_bootstrap/pos_raw_lpca99_gpt2.csv
gpt2,GPT-2: MEAN vs LAST,pos,LID,lpca99,lpca99,PROPN,PROPN,10,47.375,33.0,106.0,99.0,plots_extra/metrics/features/pos/mean/gpt2/tables/lpca99_gpt2_pos.csv,bert/tables_POS/pos_bootstrap/pos_raw_lpca99_gpt2.csv
gpt2,GPT-2: MEAN vs LAST,pos,LID,lpca99,lpca99,PROPN,PROPN,11,97.0,68.0,125.0,121.0,plots_extra/metrics/features/pos/mean/gpt2/tables/lpca99_gpt2_pos.csv,bert/tables_POS/pos_bootstrap/pos_raw_lpca99_gpt2.csv
gpt2,GPT-2: MEAN vs LAST,pos,LID,lpca99,lpca99,PROPN,PROPN,12,164.25,83.0,142.0,128.0,plots_extra/metrics/features/pos/mean/gpt2/tables/lpca99_gpt2_pos.csv,bert/tables_POS/pos_bootstrap/pos_raw_lpca99_gpt2.csv
gpt2,GPT-2: MEAN vs LAST,pos,LID,lpca99,lpca99,PUNCT,PUNCT,0,30.5,23.0,95.0,91.5,plots_extra/metrics/features/pos/mean/gpt2/tables/lpca99_gpt2_pos.csv,bert/tables_POS/pos_bootstrap/pos_raw_lpca99_gpt2.csv
gpt2,GPT-2: MEAN vs LAST,pos,LID,lpca99,lpca99,PUNCT,PUNCT,1,139.625,102.0,136.0,133.5,plots_extra/metrics/features/pos/mean/gpt2/tables/lpca99_gpt2_pos.csv,bert/tables_POS/pos_bootstrap/pos_raw_lpca99_gpt2.csv
gpt2,GPT-2: MEAN vs LAST,pos,LID,lpca99,lpca99,PUNCT,PUNCT,2,30.125,26.0,94.0,94.0,plots_extra/metrics/features/pos/mean/gpt2/tables/lpca99_gpt2_pos.csv,bert/tables_POS/pos_bootstrap/pos_raw_lpca99_gpt2.csv
gpt2,GPT-2: MEAN vs LAST,pos,LID,lpca99,lpca99,PUNCT,PUNCT,3,1.0,1.0,27.5,30.0,plots_extra/metrics/features/pos/mean/gpt2/tables/lpca99_gpt2_pos.csv,bert/tables_POS/pos_bootstrap/pos_raw_lpca99_gpt2.csv
gpt2,GPT-2: MEAN vs LAST,pos,LID,lpca99,lpca99,PUNCT,PUNCT,4,1.25,1.0,56.0,30.0,plots_extra/metrics/features/pos/mean/gpt2/tables/lpca99_gpt2_pos.csv,bert/tables_POS/pos_bootstrap/pos_raw_lpca99_gpt2.csv
gpt2,GPT-2: MEAN vs LAST,pos,LID,lpca99,lpca99,PUNCT,PUNCT,5,1.875,2.0,59.5,62.5,plots_extra/metrics/features/pos/mean/gpt2/tables/lpca99_gpt2_pos.csv,bert/tables_POS/pos_bootstrap/pos_raw_lpca99_gpt2.csv
gpt2,GPT-2: MEAN vs LAST,pos,LID,lpca99,lpca99,PUNCT,PUNCT,6,3.125,3.0,65.0,66.5,plots_extra/metrics/features/pos/mean/gpt2/tables/lpca99_gpt2_pos.csv,bert/tables_POS/pos_bootstrap/pos_raw_lpca99_gpt2.csv
gpt2,GPT-2: MEAN vs LAST,pos,LID,lpca99,lpca99,PUNCT,PUNCT,7,8.625,9.0,74.0,77.0,plots_extra/metrics/features/pos/mean/gpt2/tables/lpca99_gpt2_pos.csv,bert/tables_POS/pos_bootstrap/pos_raw_lpca99_gpt2.csv
gpt2,GPT-2: MEAN vs LAST,pos,LID,lpca99,lpca99,PUNCT,PUNCT,8,21.125,21.0,90.0,89.0,plots_extra/metrics/features/pos/mean/gpt2/tables/lpca99_gpt2_pos.csv,bert/tables_POS/pos_bootstrap/pos_raw_lpca99_gpt2.csv
gpt2,GPT-2: MEAN vs LAST,pos,LID,lpca99,lpca99,PUNCT,PUNCT,9,48.875,44.0,108.0,109.5,plots_extra/metrics/features/pos/mean/gpt2/tables/lpca99_gpt2_pos.csv,bert/tables_POS/pos_bootstrap/pos_raw_lpca99_gpt2.csv
gpt2,GPT-2: MEAN vs LAST,pos,LID,lpca99,lpca99,PUNCT,PUNCT,10,98.75,78.0,126.0,126.0,plots_extra/metrics/features/pos/mean/gpt2/tables/lpca99_gpt2_pos.csv,bert/tables_POS/pos_bootstrap/pos_raw_lpca99_gpt2.csv
gpt2,GPT-2: MEAN vs LAST,pos,LID,lpca99,lpca99,PUNCT,PUNCT,11,180.5,126.0,147.0,144.0,plots_extra/metrics/features/pos/mean/gpt2/tables/lpca99_gpt2_pos.csv,bert/tables_POS/pos_bootstrap/pos_raw_lpca99_gpt2.csv
gpt2,GPT-2: MEAN vs LAST,pos,LID,lpca99,lpca99,PUNCT,PUNCT,12,59.75,51.0,112.0,113.0,plots_extra/metrics/features/pos/mean/gpt2/tables/lpca99_gpt2_pos.csv,bert/tables_POS/pos_bootstrap/pos_raw_lpca99_gpt2.csv
gpt2,GPT-2: MEAN vs LAST,pos,LID,lpca99,lpca99,SCONJ,SCONJ,0,41.25,39.0,101.0,104.0,plots_extra/metrics/features/pos/mean/gpt2/tables/lpca99_gpt2_pos.csv,bert/tables_POS/pos_bootstrap/pos_raw_lpca99_gpt2.csv
gpt2,GPT-2: MEAN vs LAST,pos,LID,lpca99,lpca99,SCONJ,SCONJ,1,70.25,59.0,118.0,118.0,plots_extra/metrics/features/pos/mean/gpt2/tables/lpca99_gpt2_pos.csv,bert/tables_POS/pos_bootstrap/pos_raw_lpca99_gpt2.csv
gpt2,GPT-2: MEAN vs LAST,pos,LID,lpca99,lpca99,SCONJ,SCONJ,2,4.25,5.0,69.0,70.5,plots_extra/metrics/features/pos/mean/gpt2/tables/lpca99_gpt2_pos.csv,bert/tables_POS/pos_bootstrap/pos_raw_lpca99_gpt2.csv
gpt2,GPT-2: MEAN vs LAST,pos,LID,lpca99,lpca99,SCONJ,SCONJ,3,1.0,1.0,27.5,30.0,plots_extra/metrics/features/pos/mean/gpt2/tables/lpca99_gpt2_pos.csv,bert/tables_POS/pos_bootstrap/pos_raw_lpca99_gpt2.csv
gpt2,GPT-2: MEAN vs LAST,pos,LID,lpca99,lpca99,SCONJ,SCONJ,4,1.0,1.0,27.5,30.0,plots_extra/metrics/features/pos/mean/gpt2/tables/lpca99_gpt2_pos.csv,bert/tables_POS/pos_bootstrap/pos_raw_lpca99_gpt2.csv
gpt2,GPT-2: MEAN vs LAST,pos,LID,lpca99,lpca99,SCONJ,SCONJ,5,1.0,1.0,27.5,30.0,plots_extra/metrics/features/pos/mean/gpt2/tables/lpca99_gpt2_pos.csv,bert/tables_POS/pos_bootstrap/pos_raw_lpca99_gpt2.csv
gpt2,GPT-2: MEAN vs LAST,pos,LID,lpca99,lpca99,SCONJ,SCONJ,6,1.0,1.0,27.5,30.0,plots_extra/metrics/features/pos/mean/gpt2/tables/lpca99_gpt2_pos.csv,bert/tables_POS/pos_bootstrap/pos_raw_lpca99_gpt2.csv
gpt2,GPT-2: MEAN vs LAST,pos,LID,lpca99,lpca99,SCONJ,SCONJ,7,1.0,1.0,27.5,30.0,plots_extra/metrics/features/pos/mean/gpt2/tables/lpca99_gpt2_pos.csv,bert/tables_POS/pos_bootstrap/pos_raw_lpca99_gpt2.csv
gpt2,GPT-2: MEAN vs LAST,pos,LID,lpca99,lpca99,SCONJ,SCONJ,8,1.0,1.0,27.5,30.0,plots_extra/metrics/features/pos/mean/gpt2/tables/lpca99_gpt2_pos.csv,bert/tables_POS/pos_bootstrap/pos_raw_lpca99_gpt2.csv
gpt2,GPT-2: MEAN vs LAST,pos,LID,lpca99,lpca99,SCONJ,SCONJ,9,1.0,1.0,27.5,30.0,plots_extra/metrics/features/pos/mean/gpt2/tables/lpca99_gpt2_pos.csv,bert/tables_POS/pos_bootstrap/pos_raw_lpca99_gpt2.csv
gpt2,GPT-2: MEAN vs LAST,pos,LID,lpca99,lpca99,SCONJ,SCONJ,10,1.0,1.0,27.5,30.0,plots_extra/metrics/features/pos/mean/gpt2/tables/lpca99_gpt2_pos.csv,bert/tables_POS/pos_bootstrap/pos_raw_lpca99_gpt2.csv
gpt2,GPT-2: MEAN vs LAST,pos,LID,lpca99,lpca99,SCONJ,SCONJ,11,3.375,5.0,66.5,70.5,plots_extra/metrics/features/pos/mean/gpt2/tables/lpca99_gpt2_pos.csv,bert/tables_POS/pos_bootstrap/pos_raw_lpca99_gpt2.csv
gpt2,GPT-2: MEAN vs LAST,pos,LID,lpca99,lpca99,SCONJ,SCONJ,12,34.0,35.0,96.0,101.0,plots_extra/metrics/features/pos/mean/gpt2/tables/lpca99_gpt2_pos.csv,bert/tables_POS/pos_bootstrap/pos_raw_lpca99_gpt2.csv
gpt2,GPT-2: MEAN vs LAST,pos,LID,lpca99,lpca99,VERB,VERB,0,523.625,303.0,166.0,166.0,plots_extra/metrics/features/pos/mean/gpt2/tables/lpca99_gpt2_pos.csv,bert/tables_POS/pos_bootstrap/pos_raw_lpca99_gpt2.csv
gpt2,GPT-2: MEAN vs LAST,pos,LID,lpca99,lpca99,VERB,VERB,1,457.375,287.0,164.0,160.0,plots_extra/metrics/features/pos/mean/gpt2/tables/lpca99_gpt2_pos.csv,bert/tables_POS/pos_bootstrap/pos_raw_lpca99_gpt2.csv
gpt2,GPT-2: MEAN vs LAST,pos,LID,lpca99,lpca99,VERB,VERB,2,226.375,145.0,152.0,149.5,plots_extra/metrics/features/pos/mean/gpt2/tables/lpca99_gpt2_pos.csv,bert/tables_POS/pos_bootstrap/pos_raw_lpca99_gpt2.csv
gpt2,GPT-2: MEAN vs LAST,pos,LID,lpca99,lpca99,VERB,VERB,3,2.5,1.0,63.0,30.0,plots_extra/metrics/features/pos/mean/gpt2/tables/lpca99_gpt2_pos.csv,bert/tables_POS/pos_bootstrap/pos_raw_lpca99_gpt2.csv
gpt2,GPT-2: MEAN vs LAST,pos,LID,lpca99,lpca99,VERB,VERB,4,6.25,1.0,72.0,30.0,plots_extra/metrics/features/pos/mean/gpt2/tables/lpca99_gpt2_pos.csv,bert/tables_POS/pos_bootstrap/pos_raw_lpca99_gpt2.csv
gpt2,GPT-2: MEAN vs LAST,pos,LID,lpca99,lpca99,VERB,VERB,5,11.875,1.0,78.0,30.0,plots_extra/metrics/features/pos/mean/gpt2/tables/lpca99_gpt2_pos.csv,bert/tables_POS/pos_bootstrap/pos_raw_lpca99_gpt2.csv
gpt2,GPT-2: MEAN vs LAST,pos,LID,lpca99,lpca99,VERB,VERB,6,21.0,6.0,89.0,72.5,plots_extra/metrics/features/pos/mean/gpt2/tables/lpca99_gpt2_pos.csv,bert/tables_POS/pos_bootstrap/pos_raw_lpca99_gpt2.csv
gpt2,GPT-2: MEAN vs LAST,pos,LID,lpca99,lpca99,VERB,VERB,7,38.125,16.0,99.0,83.0,plots_extra/metrics/features/pos/mean/gpt2/tables/lpca99_gpt2_pos.csv,bert/tables_POS/pos_bootstrap/pos_raw_lpca99_gpt2.csv
gpt2,GPT-2: MEAN vs LAST,pos,LID,lpca99,lpca99,VERB,VERB,8,64.25,31.0,116.0,98.0,plots_extra/metrics/features/pos/mean/gpt2/tables/lpca99_gpt2_pos.csv,bert/tables_POS/pos_bootstrap/pos_raw_lpca99_gpt2.csv
gpt2,GPT-2: MEAN vs LAST,pos,LID,lpca99,lpca99,VERB,VERB,9,106.875,57.0,129.0,116.5,plots_extra/metrics/features/pos/mean/gpt2/tables/lpca99_gpt2_pos.csv,bert/tables_POS/pos_bootstrap/pos_raw_lpca99_gpt2.csv
gpt2,GPT-2: MEAN vs LAST,pos,LID,lpca99,lpca99,VERB,VERB,10,163.5,90.0,141.0,129.0,plots_extra/metrics/features/pos/mean/gpt2/tables/lpca99_gpt2_pos.csv,bert/tables_POS/pos_bootstrap/pos_raw_lpca99_gpt2.csv
gpt2,GPT-2: MEAN vs LAST,pos,LID,lpca99,lpca99,VERB,VERB,11,230.5,127.0,153.0,146.0,plots_extra/metrics/features/pos/mean/gpt2/tables/lpca99_gpt2_pos.csv,bert/tables_POS/pos_bootstrap/pos_raw_lpca99_gpt2.csv
gpt2,GPT-2: MEAN vs LAST,pos,LID,lpca99,lpca99,VERB,VERB,12,135.125,95.0,135.0,131.0,plots_extra/metrics/features/pos/mean/gpt2/tables/lpca99_gpt2_pos.csv,bert/tables_POS/pos_bootstrap/pos_raw_lpca99_gpt2.csv
gpt2,GPT-2: MEAN vs LAST,pos,NLID,gride,gride,ADJ,ADJ,0,10.237187385559082,20.12083625793457,98.0,140.0,plots_extra/metrics/features/pos/mean/gpt2/tables/gride_gpt2_pos.csv,bert/tables_POS/pos_bootstrap/pos_raw_gride_gpt2.csv
gpt2,GPT-2: MEAN vs LAST,pos,NLID,gride,gride,ADJ,ADJ,1,7.209784507751465,20.645004272460938,60.0,145.0,plots_extra/metrics/features/pos/mean/gpt2/tables/gride_gpt2_pos.csv,bert/tables_POS/pos_bootstrap/pos_raw_gride_gpt2.csv
gpt2,GPT-2: MEAN vs LAST,pos,NLID,gride,gride,ADJ,ADJ,2,6.2124342918396,19.01219749450684,49.0,129.0,plots_extra/metrics/features/pos/mean/gpt2/tables/gride_gpt2_pos.csv,bert/tables_POS/pos_bootstrap/pos_raw_gride_gpt2.csv
gpt2,GPT-2: MEAN vs LAST,pos,NLID,gride,gride,ADJ,ADJ,3,9.431119918823242,19.808439254760746,90.0,136.0,plots_extra/metrics/features/pos/mean/gpt2/tables/gride_gpt2_pos.csv,bert/tables_POS/pos_bootstrap/pos_raw_gride_gpt2.csv
gpt2,GPT-2: MEAN vs LAST,pos,NLID,gride,gride,ADJ,ADJ,4,11.36522102355957,19.9072380065918,110.0,137.0,plots_extra/metrics/features/pos/mean/gpt2/tables/gride_gpt2_pos.csv,bert/tables_POS/pos_bootstrap/pos_raw_gride_gpt2.csv
gpt2,GPT-2: MEAN vs LAST,pos,NLID,gride,gride,ADJ,ADJ,5,12.98395824432373,20.39797782897949,126.0,143.0,plots_extra/metrics/features/pos/mean/gpt2/tables/gride_gpt2_pos.csv,bert/tables_POS/pos_bootstrap/pos_raw_gride_gpt2.csv
gpt2,GPT-2: MEAN vs LAST,pos,NLID,gride,gride,ADJ,ADJ,6,13.91324234008789,20.74147605895996,137.0,146.0,plots_extra/metrics/features/pos/mean/gpt2/tables/gride_gpt2_pos.csv,bert/tables_POS/pos_bootstrap/pos_raw_gride_gpt2.csv
gpt2,GPT-2: MEAN vs LAST,pos,NLID,gride,gride,ADJ,ADJ,7,14.679966926574709,21.100242614746094,142.0,147.0,plots_extra/metrics/features/pos/mean/gpt2/tables/gride_gpt2_pos.csv,bert/tables_POS/pos_bootstrap/pos_raw_gride_gpt2.csv
gpt2,GPT-2: MEAN vs LAST,pos,NLID,gride,gride,ADJ,ADJ,8,15.550783157348633,21.691530227661133,149.0,150.0,plots_extra/metrics/features/pos/mean/gpt2/tables/gride_gpt2_pos.csv,bert/tables_POS/pos_bootstrap/pos_raw_gride_gpt2.csv
gpt2,GPT-2: MEAN vs LAST,pos,NLID,gride,gride,ADJ,ADJ,9,16.803607940673828,22.123741149902344,155.0,151.0,plots_extra/metrics/features/pos/mean/gpt2/tables/gride_gpt2_pos.csv,bert/tables_POS/pos_bootstrap/pos_raw_gride_gpt2.csv
gpt2,GPT-2: MEAN vs LAST,pos,NLID,gride,gride,ADJ,ADJ,10,18.05957794189453,21.42650413513184,157.0,148.0,plots_extra/metrics/features/pos/mean/gpt2/tables/gride_gpt2_pos.csv,bert/tables_POS/pos_bootstrap/pos_raw_gride_gpt2.csv
gpt2,GPT-2: MEAN vs LAST,pos,NLID,gride,gride,ADJ,ADJ,11,19.358407974243164,19.948999404907227,160.0,138.0,plots_extra/metrics/features/pos/mean/gpt2/tables/gride_gpt2_pos.csv,bert/tables_POS/pos_bootstrap/pos_raw_gride_gpt2.csv
gpt2,GPT-2: MEAN vs LAST,pos,NLID,gride,gride,ADJ,ADJ,12,8.477585792541504,5.150691986083984,73.0,80.0,plots_extra/metrics/features/pos/mean/gpt2/tables/gride_gpt2_pos.csv,bert/tables_POS/pos_bootstrap/pos_raw_gride_gpt2.csv
gpt2,GPT-2: MEAN vs LAST,pos,NLID,gride,gride,ADP,ADP,0,1.690718173980713,2.537658929824829,7.0,53.0,plots_extra/metrics/features/pos/mean/gpt2/tables/gride_gpt2_pos.csv,bert/tables_POS/pos_bootstrap/pos_raw_gride_gpt2.csv
gpt2,GPT-2: MEAN vs LAST,pos,NLID,gride,gride,ADP,ADP,1,4.891805171966553,2.4164464473724365,33.0,50.0,plots_extra/metrics/features/pos/mean/gpt2/tables/gride_gpt2_pos.csv,bert/tables_POS/pos_bootstrap/pos_raw_gride_gpt2.csv
gpt2,GPT-2: MEAN vs LAST,pos,NLID,gride,gride,ADP,ADP,2,5.685375213623047,2.7439634799957275,40.0,54.0,plots_extra/metrics/features/pos/mean/gpt2/tables/gride_gpt2_pos.csv,bert/tables_POS/pos_bootstrap/pos_raw_gride_gpt2.csv
gpt2,GPT-2: MEAN vs LAST,pos,NLID,gride,gride,ADP,ADP,3,8.37934398651123,5.078505992889404,71.0,79.0,plots_extra/metrics/features/pos/mean/gpt2/tables/gride_gpt2_pos.csv,bert/tables_POS/pos_bootstrap/pos_raw_gride_gpt2.csv
gpt2,GPT-2: MEAN vs LAST,pos,NLID,gride,gride,ADP,ADP,4,10.67160987854004,8.138457298278809,100.0,93.0,plots_extra/metrics/features/pos/mean/gpt2/tables/gride_gpt2_pos.csv,bert/tables_POS/pos_bootstrap/pos_raw_gride_gpt2.csv
gpt2,GPT-2: MEAN vs LAST,pos,NLID,gride,gride,ADP,ADP,5,12.213069915771484,11.289599418640137,116.0,103.0,plots_extra/metrics/features/pos/mean/gpt2/tables/gride_gpt2_pos.csv,bert/tables_POS/pos_bootstrap/pos_raw_gride_gpt2.csv
gpt2,GPT-2: MEAN vs LAST,pos,NLID,gride,gride,ADP,ADP,6,12.788528442382812,13.794018745422363,124.0,114.0,plots_extra/metrics/features/pos/mean/gpt2/tables/gride_gpt2_pos.csv,bert/tables_POS/pos_bootstrap/pos_raw_gride_gpt2.csv
gpt2,GPT-2: MEAN vs LAST,pos,NLID,gride,gride,ADP,ADP,7,13.572181701660156,15.294638633728027,131.0,117.0,plots_extra/metrics/features/pos/mean/gpt2/tables/gride_gpt2_pos.csv,bert/tables_POS/pos_bootstrap/pos_raw_gride_gpt2.csv
gpt2,GPT-2: MEAN vs LAST,pos,NLID,gride,gride,ADP,ADP,8,14.366147994995115,17.25106430053711,141.0,120.0,plots_extra/metrics/features/pos/mean/gpt2/tables/gride_gpt2_pos.csv,bert/tables_POS/pos_bootstrap/pos_raw_gride_gpt2.csv
gpt2,GPT-2: MEAN vs LAST,pos,NLID,gride,gride,ADP,ADP,9,14.9814453125,18.7728271484375,146.0,126.0,plots_extra/metrics/features/pos/mean/gpt2/tables/gride_gpt2_pos.csv,bert/tables_POS/pos_bootstrap/pos_raw_gride_gpt2.csv
gpt2,GPT-2: MEAN vs LAST,pos,NLID,gride,gride,ADP,ADP,10,15.360203742980955,19.287572860717773,148.0,133.0,plots_extra/metrics/features/pos/mean/gpt2/tables/gride_gpt2_pos.csv,bert/tables_POS/pos_bootstrap/pos_raw_gride_gpt2.csv
gpt2,GPT-2: MEAN vs LAST,pos,NLID,gride,gride,ADP,ADP,11,15.750421524047852,19.126266479492188,151.0,131.0,plots_extra/metrics/features/pos/mean/gpt2/tables/gride_gpt2_pos.csv,bert/tables_POS/pos_bootstrap/pos_raw_gride_gpt2.csv
gpt2,GPT-2: MEAN vs LAST,pos,NLID,gride,gride,ADP,ADP,12,8.160249710083008,5.375010967254639,69.0,83.0,plots_extra/metrics/features/pos/mean/gpt2/tables/gride_gpt2_pos.csv,bert/tables_POS/pos_bootstrap/pos_raw_gride_gpt2.csv
gpt2,GPT-2: MEAN vs LAST,pos,NLID,gride,gride,ADV,ADV,0,3.771009683609009,6.438507080078125,27.0,88.0,plots_extra/metrics/features/pos/mean/gpt2/tables/gride_gpt2_pos.csv,bert/tables_POS/pos_bootstrap/pos_raw_gride_gpt2.csv
gpt2,GPT-2: MEAN vs LAST,pos,NLID,gride,gride,ADV,ADV,1,2.839637041091919,5.807920455932617,18.0,86.0,plots_extra/metrics/features/pos/mean/gpt2/tables/gride_gpt2_pos.csv,bert/tables_POS/pos_bootstrap/pos_raw_gride_gpt2.csv
gpt2,GPT-2: MEAN vs LAST,pos,NLID,gride,gride,ADV,ADV,2,2.8598594665527344,3.1189353466033936,19.0,59.0,plots_extra/metrics/features/pos/mean/gpt2/tables/gride_gpt2_pos.csv,bert/tables_POS/pos_bootstrap/pos_raw_gride_gpt2.csv
gpt2,GPT-2: MEAN vs LAST,pos,NLID,gride,gride,ADV,ADV,3,3.909921169281006,2.320853471755981,28.0,44.0,plots_extra/metrics/features/pos/mean/gpt2/tables/gride_gpt2_pos.csv,bert/tables_POS/pos_bootstrap/pos_raw_gride_gpt2.csv
gpt2,GPT-2: MEAN vs LAST,pos,NLID,gride,gride,ADV,ADV,4,5.185352325439453,2.323636054992676,38.0,45.0,plots_extra/metrics/features/pos/mean/gpt2/tables/gride_gpt2_pos.csv,bert/tables_POS/pos_bootstrap/pos_raw_gride_gpt2.csv
gpt2,GPT-2: MEAN vs LAST,pos,NLID,gride,gride,ADV,ADV,5,6.543956756591797,2.33042311668396,52.0,46.0,plots_extra/metrics/features/pos/mean/gpt2/tables/gride_gpt2_pos.csv,bert/tables_POS/pos_bootstrap/pos_raw_gride_gpt2.csv
gpt2,GPT-2: MEAN vs LAST,pos,NLID,gride,gride,ADV,ADV,6,7.481821060180664,2.319174766540528,61.0,43.0,plots_extra/metrics/features/pos/mean/gpt2/tables/gride_gpt2_pos.csv,bert/tables_POS/pos_bootstrap/pos_raw_gride_gpt2.csv
gpt2,GPT-2: MEAN vs LAST,pos,NLID,gride,gride,ADV,ADV,7,8.502626419067383,2.3137083053588867,74.0,42.0,plots_extra/metrics/features/pos/mean/gpt2/tables/gride_gpt2_pos.csv,bert/tables_POS/pos_bootstrap/pos_raw_gride_gpt2.csv
gpt2,GPT-2: MEAN vs LAST,pos,NLID,gride,gride,ADV,ADV,8,9.56092643737793,2.3066532611846924,94.0,41.0,plots_extra/metrics/features/pos/mean/gpt2/tables/gride_gpt2_pos.csv,bert/tables_POS/pos_bootstrap/pos_raw_gride_gpt2.csv
gpt2,GPT-2: MEAN vs LAST,pos,NLID,gride,gride,ADV,ADV,9,10.965023040771484,2.2998571395874023,106.0,40.0,plots_extra/metrics/features/pos/mean/gpt2/tables/gride_gpt2_pos.csv,bert/tables_POS/pos_bootstrap/pos_raw_gride_gpt2.csv
gpt2,GPT-2: MEAN vs LAST,pos,NLID,gride,gride,ADV,ADV,10,12.334628105163574,2.29070258140564,118.0,39.0,plots_extra/metrics/features/pos/mean/gpt2/tables/gride_gpt2_pos.csv,bert/tables_POS/pos_bootstrap/pos_raw_gride_gpt2.csv
gpt2,GPT-2: MEAN vs LAST,pos,NLID,gride,gride,ADV,ADV,11,13.04727554321289,2.2827954292297363,127.0,37.0,plots_extra/metrics/features/pos/mean/gpt2/tables/gride_gpt2_pos.csv,bert/tables_POS/pos_bootstrap/pos_raw_gride_gpt2.csv
gpt2,GPT-2: MEAN vs LAST,pos,NLID,gride,gride,ADV,ADV,12,6.428595066070557,2.3405203819274902,50.0,47.0,plots_extra/metrics/features/pos/mean/gpt2/tables/gride_gpt2_pos.csv,bert/tables_POS/pos_bootstrap/pos_raw_gride_gpt2.csv
gpt2,GPT-2: MEAN vs LAST,pos,NLID,gride,gride,AUX,AUX,0,0.6929194927215576,5.183856964111328,5.0,81.0,plots_extra/metrics/features/pos/mean/gpt2/tables/gride_gpt2_pos.csv,bert/tables_POS/pos_bootstrap/pos_raw_gride_gpt2.csv
gpt2,GPT-2: MEAN vs LAST,pos,NLID,gride,gride,AUX,AUX,1,3.262371778488159,3.892354965209961,23.0,70.0,plots_extra/metrics/features/pos/mean/gpt2/tables/gride_gpt2_pos.csv,bert/tables_POS/pos_bootstrap/pos_raw_gride_gpt2.csv
gpt2,GPT-2: MEAN vs LAST,pos,NLID,gride,gride,AUX,AUX,2,4.374355316162109,3.955641031265259,31.0,71.0,plots_extra/metrics/features/pos/mean/gpt2/tables/gride_gpt2_pos.csv,bert/tables_POS/pos_bootstrap/pos_raw_gride_gpt2.csv
gpt2,GPT-2: MEAN vs LAST,pos,NLID,gride,gride,AUX,AUX,3,5.709418773651123,5.605159282684326,41.0,84.0,plots_extra/metrics/features/pos/mean/gpt2/tables/gride_gpt2_pos.csv,bert/tables_POS/pos_bootstrap/pos_raw_gride_gpt2.csv
gpt2,GPT-2: MEAN vs LAST,pos,NLID,gride,gride,AUX,AUX,4,6.986027717590332,7.606984615325928,58.0,91.0,plots_extra/metrics/features/pos/mean/gpt2/tables/gride_gpt2_pos.csv,bert/tables_POS/pos_bootstrap/pos_raw_gride_gpt2.csv
gpt2,GPT-2: MEAN vs LAST,pos,NLID,gride,gride,AUX,AUX,5,7.974530220031738,9.127009391784668,65.0,94.0,plots_extra/metrics/features/pos/mean/gpt2/tables/gride_gpt2_pos.csv,bert/tables_POS/pos_bootstrap/pos_raw_gride_gpt2.csv
gpt2,GPT-2: MEAN vs LAST,pos,NLID,gride,gride,AUX,AUX,6,8.398177146911621,10.131260871887209,72.0,96.0,plots_extra/metrics/features/pos/mean/gpt2/tables/gride_gpt2_pos.csv,bert/tables_POS/pos_bootstrap/pos_raw_gride_gpt2.csv
gpt2,GPT-2: MEAN vs LAST,pos,NLID,gride,gride,AUX,AUX,7,8.94509506225586,10.855828285217283,81.0,100.0,plots_extra/metrics/features/pos/mean/gpt2/tables/gride_gpt2_pos.csv,bert/tables_POS/pos_bootstrap/pos_raw_gride_gpt2.csv
gpt2,GPT-2: MEAN vs LAST,pos,NLID,gride,gride,AUX,AUX,8,9.12348461151123,11.161449432373049,83.0,101.0,plots_extra/metrics/features/pos/mean/gpt2/tables/gride_gpt2_pos.csv,bert/tables_POS/pos_bootstrap/pos_raw_gride_gpt2.csv
gpt2,GPT-2: MEAN vs LAST,pos,NLID,gride,gride,AUX,AUX,9,9.4605712890625,11.19701862335205,91.0,102.0,plots_extra/metrics/features/pos/mean/gpt2/tables/gride_gpt2_pos.csv,bert/tables_POS/pos_bootstrap/pos_raw_gride_gpt2.csv
gpt2,GPT-2: MEAN vs LAST,pos,NLID,gride,gride,AUX,AUX,10,9.636880874633787,10.79881191253662,95.0,99.0,plots_extra/metrics/features/pos/mean/gpt2/tables/gride_gpt2_pos.csv,bert/tables_POS/pos_bootstrap/pos_raw_gride_gpt2.csv
gpt2,GPT-2: MEAN vs LAST,pos,NLID,gride,gride,AUX,AUX,11,9.878938674926758,10.501846313476562,97.0,98.0,plots_extra/metrics/features/pos/mean/gpt2/tables/gride_gpt2_pos.csv,bert/tables_POS/pos_bootstrap/pos_raw_gride_gpt2.csv
gpt2,GPT-2: MEAN vs LAST,pos,NLID,gride,gride,AUX,AUX,12,5.91966724395752,4.527850151062012,46.0,76.0,plots_extra/metrics/features/pos/mean/gpt2/tables/gride_gpt2_pos.csv,bert/tables_POS/pos_bootstrap/pos_raw_gride_gpt2.csv
gpt2,GPT-2: MEAN vs LAST,pos,NLID,gride,gride,CCONJ,CCONJ,0,0.4386257529258728,0.8449933528900146,3.0,1.0,plots_extra/metrics/features/pos/mean/gpt2/tables/gride_gpt2_pos.csv,bert/tables_POS/pos_bootstrap/pos_raw_gride_gpt2.csv
gpt2,GPT-2: MEAN vs LAST,pos,NLID,gride,gride,CCONJ,CCONJ,1,9.316566467285156,3.4851551055908203,88.0,68.0,plots_extra/metrics/features/pos/mean/gpt2/tables/gride_gpt2_pos.csv,bert/tables_POS/pos_bootstrap/pos_raw_gride_gpt2.csv
gpt2,GPT-2: MEAN vs LAST,pos,NLID,gride,gride,CCONJ,CCONJ,2,9.78095245361328,3.410020351409912,96.0,65.0,plots_extra/metrics/features/pos/mean/gpt2/tables/gride_gpt2_pos.csv,bert/tables_POS/pos_bootstrap/pos_raw_gride_gpt2.csv
gpt2,GPT-2: MEAN vs LAST,pos,NLID,gride,gride,CCONJ,CCONJ,3,11.113871574401855,4.298933506011963,107.0,75.0,plots_extra/metrics/features/pos/mean/gpt2/tables/gride_gpt2_pos.csv,bert/tables_POS/pos_bootstrap/pos_raw_gride_gpt2.csv
gpt2,GPT-2: MEAN vs LAST,pos,NLID,gride,gride,CCONJ,CCONJ,4,12.402880668640137,5.672489643096924,119.0,85.0,plots_extra/metrics/features/pos/mean/gpt2/tables/gride_gpt2_pos.csv,bert/tables_POS/pos_bootstrap/pos_raw_gride_gpt2.csv
gpt2,GPT-2: MEAN vs LAST,pos,NLID,gride,gride,CCONJ,CCONJ,5,13.65522575378418,6.7623677253723145,134.0,89.0,plots_extra/metrics/features/pos/mean/gpt2/tables/gride_gpt2_pos.csv,bert/tables_POS/pos_bootstrap/pos_raw_gride_gpt2.csv
gpt2,GPT-2: MEAN vs LAST,pos,NLID,gride,gride,CCONJ,CCONJ,6,13.99970245361328,7.567648887634277,139.0,90.0,plots_extra/metrics/features/pos/mean/gpt2/tables/gride_gpt2_pos.csv,bert/tables_POS/pos_bootstrap/pos_raw_gride_gpt2.csv
gpt2,GPT-2: MEAN vs LAST,pos,NLID,gride,gride,CCONJ,CCONJ,7,14.949970245361328,10.37920093536377,145.0,97.0,plots_extra/metrics/features/pos/mean/gpt2/tables/gride_gpt2_pos.csv,bert/tables_POS/pos_bootstrap/pos_raw_gride_gpt2.csv
gpt2,GPT-2: MEAN vs LAST,pos,NLID,gride,gride,CCONJ,CCONJ,8,15.35522174835205,11.606852531433104,147.0,104.0,plots_extra/metrics/features/pos/mean/gpt2/tables/gride_gpt2_pos.csv,bert/tables_POS/pos_bootstrap/pos_raw_gride_gpt2.csv
gpt2,GPT-2: MEAN vs LAST,pos,NLID,gride,gride,CCONJ,CCONJ,9,15.607473373413086,13.698654174804688,150.0,113.0,plots_extra/metrics/features/pos/mean/gpt2/tables/gride_gpt2_pos.csv,bert/tables_POS/pos_bootstrap/pos_raw_gride_gpt2.csv
gpt2,GPT-2: MEAN vs LAST,pos,NLID,gride,gride,CCONJ,CCONJ,10,15.919777870178224,15.274089813232422,153.0,116.0,plots_extra/metrics/features/pos/mean/gpt2/tables/gride_gpt2_pos.csv,bert/tables_POS/pos_bootstrap/pos_raw_gride_gpt2.csv
gpt2,GPT-2: MEAN vs LAST,pos,NLID,gride,gride,CCONJ,CCONJ,11,16.499099731445312,16.008909225463867,154.0,119.0,plots_extra/metrics/features/pos/mean/gpt2/tables/gride_gpt2_pos.csv,bert/tables_POS/pos_bootstrap/pos_raw_gride_gpt2.csv
gpt2,GPT-2: MEAN vs LAST,pos,NLID,gride,gride,CCONJ,CCONJ,12,8.182920455932617,5.240556716918945,70.0,82.0,plots_extra/metrics/features/pos/mean/gpt2/tables/gride_gpt2_pos.csv,bert/tables_POS/pos_bootstrap/pos_raw_gride_gpt2.csv
gpt2,GPT-2: MEAN vs LAST,pos,NLID,gride,gride,DET,DET,0,0.2574224472045898,1.4059507846832275,2.0,5.0,plots_extra/metrics/features/pos/mean/gpt2/tables/gride_gpt2_pos.csv,bert/tables_POS/pos_bootstrap/pos_raw_gride_gpt2.csv
gpt2,GPT-2: MEAN vs LAST,pos,NLID,gride,gride,DET,DET,1,5.88582706451416,3.108108758926392,44.0,58.0,plots_extra/metrics/features/pos/mean/gpt2/tables/gride_gpt2_pos.csv,bert/tables_POS/pos_bootstrap/pos_raw_gride_gpt2.csv
gpt2,GPT-2: MEAN vs LAST,pos,NLID,gride,gride,DET,DET,2,6.430808067321777,2.424973964691162,51.0,51.0,plots_extra/metrics/features/pos/mean/gpt2/tables/gride_gpt2_pos.csv,bert/tables_POS/pos_bootstrap/pos_raw_gride_gpt2.csv
gpt2,GPT-2: MEAN vs LAST,pos,NLID,gride,gride,DET,DET,3,7.059068202972412,2.0344386100769043,59.0,20.0,plots_extra/metrics/features/pos/mean/gpt2/tables/gride_gpt2_pos.csv,bert/tables_POS/pos_bootstrap/pos_raw_gride_gpt2.csv
gpt2,GPT-2: MEAN vs LAST,pos,NLID,gride,gride,DET,DET,4,8.009480476379395,2.1158933639526367,67.0,22.0,plots_extra/metrics/features/pos/mean/gpt2/tables/gride_gpt2_pos.csv,bert/tables_POS/pos_bootstrap/pos_raw_gride_gpt2.csv
gpt2,GPT-2: MEAN vs LAST,pos,NLID,gride,gride,DET,DET,5,8.934816360473633,2.13804030418396,80.0,24.0,plots_extra/metrics/features/pos/mean/gpt2/tables/gride_gpt2_pos.csv,bert/tables_POS/pos_bootstrap/pos_raw_gride_gpt2.csv
gpt2,GPT-2: MEAN vs LAST,pos,NLID,gride,gride,DET,DET,6,9.471745491027832,2.147815465927124,92.0,29.0,plots_extra/metrics/features/pos/mean/gpt2/tables/gride_gpt2_pos.csv,bert/tables_POS/pos_bootstrap/pos_raw_gride_gpt2.csv
gpt2,GPT-2: MEAN vs LAST,pos,NLID,gride,gride,DET,DET,7,10.816069602966309,2.162222385406494,102.0,32.0,plots_extra/metrics/features/pos/mean/gpt2/tables/gride_gpt2_pos.csv,bert/tables_POS/pos_bootstrap/pos_raw_gride_gpt2.csv
gpt2,GPT-2: MEAN vs LAST,pos,NLID,gride,gride,DET,DET,8,11.301000595092772,2.160250663757324,109.0,31.0,plots_extra/metrics/features/pos/mean/gpt2/tables/gride_gpt2_pos.csv,bert/tables_POS/pos_bootstrap/pos_raw_gride_gpt2.csv
gpt2,GPT-2: MEAN vs LAST,pos,NLID,gride,gride,DET,DET,9,11.757078170776367,2.1455416679382324,112.0,28.0,plots_extra/metrics/features/pos/mean/gpt2/tables/gride_gpt2_pos.csv,bert/tables_POS/pos_bootstrap/pos_raw_gride_gpt2.csv
gpt2,GPT-2: MEAN vs LAST,pos,NLID,gride,gride,DET,DET,10,12.449267387390137,2.1395070552825928,121.0,25.0,plots_extra/metrics/features/pos/mean/gpt2/tables/gride_gpt2_pos.csv,bert/tables_POS/pos_bootstrap/pos_raw_gride_gpt2.csv
gpt2,GPT-2: MEAN vs LAST,pos,NLID,gride,gride,DET,DET,11,12.749869346618652,2.140982151031494,123.0,27.0,plots_extra/metrics/features/pos/mean/gpt2/tables/gride_gpt2_pos.csv,bert/tables_POS/pos_bootstrap/pos_raw_gride_gpt2.csv
gpt2,GPT-2: MEAN vs LAST,pos,NLID,gride,gride,DET,DET,12,7.718657493591309,2.403432130813598,62.0,49.0,plots_extra/metrics/features/pos/mean/gpt2/tables/gride_gpt2_pos.csv,bert/tables_POS/pos_bootstrap/pos_raw_gride_gpt2.csv
gpt2,GPT-2: MEAN vs LAST,pos,NLID,gride,gride,NOUN,NOUN,0,18.72578430175781,24.29422950744629,159.0,161.0,plots_extra/metrics/features/pos/mean/gpt2/tables/gride_gpt2_pos.csv,bert/tables_POS/pos_bootstrap/pos_raw_gride_gpt2.csv
gpt2,GPT-2: MEAN vs LAST,pos,NLID,gride,gride,NOUN,NOUN,1,18.59730339050293,23.886558532714844,158.0,159.0,plots_extra/metrics/features/pos/mean/gpt2/tables/gride_gpt2_pos.csv,bert/tables_POS/pos_bootstrap/pos_raw_gride_gpt2.csv
gpt2,GPT-2: MEAN vs LAST,pos,NLID,gride,gride,NOUN,NOUN,2,17.825767517089844,24.10966682434082,156.0,160.0,plots_extra/metrics/features/pos/mean/gpt2/tables/gride_gpt2_pos.csv,bert/tables_POS/pos_bootstrap/pos_raw_gride_gpt2.csv
gpt2,GPT-2: MEAN vs LAST,pos,NLID,gride,gride,NOUN,NOUN,3,19.602214813232425,25.05197525024414,161.0,162.0,plots_extra/metrics/features/pos/mean/gpt2/tables/gride_gpt2_pos.csv,bert/tables_POS/pos_bootstrap/pos_raw_gride_gpt2.csv
gpt2,GPT-2: MEAN vs LAST,pos,NLID,gride,gride,NOUN,NOUN,4,22.050413131713867,25.468585968017575,162.0,164.0,plots_extra/metrics/features/pos/mean/gpt2/tables/gride_gpt2_pos.csv,bert/tables_POS/pos_bootstrap/pos_raw_gride_gpt2.csv
gpt2,GPT-2: MEAN vs LAST,pos,NLID,gride,gride,NOUN,NOUN,5,24.018518447875977,26.821657180786133,163.0,168.0,plots_extra/metrics/features/pos/mean/gpt2/tables/gride_gpt2_pos.csv,bert/tables_POS/pos_bootstrap/pos_raw_gride_gpt2.csv
gpt2,GPT-2: MEAN vs LAST,pos,NLID,gride,gride,NOUN,NOUN,6,24.59638214111328,26.169551849365234,165.0,165.0,plots_extra/metrics/features/pos/mean/gpt2/tables/gride_gpt2_pos.csv,bert/tables_POS/pos_bootstrap/pos_raw_gride_gpt2.csv
gpt2,GPT-2: MEAN vs LAST,pos,NLID,gride,gride,NOUN,NOUN,7,24.53885269165039,26.46891021728516,164.0,167.0,plots_extra/metrics/features/pos/mean/gpt2/tables/gride_gpt2_pos.csv,bert/tables_POS/pos_bootstrap/pos_raw_gride_gpt2.csv
gpt2,GPT-2: MEAN vs LAST,pos,NLID,gride,gride,NOUN,NOUN,8,24.736652374267575,26.924989700317383,166.0,169.0,plots_extra/metrics/features/pos/mean/gpt2/tables/gride_gpt2_pos.csv,bert/tables_POS/pos_bootstrap/pos_raw_gride_gpt2.csv
gpt2,GPT-2: MEAN vs LAST,pos,NLID,gride,gride,NOUN,NOUN,9,25.267967224121094,26.1822509765625,167.0,166.0,plots_extra/metrics/features/pos/mean/gpt2/tables/gride_gpt2_pos.csv,bert/tables_POS/pos_bootstrap/pos_raw_gride_gpt2.csv
gpt2,GPT-2: MEAN vs LAST,pos,NLID,gride,gride,NOUN,NOUN,10,25.74345016479492,25.10770797729492,168.0,163.0,plots_extra/metrics/features/pos/mean/gpt2/tables/gride_gpt2_pos.csv,bert/tables_POS/pos_bootstrap/pos_raw_gride_gpt2.csv
gpt2,GPT-2: MEAN vs LAST,pos,NLID,gride,gride,NOUN,NOUN,11,26.09452438354492,23.264619827270508,169.0,158.0,plots_extra/metrics/features/pos/mean/gpt2/tables/gride_gpt2_pos.csv,bert/tables_POS/pos_bootstrap/pos_raw_gride_gpt2.csv
gpt2,GPT-2: MEAN vs LAST,pos,NLID,gride,gride,NOUN,NOUN,12,8.647499084472656,4.994335651397705,76.0,78.0,plots_extra/metrics/features/pos/mean/gpt2/tables/gride_gpt2_pos.csv,bert/tables_POS/pos_bootstrap/pos_raw_gride_gpt2.csv
gpt2,GPT-2: MEAN vs LAST,pos,NLID,gride,gride,NUM,NUM,0,3.704594612121582,4.13754415512085,26.0,73.0,plots_extra/metrics/features/pos/mean/gpt2/tables/gride_gpt2_pos.csv,bert/tables_POS/pos_bootstrap/pos_raw_gride_gpt2.csv
gpt2,GPT-2: MEAN vs LAST,pos,NLID,gride,gride,NUM,NUM,1,4.403501033782959,3.2543904781341557,32.0,61.0,plots_extra/metrics/features/pos/mean/gpt2/tables/gride_gpt2_pos.csv,bert/tables_POS/pos_bootstrap/pos_raw_gride_gpt2.csv
gpt2,GPT-2: MEAN vs LAST,pos,NLID,gride,gride,NUM,NUM,2,5.061937808990479,2.152606248855591,35.0,30.0,plots_extra/metrics/features/pos/mean/gpt2/tables/gride_gpt2_pos.csv,bert/tables_POS/pos_bootstrap/pos_raw_gride_gpt2.csv
gpt2,GPT-2: MEAN vs LAST,pos,NLID,gride,gride,NUM,NUM,3,6.769867420196533,1.913319110870361,55.0,18.0,plots_extra/metrics/features/pos/mean/gpt2/tables/gride_gpt2_pos.csv,bert/tables_POS/pos_bootstrap/pos_raw_gride_gpt2.csv
gpt2,GPT-2: MEAN vs LAST,pos,NLID,gride,gride,NUM,NUM,4,7.869999408721924,2.0570034980773926,63.0,21.0,plots_extra/metrics/features/pos/mean/gpt2/tables/gride_gpt2_pos.csv,bert/tables_POS/pos_bootstrap/pos_raw_gride_gpt2.csv
gpt2,GPT-2: MEAN vs LAST,pos,NLID,gride,gride,NUM,NUM,5,8.596273422241211,2.140356540679932,75.0,26.0,plots_extra/metrics/features/pos/mean/gpt2/tables/gride_gpt2_pos.csv,bert/tables_POS/pos_bootstrap/pos_raw_gride_gpt2.csv
gpt2,GPT-2: MEAN vs LAST,pos,NLID,gride,gride,NUM,NUM,6,8.721050262451172,2.1847798824310303,77.0,34.0,plots_extra/metrics/features/pos/mean/gpt2/tables/gride_gpt2_pos.csv,bert/tables_POS/pos_bootstrap/pos_raw_gride_gpt2.csv
gpt2,GPT-2: MEAN vs LAST,pos,NLID,gride,gride,NUM,NUM,7,8.861108779907227,2.211800575256348,79.0,35.0,plots_extra/metrics/features/pos/mean/gpt2/tables/gride_gpt2_pos.csv,bert/tables_POS/pos_bootstrap/pos_raw_gride_gpt2.csv
gpt2,GPT-2: MEAN vs LAST,pos,NLID,gride,gride,NUM,NUM,8,8.853250503540039,2.228884220123291,78.0,36.0,plots_extra/metrics/features/pos/mean/gpt2/tables/gride_gpt2_pos.csv,bert/tables_POS/pos_bootstrap/pos_raw_gride_gpt2.csv
gpt2,GPT-2: MEAN vs LAST,pos,NLID,gride,gride,NUM,NUM,9,8.973747253417969,2.287410020828247,82.0,38.0,plots_extra/metrics/features/pos/mean/gpt2/tables/gride_gpt2_pos.csv,bert/tables_POS/pos_bootstrap/pos_raw_gride_gpt2.csv
gpt2,GPT-2: MEAN vs LAST,pos,NLID,gride,gride,NUM,NUM,10,9.206734657287598,2.354241847991944,85.0,48.0,plots_extra/metrics/features/pos/mean/gpt2/tables/gride_gpt2_pos.csv,bert/tables_POS/pos_bootstrap/pos_raw_gride_gpt2.csv
gpt2,GPT-2: MEAN vs LAST,pos,NLID,gride,gride,NUM,NUM,11,9.2457275390625,2.438337564468384,87.0,52.0,plots_extra/metrics/features/pos/mean/gpt2/tables/gride_gpt2_pos.csv,bert/tables_POS/pos_bootstrap/pos_raw_gride_gpt2.csv
gpt2,GPT-2: MEAN vs LAST,pos,NLID,gride,gride,NUM,NUM,12,5.912785530090332,3.0188920497894287,45.0,56.0,plots_extra/metrics/features/pos/mean/gpt2/tables/gride_gpt2_pos.csv,bert/tables_POS/pos_bootstrap/pos_raw_gride_gpt2.csv
gpt2,GPT-2: MEAN vs LAST,pos,NLID,gride,gride,PRON,PRON,0,1.1054084300994873,1.0779225826263428,6.0,2.0,plots_extra/metrics/features/pos/mean/gpt2/tables/gride_gpt2_pos.csv,bert/tables_POS/pos_bootstrap/pos_raw_gride_gpt2.csv
gpt2,GPT-2: MEAN vs LAST,pos,NLID,gride,gride,PRON,PRON,1,1.8219518661499023,1.347437024116516,9.0,3.0,plots_extra/metrics/features/pos/mean/gpt2/tables/gride_gpt2_pos.csv,bert/tables_POS/pos_bootstrap/pos_raw_gride_gpt2.csv
gpt2,GPT-2: MEAN vs LAST,pos,NLID,gride,gride,PRON,PRON,2,2.080569267272949,1.6569747924804688,12.0,16.0,plots_extra/metrics/features/pos/mean/gpt2/tables/gride_gpt2_pos.csv,bert/tables_POS/pos_bootstrap/pos_raw_gride_gpt2.csv
gpt2,GPT-2: MEAN vs LAST,pos,NLID,gride,gride,PRON,PRON,3,1.8457707166671755,2.82544469833374,10.0,55.0,plots_extra/metrics/features/pos/mean/gpt2/tables/gride_gpt2_pos.csv,bert/tables_POS/pos_bootstrap/pos_raw_gride_gpt2.csv
gpt2,GPT-2: MEAN vs LAST,pos,NLID,gride,gride,PRON,PRON,4,1.9851300716400144,3.3106648921966557,11.0,63.0,plots_extra/metrics/features/pos/mean/gpt2/tables/gride_gpt2_pos.csv,bert/tables_POS/pos_bootstrap/pos_raw_gride_gpt2.csv
gpt2,GPT-2: MEAN vs LAST,pos,NLID,gride,gride,PRON,PRON,5,2.1148407459259038,3.0959317684173584,13.0,57.0,plots_extra/metrics/features/pos/mean/gpt2/tables/gride_gpt2_pos.csv,bert/tables_POS/pos_bootstrap/pos_raw_gride_gpt2.csv
gpt2,GPT-2: MEAN vs LAST,pos,NLID,gride,gride,PRON,PRON,6,2.4694955348968506,3.1929166316986084,16.0,60.0,plots_extra/metrics/features/pos/mean/gpt2/tables/gride_gpt2_pos.csv,bert/tables_POS/pos_bootstrap/pos_raw_gride_gpt2.csv
gpt2,GPT-2: MEAN vs LAST,pos,NLID,gride,gride,PRON,PRON,7,1.741310954093933,3.3088924884796143,8.0,62.0,plots_extra/metrics/features/pos/mean/gpt2/tables/gride_gpt2_pos.csv,bert/tables_POS/pos_bootstrap/pos_raw_gride_gpt2.csv
gpt2,GPT-2: MEAN vs LAST,pos,NLID,gride,gride,PRON,PRON,8,2.4361319541931152,3.3731539249420166,15.0,64.0,plots_extra/metrics/features/pos/mean/gpt2/tables/gride_gpt2_pos.csv,bert/tables_POS/pos_bootstrap/pos_raw_gride_gpt2.csv
gpt2,GPT-2: MEAN vs LAST,pos,NLID,gride,gride,PRON,PRON,9,2.623739719390869,3.4373257160186768,17.0,67.0,plots_extra/metrics/features/pos/mean/gpt2/tables/gride_gpt2_pos.csv,bert/tables_POS/pos_bootstrap/pos_raw_gride_gpt2.csv
gpt2,GPT-2: MEAN vs LAST,pos,NLID,gride,gride,PRON,PRON,10,2.294921398162842,3.4881739616394043,14.0,69.0,plots_extra/metrics/features/pos/mean/gpt2/tables/gride_gpt2_pos.csv,bert/tables_POS/pos_bootstrap/pos_raw_gride_gpt2.csv
gpt2,GPT-2: MEAN vs LAST,pos,NLID,gride,gride,PRON,PRON,11,2.982797861099243,3.427773714065552,20.0,66.0,plots_extra/metrics/features/pos/mean/gpt2/tables/gride_gpt2_pos.csv,bert/tables_POS/pos_bootstrap/pos_raw_gride_gpt2.csv
gpt2,GPT-2: MEAN vs LAST,pos,NLID,gride,gride,PRON,PRON,12,3.563368797302246,2.1826722621917725,25.0,33.0,plots_extra/metrics/features/pos/mean/gpt2/tables/gride_gpt2_pos.csv,bert/tables_POS/pos_bootstrap/pos_raw_gride_gpt2.csv
gpt2,GPT-2: MEAN vs LAST,pos,NLID,gride,gride,PROPN,PROPN,0,13.077054977416992,15.356819152832031,128.0,118.0,plots_extra/metrics/features/pos/mean/gpt2/tables/gride_gpt2_pos.csv,bert/tables_POS/pos_bootstrap/pos_raw_gride_gpt2.csv
gpt2,GPT-2: MEAN vs LAST,pos,NLID,gride,gride,PROPN,PROPN,1,11.885241508483888,18.392866134643555,113.0,122.0,plots_extra/metrics/features/pos/mean/gpt2/tables/gride_gpt2_pos.csv,bert/tables_POS/pos_bootstrap/pos_raw_gride_gpt2.csv
gpt2,GPT-2: MEAN vs LAST,pos,NLID,gride,gride,PROPN,PROPN,2,9.225226402282717,18.794490814208984,86.0,127.0,plots_extra/metrics/features/pos/mean/gpt2/tables/gride_gpt2_pos.csv,bert/tables_POS/pos_bootstrap/pos_raw_gride_gpt2.csv
gpt2,GPT-2: MEAN vs LAST,pos,NLID,gride,gride,PROPN,PROPN,3,12.44776725769043,19.27340316772461,120.0,132.0,plots_extra/metrics/features/pos/mean/gpt2/tables/gride_gpt2_pos.csv,bert/tables_POS/pos_bootstrap/pos_raw_gride_gpt2.csv
gpt2,GPT-2: MEAN vs LAST,pos,NLID,gride,gride,PROPN,PROPN,4,12.960039138793944,20.065711975097656,125.0,139.0,plots_extra/metrics/features/pos/mean/gpt2/tables/gride_gpt2_pos.csv,bert/tables_POS/pos_bootstrap/pos_raw_gride_gpt2.csv
gpt2,GPT-2: MEAN vs LAST,pos,NLID,gride,gride,PROPN,PROPN,5,13.577831268310549,19.751155853271484,132.0,135.0,plots_extra/metrics/features/pos/mean/gpt2/tables/gride_gpt2_pos.csv,bert/tables_POS/pos_bootstrap/pos_raw_gride_gpt2.csv
gpt2,GPT-2: MEAN vs LAST,pos,NLID,gride,gride,PROPN,PROPN,6,13.772008895874023,19.481306076049805,136.0,134.0,plots_extra/metrics/features/pos/mean/gpt2/tables/gride_gpt2_pos.csv,bert/tables_POS/pos_bootstrap/pos_raw_gride_gpt2.csv
gpt2,GPT-2: MEAN vs LAST,pos,NLID,gride,gride,PROPN,PROPN,7,13.665277481079102,18.607128143310547,135.0,125.0,plots_extra/metrics/features/pos/mean/gpt2/tables/gride_gpt2_pos.csv,bert/tables_POS/pos_bootstrap/pos_raw_gride_gpt2.csv
gpt2,GPT-2: MEAN vs LAST,pos,NLID,gride,gride,PROPN,PROPN,8,13.633794784545898,18.429664611816406,133.0,123.0,plots_extra/metrics/features/pos/mean/gpt2/tables/gride_gpt2_pos.csv,bert/tables_POS/pos_bootstrap/pos_raw_gride_gpt2.csv
gpt2,GPT-2: MEAN vs LAST,pos,NLID,gride,gride,PROPN,PROPN,9,14.235766410827637,18.538848876953125,140.0,124.0,plots_extra/metrics/features/pos/mean/gpt2/tables/gride_gpt2_pos.csv,bert/tables_POS/pos_bootstrap/pos_raw_gride_gpt2.csv
gpt2,GPT-2: MEAN vs LAST,pos,NLID,gride,gride,PROPN,PROPN,10,14.854165077209473,18.38383102416992,144.0,121.0,plots_extra/metrics/features/pos/mean/gpt2/tables/gride_gpt2_pos.csv,bert/tables_POS/pos_bootstrap/pos_raw_gride_gpt2.csv
gpt2,GPT-2: MEAN vs LAST,pos,NLID,gride,gride,PROPN,PROPN,11,15.794654846191406,18.81649398803711,152.0,128.0,plots_extra/metrics/features/pos/mean/gpt2/tables/gride_gpt2_pos.csv,bert/tables_POS/pos_bootstrap/pos_raw_gride_gpt2.csv
gpt2,GPT-2: MEAN vs LAST,pos,NLID,gride,gride,PROPN,PROPN,12,6.896976470947266,4.010976314544678,57.0,72.0,plots_extra/metrics/features/pos/mean/gpt2/tables/gride_gpt2_pos.csv,bert/tables_POS/pos_bootstrap/pos_raw_gride_gpt2.csv
gpt2,GPT-2: MEAN vs LAST,pos,NLID,gride,gride,PUNCT,PUNCT,0,0.2019977271556854,1.604440689086914,1.0,15.0,plots_extra/metrics/features/pos/mean/gpt2/tables/gride_gpt2_pos.csv,bert/tables_POS/pos_bootstrap/pos_raw_gride_gpt2.csv
gpt2,GPT-2: MEAN vs LAST,pos,NLID,gride,gride,PUNCT,PUNCT,1,5.160870552062988,6.260746002197266,37.0,87.0,plots_extra/metrics/features/pos/mean/gpt2/tables/gride_gpt2_pos.csv,bert/tables_POS/pos_bootstrap/pos_raw_gride_gpt2.csv
gpt2,GPT-2: MEAN vs LAST,pos,NLID,gride,gride,PUNCT,PUNCT,2,6.754382610321045,7.607209205627441,54.0,92.0,plots_extra/metrics/features/pos/mean/gpt2/tables/gride_gpt2_pos.csv,bert/tables_POS/pos_bootstrap/pos_raw_gride_gpt2.csv
gpt2,GPT-2: MEAN vs LAST,pos,NLID,gride,gride,PUNCT,PUNCT,3,8.064762115478516,10.128520965576172,68.0,95.0,plots_extra/metrics/features/pos/mean/gpt2/tables/gride_gpt2_pos.csv,bert/tables_POS/pos_bootstrap/pos_raw_gride_gpt2.csv
gpt2,GPT-2: MEAN vs LAST,pos,NLID,gride,gride,PUNCT,PUNCT,4,9.19931983947754,11.81707000732422,84.0,107.0,plots_extra/metrics/features/pos/mean/gpt2/tables/gride_gpt2_pos.csv,bert/tables_POS/pos_bootstrap/pos_raw_gride_gpt2.csv
gpt2,GPT-2: MEAN vs LAST,pos,NLID,gride,gride,PUNCT,PUNCT,5,10.680112838745115,13.657468795776367,101.0,112.0,plots_extra/metrics/features/pos/mean/gpt2/tables/gride_gpt2_pos.csv,bert/tables_POS/pos_bootstrap/pos_raw_gride_gpt2.csv
gpt2,GPT-2: MEAN vs LAST,pos,NLID,gride,gride,PUNCT,PUNCT,6,10.663122177124023,13.550542831420898,99.0,110.0,plots_extra/metrics/features/pos/mean/gpt2/tables/gride_gpt2_pos.csv,bert/tables_POS/pos_bootstrap/pos_raw_gride_gpt2.csv
gpt2,GPT-2: MEAN vs LAST,pos,NLID,gride,gride,PUNCT,PUNCT,7,10.891265869140623,13.624139785766602,103.0,111.0,plots_extra/metrics/features/pos/mean/gpt2/tables/gride_gpt2_pos.csv,bert/tables_POS/pos_bootstrap/pos_raw_gride_gpt2.csv
gpt2,GPT-2: MEAN vs LAST,pos,NLID,gride,gride,PUNCT,PUNCT,8,10.906404495239258,13.098926544189451,104.0,109.0,plots_extra/metrics/features/pos/mean/gpt2/tables/gride_gpt2_pos.csv,bert/tables_POS/pos_bootstrap/pos_raw_gride_gpt2.csv
gpt2,GPT-2: MEAN vs LAST,pos,NLID,gride,gride,PUNCT,PUNCT,9,11.249530792236328,12.432205200195312,108.0,108.0,plots_extra/metrics/features/pos/mean/gpt2/tables/gride_gpt2_pos.csv,bert/tables_POS/pos_bootstrap/pos_raw_gride_gpt2.csv
gpt2,GPT-2: MEAN vs LAST,pos,NLID,gride,gride,PUNCT,PUNCT,10,12.273662567138672,11.644896507263184,117.0,106.0,plots_extra/metrics/features/pos/mean/gpt2/tables/gride_gpt2_pos.csv,bert/tables_POS/pos_bootstrap/pos_raw_gride_gpt2.csv
gpt2,GPT-2: MEAN vs LAST,pos,NLID,gride,gride,PUNCT,PUNCT,11,13.56816577911377,11.608081817626951,130.0,105.0,plots_extra/metrics/features/pos/mean/gpt2/tables/gride_gpt2_pos.csv,bert/tables_POS/pos_bootstrap/pos_raw_gride_gpt2.csv
gpt2,GPT-2: MEAN vs LAST,pos,NLID,gride,gride,PUNCT,PUNCT,12,6.017886161804199,4.17047119140625,47.0,74.0,plots_extra/metrics/features/pos/mean/gpt2/tables/gride_gpt2_pos.csv,bert/tables_POS/pos_bootstrap/pos_raw_gride_gpt2.csv
gpt2,GPT-2: MEAN vs LAST,pos,NLID,gride,gride,SCONJ,SCONJ,0,0.6772801280021667,1.800457000732422,4.0,17.0,plots_extra/metrics/features/pos/mean/gpt2/tables/gride_gpt2_pos.csv,bert/tables_POS/pos_bootstrap/pos_raw_gride_gpt2.csv
gpt2,GPT-2: MEAN vs LAST,pos,NLID,gride,gride,SCONJ,SCONJ,1,3.2434451580047607,2.122942447662353,22.0,23.0,plots_extra/metrics/features/pos/mean/gpt2/tables/gride_gpt2_pos.csv,bert/tables_POS/pos_bootstrap/pos_raw_gride_gpt2.csv
gpt2,GPT-2: MEAN vs LAST,pos,NLID,gride,gride,SCONJ,SCONJ,2,3.228821039199829,1.5305578708648682,21.0,9.0,plots_extra/metrics/features/pos/mean/gpt2/tables/gride_gpt2_pos.csv,bert/tables_POS/pos_bootstrap/pos_raw_gride_gpt2.csv
gpt2,GPT-2: MEAN vs LAST,pos,NLID,gride,gride,SCONJ,SCONJ,3,4.1295976638793945,1.3700847625732422,29.0,4.0,plots_extra/metrics/features/pos/mean/gpt2/tables/gride_gpt2_pos.csv,bert/tables_POS/pos_bootstrap/pos_raw_gride_gpt2.csv
gpt2,GPT-2: MEAN vs LAST,pos,NLID,gride,gride,SCONJ,SCONJ,4,5.101274967193604,1.4544925689697266,36.0,6.0,plots_extra/metrics/features/pos/mean/gpt2/tables/gride_gpt2_pos.csv,bert/tables_POS/pos_bootstrap/pos_raw_gride_gpt2.csv
gpt2,GPT-2: MEAN vs LAST,pos,NLID,gride,gride,SCONJ,SCONJ,5,5.290128707885742,1.4972306489944458,39.0,7.0,plots_extra/metrics/features/pos/mean/gpt2/tables/gride_gpt2_pos.csv,bert/tables_POS/pos_bootstrap/pos_raw_gride_gpt2.csv
gpt2,GPT-2: MEAN vs LAST,pos,NLID,gride,gride,SCONJ,SCONJ,6,5.058244228363037,1.5221705436706543,34.0,8.0,plots_extra/metrics/features/pos/mean/gpt2/tables/gride_gpt2_pos.csv,bert/tables_POS/pos_bootstrap/pos_raw_gride_gpt2.csv
gpt2,GPT-2: MEAN vs LAST,pos,NLID,gride,gride,SCONJ,SCONJ,7,5.7524261474609375,1.5410491228103638,42.0,10.0,plots_extra/metrics/features/pos/mean/gpt2/tables/gride_gpt2_pos.csv,bert/tables_POS/pos_bootstrap/pos_raw_gride_gpt2.csv
gpt2,GPT-2: MEAN vs LAST,pos,NLID,gride,gride,SCONJ,SCONJ,8,3.3733060359954834,1.5591721534729004,24.0,11.0,plots_extra/metrics/features/pos/mean/gpt2/tables/gride_gpt2_pos.csv,bert/tables_POS/pos_bootstrap/pos_raw_gride_gpt2.csv
gpt2,GPT-2: MEAN vs LAST,pos,NLID,gride,gride,SCONJ,SCONJ,9,6.13194465637207,1.5683213472366333,48.0,12.0,plots_extra/metrics/features/pos/mean/gpt2/tables/gride_gpt2_pos.csv,bert/tables_POS/pos_bootstrap/pos_raw_gride_gpt2.csv
gpt2,GPT-2: MEAN vs LAST,pos,NLID,gride,gride,SCONJ,SCONJ,10,4.16085147857666,1.577620267868042,30.0,13.0,plots_extra/metrics/features/pos/mean/gpt2/tables/gride_gpt2_pos.csv,bert/tables_POS/pos_bootstrap/pos_raw_gride_gpt2.csv
gpt2,GPT-2: MEAN vs LAST,pos,NLID,gride,gride,SCONJ,SCONJ,11,9.371070861816406,1.5837767124176023,89.0,14.0,plots_extra/metrics/features/pos/mean/gpt2/tables/gride_gpt2_pos.csv,bert/tables_POS/pos_bootstrap/pos_raw_gride_gpt2.csv
gpt2,GPT-2: MEAN vs LAST,pos,NLID,gride,gride,SCONJ,SCONJ,12,6.656257629394531,2.0146324634552,53.0,19.0,plots_extra/metrics/features/pos/mean/gpt2/tables/gride_gpt2_pos.csv,bert/tables_POS/pos_bootstrap/pos_raw_gride_gpt2.csv
gpt2,GPT-2: MEAN vs LAST,pos,NLID,gride,gride,VERB,VERB,0,12.12162971496582,13.890029907226562,114.0,115.0,plots_extra/metrics/features/pos/mean/gpt2/tables/gride_gpt2_pos.csv,bert/tables_POS/pos_bootstrap/pos_raw_gride_gpt2.csv
gpt2,GPT-2: MEAN vs LAST,pos,NLID,gride,gride,VERB,VERB,1,6.885711669921875,20.288930892944336,56.0,141.0,plots_extra/metrics/features/pos/mean/gpt2/tables/gride_gpt2_pos.csv,bert/tables_POS/pos_bootstrap/pos_raw_gride_gpt2.csv
gpt2,GPT-2: MEAN vs LAST,pos,NLID,gride,gride,VERB,VERB,2,5.809105396270752,20.294790267944336,43.0,142.0,plots_extra/metrics/features/pos/mean/gpt2/tables/gride_gpt2_pos.csv,bert/tables_POS/pos_bootstrap/pos_raw_gride_gpt2.csv
gpt2,GPT-2: MEAN vs LAST,pos,NLID,gride,gride,VERB,VERB,3,7.87182092666626,21.53034019470215,64.0,149.0,plots_extra/metrics/features/pos/mean/gpt2/tables/gride_gpt2_pos.csv,bert/tables_POS/pos_bootstrap/pos_raw_gride_gpt2.csv
gpt2,GPT-2: MEAN vs LAST,pos,NLID,gride,gride,VERB,VERB,4,9.556578636169434,22.32963180541992,93.0,152.0,plots_extra/metrics/features/pos/mean/gpt2/tables/gride_gpt2_pos.csv,bert/tables_POS/pos_bootstrap/pos_raw_gride_gpt2.csv
gpt2,GPT-2: MEAN vs LAST,pos,NLID,gride,gride,VERB,VERB,5,10.946439743041992,22.341672897338867,105.0,153.0,plots_extra/metrics/features/pos/mean/gpt2/tables/gride_gpt2_pos.csv,bert/tables_POS/pos_bootstrap/pos_raw_gride_gpt2.csv
gpt2,GPT-2: MEAN vs LAST,pos,NLID,gride,gride,VERB,VERB,6,11.717591285705566,22.68470764160156,111.0,155.0,plots_extra/metrics/features/pos/mean/gpt2/tables/gride_gpt2_pos.csv,bert/tables_POS/pos_bootstrap/pos_raw_gride_gpt2.csv
gpt2,GPT-2: MEAN vs LAST,pos,NLID,gride,gride,VERB,VERB,7,12.20826244354248,22.90729141235352,115.0,157.0,plots_extra/metrics/features/pos/mean/gpt2/tables/gride_gpt2_pos.csv,bert/tables_POS/pos_bootstrap/pos_raw_gride_gpt2.csv
gpt2,GPT-2: MEAN vs LAST,pos,NLID,gride,gride,VERB,VERB,8,12.538522720336914,22.82929229736328,122.0,156.0,plots_extra/metrics/features/pos/mean/gpt2/tables/gride_gpt2_pos.csv,bert/tables_POS/pos_bootstrap/pos_raw_gride_gpt2.csv
gpt2,GPT-2: MEAN vs LAST,pos,NLID,gride,gride,VERB,VERB,9,13.224140167236328,22.44816017150879,129.0,154.0,plots_extra/metrics/features/pos/mean/gpt2/tables/gride_gpt2_pos.csv,bert/tables_POS/pos_bootstrap/pos_raw_gride_gpt2.csv
gpt2,GPT-2: MEAN vs LAST,pos,NLID,gride,gride,VERB,VERB,10,13.948334693908691,20.478025436401367,138.0,144.0,plots_extra/metrics/features/pos/mean/gpt2/tables/gride_gpt2_pos.csv,bert/tables_POS/pos_bootstrap/pos_raw_gride_gpt2.csv
gpt2,GPT-2: MEAN vs LAST,pos,NLID,gride,gride,VERB,VERB,11,14.852740287780762,19.084566116333008,143.0,130.0,plots_extra/metrics/features/pos/mean/gpt2/tables/gride_gpt2_pos.csv,bert/tables_POS/pos_bootstrap/pos_raw_gride_gpt2.csv
gpt2,GPT-2: MEAN vs LAST,pos,NLID,gride,gride,VERB,VERB,12,7.98739767074585,4.61342191696167,66.0,77.0,plots_extra/metrics/features/pos/mean/gpt2/tables/gride_gpt2_pos.csv,bert/tables_POS/pos_bootstrap/pos_raw_gride_gpt2.csv
gpt2,GPT-2: MEAN vs LAST,length,IsoScore,iso,iso,1,1,0,0.004218163434416,0.0029498422518372,115.0,116.0,plots_extra/metrics/features/length/mean/gpt2/tables/iso_gpt2_length.csv,gpt2/tables_LENGTH/length_bootstrap/length_raw_iso_gpt2.csv
gpt2,GPT-2: MEAN vs LAST,length,IsoScore,iso,iso,1,1,1,0.0013701252173632,0.0018836881499737,111.0,111.0,plots_extra/metrics/features/length/mean/gpt2/tables/iso_gpt2_length.csv,gpt2/tables_LENGTH/length_bootstrap/length_raw_iso_gpt2.csv
gpt2,GPT-2: MEAN vs LAST,length,IsoScore,iso,iso,1,1,2,7.402025221381336e-05,0.0013385568745434,72.0,67.0,plots_extra/metrics/features/length/mean/gpt2/tables/iso_gpt2_length.csv,gpt2/tables_LENGTH/length_bootstrap/length_raw_iso_gpt2.csv
gpt2,GPT-2: MEAN vs LAST,length,IsoScore,iso,iso,1,1,3,5.871779194421833e-06,0.0013050097040832,2.0,1.0,plots_extra/metrics/features/length/mean/gpt2/tables/iso_gpt2_length.csv,gpt2/tables_LENGTH/length_bootstrap/length_raw_iso_gpt2.csv
gpt2,GPT-2: MEAN vs LAST,length,IsoScore,iso,iso,1,1,4,6.80530138197355e-06,0.0013054744340479,3.0,3.0,plots_extra/metrics/features/length/mean/gpt2/tables/iso_gpt2_length.csv,gpt2/tables_LENGTH/length_bootstrap/length_raw_iso_gpt2.csv
gpt2,GPT-2: MEAN vs LAST,length,IsoScore,iso,iso,1,1,5,8.174363756552339e-06,0.0013061549980193,6.0,5.0,plots_extra/metrics/features/length/mean/gpt2/tables/iso_gpt2_length.csv,gpt2/tables_LENGTH/length_bootstrap/length_raw_iso_gpt2.csv
gpt2,GPT-2: MEAN vs LAST,length,IsoScore,iso,iso,1,1,6,9.837708603299689e-06,0.0013069808483123,9.0,9.0,plots_extra/metrics/features/length/mean/gpt2/tables/iso_gpt2_length.csv,gpt2/tables_LENGTH/length_bootstrap/length_raw_iso_gpt2.csv
gpt2,GPT-2: MEAN vs LAST,length,IsoScore,iso,iso,1,1,7,1.3006215340283234e-05,0.0013085514074191,13.0,12.0,plots_extra/metrics/features/length/mean/gpt2/tables/iso_gpt2_length.csv,gpt2/tables_LENGTH/length_bootstrap/length_raw_iso_gpt2.csv
gpt2,GPT-2: MEAN vs LAST,length,IsoScore,iso,iso,1,1,8,1.7588850823813118e-05,0.0013108205748721,20.0,18.0,plots_extra/metrics/features/length/mean/gpt2/tables/iso_gpt2_length.csv,gpt2/tables_LENGTH/length_bootstrap/length_raw_iso_gpt2.csv
gpt2,GPT-2: MEAN vs LAST,length,IsoScore,iso,iso,1,1,9,2.5014011043822396e-05,0.0013144888216629,28.0,28.0,plots_extra/metrics/features/length/mean/gpt2/tables/iso_gpt2_length.csv,gpt2/tables_LENGTH/length_bootstrap/length_raw_iso_gpt2.csv
gpt2,GPT-2: MEAN vs LAST,length,IsoScore,iso,iso,1,1,10,3.651716542663053e-05,0.0013201523106545,42.0,40.0,plots_extra/metrics/features/length/mean/gpt2/tables/iso_gpt2_length.csv,gpt2/tables_LENGTH/length_bootstrap/length_raw_iso_gpt2.csv
gpt2,GPT-2: MEAN vs LAST,length,IsoScore,iso,iso,1,1,11,6.010634751874022e-05,0.0013316958211362,62.0,58.0,plots_extra/metrics/features/length/mean/gpt2/tables/iso_gpt2_length.csv,gpt2/tables_LENGTH/length_bootstrap/length_raw_iso_gpt2.csv
gpt2,GPT-2: MEAN vs LAST,length,IsoScore,iso,iso,1,1,12,0.0008798247436061,0.0017120417905971,104.0,108.0,plots_extra/metrics/features/length/mean/gpt2/tables/iso_gpt2_length.csv,gpt2/tables_LENGTH/length_bootstrap/length_raw_iso_gpt2.csv
gpt2,GPT-2: MEAN vs LAST,length,IsoScore,iso,iso,10,10,0,0.0330932885408401,0.0098169837146997,130.0,130.0,plots_extra/metrics/features/length/mean/gpt2/tables/iso_gpt2_length.csv,gpt2/tables_LENGTH/length_bootstrap/length_raw_iso_gpt2.csv
gpt2,GPT-2: MEAN vs LAST,length,IsoScore,iso,iso,10,10,1,0.0276654921472072,0.0082989670336246,128.0,126.0,plots_extra/metrics/features/length/mean/gpt2/tables/iso_gpt2_length.csv,gpt2/tables_LENGTH/length_bootstrap/length_raw_iso_gpt2.csv
gpt2,GPT-2: MEAN vs LAST,length,IsoScore,iso,iso,10,10,2,0.0007178849773481,0.0017015868797898,102.0,106.0,plots_extra/metrics/features/length/mean/gpt2/tables/iso_gpt2_length.csv,gpt2/tables_LENGTH/length_bootstrap/length_raw_iso_gpt2.csv
gpt2,GPT-2: MEAN vs LAST,length,IsoScore,iso,iso,10,10,3,4.9365557060809806e-05,0.0013327415799722,55.0,59.0,plots_extra/metrics/features/length/mean/gpt2/tables/iso_gpt2_length.csv,gpt2/tables_LENGTH/length_bootstrap/length_raw_iso_gpt2.csv
gpt2,GPT-2: MEAN vs LAST,length,IsoScore,iso,iso,10,10,4,5.511952258530073e-05,0.0013363158795982,60.0,63.0,plots_extra/metrics/features/length/mean/gpt2/tables/iso_gpt2_length.csv,gpt2/tables_LENGTH/length_bootstrap/length_raw_iso_gpt2.csv
gpt2,GPT-2: MEAN vs LAST,length,IsoScore,iso,iso,10,10,5,6.0620262956945226e-05,0.0013396749272942,64.0,69.0,plots_extra/metrics/features/length/mean/gpt2/tables/iso_gpt2_length.csv,gpt2/tables_LENGTH/length_bootstrap/length_raw_iso_gpt2.csv
gpt2,GPT-2: MEAN vs LAST,length,IsoScore,iso,iso,10,10,6,6.937525176908821e-05,0.0013449327088892,68.0,73.0,plots_extra/metrics/features/length/mean/gpt2/tables/iso_gpt2_length.csv,gpt2/tables_LENGTH/length_bootstrap/length_raw_iso_gpt2.csv
gpt2,GPT-2: MEAN vs LAST,length,IsoScore,iso,iso,10,10,7,8.343881199834868e-05,0.0013533214805647,76.0,80.0,plots_extra/metrics/features/length/mean/gpt2/tables/iso_gpt2_length.csv,gpt2/tables_LENGTH/length_bootstrap/length_raw_iso_gpt2.csv
gpt2,GPT-2: MEAN vs LAST,length,IsoScore,iso,iso,10,10,8,0.0001066309268935,0.0013673794455826,82.0,84.0,plots_extra/metrics/features/length/mean/gpt2/tables/iso_gpt2_length.csv,gpt2/tables_LENGTH/length_bootstrap/length_raw_iso_gpt2.csv
gpt2,GPT-2: MEAN vs LAST,length,IsoScore,iso,iso,10,10,9,0.0001392642443533,0.0013873054413124,86.0,88.0,plots_extra/metrics/features/length/mean/gpt2/tables/iso_gpt2_length.csv,gpt2/tables_LENGTH/length_bootstrap/length_raw_iso_gpt2.csv
gpt2,GPT-2: MEAN vs LAST,length,IsoScore,iso,iso,10,10,10,0.0001919114438351,0.0014200072037056,92.0,92.0,plots_extra/metrics/features/length/mean/gpt2/tables/iso_gpt2_length.csv,gpt2/tables_LENGTH/length_bootstrap/length_raw_iso_gpt2.csv
gpt2,GPT-2: MEAN vs LAST,length,IsoScore,iso,iso,10,10,11,0.0003010098589584,0.0014869340229779,95.0,96.0,plots_extra/metrics/features/length/mean/gpt2/tables/iso_gpt2_length.csv,gpt2/tables_LENGTH/length_bootstrap/length_raw_iso_gpt2.csv
gpt2,GPT-2: MEAN vs LAST,length,IsoScore,iso,iso,10,10,12,0.0009532212279736,0.0016396584687754,109.0,102.0,plots_extra/metrics/features/length/mean/gpt2/tables/iso_gpt2_length.csv,gpt2/tables_LENGTH/length_bootstrap/length_raw_iso_gpt2.csv
gpt2,GPT-2: MEAN vs LAST,length,IsoScore,iso,iso,2,2,0,0.0042158970609307,0.0028611354064196,114.0,115.0,plots_extra/metrics/features/length/mean/gpt2/tables/iso_gpt2_length.csv,gpt2/tables_LENGTH/length_bootstrap/length_raw_iso_gpt2.csv
gpt2,GPT-2: MEAN vs LAST,length,IsoScore,iso,iso,2,2,1,0.0016320958966389,0.0019655125215649,112.0,112.0,plots_extra/metrics/features/length/mean/gpt2/tables/iso_gpt2_length.csv,gpt2/tables_LENGTH/length_bootstrap/length_raw_iso_gpt2.csv
gpt2,GPT-2: MEAN vs LAST,length,IsoScore,iso,iso,2,2,2,7.167340663727373e-05,0.0013374875998124,70.0,66.0,plots_extra/metrics/features/length/mean/gpt2/tables/iso_gpt2_length.csv,gpt2/tables_LENGTH/length_bootstrap/length_raw_iso_gpt2.csv
gpt2,GPT-2: MEAN vs LAST,length,IsoScore,iso,iso,2,2,3,5.865455023013055e-06,0.0013050155248492,1.0,2.0,plots_extra/metrics/features/length/mean/gpt2/tables/iso_gpt2_length.csv,gpt2/tables_LENGTH/length_bootstrap/length_raw_iso_gpt2.csv
gpt2,GPT-2: MEAN vs LAST,length,IsoScore,iso,iso,2,2,4,7.3897381298593245e-06,0.001305776531808,4.0,4.0,plots_extra/metrics/features/length/mean/gpt2/tables/iso_gpt2_length.csv,gpt2/tables_LENGTH/length_bootstrap/length_raw_iso_gpt2.csv
gpt2,GPT-2: MEAN vs LAST,length,IsoScore,iso,iso,2,2,5,8.97159225132782e-06,0.0013065662933513,7.0,7.0,plots_extra/metrics/features/length/mean/gpt2/tables/iso_gpt2_length.csv,gpt2/tables_LENGTH/length_bootstrap/length_raw_iso_gpt2.csv
gpt2,GPT-2: MEAN vs LAST,length,IsoScore,iso,iso,2,2,6,1.1410523256927265e-05,0.0013077829498797,11.0,11.0,plots_extra/metrics/features/length/mean/gpt2/tables/iso_gpt2_length.csv,gpt2/tables_LENGTH/length_bootstrap/length_raw_iso_gpt2.csv
gpt2,GPT-2: MEAN vs LAST,length,IsoScore,iso,iso,2,2,7,1.4669053598481696e-05,0.0013094034511595,16.0,15.0,plots_extra/metrics/features/length/mean/gpt2/tables/iso_gpt2_length.csv,gpt2/tables_LENGTH/length_bootstrap/length_raw_iso_gpt2.csv
gpt2,GPT-2: MEAN vs LAST,length,IsoScore,iso,iso,2,2,8,1.9902718122466467e-05,0.0013120005605742,23.0,21.0,plots_extra/metrics/features/length/mean/gpt2/tables/iso_gpt2_length.csv,gpt2/tables_LENGTH/length_bootstrap/length_raw_iso_gpt2.csv
gpt2,GPT-2: MEAN vs LAST,length,IsoScore,iso,iso,2,2,9,2.891409349103924e-05,0.0013164591509848,33.0,31.0,plots_extra/metrics/features/length/mean/gpt2/tables/iso_gpt2_length.csv,gpt2/tables_LENGTH/length_bootstrap/length_raw_iso_gpt2.csv
gpt2,GPT-2: MEAN vs LAST,length,IsoScore,iso,iso,2,2,10,4.390042886370793e-05,0.001323843607679,51.0,48.0,plots_extra/metrics/features/length/mean/gpt2/tables/iso_gpt2_length.csv,gpt2/tables_LENGTH/length_bootstrap/length_raw_iso_gpt2.csv
gpt2,GPT-2: MEAN vs LAST,length,IsoScore,iso,iso,2,2,11,7.016948802629486e-05,0.001336698886007,69.0,64.0,plots_extra/metrics/features/length/mean/gpt2/tables/iso_gpt2_length.csv,gpt2/tables_LENGTH/length_bootstrap/length_raw_iso_gpt2.csv
gpt2,GPT-2: MEAN vs LAST,length,IsoScore,iso,iso,2,2,12,0.0006509732920676,0.0016066208481788,100.0,100.0,plots_extra/metrics/features/length/mean/gpt2/tables/iso_gpt2_length.csv,gpt2/tables_LENGTH/length_bootstrap/length_raw_iso_gpt2.csv
gpt2,GPT-2: MEAN vs LAST,length,IsoScore,iso,iso,3,3,0,0.0060310801491141,0.0034981467761099,117.0,118.0,plots_extra/metrics/features/length/mean/gpt2/tables/iso_gpt2_length.csv,gpt2/tables_LENGTH/length_bootstrap/length_raw_iso_gpt2.csv
gpt2,GPT-2: MEAN vs LAST,length,IsoScore,iso,iso,3,3,1,0.0022744990419596,0.0022135041654109,113.0,113.0,plots_extra/metrics/features/length/mean/gpt2/tables/iso_gpt2_length.csv,gpt2/tables_LENGTH/length_bootstrap/length_raw_iso_gpt2.csv
gpt2,GPT-2: MEAN vs LAST,length,IsoScore,iso,iso,3,3,2,0.0001002170174615,0.0013532259035855,80.0,79.0,plots_extra/metrics/features/length/mean/gpt2/tables/iso_gpt2_length.csv,gpt2/tables_LENGTH/length_bootstrap/length_raw_iso_gpt2.csv
gpt2,GPT-2: MEAN vs LAST,length,IsoScore,iso,iso,3,3,3,7.943335731397383e-06,0.0013062031939625,5.0,6.0,plots_extra/metrics/features/length/mean/gpt2/tables/iso_gpt2_length.csv,gpt2/tables_LENGTH/length_bootstrap/length_raw_iso_gpt2.csv
gpt2,GPT-2: MEAN vs LAST,length,IsoScore,iso,iso,3,3,4,9.251198207493871e-06,0.0013068785192444,8.0,8.0,plots_extra/metrics/features/length/mean/gpt2/tables/iso_gpt2_length.csv,gpt2/tables_LENGTH/length_bootstrap/length_raw_iso_gpt2.csv
gpt2,GPT-2: MEAN vs LAST,length,IsoScore,iso,iso,3,3,5,1.082390190276783e-05,0.0013076850445941,10.0,10.0,plots_extra/metrics/features/length/mean/gpt2/tables/iso_gpt2_length.csv,gpt2/tables_LENGTH/length_bootstrap/length_raw_iso_gpt2.csv
gpt2,GPT-2: MEAN vs LAST,length,IsoScore,iso,iso,3,3,6,1.3292983567225749e-05,0.0013089458225294,14.0,14.0,plots_extra/metrics/features/length/mean/gpt2/tables/iso_gpt2_length.csv,gpt2/tables_LENGTH/length_bootstrap/length_raw_iso_gpt2.csv
gpt2,GPT-2: MEAN vs LAST,length,IsoScore,iso,iso,3,3,7,1.705580325506162e-05,0.001310862135142,18.0,19.0,plots_extra/metrics/features/length/mean/gpt2/tables/iso_gpt2_length.csv,gpt2/tables_LENGTH/length_bootstrap/length_raw_iso_gpt2.csv
gpt2,GPT-2: MEAN vs LAST,length,IsoScore,iso,iso,3,3,8,2.310556374141015e-05,0.0013139353832229,26.0,25.0,plots_extra/metrics/features/length/mean/gpt2/tables/iso_gpt2_length.csv,gpt2/tables_LENGTH/length_bootstrap/length_raw_iso_gpt2.csv
gpt2,GPT-2: MEAN vs LAST,length,IsoScore,iso,iso,3,3,9,3.338504757266492e-05,0.0013191433390602,40.0,36.0,plots_extra/metrics/features/length/mean/gpt2/tables/iso_gpt2_length.csv,gpt2/tables_LENGTH/length_bootstrap/length_raw_iso_gpt2.csv
gpt2,GPT-2: MEAN vs LAST,length,IsoScore,iso,iso,3,3,10,5.003634214517661e-05,0.0013275515520945,56.0,52.0,plots_extra/metrics/features/length/mean/gpt2/tables/iso_gpt2_length.csv,gpt2/tables_LENGTH/length_bootstrap/length_raw_iso_gpt2.csv
gpt2,GPT-2: MEAN vs LAST,length,IsoScore,iso,iso,3,3,11,7.949147402541712e-05,0.0013423505006358,74.0,72.0,plots_extra/metrics/features/length/mean/gpt2/tables/iso_gpt2_length.csv,gpt2/tables_LENGTH/length_bootstrap/length_raw_iso_gpt2.csv
gpt2,GPT-2: MEAN vs LAST,length,IsoScore,iso,iso,3,3,12,0.0006650051800534,0.0016086117830127,101.0,101.0,plots_extra/metrics/features/length/mean/gpt2/tables/iso_gpt2_length.csv,gpt2/tables_LENGTH/length_bootstrap/length_raw_iso_gpt2.csv
gpt2,GPT-2: MEAN vs LAST,length,IsoScore,iso,iso,4,4,0,0.0103218331933021,0.0045243254862725,120.0,120.0,plots_extra/metrics/features/length/mean/gpt2/tables/iso_gpt2_length.csv,gpt2/tables_LENGTH/length_bootstrap/length_raw_iso_gpt2.csv
gpt2,GPT-2: MEAN vs LAST,length,IsoScore,iso,iso,4,4,1,0.0043480433523654,0.0028119864873588,116.0,114.0,plots_extra/metrics/features/length/mean/gpt2/tables/iso_gpt2_length.csv,gpt2/tables_LENGTH/length_bootstrap/length_raw_iso_gpt2.csv
gpt2,GPT-2: MEAN vs LAST,length,IsoScore,iso,iso,4,4,2,0.0001633766514714,0.0013848860980942,89.0,87.0,plots_extra/metrics/features/length/mean/gpt2/tables/iso_gpt2_length.csv,gpt2/tables_LENGTH/length_bootstrap/length_raw_iso_gpt2.csv
gpt2,GPT-2: MEAN vs LAST,length,IsoScore,iso,iso,4,4,3,1.2572638297569938e-05,0.0013086321996524,12.0,13.0,plots_extra/metrics/features/length/mean/gpt2/tables/iso_gpt2_length.csv,gpt2/tables_LENGTH/length_bootstrap/length_raw_iso_gpt2.csv
gpt2,GPT-2: MEAN vs LAST,length,IsoScore,iso,iso,4,4,4,1.442527718609199e-05,0.0013095980975776,15.0,16.0,plots_extra/metrics/features/length/mean/gpt2/tables/iso_gpt2_length.csv,gpt2/tables_LENGTH/length_bootstrap/length_raw_iso_gpt2.csv
gpt2,GPT-2: MEAN vs LAST,length,IsoScore,iso,iso,4,4,5,1.627013443794567e-05,0.0013105520047247,17.0,17.0,plots_extra/metrics/features/length/mean/gpt2/tables/iso_gpt2_length.csv,gpt2/tables_LENGTH/length_bootstrap/length_raw_iso_gpt2.csv
gpt2,GPT-2: MEAN vs LAST,length,IsoScore,iso,iso,4,4,6,1.909634374896996e-05,0.0013120138319209,21.0,22.0,plots_extra/metrics/features/length/mean/gpt2/tables/iso_gpt2_length.csv,gpt2/tables_LENGTH/length_bootstrap/length_raw_iso_gpt2.csv
gpt2,GPT-2: MEAN vs LAST,length,IsoScore,iso,iso,4,4,7,2.3455726477550343e-05,0.0013142512179911,27.0,26.0,plots_extra/metrics/features/length/mean/gpt2/tables/iso_gpt2_length.csv,gpt2/tables_LENGTH/length_bootstrap/length_raw_iso_gpt2.csv
gpt2,GPT-2: MEAN vs LAST,length,IsoScore,iso,iso,4,4,8,3.053919499507174e-05,0.0013178794179111,36.0,34.0,plots_extra/metrics/features/length/mean/gpt2/tables/iso_gpt2_length.csv,gpt2/tables_LENGTH/length_bootstrap/length_raw_iso_gpt2.csv
gpt2,GPT-2: MEAN vs LAST,length,IsoScore,iso,iso,4,4,9,4.191419429844245e-05,0.001323688076809,48.0,46.0,plots_extra/metrics/features/length/mean/gpt2/tables/iso_gpt2_length.csv,gpt2/tables_LENGTH/length_bootstrap/length_raw_iso_gpt2.csv
gpt2,GPT-2: MEAN vs LAST,length,IsoScore,iso,iso,4,4,10,6.052757453289814e-05,0.0013331563677638,63.0,60.0,plots_extra/metrics/features/length/mean/gpt2/tables/iso_gpt2_length.csv,gpt2/tables_LENGTH/length_bootstrap/length_raw_iso_gpt2.csv
gpt2,GPT-2: MEAN vs LAST,length,IsoScore,iso,iso,4,4,11,9.607790707377716e-05,0.0013511067954823,79.0,77.0,plots_extra/metrics/features/length/mean/gpt2/tables/iso_gpt2_length.csv,gpt2/tables_LENGTH/length_bootstrap/length_raw_iso_gpt2.csv
gpt2,GPT-2: MEAN vs LAST,length,IsoScore,iso,iso,4,4,12,0.0008711889386177,0.0017001505475491,103.0,105.0,plots_extra/metrics/features/length/mean/gpt2/tables/iso_gpt2_length.csv,gpt2/tables_LENGTH/length_bootstrap/length_raw_iso_gpt2.csv
gpt2,GPT-2: MEAN vs LAST,length,IsoScore,iso,iso,5,5,0,0.0156984105706214,0.005829079542309,122.0,123.0,plots_extra/metrics/features/length/mean/gpt2/tables/iso_gpt2_length.csv,gpt2/tables_LENGTH/length_bootstrap/length_raw_iso_gpt2.csv
gpt2,GPT-2: MEAN vs LAST,length,IsoScore,iso,iso,5,5,1,0.0065676132217049,0.0033824578858911,118.0,117.0,plots_extra/metrics/features/length/mean/gpt2/tables/iso_gpt2_length.csv,gpt2/tables_LENGTH/length_bootstrap/length_raw_iso_gpt2.csv
gpt2,GPT-2: MEAN vs LAST,length,IsoScore,iso,iso,5,5,2,0.0002331277355551,0.00142156064976,94.0,93.0,plots_extra/metrics/features/length/mean/gpt2/tables/iso_gpt2_length.csv,gpt2/tables_LENGTH/length_bootstrap/length_raw_iso_gpt2.csv
gpt2,GPT-2: MEAN vs LAST,length,IsoScore,iso,iso,5,5,3,1.7332535207970068e-05,0.0013113165041431,19.0,20.0,plots_extra/metrics/features/length/mean/gpt2/tables/iso_gpt2_length.csv,gpt2/tables_LENGTH/length_bootstrap/length_raw_iso_gpt2.csv
gpt2,GPT-2: MEAN vs LAST,length,IsoScore,iso,iso,5,5,4,1.9490884369588457e-05,0.0013124772813171,22.0,23.0,plots_extra/metrics/features/length/mean/gpt2/tables/iso_gpt2_length.csv,gpt2/tables_LENGTH/length_bootstrap/length_raw_iso_gpt2.csv
gpt2,GPT-2: MEAN vs LAST,length,IsoScore,iso,iso,5,5,5,2.164963007089682e-05,0.0013136263005435,24.0,24.0,plots_extra/metrics/features/length/mean/gpt2/tables/iso_gpt2_length.csv,gpt2/tables_LENGTH/length_bootstrap/length_raw_iso_gpt2.csv
gpt2,GPT-2: MEAN vs LAST,length,IsoScore,iso,iso,5,5,6,2.501856033632066e-05,0.0013154168846085,29.0,29.0,plots_extra/metrics/features/length/mean/gpt2/tables/iso_gpt2_length.csv,gpt2/tables_LENGTH/length_bootstrap/length_raw_iso_gpt2.csv
gpt2,GPT-2: MEAN vs LAST,length,IsoScore,iso,iso,5,5,7,3.0324217732413672e-05,0.0013181983958929,35.0,35.0,plots_extra/metrics/features/length/mean/gpt2/tables/iso_gpt2_length.csv,gpt2/tables_LENGTH/length_bootstrap/length_raw_iso_gpt2.csv
gpt2,GPT-2: MEAN vs LAST,length,IsoScore,iso,iso,5,5,8,3.900501906173304e-05,0.0013227383606135,47.0,43.0,plots_extra/metrics/features/length/mean/gpt2/tables/iso_gpt2_length.csv,gpt2/tables_LENGTH/length_bootstrap/length_raw_iso_gpt2.csv
gpt2,GPT-2: MEAN vs LAST,length,IsoScore,iso,iso,5,5,9,5.19554887432605e-05,0.0013294896343722,57.0,55.0,plots_extra/metrics/features/length/mean/gpt2/tables/iso_gpt2_length.csv,gpt2/tables_LENGTH/length_bootstrap/length_raw_iso_gpt2.csv
gpt2,GPT-2: MEAN vs LAST,length,IsoScore,iso,iso,5,5,10,7.30243482394144e-05,0.0013404204510152,71.0,71.0,plots_extra/metrics/features/length/mean/gpt2/tables/iso_gpt2_length.csv,gpt2/tables_LENGTH/length_bootstrap/length_raw_iso_gpt2.csv
gpt2,GPT-2: MEAN vs LAST,length,IsoScore,iso,iso,5,5,11,0.0001142884575529,0.001361524220556,84.0,81.0,plots_extra/metrics/features/length/mean/gpt2/tables/iso_gpt2_length.csv,gpt2/tables_LENGTH/length_bootstrap/length_raw_iso_gpt2.csv
gpt2,GPT-2: MEAN vs LAST,length,IsoScore,iso,iso,5,5,12,0.0009479779982939,0.0016984747489914,107.0,104.0,plots_extra/metrics/features/length/mean/gpt2/tables/iso_gpt2_length.csv,gpt2/tables_LENGTH/length_bootstrap/length_raw_iso_gpt2.csv
gpt2,GPT-2: MEAN vs LAST,length,IsoScore,iso,iso,6,6,0,0.0210408363491296,0.0072537469677627,125.0,125.0,plots_extra/metrics/features/length/mean/gpt2/tables/iso_gpt2_length.csv,gpt2/tables_LENGTH/length_bootstrap/length_raw_iso_gpt2.csv
gpt2,GPT-2: MEAN vs LAST,length,IsoScore,iso,iso,6,6,1,0.0100399116054177,0.0042174751870334,119.0,119.0,plots_extra/metrics/features/length/mean/gpt2/tables/iso_gpt2_length.csv,gpt2/tables_LENGTH/length_bootstrap/length_raw_iso_gpt2.csv
gpt2,GPT-2: MEAN vs LAST,length,IsoScore,iso,iso,6,6,2,0.0003079700691159,0.0014633713290095,96.0,95.0,plots_extra/metrics/features/length/mean/gpt2/tables/iso_gpt2_length.csv,gpt2/tables_LENGTH/length_bootstrap/length_raw_iso_gpt2.csv
gpt2,GPT-2: MEAN vs LAST,length,IsoScore,iso,iso,6,6,3,2.2430569515563548e-05,0.0013144325930625,25.0,27.0,plots_extra/metrics/features/length/mean/gpt2/tables/iso_gpt2_length.csv,gpt2/tables_LENGTH/length_bootstrap/length_raw_iso_gpt2.csv
gpt2,GPT-2: MEAN vs LAST,length,IsoScore,iso,iso,6,6,4,2.516890162951313e-05,0.001315952045843,30.0,30.0,plots_extra/metrics/features/length/mean/gpt2/tables/iso_gpt2_length.csv,gpt2/tables_LENGTH/length_bootstrap/length_raw_iso_gpt2.csv
gpt2,GPT-2: MEAN vs LAST,length,IsoScore,iso,iso,6,6,5,2.7729864086722955e-05,0.0013173529878258,32.0,32.0,plots_extra/metrics/features/length/mean/gpt2/tables/iso_gpt2_length.csv,gpt2/tables_LENGTH/length_bootstrap/length_raw_iso_gpt2.csv
gpt2,GPT-2: MEAN vs LAST,length,IsoScore,iso,iso,6,6,6,3.1816995033295825e-05,0.0013195743085816,38.0,39.0,plots_extra/metrics/features/length/mean/gpt2/tables/iso_gpt2_length.csv,gpt2/tables_LENGTH/length_bootstrap/length_raw_iso_gpt2.csv
gpt2,GPT-2: MEAN vs LAST,length,IsoScore,iso,iso,6,6,7,3.8299440348055214e-05,0.0013230787590146,45.0,44.0,plots_extra/metrics/features/length/mean/gpt2/tables/iso_gpt2_length.csv,gpt2/tables_LENGTH/length_bootstrap/length_raw_iso_gpt2.csv
gpt2,GPT-2: MEAN vs LAST,length,IsoScore,iso,iso,6,6,8,4.892056313110516e-05,0.0013288268819451,54.0,54.0,plots_extra/metrics/features/length/mean/gpt2/tables/iso_gpt2_length.csv,gpt2/tables_LENGTH/length_bootstrap/length_raw_iso_gpt2.csv
gpt2,GPT-2: MEAN vs LAST,length,IsoScore,iso,iso,6,6,9,6.470548396464437e-05,0.001337373163551,65.0,65.0,plots_extra/metrics/features/length/mean/gpt2/tables/iso_gpt2_length.csv,gpt2/tables_LENGTH/length_bootstrap/length_raw_iso_gpt2.csv
gpt2,GPT-2: MEAN vs LAST,length,IsoScore,iso,iso,6,6,10,9.02041356312111e-05,0.0013511251891031,78.0,78.0,plots_extra/metrics/features/length/mean/gpt2/tables/iso_gpt2_length.csv,gpt2/tables_LENGTH/length_bootstrap/length_raw_iso_gpt2.csv
gpt2,GPT-2: MEAN vs LAST,length,IsoScore,iso,iso,6,6,11,0.0001400376495439,0.0013775858096778,87.0,86.0,plots_extra/metrics/features/length/mean/gpt2/tables/iso_gpt2_length.csv,gpt2/tables_LENGTH/length_bootstrap/length_raw_iso_gpt2.csv
gpt2,GPT-2: MEAN vs LAST,length,IsoScore,iso,iso,6,6,12,0.0009204242378473,0.0016978663625195,105.0,103.0,plots_extra/metrics/features/length/mean/gpt2/tables/iso_gpt2_length.csv,gpt2/tables_LENGTH/length_bootstrap/length_raw_iso_gpt2.csv
gpt2,GPT-2: MEAN vs LAST,length,IsoScore,iso,iso,7,7,0,0.0250827334821224,0.0084145879372954,126.0,127.0,plots_extra/metrics/features/length/mean/gpt2/tables/iso_gpt2_length.csv,gpt2/tables_LENGTH/length_bootstrap/length_raw_iso_gpt2.csv
gpt2,GPT-2: MEAN vs LAST,length,IsoScore,iso,iso,7,7,1,0.0127949435263872,0.0049115465953946,121.0,121.0,plots_extra/metrics/features/length/mean/gpt2/tables/iso_gpt2_length.csv,gpt2/tables_LENGTH/length_bootstrap/length_raw_iso_gpt2.csv
gpt2,GPT-2: MEAN vs LAST,length,IsoScore,iso,iso,7,7,2,0.0003724730049725,0.0015026740729808,97.0,97.0,plots_extra/metrics/features/length/mean/gpt2/tables/iso_gpt2_length.csv,gpt2/tables_LENGTH/length_bootstrap/length_raw_iso_gpt2.csv
gpt2,GPT-2: MEAN vs LAST,length,IsoScore,iso,iso,7,7,3,2.698217213037424e-05,0.0013175073545426,31.0,33.0,plots_extra/metrics/features/length/mean/gpt2/tables/iso_gpt2_length.csv,gpt2/tables_LENGTH/length_bootstrap/length_raw_iso_gpt2.csv
gpt2,GPT-2: MEAN vs LAST,length,IsoScore,iso,iso,7,7,4,3.0188375603756867e-05,0.0013193470658734,34.0,38.0,plots_extra/metrics/features/length/mean/gpt2/tables/iso_gpt2_length.csv,gpt2/tables_LENGTH/length_bootstrap/length_raw_iso_gpt2.csv
gpt2,GPT-2: MEAN vs LAST,length,IsoScore,iso,iso,7,7,5,3.323993951198645e-05,0.0013210716424509,39.0,41.0,plots_extra/metrics/features/length/mean/gpt2/tables/iso_gpt2_length.csv,gpt2/tables_LENGTH/length_bootstrap/length_raw_iso_gpt2.csv
gpt2,GPT-2: MEAN vs LAST,length,IsoScore,iso,iso,7,7,6,3.806200766121037e-05,0.0013237787643447,44.0,47.0,plots_extra/metrics/features/length/mean/gpt2/tables/iso_gpt2_length.csv,gpt2/tables_LENGTH/length_bootstrap/length_raw_iso_gpt2.csv
gpt2,GPT-2: MEAN vs LAST,length,IsoScore,iso,iso,7,7,7,4.5739034248981625e-05,0.0013280783314257,52.0,53.0,plots_extra/metrics/features/length/mean/gpt2/tables/iso_gpt2_length.csv,gpt2/tables_LENGTH/length_bootstrap/length_raw_iso_gpt2.csv
gpt2,GPT-2: MEAN vs LAST,length,IsoScore,iso,iso,7,7,8,5.8090441598324105e-05,0.0013350393855944,61.0,62.0,plots_extra/metrics/features/length/mean/gpt2/tables/iso_gpt2_length.csv,gpt2/tables_LENGTH/length_bootstrap/length_raw_iso_gpt2.csv
gpt2,GPT-2: MEAN vs LAST,length,IsoScore,iso,iso,7,7,9,7.621936674695462e-05,0.0013452438870444,73.0,74.0,plots_extra/metrics/features/length/mean/gpt2/tables/iso_gpt2_length.csv,gpt2/tables_LENGTH/length_bootstrap/length_raw_iso_gpt2.csv
gpt2,GPT-2: MEAN vs LAST,length,IsoScore,iso,iso,7,7,10,0.0001061011134879,0.0013620586832985,81.0,82.0,plots_extra/metrics/features/length/mean/gpt2/tables/iso_gpt2_length.csv,gpt2/tables_LENGTH/length_bootstrap/length_raw_iso_gpt2.csv
gpt2,GPT-2: MEAN vs LAST,length,IsoScore,iso,iso,7,7,11,0.0001650861377129,0.0013948567211627,90.0,90.0,plots_extra/metrics/features/length/mean/gpt2/tables/iso_gpt2_length.csv,gpt2/tables_LENGTH/length_bootstrap/length_raw_iso_gpt2.csv
gpt2,GPT-2: MEAN vs LAST,length,IsoScore,iso,iso,7,7,12,0.0009530515526421,0.0017117054667323,108.0,107.0,plots_extra/metrics/features/length/mean/gpt2/tables/iso_gpt2_length.csv,gpt2/tables_LENGTH/length_bootstrap/length_raw_iso_gpt2.csv
gpt2,GPT-2: MEAN vs LAST,length,IsoScore,iso,iso,8,8,0,0.0317303203046321,0.0095366993919014,129.0,129.0,plots_extra/metrics/features/length/mean/gpt2/tables/iso_gpt2_length.csv,gpt2/tables_LENGTH/length_bootstrap/length_raw_iso_gpt2.csv
gpt2,GPT-2: MEAN vs LAST,length,IsoScore,iso,iso,8,8,1,0.020712025463581,0.0065458565950393,124.0,124.0,plots_extra/metrics/features/length/mean/gpt2/tables/iso_gpt2_length.csv,gpt2/tables_LENGTH/length_bootstrap/length_raw_iso_gpt2.csv
gpt2,GPT-2: MEAN vs LAST,length,IsoScore,iso,iso,8,8,2,0.0005403388058766,0.0015920274890959,99.0,99.0,plots_extra/metrics/features/length/mean/gpt2/tables/iso_gpt2_length.csv,gpt2/tables_LENGTH/length_bootstrap/length_raw_iso_gpt2.csv
gpt2,GPT-2: MEAN vs LAST,length,IsoScore,iso,iso,8,8,3,3.834639210253954e-05,0.001324494369328,46.0,49.0,plots_extra/metrics/features/length/mean/gpt2/tables/iso_gpt2_length.csv,gpt2/tables_LENGTH/length_bootstrap/length_raw_iso_gpt2.csv
gpt2,GPT-2: MEAN vs LAST,length,IsoScore,iso,iso,8,8,4,4.2941719584632665e-05,0.0013271659845486,49.0,51.0,plots_extra/metrics/features/length/mean/gpt2/tables/iso_gpt2_length.csv,gpt2/tables_LENGTH/length_bootstrap/length_raw_iso_gpt2.csv
gpt2,GPT-2: MEAN vs LAST,length,IsoScore,iso,iso,8,8,5,4.732330125989392e-05,0.0013296861434355,53.0,56.0,plots_extra/metrics/features/length/mean/gpt2/tables/iso_gpt2_length.csv,gpt2/tables_LENGTH/length_bootstrap/length_raw_iso_gpt2.csv
gpt2,GPT-2: MEAN vs LAST,length,IsoScore,iso,iso,8,8,6,5.4131232900545e-05,0.0013335817493498,59.0,61.0,plots_extra/metrics/features/length/mean/gpt2/tables/iso_gpt2_length.csv,gpt2/tables_LENGTH/length_bootstrap/length_raw_iso_gpt2.csv
gpt2,GPT-2: MEAN vs LAST,length,IsoScore,iso,iso,8,8,7,6.498642324004322e-05,0.0013397734146565,66.0,70.0,plots_extra/metrics/features/length/mean/gpt2/tables/iso_gpt2_length.csv,gpt2/tables_LENGTH/length_bootstrap/length_raw_iso_gpt2.csv
gpt2,GPT-2: MEAN vs LAST,length,IsoScore,iso,iso,8,8,8,8.259906462626532e-05,0.0013498765183612,75.0,75.0,plots_extra/metrics/features/length/mean/gpt2/tables/iso_gpt2_length.csv,gpt2/tables_LENGTH/length_bootstrap/length_raw_iso_gpt2.csv
gpt2,GPT-2: MEAN vs LAST,length,IsoScore,iso,iso,8,8,9,0.0001078064087778,0.0013643507845699,83.0,83.0,plots_extra/metrics/features/length/mean/gpt2/tables/iso_gpt2_length.csv,gpt2/tables_LENGTH/length_bootstrap/length_raw_iso_gpt2.csv
gpt2,GPT-2: MEAN vs LAST,length,IsoScore,iso,iso,8,8,10,0.0001492830197094,0.0013882308267056,88.0,89.0,plots_extra/metrics/features/length/mean/gpt2/tables/iso_gpt2_length.csv,gpt2/tables_LENGTH/length_bootstrap/length_raw_iso_gpt2.csv
gpt2,GPT-2: MEAN vs LAST,length,IsoScore,iso,iso,8,8,11,0.000231862621149,0.0014349727425724,93.0,94.0,plots_extra/metrics/features/length/mean/gpt2/tables/iso_gpt2_length.csv,gpt2/tables_LENGTH/length_bootstrap/length_raw_iso_gpt2.csv
gpt2,GPT-2: MEAN vs LAST,length,IsoScore,iso,iso,8,8,12,0.0010868541430681,0.0017494603525847,110.0,110.0,plots_extra/metrics/features/length/mean/gpt2/tables/iso_gpt2_length.csv,gpt2/tables_LENGTH/length_bootstrap/length_raw_iso_gpt2.csv
gpt2,GPT-2: MEAN vs LAST,length,IsoScore,iso,iso,9,9,0,0.0272389501333236,0.0090445550158619,127.0,128.0,plots_extra/metrics/features/length/mean/gpt2/tables/iso_gpt2_length.csv,gpt2/tables_LENGTH/length_bootstrap/length_raw_iso_gpt2.csv
gpt2,GPT-2: MEAN vs LAST,length,IsoScore,iso,iso,9,9,1,0.0157779548317194,0.0054955608211457,123.0,122.0,plots_extra/metrics/features/length/mean/gpt2/tables/iso_gpt2_length.csv,gpt2/tables_LENGTH/length_bootstrap/length_raw_iso_gpt2.csv
gpt2,GPT-2: MEAN vs LAST,length,IsoScore,iso,iso,9,9,2,0.0004273608792573,0.0015264694811776,98.0,98.0,plots_extra/metrics/features/length/mean/gpt2/tables/iso_gpt2_length.csv,gpt2/tables_LENGTH/length_bootstrap/length_raw_iso_gpt2.csv
gpt2,GPT-2: MEAN vs LAST,length,IsoScore,iso,iso,9,9,3,3.060876042582095e-05,0.0013192766346037,37.0,37.0,plots_extra/metrics/features/length/mean/gpt2/tables/iso_gpt2_length.csv,gpt2/tables_LENGTH/length_bootstrap/length_raw_iso_gpt2.csv
gpt2,GPT-2: MEAN vs LAST,length,IsoScore,iso,iso,9,9,4,3.4373726521153e-05,0.0013213821221143,41.0,42.0,plots_extra/metrics/features/length/mean/gpt2/tables/iso_gpt2_length.csv,gpt2/tables_LENGTH/length_bootstrap/length_raw_iso_gpt2.csv
gpt2,GPT-2: MEAN vs LAST,length,IsoScore,iso,iso,9,9,5,3.794666190515272e-05,0.0013233419740572,43.0,45.0,plots_extra/metrics/features/length/mean/gpt2/tables/iso_gpt2_length.csv,gpt2/tables_LENGTH/length_bootstrap/length_raw_iso_gpt2.csv
gpt2,GPT-2: MEAN vs LAST,length,IsoScore,iso,iso,9,9,6,4.3472864490468055e-05,0.0013263578293845,50.0,50.0,plots_extra/metrics/features/length/mean/gpt2/tables/iso_gpt2_length.csv,gpt2/tables_LENGTH/length_bootstrap/length_raw_iso_gpt2.csv
gpt2,GPT-2: MEAN vs LAST,length,IsoScore,iso,iso,9,9,7,5.207148569752462e-05,0.0013310568174347,58.0,57.0,plots_extra/metrics/features/length/mean/gpt2/tables/iso_gpt2_length.csv,gpt2/tables_LENGTH/length_bootstrap/length_raw_iso_gpt2.csv
gpt2,GPT-2: MEAN vs LAST,length,IsoScore,iso,iso,9,9,8,6.611067510675639e-05,0.0013388182269409,67.0,68.0,plots_extra/metrics/features/length/mean/gpt2/tables/iso_gpt2_length.csv,gpt2/tables_LENGTH/length_bootstrap/length_raw_iso_gpt2.csv
gpt2,GPT-2: MEAN vs LAST,length,IsoScore,iso,iso,9,9,9,8.633516699774191e-05,0.0013500148197636,77.0,76.0,plots_extra/metrics/features/length/mean/gpt2/tables/iso_gpt2_length.csv,gpt2/tables_LENGTH/length_bootstrap/length_raw_iso_gpt2.csv
gpt2,GPT-2: MEAN vs LAST,length,IsoScore,iso,iso,9,9,10,0.0001201868872158,0.0013688772451132,85.0,85.0,plots_extra/metrics/features/length/mean/gpt2/tables/iso_gpt2_length.csv,gpt2/tables_LENGTH/length_bootstrap/length_raw_iso_gpt2.csv
gpt2,GPT-2: MEAN vs LAST,length,IsoScore,iso,iso,9,9,11,0.0001882755022961,0.0014066813746467,91.0,91.0,plots_extra/metrics/features/length/mean/gpt2/tables/iso_gpt2_length.csv,gpt2/tables_LENGTH/length_bootstrap/length_raw_iso_gpt2.csv
gpt2,GPT-2: MEAN vs LAST,length,IsoScore,iso,iso,9,9,12,0.0009297762881033,0.0017133974470198,106.0,109.0,plots_extra/metrics/features/length/mean/gpt2/tables/iso_gpt2_length.csv,gpt2/tables_LENGTH/length_bootstrap/length_raw_iso_gpt2.csv
gpt2,GPT-2: MEAN vs LAST,length,LID,lpca99,lpca99,1,1,0,30.75,32.54999923706055,52.0,48.0,plots_extra/metrics/features/length/mean/gpt2/tables/lpca99_gpt2_length.csv,gpt2/tables_LENGTH/length_bootstrap/length_raw_lpca99_gpt2.csv
gpt2,GPT-2: MEAN vs LAST,length,LID,lpca99,lpca99,1,1,1,86.75,91.8000030517578,74.0,69.0,plots_extra/metrics/features/length/mean/gpt2/tables/lpca99_gpt2_length.csv,gpt2/tables_LENGTH/length_bootstrap/length_raw_lpca99_gpt2.csv
gpt2,GPT-2: MEAN vs LAST,length,LID,lpca99,lpca99,1,1,2,7.875,7.949999809265137,38.0,33.0,plots_extra/metrics/features/length/mean/gpt2/tables/lpca99_gpt2_length.csv,gpt2/tables_LENGTH/length_bootstrap/length_raw_lpca99_gpt2.csv
gpt2,GPT-2: MEAN vs LAST,length,LID,lpca99,lpca99,1,1,3,1.0,1.0,13.5,12.5,plots_extra/metrics/features/length/mean/gpt2/tables/lpca99_gpt2_length.csv,gpt2/tables_LENGTH/length_bootstrap/length_raw_lpca99_gpt2.csv
gpt2,GPT-2: MEAN vs LAST,length,LID,lpca99,lpca99,1,1,4,1.0,1.0,13.5,12.5,plots_extra/metrics/features/length/mean/gpt2/tables/lpca99_gpt2_length.csv,gpt2/tables_LENGTH/length_bootstrap/length_raw_lpca99_gpt2.csv
gpt2,GPT-2: MEAN vs LAST,length,LID,lpca99,lpca99,1,1,5,1.0,1.0,13.5,12.5,plots_extra/metrics/features/length/mean/gpt2/tables/lpca99_gpt2_length.csv,gpt2/tables_LENGTH/length_bootstrap/length_raw_lpca99_gpt2.csv
gpt2,GPT-2: MEAN vs LAST,length,LID,lpca99,lpca99,1,1,6,1.0,1.0,13.5,12.5,plots_extra/metrics/features/length/mean/gpt2/tables/lpca99_gpt2_length.csv,gpt2/tables_LENGTH/length_bootstrap/length_raw_lpca99_gpt2.csv
gpt2,GPT-2: MEAN vs LAST,length,LID,lpca99,lpca99,1,1,7,1.0,1.0,13.5,12.5,plots_extra/metrics/features/length/mean/gpt2/tables/lpca99_gpt2_length.csv,gpt2/tables_LENGTH/length_bootstrap/length_raw_lpca99_gpt2.csv
gpt2,GPT-2: MEAN vs LAST,length,LID,lpca99,lpca99,1,1,8,1.0,1.0,13.5,12.5,plots_extra/metrics/features/length/mean/gpt2/tables/lpca99_gpt2_length.csv,gpt2/tables_LENGTH/length_bootstrap/length_raw_lpca99_gpt2.csv
gpt2,GPT-2: MEAN vs LAST,length,LID,lpca99,lpca99,1,1,9,1.25,1.149999976158142,27.0,26.0,plots_extra/metrics/features/length/mean/gpt2/tables/lpca99_gpt2_length.csv,gpt2/tables_LENGTH/length_bootstrap/length_raw_lpca99_gpt2.csv
gpt2,GPT-2: MEAN vs LAST,length,LID,lpca99,lpca99,1,1,10,5.125,5.25,33.0,32.0,plots_extra/metrics/features/length/mean/gpt2/tables/lpca99_gpt2_length.csv,gpt2/tables_LENGTH/length_bootstrap/length_raw_lpca99_gpt2.csv
gpt2,GPT-2: MEAN vs LAST,length,LID,lpca99,lpca99,1,1,11,26.625,28.200000762939453,49.0,46.0,plots_extra/metrics/features/length/mean/gpt2/tables/lpca99_gpt2_length.csv,gpt2/tables_LENGTH/length_bootstrap/length_raw_lpca99_gpt2.csv
gpt2,GPT-2: MEAN vs LAST,length,LID,lpca99,lpca99,1,1,12,34.625,34.650001525878906,55.0,49.0,plots_extra/metrics/features/length/mean/gpt2/tables/lpca99_gpt2_length.csv,gpt2/tables_LENGTH/length_bootstrap/length_raw_lpca99_gpt2.csv
gpt2,GPT-2: MEAN vs LAST,length,LID,lpca99,lpca99,10,10,0,579.125,610.4000244140625,130.0,130.0,plots_extra/metrics/features/length/mean/gpt2/tables/lpca99_gpt2_length.csv,gpt2/tables_LENGTH/length_bootstrap/length_raw_lpca99_gpt2.csv
gpt2,GPT-2: MEAN vs LAST,length,LID,lpca99,lpca99,10,10,1,486.75,521.2999877929688,124.0,124.0,plots_extra/metrics/features/length/mean/gpt2/tables/lpca99_gpt2_length.csv,gpt2/tables_LENGTH/length_bootstrap/length_raw_lpca99_gpt2.csv
gpt2,GPT-2: MEAN vs LAST,length,LID,lpca99,lpca99,10,10,2,316.25,363.2999877929688,115.0,115.0,plots_extra/metrics/features/length/mean/gpt2/tables/lpca99_gpt2_length.csv,gpt2/tables_LENGTH/length_bootstrap/length_raw_lpca99_gpt2.csv
gpt2,GPT-2: MEAN vs LAST,length,LID,lpca99,lpca99,10,10,3,42.25,66.44999694824219,57.0,60.0,plots_extra/metrics/features/length/mean/gpt2/tables/lpca99_gpt2_length.csv,gpt2/tables_LENGTH/length_bootstrap/length_raw_lpca99_gpt2.csv
gpt2,GPT-2: MEAN vs LAST,length,LID,lpca99,lpca99,10,10,4,56.75,85.55000305175781,63.0,66.0,plots_extra/metrics/features/length/mean/gpt2/tables/lpca99_gpt2_length.csv,gpt2/tables_LENGTH/length_bootstrap/length_raw_lpca99_gpt2.csv
gpt2,GPT-2: MEAN vs LAST,length,LID,lpca99,lpca99,10,10,5,70.875,103.4499969482422,67.0,74.0,plots_extra/metrics/features/length/mean/gpt2/tables/lpca99_gpt2_length.csv,gpt2/tables_LENGTH/length_bootstrap/length_raw_lpca99_gpt2.csv
gpt2,GPT-2: MEAN vs LAST,length,LID,lpca99,lpca99,10,10,6,89.0,125.3000030517578,75.0,78.0,plots_extra/metrics/features/length/mean/gpt2/tables/lpca99_gpt2_length.csv,gpt2/tables_LENGTH/length_bootstrap/length_raw_lpca99_gpt2.csv
gpt2,GPT-2: MEAN vs LAST,length,LID,lpca99,lpca99,10,10,7,116.125,156.39999389648438,80.0,86.0,plots_extra/metrics/features/length/mean/gpt2/tables/lpca99_gpt2_length.csv,gpt2/tables_LENGTH/length_bootstrap/length_raw_lpca99_gpt2.csv
gpt2,GPT-2: MEAN vs LAST,length,LID,lpca99,lpca99,10,10,8,156.0,201.25,91.0,96.0,plots_extra/metrics/features/length/mean/gpt2/tables/lpca99_gpt2_length.csv,gpt2/tables_LENGTH/length_bootstrap/length_raw_lpca99_gpt2.csv
gpt2,GPT-2: MEAN vs LAST,length,LID,lpca99,lpca99,10,10,9,206.625,256.70001220703125,103.0,103.0,plots_extra/metrics/features/length/mean/gpt2/tables/lpca99_gpt2_length.csv,gpt2/tables_LENGTH/length_bootstrap/length_raw_lpca99_gpt2.csv
gpt2,GPT-2: MEAN vs LAST,length,LID,lpca99,lpca99,10,10,10,264.5,317.70001220703125,111.0,112.0,plots_extra/metrics/features/length/mean/gpt2/tables/lpca99_gpt2_length.csv,gpt2/tables_LENGTH/length_bootstrap/length_raw_lpca99_gpt2.csv
gpt2,GPT-2: MEAN vs LAST,length,LID,lpca99,lpca99,10,10,11,333.125,388.8999938964844,116.0,116.0,plots_extra/metrics/features/length/mean/gpt2/tables/lpca99_gpt2_length.csv,gpt2/tables_LENGTH/length_bootstrap/length_raw_lpca99_gpt2.csv
gpt2,GPT-2: MEAN vs LAST,length,LID,lpca99,lpca99,10,10,12,172.625,171.5,96.0,91.0,plots_extra/metrics/features/length/mean/gpt2/tables/lpca99_gpt2_length.csv,gpt2/tables_LENGTH/length_bootstrap/length_raw_lpca99_gpt2.csv
gpt2,GPT-2: MEAN vs LAST,length,LID,lpca99,lpca99,2,2,0,85.125,94.1999969482422,73.0,70.0,plots_extra/metrics/features/length/mean/gpt2/tables/lpca99_gpt2_length.csv,gpt2/tables_LENGTH/length_bootstrap/length_raw_lpca99_gpt2.csv
gpt2,GPT-2: MEAN vs LAST,length,LID,lpca99,lpca99,2,2,1,139.875,152.6999969482422,89.0,84.0,plots_extra/metrics/features/length/mean/gpt2/tables/lpca99_gpt2_length.csv,gpt2/tables_LENGTH/length_bootstrap/length_raw_lpca99_gpt2.csv
gpt2,GPT-2: MEAN vs LAST,length,LID,lpca99,lpca99,2,2,2,16.375,16.350000381469727,43.0,40.0,plots_extra/metrics/features/length/mean/gpt2/tables/lpca99_gpt2_length.csv,gpt2/tables_LENGTH/length_bootstrap/length_raw_lpca99_gpt2.csv
gpt2,GPT-2: MEAN vs LAST,length,LID,lpca99,lpca99,2,2,3,1.0,1.0,13.5,12.5,plots_extra/metrics/features/length/mean/gpt2/tables/lpca99_gpt2_length.csv,gpt2/tables_LENGTH/length_bootstrap/length_raw_lpca99_gpt2.csv
gpt2,GPT-2: MEAN vs LAST,length,LID,lpca99,lpca99,2,2,4,1.0,1.0,13.5,12.5,plots_extra/metrics/features/length/mean/gpt2/tables/lpca99_gpt2_length.csv,gpt2/tables_LENGTH/length_bootstrap/length_raw_lpca99_gpt2.csv
gpt2,GPT-2: MEAN vs LAST,length,LID,lpca99,lpca99,2,2,5,1.0,1.0,13.5,12.5,plots_extra/metrics/features/length/mean/gpt2/tables/lpca99_gpt2_length.csv,gpt2/tables_LENGTH/length_bootstrap/length_raw_lpca99_gpt2.csv
gpt2,GPT-2: MEAN vs LAST,length,LID,lpca99,lpca99,2,2,6,1.0,1.0,13.5,12.5,plots_extra/metrics/features/length/mean/gpt2/tables/lpca99_gpt2_length.csv,gpt2/tables_LENGTH/length_bootstrap/length_raw_lpca99_gpt2.csv
gpt2,GPT-2: MEAN vs LAST,length,LID,lpca99,lpca99,2,2,7,1.0,1.0,13.5,12.5,plots_extra/metrics/features/length/mean/gpt2/tables/lpca99_gpt2_length.csv,gpt2/tables_LENGTH/length_bootstrap/length_raw_lpca99_gpt2.csv
gpt2,GPT-2: MEAN vs LAST,length,LID,lpca99,lpca99,2,2,8,1.0,1.0,13.5,12.5,plots_extra/metrics/features/length/mean/gpt2/tables/lpca99_gpt2_length.csv,gpt2/tables_LENGTH/length_bootstrap/length_raw_lpca99_gpt2.csv
gpt2,GPT-2: MEAN vs LAST,length,LID,lpca99,lpca99,2,2,9,4.375,3.650000095367432,32.0,30.0,plots_extra/metrics/features/length/mean/gpt2/tables/lpca99_gpt2_length.csv,gpt2/tables_LENGTH/length_bootstrap/length_raw_lpca99_gpt2.csv
gpt2,GPT-2: MEAN vs LAST,length,LID,lpca99,lpca99,2,2,10,28.25,27.049999237060547,50.0,44.5,plots_extra/metrics/features/length/mean/gpt2/tables/lpca99_gpt2_length.csv,gpt2/tables_LENGTH/length_bootstrap/length_raw_lpca99_gpt2.csv
gpt2,GPT-2: MEAN vs LAST,length,LID,lpca99,lpca99,2,2,11,75.0,74.25,68.0,63.0,plots_extra/metrics/features/length/mean/gpt2/tables/lpca99_gpt2_length.csv,gpt2/tables_LENGTH/length_bootstrap/length_raw_lpca99_gpt2.csv
gpt2,GPT-2: MEAN vs LAST,length,LID,lpca99,lpca99,2,2,12,92.625,95.3000030517578,76.0,71.0,plots_extra/metrics/features/length/mean/gpt2/tables/lpca99_gpt2_length.csv,gpt2/tables_LENGTH/length_bootstrap/length_raw_lpca99_gpt2.csv
gpt2,GPT-2: MEAN vs LAST,length,LID,lpca99,lpca99,3,3,0,193.5,232.8000030517578,101.0,102.0,plots_extra/metrics/features/length/mean/gpt2/tables/lpca99_gpt2_length.csv,gpt2/tables_LENGTH/length_bootstrap/length_raw_lpca99_gpt2.csv
gpt2,GPT-2: MEAN vs LAST,length,LID,lpca99,lpca99,3,3,1,231.5,264.79998779296875,105.0,105.0,plots_extra/metrics/features/length/mean/gpt2/tables/lpca99_gpt2_length.csv,gpt2/tables_LENGTH/length_bootstrap/length_raw_lpca99_gpt2.csv
gpt2,GPT-2: MEAN vs LAST,length,LID,lpca99,lpca99,3,3,2,42.625,48.400001525878906,58.0,56.0,plots_extra/metrics/features/length/mean/gpt2/tables/lpca99_gpt2_length.csv,gpt2/tables_LENGTH/length_bootstrap/length_raw_lpca99_gpt2.csv
gpt2,GPT-2: MEAN vs LAST,length,LID,lpca99,lpca99,3,3,3,1.0,1.0,13.5,12.5,plots_extra/metrics/features/length/mean/gpt2/tables/lpca99_gpt2_length.csv,gpt2/tables_LENGTH/length_bootstrap/length_raw_lpca99_gpt2.csv
gpt2,GPT-2: MEAN vs LAST,length,LID,lpca99,lpca99,3,3,4,1.0,1.0,13.5,12.5,plots_extra/metrics/features/length/mean/gpt2/tables/lpca99_gpt2_length.csv,gpt2/tables_LENGTH/length_bootstrap/length_raw_lpca99_gpt2.csv
gpt2,GPT-2: MEAN vs LAST,length,LID,lpca99,lpca99,3,3,5,1.0,1.0,13.5,12.5,plots_extra/metrics/features/length/mean/gpt2/tables/lpca99_gpt2_length.csv,gpt2/tables_LENGTH/length_bootstrap/length_raw_lpca99_gpt2.csv
gpt2,GPT-2: MEAN vs LAST,length,LID,lpca99,lpca99,3,3,6,1.0,1.0,13.5,12.5,plots_extra/metrics/features/length/mean/gpt2/tables/lpca99_gpt2_length.csv,gpt2/tables_LENGTH/length_bootstrap/length_raw_lpca99_gpt2.csv
gpt2,GPT-2: MEAN vs LAST,length,LID,lpca99,lpca99,3,3,7,1.0,1.0,13.5,12.5,plots_extra/metrics/features/length/mean/gpt2/tables/lpca99_gpt2_length.csv,gpt2/tables_LENGTH/length_bootstrap/length_raw_lpca99_gpt2.csv
gpt2,GPT-2: MEAN vs LAST,length,LID,lpca99,lpca99,3,3,8,1.0,1.0499999523162842,13.5,25.0,plots_extra/metrics/features/length/mean/gpt2/tables/lpca99_gpt2_length.csv,gpt2/tables_LENGTH/length_bootstrap/length_raw_lpca99_gpt2.csv
gpt2,GPT-2: MEAN vs LAST,length,LID,lpca99,lpca99,3,3,9,9.375,11.449999809265137,40.0,37.0,plots_extra/metrics/features/length/mean/gpt2/tables/lpca99_gpt2_length.csv,gpt2/tables_LENGTH/length_bootstrap/length_raw_lpca99_gpt2.csv
gpt2,GPT-2: MEAN vs LAST,length,LID,lpca99,lpca99,3,3,10,43.875,49.54999923706055,59.0,57.0,plots_extra/metrics/features/length/mean/gpt2/tables/lpca99_gpt2_length.csv,gpt2/tables_LENGTH/length_bootstrap/length_raw_lpca99_gpt2.csv
gpt2,GPT-2: MEAN vs LAST,length,LID,lpca99,lpca99,3,3,11,103.125,114.3499984741211,77.0,75.0,plots_extra/metrics/features/length/mean/gpt2/tables/lpca99_gpt2_length.csv,gpt2/tables_LENGTH/length_bootstrap/length_raw_lpca99_gpt2.csv
gpt2,GPT-2: MEAN vs LAST,length,LID,lpca99,lpca99,3,3,12,118.125,126.8499984741211,81.0,79.0,plots_extra/metrics/features/length/mean/gpt2/tables/lpca99_gpt2_length.csv,gpt2/tables_LENGTH/length_bootstrap/length_raw_lpca99_gpt2.csv
gpt2,GPT-2: MEAN vs LAST,length,LID,lpca99,lpca99,4,4,0,395.0,433.7000122070313,118.0,118.0,plots_extra/metrics/features/length/mean/gpt2/tables/lpca99_gpt2_length.csv,gpt2/tables_LENGTH/length_bootstrap/length_raw_lpca99_gpt2.csv
gpt2,GPT-2: MEAN vs LAST,length,LID,lpca99,lpca99,4,4,1,379.75,407.0499877929688,117.0,117.0,plots_extra/metrics/features/length/mean/gpt2/tables/lpca99_gpt2_length.csv,gpt2/tables_LENGTH/length_bootstrap/length_raw_lpca99_gpt2.csv
gpt2,GPT-2: MEAN vs LAST,length,LID,lpca99,lpca99,4,4,2,134.375,146.89999389648438,86.0,82.0,plots_extra/metrics/features/length/mean/gpt2/tables/lpca99_gpt2_length.csv,gpt2/tables_LENGTH/length_bootstrap/length_raw_lpca99_gpt2.csv
gpt2,GPT-2: MEAN vs LAST,length,LID,lpca99,lpca99,4,4,3,1.0,1.0,13.5,12.5,plots_extra/metrics/features/length/mean/gpt2/tables/lpca99_gpt2_length.csv,gpt2/tables_LENGTH/length_bootstrap/length_raw_lpca99_gpt2.csv
gpt2,GPT-2: MEAN vs LAST,length,LID,lpca99,lpca99,4,4,4,1.0,1.0,13.5,12.5,plots_extra/metrics/features/length/mean/gpt2/tables/lpca99_gpt2_length.csv,gpt2/tables_LENGTH/length_bootstrap/length_raw_lpca99_gpt2.csv
gpt2,GPT-2: MEAN vs LAST,length,LID,lpca99,lpca99,4,4,5,1.0,1.0,13.5,12.5,plots_extra/metrics/features/length/mean/gpt2/tables/lpca99_gpt2_length.csv,gpt2/tables_LENGTH/length_bootstrap/length_raw_lpca99_gpt2.csv
gpt2,GPT-2: MEAN vs LAST,length,LID,lpca99,lpca99,4,4,6,1.0,1.0,13.5,12.5,plots_extra/metrics/features/length/mean/gpt2/tables/lpca99_gpt2_length.csv,gpt2/tables_LENGTH/length_bootstrap/length_raw_lpca99_gpt2.csv
gpt2,GPT-2: MEAN vs LAST,length,LID,lpca99,lpca99,4,4,7,1.0,1.2000000476837158,13.5,27.0,plots_extra/metrics/features/length/mean/gpt2/tables/lpca99_gpt2_length.csv,gpt2/tables_LENGTH/length_bootstrap/length_raw_lpca99_gpt2.csv
gpt2,GPT-2: MEAN vs LAST,length,LID,lpca99,lpca99,4,4,8,7.125,10.550000190734863,36.5,36.0,plots_extra/metrics/features/length/mean/gpt2/tables/lpca99_gpt2_length.csv,gpt2/tables_LENGTH/length_bootstrap/length_raw_lpca99_gpt2.csv
gpt2,GPT-2: MEAN vs LAST,length,LID,lpca99,lpca99,4,4,9,31.5,39.29999923706055,53.0,52.0,plots_extra/metrics/features/length/mean/gpt2/tables/lpca99_gpt2_length.csv,gpt2/tables_LENGTH/length_bootstrap/length_raw_lpca99_gpt2.csv
gpt2,GPT-2: MEAN vs LAST,length,LID,lpca99,lpca99,4,4,10,75.75,88.80000305175781,69.0,68.0,plots_extra/metrics/features/length/mean/gpt2/tables/lpca99_gpt2_length.csv,gpt2/tables_LENGTH/length_bootstrap/length_raw_lpca99_gpt2.csv
gpt2,GPT-2: MEAN vs LAST,length,LID,lpca99,lpca99,4,4,11,137.5,156.85000610351562,87.0,87.0,plots_extra/metrics/features/length/mean/gpt2/tables/lpca99_gpt2_length.csv,gpt2/tables_LENGTH/length_bootstrap/length_raw_lpca99_gpt2.csv
gpt2,GPT-2: MEAN vs LAST,length,LID,lpca99,lpca99,4,4,12,127.5,136.1999969482422,85.0,81.0,plots_extra/metrics/features/length/mean/gpt2/tables/lpca99_gpt2_length.csv,gpt2/tables_LENGTH/length_bootstrap/length_raw_lpca99_gpt2.csv
gpt2,GPT-2: MEAN vs LAST,length,LID,lpca99,lpca99,5,5,0,493.375,536.4500122070312,125.0,125.0,plots_extra/metrics/features/length/mean/gpt2/tables/lpca99_gpt2_length.csv,gpt2/tables_LENGTH/length_bootstrap/length_raw_lpca99_gpt2.csv
gpt2,GPT-2: MEAN vs LAST,length,LID,lpca99,lpca99,5,5,1,440.0,468.25,119.0,119.0,plots_extra/metrics/features/length/mean/gpt2/tables/lpca99_gpt2_length.csv,gpt2/tables_LENGTH/length_bootstrap/length_raw_lpca99_gpt2.csv
gpt2,GPT-2: MEAN vs LAST,length,LID,lpca99,lpca99,5,5,2,196.25,217.6000061035156,102.0,101.0,plots_extra/metrics/features/length/mean/gpt2/tables/lpca99_gpt2_length.csv,gpt2/tables_LENGTH/length_bootstrap/length_raw_lpca99_gpt2.csv
gpt2,GPT-2: MEAN vs LAST,length,LID,lpca99,lpca99,5,5,3,1.0,1.0,13.5,12.5,plots_extra/metrics/features/length/mean/gpt2/tables/lpca99_gpt2_length.csv,gpt2/tables_LENGTH/length_bootstrap/length_raw_lpca99_gpt2.csv
gpt2,GPT-2: MEAN vs LAST,length,LID,lpca99,lpca99,5,5,4,1.0,1.0,13.5,12.5,plots_extra/metrics/features/length/mean/gpt2/tables/lpca99_gpt2_length.csv,gpt2/tables_LENGTH/length_bootstrap/length_raw_lpca99_gpt2.csv
gpt2,GPT-2: MEAN vs LAST,length,LID,lpca99,lpca99,5,5,5,1.0,1.0,13.5,12.5,plots_extra/metrics/features/length/mean/gpt2/tables/lpca99_gpt2_length.csv,gpt2/tables_LENGTH/length_bootstrap/length_raw_lpca99_gpt2.csv
gpt2,GPT-2: MEAN vs LAST,length,LID,lpca99,lpca99,5,5,6,1.5,2.450000047683716,28.0,29.0,plots_extra/metrics/features/length/mean/gpt2/tables/lpca99_gpt2_length.csv,gpt2/tables_LENGTH/length_bootstrap/length_raw_lpca99_gpt2.csv
gpt2,GPT-2: MEAN vs LAST,length,LID,lpca99,lpca99,5,5,7,7.125,12.0,36.5,38.0,plots_extra/metrics/features/length/mean/gpt2/tables/lpca99_gpt2_length.csv,gpt2/tables_LENGTH/length_bootstrap/length_raw_lpca99_gpt2.csv
gpt2,GPT-2: MEAN vs LAST,length,LID,lpca99,lpca99,5,5,8,26.5,35.099998474121094,48.0,50.0,plots_extra/metrics/features/length/mean/gpt2/tables/lpca99_gpt2_length.csv,gpt2/tables_LENGTH/length_bootstrap/length_raw_lpca99_gpt2.csv
gpt2,GPT-2: MEAN vs LAST,length,LID,lpca99,lpca99,5,5,9,61.125,74.8499984741211,65.0,65.0,plots_extra/metrics/features/length/mean/gpt2/tables/lpca99_gpt2_length.csv,gpt2/tables_LENGTH/length_bootstrap/length_raw_lpca99_gpt2.csv
gpt2,GPT-2: MEAN vs LAST,length,LID,lpca99,lpca99,5,5,10,112.25,131.10000610351562,78.0,80.0,plots_extra/metrics/features/length/mean/gpt2/tables/lpca99_gpt2_length.csv,gpt2/tables_LENGTH/length_bootstrap/length_raw_lpca99_gpt2.csv
gpt2,GPT-2: MEAN vs LAST,length,LID,lpca99,lpca99,5,5,11,178.625,203.6000061035156,99.0,97.0,plots_extra/metrics/features/length/mean/gpt2/tables/lpca99_gpt2_length.csv,gpt2/tables_LENGTH/length_bootstrap/length_raw_lpca99_gpt2.csv
gpt2,GPT-2: MEAN vs LAST,length,LID,lpca99,lpca99,5,5,12,138.75,157.64999389648438,88.0,89.0,plots_extra/metrics/features/length/mean/gpt2/tables/lpca99_gpt2_length.csv,gpt2/tables_LENGTH/length_bootstrap/length_raw_lpca99_gpt2.csv
gpt2,GPT-2: MEAN vs LAST,length,LID,lpca99,lpca99,6,6,0,545.0,578.2000122070312,127.0,127.0,plots_extra/metrics/features/length/mean/gpt2/tables/lpca99_gpt2_length.csv,gpt2/tables_LENGTH/length_bootstrap/length_raw_lpca99_gpt2.csv
gpt2,GPT-2: MEAN vs LAST,length,LID,lpca99,lpca99,6,6,1,477.75,500.6000061035156,121.0,121.0,plots_extra/metrics/features/length/mean/gpt2/tables/lpca99_gpt2_length.csv,gpt2/tables_LENGTH/length_bootstrap/length_raw_lpca99_gpt2.csv
gpt2,GPT-2: MEAN vs LAST,length,LID,lpca99,lpca99,6,6,2,255.5,272.0,110.0,107.0,plots_extra/metrics/features/length/mean/gpt2/tables/lpca99_gpt2_length.csv,gpt2/tables_LENGTH/length_bootstrap/length_raw_lpca99_gpt2.csv
gpt2,GPT-2: MEAN vs LAST,length,LID,lpca99,lpca99,6,6,3,2.0,1.649999976158142,29.0,28.0,plots_extra/metrics/features/length/mean/gpt2/tables/lpca99_gpt2_length.csv,gpt2/tables_LENGTH/length_bootstrap/length_raw_lpca99_gpt2.csv
gpt2,GPT-2: MEAN vs LAST,length,LID,lpca99,lpca99,6,6,4,4.125,4.400000095367432,31.0,31.0,plots_extra/metrics/features/length/mean/gpt2/tables/lpca99_gpt2_length.csv,gpt2/tables_LENGTH/length_bootstrap/length_raw_lpca99_gpt2.csv
gpt2,GPT-2: MEAN vs LAST,length,LID,lpca99,lpca99,6,6,5,8.5,9.899999618530272,39.0,35.0,plots_extra/metrics/features/length/mean/gpt2/tables/lpca99_gpt2_length.csv,gpt2/tables_LENGTH/length_bootstrap/length_raw_lpca99_gpt2.csv
gpt2,GPT-2: MEAN vs LAST,length,LID,lpca99,lpca99,6,6,6,18.5,20.950000762939453,44.0,42.0,plots_extra/metrics/features/length/mean/gpt2/tables/lpca99_gpt2_length.csv,gpt2/tables_LENGTH/length_bootstrap/length_raw_lpca99_gpt2.csv
gpt2,GPT-2: MEAN vs LAST,length,LID,lpca99,lpca99,6,6,7,37.375,41.150001525878906,56.0,53.0,plots_extra/metrics/features/length/mean/gpt2/tables/lpca99_gpt2_length.csv,gpt2/tables_LENGTH/length_bootstrap/length_raw_lpca99_gpt2.csv
gpt2,GPT-2: MEAN vs LAST,length,LID,lpca99,lpca99,6,6,8,69.125,74.55000305175781,66.0,64.0,plots_extra/metrics/features/length/mean/gpt2/tables/lpca99_gpt2_length.csv,gpt2/tables_LENGTH/length_bootstrap/length_raw_lpca99_gpt2.csv
gpt2,GPT-2: MEAN vs LAST,length,LID,lpca99,lpca99,6,6,9,113.625,122.25,79.0,77.0,plots_extra/metrics/features/length/mean/gpt2/tables/lpca99_gpt2_length.csv,gpt2/tables_LENGTH/length_bootstrap/length_raw_lpca99_gpt2.csv
gpt2,GPT-2: MEAN vs LAST,length,LID,lpca99,lpca99,6,6,10,170.75,183.0,94.0,93.0,plots_extra/metrics/features/length/mean/gpt2/tables/lpca99_gpt2_length.csv,gpt2/tables_LENGTH/length_bootstrap/length_raw_lpca99_gpt2.csv
gpt2,GPT-2: MEAN vs LAST,length,LID,lpca99,lpca99,6,6,11,239.25,256.8999938964844,106.0,104.0,plots_extra/metrics/features/length/mean/gpt2/tables/lpca99_gpt2_length.csv,gpt2/tables_LENGTH/length_bootstrap/length_raw_lpca99_gpt2.csv
gpt2,GPT-2: MEAN vs LAST,length,LID,lpca99,lpca99,6,6,12,165.25,179.25,92.0,92.0,plots_extra/metrics/features/length/mean/gpt2/tables/lpca99_gpt2_length.csv,gpt2/tables_LENGTH/length_bootstrap/length_raw_lpca99_gpt2.csv
gpt2,GPT-2: MEAN vs LAST,length,LID,lpca99,lpca99,7,7,0,558.0,591.5499877929688,129.0,129.0,plots_extra/metrics/features/length/mean/gpt2/tables/lpca99_gpt2_length.csv,gpt2/tables_LENGTH/length_bootstrap/length_raw_lpca99_gpt2.csv
gpt2,GPT-2: MEAN vs LAST,length,LID,lpca99,lpca99,7,7,1,483.25,511.0,123.0,122.0,plots_extra/metrics/features/length/mean/gpt2/tables/lpca99_gpt2_length.csv,gpt2/tables_LENGTH/length_bootstrap/length_raw_lpca99_gpt2.csv
gpt2,GPT-2: MEAN vs LAST,length,LID,lpca99,lpca99,7,7,2,266.75,299.79998779296875,112.0,111.0,plots_extra/metrics/features/length/mean/gpt2/tables/lpca99_gpt2_length.csv,gpt2/tables_LENGTH/length_bootstrap/length_raw_lpca99_gpt2.csv
gpt2,GPT-2: MEAN vs LAST,length,LID,lpca99,lpca99,7,7,3,2.375,8.449999809265137,30.0,34.0,plots_extra/metrics/features/length/mean/gpt2/tables/lpca99_gpt2_length.csv,gpt2/tables_LENGTH/length_bootstrap/length_raw_lpca99_gpt2.csv
gpt2,GPT-2: MEAN vs LAST,length,LID,lpca99,lpca99,7,7,4,6.875,17.399999618530273,35.0,41.0,plots_extra/metrics/features/length/mean/gpt2/tables/lpca99_gpt2_length.csv,gpt2/tables_LENGTH/length_bootstrap/length_raw_lpca99_gpt2.csv
gpt2,GPT-2: MEAN vs LAST,length,LID,lpca99,lpca99,7,7,5,13.25,27.049999237060547,42.0,44.5,plots_extra/metrics/features/length/mean/gpt2/tables/lpca99_gpt2_length.csv,gpt2/tables_LENGTH/length_bootstrap/length_raw_lpca99_gpt2.csv
gpt2,GPT-2: MEAN vs LAST,length,LID,lpca99,lpca99,7,7,6,25.0,42.20000076293945,47.0,54.0,plots_extra/metrics/features/length/mean/gpt2/tables/lpca99_gpt2_length.csv,gpt2/tables_LENGTH/length_bootstrap/length_raw_lpca99_gpt2.csv
gpt2,GPT-2: MEAN vs LAST,length,LID,lpca99,lpca99,7,7,7,45.375,66.05000305175781,61.0,59.0,plots_extra/metrics/features/length/mean/gpt2/tables/lpca99_gpt2_length.csv,gpt2/tables_LENGTH/length_bootstrap/length_raw_lpca99_gpt2.csv
gpt2,GPT-2: MEAN vs LAST,length,LID,lpca99,lpca99,7,7,8,77.5,102.75,70.0,73.0,plots_extra/metrics/features/length/mean/gpt2/tables/lpca99_gpt2_length.csv,gpt2/tables_LENGTH/length_bootstrap/length_raw_lpca99_gpt2.csv
gpt2,GPT-2: MEAN vs LAST,length,LID,lpca99,lpca99,7,7,9,122.0,153.0500030517578,84.0,85.0,plots_extra/metrics/features/length/mean/gpt2/tables/lpca99_gpt2_length.csv,gpt2/tables_LENGTH/length_bootstrap/length_raw_lpca99_gpt2.csv
gpt2,GPT-2: MEAN vs LAST,length,LID,lpca99,lpca99,7,7,10,178.375,214.4499969482422,98.0,100.0,plots_extra/metrics/features/length/mean/gpt2/tables/lpca99_gpt2_length.csv,gpt2/tables_LENGTH/length_bootstrap/length_raw_lpca99_gpt2.csv
gpt2,GPT-2: MEAN vs LAST,length,LID,lpca99,lpca99,7,7,11,247.75,288.75,109.0,110.0,plots_extra/metrics/features/length/mean/gpt2/tables/lpca99_gpt2_length.csv,gpt2/tables_LENGTH/length_bootstrap/length_raw_lpca99_gpt2.csv
gpt2,GPT-2: MEAN vs LAST,length,LID,lpca99,lpca99,7,7,12,171.75,190.3500061035156,95.0,94.0,plots_extra/metrics/features/length/mean/gpt2/tables/lpca99_gpt2_length.csv,gpt2/tables_LENGTH/length_bootstrap/length_raw_lpca99_gpt2.csv
gpt2,GPT-2: MEAN vs LAST,length,LID,lpca99,lpca99,8,8,0,554.375,589.5499877929688,128.0,128.0,plots_extra/metrics/features/length/mean/gpt2/tables/lpca99_gpt2_length.csv,gpt2/tables_LENGTH/length_bootstrap/length_raw_lpca99_gpt2.csv
gpt2,GPT-2: MEAN vs LAST,length,LID,lpca99,lpca99,8,8,1,480.75,511.3500061035156,122.0,123.0,plots_extra/metrics/features/length/mean/gpt2/tables/lpca99_gpt2_length.csv,gpt2/tables_LENGTH/length_bootstrap/length_raw_lpca99_gpt2.csv
gpt2,GPT-2: MEAN vs LAST,length,LID,lpca99,lpca99,8,8,2,293.125,332.45001220703125,113.0,113.0,plots_extra/metrics/features/length/mean/gpt2/tables/lpca99_gpt2_length.csv,gpt2/tables_LENGTH/length_bootstrap/length_raw_lpca99_gpt2.csv
gpt2,GPT-2: MEAN vs LAST,length,LID,lpca99,lpca99,8,8,3,21.125,38.70000076293945,46.0,51.0,plots_extra/metrics/features/length/mean/gpt2/tables/lpca99_gpt2_length.csv,gpt2/tables_LENGTH/length_bootstrap/length_raw_lpca99_gpt2.csv
gpt2,GPT-2: MEAN vs LAST,length,LID,lpca99,lpca99,8,8,4,32.75,54.0,54.0,58.0,plots_extra/metrics/features/length/mean/gpt2/tables/lpca99_gpt2_length.csv,gpt2/tables_LENGTH/length_bootstrap/length_raw_lpca99_gpt2.csv
gpt2,GPT-2: MEAN vs LAST,length,LID,lpca99,lpca99,8,8,5,44.5,68.9000015258789,60.0,62.0,plots_extra/metrics/features/length/mean/gpt2/tables/lpca99_gpt2_length.csv,gpt2/tables_LENGTH/length_bootstrap/length_raw_lpca99_gpt2.csv
gpt2,GPT-2: MEAN vs LAST,length,LID,lpca99,lpca99,8,8,6,60.625,87.9000015258789,64.0,67.0,plots_extra/metrics/features/length/mean/gpt2/tables/lpca99_gpt2_length.csv,gpt2/tables_LENGTH/length_bootstrap/length_raw_lpca99_gpt2.csv
gpt2,GPT-2: MEAN vs LAST,length,LID,lpca99,lpca99,8,8,7,84.875,115.9000015258789,72.0,76.0,plots_extra/metrics/features/length/mean/gpt2/tables/lpca99_gpt2_length.csv,gpt2/tables_LENGTH/length_bootstrap/length_raw_lpca99_gpt2.csv
gpt2,GPT-2: MEAN vs LAST,length,LID,lpca99,lpca99,8,8,8,121.25,156.9499969482422,83.0,88.0,plots_extra/metrics/features/length/mean/gpt2/tables/lpca99_gpt2_length.csv,gpt2/tables_LENGTH/length_bootstrap/length_raw_lpca99_gpt2.csv
gpt2,GPT-2: MEAN vs LAST,length,LID,lpca99,lpca99,8,8,9,169.875,210.25,93.0,99.0,plots_extra/metrics/features/length/mean/gpt2/tables/lpca99_gpt2_length.csv,gpt2/tables_LENGTH/length_bootstrap/length_raw_lpca99_gpt2.csv
gpt2,GPT-2: MEAN vs LAST,length,LID,lpca99,lpca99,8,8,10,227.125,271.75,104.0,106.0,plots_extra/metrics/features/length/mean/gpt2/tables/lpca99_gpt2_length.csv,gpt2/tables_LENGTH/length_bootstrap/length_raw_lpca99_gpt2.csv
gpt2,GPT-2: MEAN vs LAST,length,LID,lpca99,lpca99,8,8,11,296.5,344.75,114.0,114.0,plots_extra/metrics/features/length/mean/gpt2/tables/lpca99_gpt2_length.csv,gpt2/tables_LENGTH/length_bootstrap/length_raw_lpca99_gpt2.csv
gpt2,GPT-2: MEAN vs LAST,length,LID,lpca99,lpca99,8,8,12,187.375,199.6999969482422,100.0,95.0,plots_extra/metrics/features/length/mean/gpt2/tables/lpca99_gpt2_length.csv,gpt2/tables_LENGTH/length_bootstrap/length_raw_lpca99_gpt2.csv
gpt2,GPT-2: MEAN vs LAST,length,LID,lpca99,lpca99,9,9,0,521.25,559.9500122070312,126.0,126.0,plots_extra/metrics/features/length/mean/gpt2/tables/lpca99_gpt2_length.csv,gpt2/tables_LENGTH/length_bootstrap/length_raw_lpca99_gpt2.csv
gpt2,GPT-2: MEAN vs LAST,length,LID,lpca99,lpca99,9,9,1,452.25,482.75,120.0,120.0,plots_extra/metrics/features/length/mean/gpt2/tables/lpca99_gpt2_length.csv,gpt2/tables_LENGTH/length_bootstrap/length_raw_lpca99_gpt2.csv
gpt2,GPT-2: MEAN vs LAST,length,LID,lpca99,lpca99,9,9,2,247.625,280.5,108.0,109.0,plots_extra/metrics/features/length/mean/gpt2/tables/lpca99_gpt2_length.csv,gpt2/tables_LENGTH/length_bootstrap/length_raw_lpca99_gpt2.csv
gpt2,GPT-2: MEAN vs LAST,length,LID,lpca99,lpca99,9,9,3,5.375,13.300000190734863,34.0,39.0,plots_extra/metrics/features/length/mean/gpt2/tables/lpca99_gpt2_length.csv,gpt2/tables_LENGTH/length_bootstrap/length_raw_lpca99_gpt2.csv
gpt2,GPT-2: MEAN vs LAST,length,LID,lpca99,lpca99,9,9,4,11.625,22.450000762939453,41.0,43.0,plots_extra/metrics/features/length/mean/gpt2/tables/lpca99_gpt2_length.csv,gpt2/tables_LENGTH/length_bootstrap/length_raw_lpca99_gpt2.csv
gpt2,GPT-2: MEAN vs LAST,length,LID,lpca99,lpca99,9,9,5,18.625,32.25,45.0,47.0,plots_extra/metrics/features/length/mean/gpt2/tables/lpca99_gpt2_length.csv,gpt2/tables_LENGTH/length_bootstrap/length_raw_lpca99_gpt2.csv
gpt2,GPT-2: MEAN vs LAST,length,LID,lpca99,lpca99,9,9,6,30.125,46.54999923706055,51.0,55.0,plots_extra/metrics/features/length/mean/gpt2/tables/lpca99_gpt2_length.csv,gpt2/tables_LENGTH/length_bootstrap/length_raw_lpca99_gpt2.csv
gpt2,GPT-2: MEAN vs LAST,length,LID,lpca99,lpca99,9,9,7,48.75,68.25,62.0,61.0,plots_extra/metrics/features/length/mean/gpt2/tables/lpca99_gpt2_length.csv,gpt2/tables_LENGTH/length_bootstrap/length_raw_lpca99_gpt2.csv
gpt2,GPT-2: MEAN vs LAST,length,LID,lpca99,lpca99,9,9,8,78.75,102.0999984741211,71.0,72.0,plots_extra/metrics/features/length/mean/gpt2/tables/lpca99_gpt2_length.csv,gpt2/tables_LENGTH/length_bootstrap/length_raw_lpca99_gpt2.csv
gpt2,GPT-2: MEAN vs LAST,length,LID,lpca99,lpca99,9,9,9,120.25,148.4499969482422,82.0,83.0,plots_extra/metrics/features/length/mean/gpt2/tables/lpca99_gpt2_length.csv,gpt2/tables_LENGTH/length_bootstrap/length_raw_lpca99_gpt2.csv
gpt2,GPT-2: MEAN vs LAST,length,LID,lpca99,lpca99,9,9,10,172.875,205.5,97.0,98.0,plots_extra/metrics/features/length/mean/gpt2/tables/lpca99_gpt2_length.csv,gpt2/tables_LENGTH/length_bootstrap/length_raw_lpca99_gpt2.csv
gpt2,GPT-2: MEAN vs LAST,length,LID,lpca99,lpca99,9,9,11,240.75,278.75,107.0,108.0,plots_extra/metrics/features/length/mean/gpt2/tables/lpca99_gpt2_length.csv,gpt2/tables_LENGTH/length_bootstrap/length_raw_lpca99_gpt2.csv
gpt2,GPT-2: MEAN vs LAST,length,LID,lpca99,lpca99,9,9,12,149.375,160.8000030517578,90.0,90.0,plots_extra/metrics/features/length/mean/gpt2/tables/lpca99_gpt2_length.csv,gpt2/tables_LENGTH/length_bootstrap/length_raw_lpca99_gpt2.csv
gpt2,GPT-2: MEAN vs LAST,length,NLID,gride,gride,1,1,0,0.472369372844696,0.2242038249969482,1.0,1.0,plots_extra/metrics/features/length/mean/gpt2/tables/gride_gpt2_length.csv,gpt2/tables_LENGTH/length_bootstrap/length_raw_gride_gpt2.csv
gpt2,GPT-2: MEAN vs LAST,length,NLID,gride,gride,1,1,1,4.9954681396484375,6.493537902832031,6.0,18.0,plots_extra/metrics/features/length/mean/gpt2/tables/gride_gpt2_length.csv,gpt2/tables_LENGTH/length_bootstrap/length_raw_gride_gpt2.csv
gpt2,GPT-2: MEAN vs LAST,length,NLID,gride,gride,1,1,2,5.592101097106934,7.390904426574707,13.0,25.0,plots_extra/metrics/features/length/mean/gpt2/tables/gride_gpt2_length.csv,gpt2/tables_LENGTH/length_bootstrap/length_raw_gride_gpt2.csv
gpt2,GPT-2: MEAN vs LAST,length,NLID,gride,gride,1,1,3,7.210755348205566,8.206473350524902,23.0,37.0,plots_extra/metrics/features/length/mean/gpt2/tables/gride_gpt2_length.csv,gpt2/tables_LENGTH/length_bootstrap/length_raw_gride_gpt2.csv
gpt2,GPT-2: MEAN vs LAST,length,NLID,gride,gride,1,1,4,8.362442016601562,9.067803382873535,34.0,50.0,plots_extra/metrics/features/length/mean/gpt2/tables/gride_gpt2_length.csv,gpt2/tables_LENGTH/length_bootstrap/length_raw_gride_gpt2.csv
gpt2,GPT-2: MEAN vs LAST,length,NLID,gride,gride,1,1,5,9.684273719787598,9.983080863952637,39.0,61.0,plots_extra/metrics/features/length/mean/gpt2/tables/gride_gpt2_length.csv,gpt2/tables_LENGTH/length_bootstrap/length_raw_gride_gpt2.csv
gpt2,GPT-2: MEAN vs LAST,length,NLID,gride,gride,1,1,6,9.675833702087402,10.17310905456543,38.0,62.0,plots_extra/metrics/features/length/mean/gpt2/tables/gride_gpt2_length.csv,gpt2/tables_LENGTH/length_bootstrap/length_raw_gride_gpt2.csv
gpt2,GPT-2: MEAN vs LAST,length,NLID,gride,gride,1,1,7,10.07998752593994,7.91357946395874,43.0,31.0,plots_extra/metrics/features/length/mean/gpt2/tables/gride_gpt2_length.csv,gpt2/tables_LENGTH/length_bootstrap/length_raw_gride_gpt2.csv
gpt2,GPT-2: MEAN vs LAST,length,NLID,gride,gride,1,1,8,10.236489295959473,9.836954116821287,45.0,58.0,plots_extra/metrics/features/length/mean/gpt2/tables/gride_gpt2_length.csv,gpt2/tables_LENGTH/length_bootstrap/length_raw_gride_gpt2.csv
gpt2,GPT-2: MEAN vs LAST,length,NLID,gride,gride,1,1,9,10.786983489990234,9.35181713104248,47.0,53.0,plots_extra/metrics/features/length/mean/gpt2/tables/gride_gpt2_length.csv,gpt2/tables_LENGTH/length_bootstrap/length_raw_gride_gpt2.csv
gpt2,GPT-2: MEAN vs LAST,length,NLID,gride,gride,1,1,10,11.855018615722656,10.829389572143556,54.0,73.0,plots_extra/metrics/features/length/mean/gpt2/tables/gride_gpt2_length.csv,gpt2/tables_LENGTH/length_bootstrap/length_raw_gride_gpt2.csv
gpt2,GPT-2: MEAN vs LAST,length,NLID,gride,gride,1,1,11,12.82097339630127,11.041502952575684,62.0,75.0,plots_extra/metrics/features/length/mean/gpt2/tables/gride_gpt2_length.csv,gpt2/tables_LENGTH/length_bootstrap/length_raw_gride_gpt2.csv
gpt2,GPT-2: MEAN vs LAST,length,NLID,gride,gride,1,1,12,5.161728858947754,5.944385528564453,10.0,17.0,plots_extra/metrics/features/length/mean/gpt2/tables/gride_gpt2_length.csv,gpt2/tables_LENGTH/length_bootstrap/length_raw_gride_gpt2.csv
gpt2,GPT-2: MEAN vs LAST,length,NLID,gride,gride,10,10,0,16.733842849731445,12.242094039916992,94.0,87.0,plots_extra/metrics/features/length/mean/gpt2/tables/gride_gpt2_length.csv,gpt2/tables_LENGTH/length_bootstrap/length_raw_gride_gpt2.csv
gpt2,GPT-2: MEAN vs LAST,length,NLID,gride,gride,10,10,1,17.279346466064453,7.902407646179199,98.0,29.0,plots_extra/metrics/features/length/mean/gpt2/tables/gride_gpt2_length.csv,gpt2/tables_LENGTH/length_bootstrap/length_raw_gride_gpt2.csv
gpt2,GPT-2: MEAN vs LAST,length,NLID,gride,gride,10,10,2,17.39413070678711,7.926746368408203,99.0,32.0,plots_extra/metrics/features/length/mean/gpt2/tables/gride_gpt2_length.csv,gpt2/tables_LENGTH/length_bootstrap/length_raw_gride_gpt2.csv
gpt2,GPT-2: MEAN vs LAST,length,NLID,gride,gride,10,10,3,17.815048217773438,9.200556755065918,107.0,51.0,plots_extra/metrics/features/length/mean/gpt2/tables/gride_gpt2_length.csv,gpt2/tables_LENGTH/length_bootstrap/length_raw_gride_gpt2.csv
gpt2,GPT-2: MEAN vs LAST,length,NLID,gride,gride,10,10,4,18.496383666992188,11.399622917175291,113.0,78.0,plots_extra/metrics/features/length/mean/gpt2/tables/gride_gpt2_length.csv,gpt2/tables_LENGTH/length_bootstrap/length_raw_gride_gpt2.csv
gpt2,GPT-2: MEAN vs LAST,length,NLID,gride,gride,10,10,5,19.093830108642575,13.120318412780762,117.0,97.0,plots_extra/metrics/features/length/mean/gpt2/tables/gride_gpt2_length.csv,gpt2/tables_LENGTH/length_bootstrap/length_raw_gride_gpt2.csv
gpt2,GPT-2: MEAN vs LAST,length,NLID,gride,gride,10,10,6,18.06744956970215,13.907110214233398,109.0,106.0,plots_extra/metrics/features/length/mean/gpt2/tables/gride_gpt2_length.csv,gpt2/tables_LENGTH/length_bootstrap/length_raw_gride_gpt2.csv
gpt2,GPT-2: MEAN vs LAST,length,NLID,gride,gride,10,10,7,17.64136505126953,14.613639831542969,104.0,112.0,plots_extra/metrics/features/length/mean/gpt2/tables/gride_gpt2_length.csv,gpt2/tables_LENGTH/length_bootstrap/length_raw_gride_gpt2.csv
gpt2,GPT-2: MEAN vs LAST,length,NLID,gride,gride,10,10,8,17.27687644958496,15.411401748657228,97.0,116.0,plots_extra/metrics/features/length/mean/gpt2/tables/gride_gpt2_length.csv,gpt2/tables_LENGTH/length_bootstrap/length_raw_gride_gpt2.csv
gpt2,GPT-2: MEAN vs LAST,length,NLID,gride,gride,10,10,9,17.570266723632812,16.935546875,102.0,121.0,plots_extra/metrics/features/length/mean/gpt2/tables/gride_gpt2_length.csv,gpt2/tables_LENGTH/length_bootstrap/length_raw_gride_gpt2.csv
gpt2,GPT-2: MEAN vs LAST,length,NLID,gride,gride,10,10,10,18.886716842651367,18.611576080322266,115.0,126.0,plots_extra/metrics/features/length/mean/gpt2/tables/gride_gpt2_length.csv,gpt2/tables_LENGTH/length_bootstrap/length_raw_gride_gpt2.csv
gpt2,GPT-2: MEAN vs LAST,length,NLID,gride,gride,10,10,11,19.48694610595703,20.177431106567383,119.0,130.0,plots_extra/metrics/features/length/mean/gpt2/tables/gride_gpt2_length.csv,gpt2/tables_LENGTH/length_bootstrap/length_raw_gride_gpt2.csv
gpt2,GPT-2: MEAN vs LAST,length,NLID,gride,gride,10,10,12,7.718082904815674,8.487789154052734,27.0,41.0,plots_extra/metrics/features/length/mean/gpt2/tables/gride_gpt2_length.csv,gpt2/tables_LENGTH/length_bootstrap/length_raw_gride_gpt2.csv
gpt2,GPT-2: MEAN vs LAST,length,NLID,gride,gride,2,2,0,1.7905185222625732,0.463010311126709,3.0,3.0,plots_extra/metrics/features/length/mean/gpt2/tables/gride_gpt2_length.csv,gpt2/tables_LENGTH/length_bootstrap/length_raw_gride_gpt2.csv
gpt2,GPT-2: MEAN vs LAST,length,NLID,gride,gride,2,2,1,3.325495481491089,4.211559772491455,4.0,7.0,plots_extra/metrics/features/length/mean/gpt2/tables/gride_gpt2_length.csv,gpt2/tables_LENGTH/length_bootstrap/length_raw_gride_gpt2.csv
gpt2,GPT-2: MEAN vs LAST,length,NLID,gride,gride,2,2,2,3.655958652496338,5.250385284423828,5.0,10.0,plots_extra/metrics/features/length/mean/gpt2/tables/gride_gpt2_length.csv,gpt2/tables_LENGTH/length_bootstrap/length_raw_gride_gpt2.csv
gpt2,GPT-2: MEAN vs LAST,length,NLID,gride,gride,2,2,3,5.102263450622559,6.859999656677246,9.0,20.0,plots_extra/metrics/features/length/mean/gpt2/tables/gride_gpt2_length.csv,gpt2/tables_LENGTH/length_bootstrap/length_raw_gride_gpt2.csv
gpt2,GPT-2: MEAN vs LAST,length,NLID,gride,gride,2,2,4,6.623745918273926,8.34619426727295,18.0,39.0,plots_extra/metrics/features/length/mean/gpt2/tables/gride_gpt2_length.csv,gpt2/tables_LENGTH/length_bootstrap/length_raw_gride_gpt2.csv
gpt2,GPT-2: MEAN vs LAST,length,NLID,gride,gride,2,2,5,7.961621284484863,9.442509651184082,31.0,56.0,plots_extra/metrics/features/length/mean/gpt2/tables/gride_gpt2_length.csv,gpt2/tables_LENGTH/length_bootstrap/length_raw_gride_gpt2.csv
gpt2,GPT-2: MEAN vs LAST,length,NLID,gride,gride,2,2,6,8.829767227172852,9.888253211975098,35.0,60.0,plots_extra/metrics/features/length/mean/gpt2/tables/gride_gpt2_length.csv,gpt2/tables_LENGTH/length_bootstrap/length_raw_gride_gpt2.csv
gpt2,GPT-2: MEAN vs LAST,length,NLID,gride,gride,2,2,7,9.809866905212402,10.679655075073242,41.0,70.0,plots_extra/metrics/features/length/mean/gpt2/tables/gride_gpt2_length.csv,gpt2/tables_LENGTH/length_bootstrap/length_raw_gride_gpt2.csv
gpt2,GPT-2: MEAN vs LAST,length,NLID,gride,gride,2,2,8,10.605645179748535,11.178400039672852,46.0,76.0,plots_extra/metrics/features/length/mean/gpt2/tables/gride_gpt2_length.csv,gpt2/tables_LENGTH/length_bootstrap/length_raw_gride_gpt2.csv
gpt2,GPT-2: MEAN vs LAST,length,NLID,gride,gride,2,2,9,11.315720558166504,11.759373664855955,50.0,80.0,plots_extra/metrics/features/length/mean/gpt2/tables/gride_gpt2_length.csv,gpt2/tables_LENGTH/length_bootstrap/length_raw_gride_gpt2.csv
gpt2,GPT-2: MEAN vs LAST,length,NLID,gride,gride,2,2,10,11.90740203857422,12.413686752319336,55.0,89.0,plots_extra/metrics/features/length/mean/gpt2/tables/gride_gpt2_length.csv,gpt2/tables_LENGTH/length_bootstrap/length_raw_gride_gpt2.csv
gpt2,GPT-2: MEAN vs LAST,length,NLID,gride,gride,2,2,11,12.305042266845703,12.946401596069336,57.0,95.0,plots_extra/metrics/features/length/mean/gpt2/tables/gride_gpt2_length.csv,gpt2/tables_LENGTH/length_bootstrap/length_raw_gride_gpt2.csv
gpt2,GPT-2: MEAN vs LAST,length,NLID,gride,gride,2,2,12,6.924795627593994,7.950611114501953,21.0,33.0,plots_extra/metrics/features/length/mean/gpt2/tables/gride_gpt2_length.csv,gpt2/tables_LENGTH/length_bootstrap/length_raw_gride_gpt2.csv
gpt2,GPT-2: MEAN vs LAST,length,NLID,gride,gride,3,3,0,1.0488308668136597,0.4416942000389099,2.0,2.0,plots_extra/metrics/features/length/mean/gpt2/tables/gride_gpt2_length.csv,gpt2/tables_LENGTH/length_bootstrap/length_raw_gride_gpt2.csv
gpt2,GPT-2: MEAN vs LAST,length,NLID,gride,gride,3,3,1,5.101004600524902,4.695492744445801,8.0,8.0,plots_extra/metrics/features/length/mean/gpt2/tables/gride_gpt2_length.csv,gpt2/tables_LENGTH/length_bootstrap/length_raw_gride_gpt2.csv
gpt2,GPT-2: MEAN vs LAST,length,NLID,gride,gride,3,3,2,5.364965438842773,5.158936977386475,11.0,9.0,plots_extra/metrics/features/length/mean/gpt2/tables/gride_gpt2_length.csv,gpt2/tables_LENGTH/length_bootstrap/length_raw_gride_gpt2.csv
gpt2,GPT-2: MEAN vs LAST,length,NLID,gride,gride,3,3,3,7.074033737182617,6.608389377593994,22.0,19.0,plots_extra/metrics/features/length/mean/gpt2/tables/gride_gpt2_length.csv,gpt2/tables_LENGTH/length_bootstrap/length_raw_gride_gpt2.csv
gpt2,GPT-2: MEAN vs LAST,length,NLID,gride,gride,3,3,4,9.08680820465088,8.197927474975586,36.0,36.0,plots_extra/metrics/features/length/mean/gpt2/tables/gride_gpt2_length.csv,gpt2/tables_LENGTH/length_bootstrap/length_raw_gride_gpt2.csv
gpt2,GPT-2: MEAN vs LAST,length,NLID,gride,gride,3,3,5,10.807025909423828,9.723791122436523,48.0,57.0,plots_extra/metrics/features/length/mean/gpt2/tables/gride_gpt2_length.csv,gpt2/tables_LENGTH/length_bootstrap/length_raw_gride_gpt2.csv
gpt2,GPT-2: MEAN vs LAST,length,NLID,gride,gride,3,3,6,11.843379974365234,10.720171928405762,53.0,71.0,plots_extra/metrics/features/length/mean/gpt2/tables/gride_gpt2_length.csv,gpt2/tables_LENGTH/length_bootstrap/length_raw_gride_gpt2.csv
gpt2,GPT-2: MEAN vs LAST,length,NLID,gride,gride,3,3,7,13.32868766784668,11.92260456085205,67.0,85.0,plots_extra/metrics/features/length/mean/gpt2/tables/gride_gpt2_length.csv,gpt2/tables_LENGTH/length_bootstrap/length_raw_gride_gpt2.csv
gpt2,GPT-2: MEAN vs LAST,length,NLID,gride,gride,3,3,8,13.948095321655272,12.553688049316406,73.0,91.0,plots_extra/metrics/features/length/mean/gpt2/tables/gride_gpt2_length.csv,gpt2/tables_LENGTH/length_bootstrap/length_raw_gride_gpt2.csv
gpt2,GPT-2: MEAN vs LAST,length,NLID,gride,gride,3,3,9,14.564960479736328,13.167584419250488,77.0,98.0,plots_extra/metrics/features/length/mean/gpt2/tables/gride_gpt2_length.csv,gpt2/tables_LENGTH/length_bootstrap/length_raw_gride_gpt2.csv
gpt2,GPT-2: MEAN vs LAST,length,NLID,gride,gride,3,3,10,14.681774139404297,13.583661079406738,78.0,105.0,plots_extra/metrics/features/length/mean/gpt2/tables/gride_gpt2_length.csv,gpt2/tables_LENGTH/length_bootstrap/length_raw_gride_gpt2.csv
gpt2,GPT-2: MEAN vs LAST,length,NLID,gride,gride,3,3,11,14.891762733459473,14.105923652648926,82.0,108.0,plots_extra/metrics/features/length/mean/gpt2/tables/gride_gpt2_length.csv,gpt2/tables_LENGTH/length_bootstrap/length_raw_gride_gpt2.csv
gpt2,GPT-2: MEAN vs LAST,length,NLID,gride,gride,3,3,12,7.363778114318848,7.960412502288818,24.0,34.0,plots_extra/metrics/features/length/mean/gpt2/tables/gride_gpt2_length.csv,gpt2/tables_LENGTH/length_bootstrap/length_raw_gride_gpt2.csv
gpt2,GPT-2: MEAN vs LAST,length,NLID,gride,gride,4,4,0,5.046421527862549,3.757506847381592,7.0,4.0,plots_extra/metrics/features/length/mean/gpt2/tables/gride_gpt2_length.csv,gpt2/tables_LENGTH/length_bootstrap/length_raw_gride_gpt2.csv
gpt2,GPT-2: MEAN vs LAST,length,NLID,gride,gride,4,4,1,5.452648639678955,4.041280746459961,12.0,5.0,plots_extra/metrics/features/length/mean/gpt2/tables/gride_gpt2_length.csv,gpt2/tables_LENGTH/length_bootstrap/length_raw_gride_gpt2.csv
gpt2,GPT-2: MEAN vs LAST,length,NLID,gride,gride,4,4,2,5.862904071807861,4.0674238204956055,14.0,6.0,plots_extra/metrics/features/length/mean/gpt2/tables/gride_gpt2_length.csv,gpt2/tables_LENGTH/length_bootstrap/length_raw_gride_gpt2.csv
gpt2,GPT-2: MEAN vs LAST,length,NLID,gride,gride,4,4,3,7.934232711791992,5.414582252502441,30.0,11.0,plots_extra/metrics/features/length/mean/gpt2/tables/gride_gpt2_length.csv,gpt2/tables_LENGTH/length_bootstrap/length_raw_gride_gpt2.csv
gpt2,GPT-2: MEAN vs LAST,length,NLID,gride,gride,4,4,4,9.944146156311035,7.179248809814453,42.0,23.0,plots_extra/metrics/features/length/mean/gpt2/tables/gride_gpt2_length.csv,gpt2/tables_LENGTH/length_bootstrap/length_raw_gride_gpt2.csv
gpt2,GPT-2: MEAN vs LAST,length,NLID,gride,gride,4,4,5,11.435444831848145,8.816177368164062,51.0,48.0,plots_extra/metrics/features/length/mean/gpt2/tables/gride_gpt2_length.csv,gpt2/tables_LENGTH/length_bootstrap/length_raw_gride_gpt2.csv
gpt2,GPT-2: MEAN vs LAST,length,NLID,gride,gride,4,4,6,12.30036449432373,9.883675575256348,56.0,59.0,plots_extra/metrics/features/length/mean/gpt2/tables/gride_gpt2_length.csv,gpt2/tables_LENGTH/length_bootstrap/length_raw_gride_gpt2.csv
gpt2,GPT-2: MEAN vs LAST,length,NLID,gride,gride,4,4,7,12.900644302368164,10.796635627746582,63.0,72.0,plots_extra/metrics/features/length/mean/gpt2/tables/gride_gpt2_length.csv,gpt2/tables_LENGTH/length_bootstrap/length_raw_gride_gpt2.csv
gpt2,GPT-2: MEAN vs LAST,length,NLID,gride,gride,4,4,8,13.526540756225586,11.781251907348633,69.0,81.0,plots_extra/metrics/features/length/mean/gpt2/tables/gride_gpt2_length.csv,gpt2/tables_LENGTH/length_bootstrap/length_raw_gride_gpt2.csv
gpt2,GPT-2: MEAN vs LAST,length,NLID,gride,gride,4,4,9,14.322769165039062,12.574678421020508,75.0,92.0,plots_extra/metrics/features/length/mean/gpt2/tables/gride_gpt2_length.csv,gpt2/tables_LENGTH/length_bootstrap/length_raw_gride_gpt2.csv
gpt2,GPT-2: MEAN vs LAST,length,NLID,gride,gride,4,4,10,14.824333190917969,13.364473342895508,81.0,102.0,plots_extra/metrics/features/length/mean/gpt2/tables/gride_gpt2_length.csv,gpt2/tables_LENGTH/length_bootstrap/length_raw_gride_gpt2.csv
gpt2,GPT-2: MEAN vs LAST,length,NLID,gride,gride,4,4,11,15.370861053466797,14.26862621307373,85.0,110.0,plots_extra/metrics/features/length/mean/gpt2/tables/gride_gpt2_length.csv,gpt2/tables_LENGTH/length_bootstrap/length_raw_gride_gpt2.csv
gpt2,GPT-2: MEAN vs LAST,length,NLID,gride,gride,4,4,12,6.763561248779297,7.830174446105957,19.0,28.0,plots_extra/metrics/features/length/mean/gpt2/tables/gride_gpt2_length.csv,gpt2/tables_LENGTH/length_bootstrap/length_raw_gride_gpt2.csv
gpt2,GPT-2: MEAN vs LAST,length,NLID,gride,gride,5,5,0,7.735201835632324,5.624665260314941,28.0,13.0,plots_extra/metrics/features/length/mean/gpt2/tables/gride_gpt2_length.csv,gpt2/tables_LENGTH/length_bootstrap/length_raw_gride_gpt2.csv
gpt2,GPT-2: MEAN vs LAST,length,NLID,gride,gride,5,5,1,6.278138160705566,5.549378395080566,15.0,12.0,plots_extra/metrics/features/length/mean/gpt2/tables/gride_gpt2_length.csv,gpt2/tables_LENGTH/length_bootstrap/length_raw_gride_gpt2.csv
gpt2,GPT-2: MEAN vs LAST,length,NLID,gride,gride,5,5,2,6.303800106048584,5.804831504821777,16.0,15.0,plots_extra/metrics/features/length/mean/gpt2/tables/gride_gpt2_length.csv,gpt2/tables_LENGTH/length_bootstrap/length_raw_gride_gpt2.csv
gpt2,GPT-2: MEAN vs LAST,length,NLID,gride,gride,5,5,3,8.258458137512207,7.3432111740112305,33.0,24.0,plots_extra/metrics/features/length/mean/gpt2/tables/gride_gpt2_length.csv,gpt2/tables_LENGTH/length_bootstrap/length_raw_gride_gpt2.csv
gpt2,GPT-2: MEAN vs LAST,length,NLID,gride,gride,5,5,4,10.205954551696776,9.018821716308594,44.0,49.0,plots_extra/metrics/features/length/mean/gpt2/tables/gride_gpt2_length.csv,gpt2/tables_LENGTH/length_bootstrap/length_raw_gride_gpt2.csv
gpt2,GPT-2: MEAN vs LAST,length,NLID,gride,gride,5,5,5,11.630971908569336,10.351381301879885,52.0,66.0,plots_extra/metrics/features/length/mean/gpt2/tables/gride_gpt2_length.csv,gpt2/tables_LENGTH/length_bootstrap/length_raw_gride_gpt2.csv
gpt2,GPT-2: MEAN vs LAST,length,NLID,gride,gride,5,5,6,12.47421169281006,11.024625778198242,60.0,74.0,plots_extra/metrics/features/length/mean/gpt2/tables/gride_gpt2_length.csv,gpt2/tables_LENGTH/length_bootstrap/length_raw_gride_gpt2.csv
gpt2,GPT-2: MEAN vs LAST,length,NLID,gride,gride,5,5,7,13.2222900390625,11.737993240356444,66.0,79.0,plots_extra/metrics/features/length/mean/gpt2/tables/gride_gpt2_length.csv,gpt2/tables_LENGTH/length_bootstrap/length_raw_gride_gpt2.csv
gpt2,GPT-2: MEAN vs LAST,length,NLID,gride,gride,5,5,8,13.840761184692385,12.4183931350708,70.0,90.0,plots_extra/metrics/features/length/mean/gpt2/tables/gride_gpt2_length.csv,gpt2/tables_LENGTH/length_bootstrap/length_raw_gride_gpt2.csv
gpt2,GPT-2: MEAN vs LAST,length,NLID,gride,gride,5,5,9,14.97119426727295,13.455549240112305,83.0,103.0,plots_extra/metrics/features/length/mean/gpt2/tables/gride_gpt2_length.csv,gpt2/tables_LENGTH/length_bootstrap/length_raw_gride_gpt2.csv
gpt2,GPT-2: MEAN vs LAST,length,NLID,gride,gride,5,5,10,15.80416774749756,14.61716651916504,87.0,113.0,plots_extra/metrics/features/length/mean/gpt2/tables/gride_gpt2_length.csv,gpt2/tables_LENGTH/length_bootstrap/length_raw_gride_gpt2.csv
gpt2,GPT-2: MEAN vs LAST,length,NLID,gride,gride,5,5,11,16.246387481689453,15.961996078491213,90.0,120.0,plots_extra/metrics/features/length/mean/gpt2/tables/gride_gpt2_length.csv,gpt2/tables_LENGTH/length_bootstrap/length_raw_gride_gpt2.csv
gpt2,GPT-2: MEAN vs LAST,length,NLID,gride,gride,5,5,12,6.571674346923828,8.125370979309082,17.0,35.0,plots_extra/metrics/features/length/mean/gpt2/tables/gride_gpt2_length.csv,gpt2/tables_LENGTH/length_bootstrap/length_raw_gride_gpt2.csv
gpt2,GPT-2: MEAN vs LAST,length,NLID,gride,gride,6,6,0,14.351189613342283,10.222227096557615,76.0,65.0,plots_extra/metrics/features/length/mean/gpt2/tables/gride_gpt2_length.csv,gpt2/tables_LENGTH/length_bootstrap/length_raw_gride_gpt2.csv
gpt2,GPT-2: MEAN vs LAST,length,NLID,gride,gride,6,6,1,12.782696723937988,7.539254665374756,61.0,26.0,plots_extra/metrics/features/length/mean/gpt2/tables/gride_gpt2_length.csv,gpt2/tables_LENGTH/length_bootstrap/length_raw_gride_gpt2.csv
gpt2,GPT-2: MEAN vs LAST,length,NLID,gride,gride,6,6,2,12.31117057800293,7.15869665145874,58.0,22.0,plots_extra/metrics/features/length/mean/gpt2/tables/gride_gpt2_length.csv,gpt2/tables_LENGTH/length_bootstrap/length_raw_gride_gpt2.csv
gpt2,GPT-2: MEAN vs LAST,length,NLID,gride,gride,6,6,3,14.71280002593994,8.671109199523926,79.0,45.0,plots_extra/metrics/features/length/mean/gpt2/tables/gride_gpt2_length.csv,gpt2/tables_LENGTH/length_bootstrap/length_raw_gride_gpt2.csv
gpt2,GPT-2: MEAN vs LAST,length,NLID,gride,gride,6,6,4,16.00676727294922,10.378789901733398,88.0,67.0,plots_extra/metrics/features/length/mean/gpt2/tables/gride_gpt2_length.csv,gpt2/tables_LENGTH/length_bootstrap/length_raw_gride_gpt2.csv
gpt2,GPT-2: MEAN vs LAST,length,NLID,gride,gride,6,6,5,17.09275245666504,11.78867530822754,95.0,82.0,plots_extra/metrics/features/length/mean/gpt2/tables/gride_gpt2_length.csv,gpt2/tables_LENGTH/length_bootstrap/length_raw_gride_gpt2.csv
gpt2,GPT-2: MEAN vs LAST,length,NLID,gride,gride,6,6,6,17.40457534790039,12.710606575012209,100.0,93.0,plots_extra/metrics/features/length/mean/gpt2/tables/gride_gpt2_length.csv,gpt2/tables_LENGTH/length_bootstrap/length_raw_gride_gpt2.csv
gpt2,GPT-2: MEAN vs LAST,length,NLID,gride,gride,6,6,7,17.71274185180664,13.555903434753418,106.0,104.0,plots_extra/metrics/features/length/mean/gpt2/tables/gride_gpt2_length.csv,gpt2/tables_LENGTH/length_bootstrap/length_raw_gride_gpt2.csv
gpt2,GPT-2: MEAN vs LAST,length,NLID,gride,gride,6,6,8,18.17321014404297,14.438946723937988,111.0,111.0,plots_extra/metrics/features/length/mean/gpt2/tables/gride_gpt2_length.csv,gpt2/tables_LENGTH/length_bootstrap/length_raw_gride_gpt2.csv
gpt2,GPT-2: MEAN vs LAST,length,NLID,gride,gride,6,6,9,18.908695220947266,15.809245109558104,116.0,119.0,plots_extra/metrics/features/length/mean/gpt2/tables/gride_gpt2_length.csv,gpt2/tables_LENGTH/length_bootstrap/length_raw_gride_gpt2.csv
gpt2,GPT-2: MEAN vs LAST,length,NLID,gride,gride,6,6,10,19.60327911376953,17.138301849365234,121.0,123.0,plots_extra/metrics/features/length/mean/gpt2/tables/gride_gpt2_length.csv,gpt2/tables_LENGTH/length_bootstrap/length_raw_gride_gpt2.csv
gpt2,GPT-2: MEAN vs LAST,length,NLID,gride,gride,6,6,11,19.523584365844727,18.3179874420166,120.0,125.0,plots_extra/metrics/features/length/mean/gpt2/tables/gride_gpt2_length.csv,gpt2/tables_LENGTH/length_bootstrap/length_raw_gride_gpt2.csv
gpt2,GPT-2: MEAN vs LAST,length,NLID,gride,gride,6,6,12,6.864534854888916,8.611637115478516,20.0,43.0,plots_extra/metrics/features/length/mean/gpt2/tables/gride_gpt2_length.csv,gpt2/tables_LENGTH/length_bootstrap/length_raw_gride_gpt2.csv
gpt2,GPT-2: MEAN vs LAST,length,NLID,gride,gride,7,7,0,14.76436996459961,12.060781478881836,80.0,86.0,plots_extra/metrics/features/length/mean/gpt2/tables/gride_gpt2_length.csv,gpt2/tables_LENGTH/length_bootstrap/length_raw_gride_gpt2.csv
gpt2,GPT-2: MEAN vs LAST,length,NLID,gride,gride,7,7,1,13.941619873046877,9.35239601135254,72.0,54.0,plots_extra/metrics/features/length/mean/gpt2/tables/gride_gpt2_length.csv,gpt2/tables_LENGTH/length_bootstrap/length_raw_gride_gpt2.csv
gpt2,GPT-2: MEAN vs LAST,length,NLID,gride,gride,7,7,2,13.912360191345217,8.772974014282227,71.0,47.0,plots_extra/metrics/features/length/mean/gpt2/tables/gride_gpt2_length.csv,gpt2/tables_LENGTH/length_bootstrap/length_raw_gride_gpt2.csv
gpt2,GPT-2: MEAN vs LAST,length,NLID,gride,gride,7,7,3,16.214813232421875,10.2159423828125,89.0,64.0,plots_extra/metrics/features/length/mean/gpt2/tables/gride_gpt2_length.csv,gpt2/tables_LENGTH/length_bootstrap/length_raw_gride_gpt2.csv
gpt2,GPT-2: MEAN vs LAST,length,NLID,gride,gride,7,7,4,16.541099548339844,11.87125301361084,93.0,83.0,plots_extra/metrics/features/length/mean/gpt2/tables/gride_gpt2_length.csv,gpt2/tables_LENGTH/length_bootstrap/length_raw_gride_gpt2.csv
gpt2,GPT-2: MEAN vs LAST,length,NLID,gride,gride,7,7,5,17.19857406616211,13.264455795288086,96.0,99.0,plots_extra/metrics/features/length/mean/gpt2/tables/gride_gpt2_length.csv,gpt2/tables_LENGTH/length_bootstrap/length_raw_gride_gpt2.csv
gpt2,GPT-2: MEAN vs LAST,length,NLID,gride,gride,7,7,6,17.40870475769043,14.123495101928713,101.0,109.0,plots_extra/metrics/features/length/mean/gpt2/tables/gride_gpt2_length.csv,gpt2/tables_LENGTH/length_bootstrap/length_raw_gride_gpt2.csv
gpt2,GPT-2: MEAN vs LAST,length,NLID,gride,gride,7,7,7,17.690101623535156,14.761876106262209,105.0,115.0,plots_extra/metrics/features/length/mean/gpt2/tables/gride_gpt2_length.csv,gpt2/tables_LENGTH/length_bootstrap/length_raw_gride_gpt2.csv
gpt2,GPT-2: MEAN vs LAST,length,NLID,gride,gride,7,7,8,17.887998580932617,15.599719047546388,108.0,118.0,plots_extra/metrics/features/length/mean/gpt2/tables/gride_gpt2_length.csv,gpt2/tables_LENGTH/length_bootstrap/length_raw_gride_gpt2.csv
gpt2,GPT-2: MEAN vs LAST,length,NLID,gride,gride,7,7,9,18.80231285095215,17.134429931640625,114.0,122.0,plots_extra/metrics/features/length/mean/gpt2/tables/gride_gpt2_length.csv,gpt2/tables_LENGTH/length_bootstrap/length_raw_gride_gpt2.csv
gpt2,GPT-2: MEAN vs LAST,length,NLID,gride,gride,7,7,10,19.86652946472168,18.675512313842773,122.0,127.0,plots_extra/metrics/features/length/mean/gpt2/tables/gride_gpt2_length.csv,gpt2/tables_LENGTH/length_bootstrap/length_raw_gride_gpt2.csv
gpt2,GPT-2: MEAN vs LAST,length,NLID,gride,gride,7,7,11,20.52186584472656,19.94066429138184,124.0,129.0,plots_extra/metrics/features/length/mean/gpt2/tables/gride_gpt2_length.csv,gpt2/tables_LENGTH/length_bootstrap/length_raw_gride_gpt2.csv
gpt2,GPT-2: MEAN vs LAST,length,NLID,gride,gride,7,7,12,7.414363384246826,8.663836479187012,26.0,44.0,plots_extra/metrics/features/length/mean/gpt2/tables/gride_gpt2_length.csv,gpt2/tables_LENGTH/length_bootstrap/length_raw_gride_gpt2.csv
gpt2,GPT-2: MEAN vs LAST,length,NLID,gride,gride,8,8,0,16.404720306396484,12.958433151245115,92.0,96.0,plots_extra/metrics/features/length/mean/gpt2/tables/gride_gpt2_length.csv,gpt2/tables_LENGTH/length_bootstrap/length_raw_gride_gpt2.csv
gpt2,GPT-2: MEAN vs LAST,length,NLID,gride,gride,8,8,1,15.557632446289062,8.566250801086426,86.0,42.0,plots_extra/metrics/features/length/mean/gpt2/tables/gride_gpt2_length.csv,gpt2/tables_LENGTH/length_bootstrap/length_raw_gride_gpt2.csv
gpt2,GPT-2: MEAN vs LAST,length,NLID,gride,gride,8,8,2,17.601425170898438,7.904860496520996,103.0,30.0,plots_extra/metrics/features/length/mean/gpt2/tables/gride_gpt2_length.csv,gpt2/tables_LENGTH/length_bootstrap/length_raw_gride_gpt2.csv
gpt2,GPT-2: MEAN vs LAST,length,NLID,gride,gride,8,8,3,18.11552047729492,9.227935791015623,110.0,52.0,plots_extra/metrics/features/length/mean/gpt2/tables/gride_gpt2_length.csv,gpt2/tables_LENGTH/length_bootstrap/length_raw_gride_gpt2.csv
gpt2,GPT-2: MEAN vs LAST,length,NLID,gride,gride,8,8,4,19.48467063903809,10.578866004943848,118.0,68.0,plots_extra/metrics/features/length/mean/gpt2/tables/gride_gpt2_length.csv,gpt2/tables_LENGTH/length_bootstrap/length_raw_gride_gpt2.csv
gpt2,GPT-2: MEAN vs LAST,length,NLID,gride,gride,8,8,5,20.450502395629883,11.881816864013672,123.0,84.0,plots_extra/metrics/features/length/mean/gpt2/tables/gride_gpt2_length.csv,gpt2/tables_LENGTH/length_bootstrap/length_raw_gride_gpt2.csv
gpt2,GPT-2: MEAN vs LAST,length,NLID,gride,gride,8,8,6,20.709442138671875,12.826205253601074,125.0,94.0,plots_extra/metrics/features/length/mean/gpt2/tables/gride_gpt2_length.csv,gpt2/tables_LENGTH/length_bootstrap/length_raw_gride_gpt2.csv
gpt2,GPT-2: MEAN vs LAST,length,NLID,gride,gride,8,8,7,20.76368904113769,13.341848373413086,126.0,101.0,plots_extra/metrics/features/length/mean/gpt2/tables/gride_gpt2_length.csv,gpt2/tables_LENGTH/length_bootstrap/length_raw_gride_gpt2.csv
gpt2,GPT-2: MEAN vs LAST,length,NLID,gride,gride,8,8,8,21.547914505004883,14.0462064743042,127.0,107.0,plots_extra/metrics/features/length/mean/gpt2/tables/gride_gpt2_length.csv,gpt2/tables_LENGTH/length_bootstrap/length_raw_gride_gpt2.csv
gpt2,GPT-2: MEAN vs LAST,length,NLID,gride,gride,8,8,9,22.731281280517575,15.512887954711914,128.0,117.0,plots_extra/metrics/features/length/mean/gpt2/tables/gride_gpt2_length.csv,gpt2/tables_LENGTH/length_bootstrap/length_raw_gride_gpt2.csv
gpt2,GPT-2: MEAN vs LAST,length,NLID,gride,gride,8,8,10,25.137041091918945,17.147663116455078,130.0,124.0,plots_extra/metrics/features/length/mean/gpt2/tables/gride_gpt2_length.csv,gpt2/tables_LENGTH/length_bootstrap/length_raw_gride_gpt2.csv
gpt2,GPT-2: MEAN vs LAST,length,NLID,gride,gride,8,8,11,25.12387084960937,18.752912521362305,129.0,128.0,plots_extra/metrics/features/length/mean/gpt2/tables/gride_gpt2_length.csv,gpt2/tables_LENGTH/length_bootstrap/length_raw_gride_gpt2.csv
gpt2,GPT-2: MEAN vs LAST,length,NLID,gride,gride,8,8,12,8.057626724243164,8.689210891723633,32.0,46.0,plots_extra/metrics/features/length/mean/gpt2/tables/gride_gpt2_length.csv,gpt2/tables_LENGTH/length_bootstrap/length_raw_gride_gpt2.csv
gpt2,GPT-2: MEAN vs LAST,length,NLID,gride,gride,9,9,0,13.17297649383545,7.753868103027344,65.0,27.0,plots_extra/metrics/features/length/mean/gpt2/tables/gride_gpt2_length.csv,gpt2/tables_LENGTH/length_bootstrap/length_raw_gride_gpt2.csv
gpt2,GPT-2: MEAN vs LAST,length,NLID,gride,gride,9,9,1,9.406267166137695,5.828382968902588,37.0,16.0,plots_extra/metrics/features/length/mean/gpt2/tables/gride_gpt2_length.csv,gpt2/tables_LENGTH/length_bootstrap/length_raw_gride_gpt2.csv
gpt2,GPT-2: MEAN vs LAST,length,NLID,gride,gride,9,9,2,7.750868797302246,5.725112438201904,29.0,14.0,plots_extra/metrics/features/length/mean/gpt2/tables/gride_gpt2_length.csv,gpt2/tables_LENGTH/length_bootstrap/length_raw_gride_gpt2.csv
gpt2,GPT-2: MEAN vs LAST,length,NLID,gride,gride,9,9,3,9.686022758483888,7.021689414978027,40.0,21.0,plots_extra/metrics/features/length/mean/gpt2/tables/gride_gpt2_length.csv,gpt2/tables_LENGTH/length_bootstrap/length_raw_gride_gpt2.csv
gpt2,GPT-2: MEAN vs LAST,length,NLID,gride,gride,9,9,4,10.955636024475098,8.251848220825195,49.0,38.0,plots_extra/metrics/features/length/mean/gpt2/tables/gride_gpt2_length.csv,gpt2/tables_LENGTH/length_bootstrap/length_raw_gride_gpt2.csv
gpt2,GPT-2: MEAN vs LAST,length,NLID,gride,gride,9,9,5,12.32959270477295,9.413946151733398,59.0,55.0,plots_extra/metrics/features/length/mean/gpt2/tables/gride_gpt2_length.csv,gpt2/tables_LENGTH/length_bootstrap/length_raw_gride_gpt2.csv
gpt2,GPT-2: MEAN vs LAST,length,NLID,gride,gride,9,9,6,13.091062545776367,10.207188606262209,64.0,63.0,plots_extra/metrics/features/length/mean/gpt2/tables/gride_gpt2_length.csv,gpt2/tables_LENGTH/length_bootstrap/length_raw_gride_gpt2.csv
gpt2,GPT-2: MEAN vs LAST,length,NLID,gride,gride,9,9,7,13.381129264831545,10.67900276184082,68.0,69.0,plots_extra/metrics/features/length/mean/gpt2/tables/gride_gpt2_length.csv,gpt2/tables_LENGTH/length_bootstrap/length_raw_gride_gpt2.csv
gpt2,GPT-2: MEAN vs LAST,length,NLID,gride,gride,9,9,8,14.096062660217283,11.291622161865234,74.0,77.0,plots_extra/metrics/features/length/mean/gpt2/tables/gride_gpt2_length.csv,gpt2/tables_LENGTH/length_bootstrap/length_raw_gride_gpt2.csv
gpt2,GPT-2: MEAN vs LAST,length,NLID,gride,gride,9,9,9,15.12507438659668,12.293878555297852,84.0,88.0,plots_extra/metrics/features/length/mean/gpt2/tables/gride_gpt2_length.csv,gpt2/tables_LENGTH/length_bootstrap/length_raw_gride_gpt2.csv
gpt2,GPT-2: MEAN vs LAST,length,NLID,gride,gride,9,9,10,16.3598575592041,13.334233283996582,91.0,100.0,plots_extra/metrics/features/length/mean/gpt2/tables/gride_gpt2_length.csv,gpt2/tables_LENGTH/length_bootstrap/length_raw_gride_gpt2.csv
gpt2,GPT-2: MEAN vs LAST,length,NLID,gride,gride,9,9,11,18.18484878540039,14.651257514953612,112.0,114.0,plots_extra/metrics/features/length/mean/gpt2/tables/gride_gpt2_length.csv,gpt2/tables_LENGTH/length_bootstrap/length_raw_gride_gpt2.csv
gpt2,GPT-2: MEAN vs LAST,length,NLID,gride,gride,9,9,12,7.370949745178223,8.405060768127441,25.0,40.0,plots_extra/metrics/features/length/mean/gpt2/tables/gride_gpt2_length.csv,gpt2/tables_LENGTH/length_bootstrap/length_raw_gride_gpt2.csv
gpt2,GPT-2: MEAN vs LAST,index,IsoScore,iso,iso,1,1,0,0.0128088872879743,0.0024216058664023,22.0,22.0,plots_extra/metrics/features/index/mean/gpt2/tables/iso_gpt2_index.csv,gpt2/tables_INDEX/index_bootstrap/index_raw_iso_gpt2.csv
gpt2,GPT-2: MEAN vs LAST,index,IsoScore,iso,iso,1,1,1,0.0038356340955942,0.0017395499162375,21.0,13.0,plots_extra/metrics/features/index/mean/gpt2/tables/iso_gpt2_index.csv,gpt2/tables_INDEX/index_bootstrap/index_raw_iso_gpt2.csv
gpt2,GPT-2: MEAN vs LAST,index,IsoScore,iso,iso,1,1,2,0.0001039456838043,0.0013190908357501,10.0,10.0,plots_extra/metrics/features/index/mean/gpt2/tables/iso_gpt2_index.csv,gpt2/tables_INDEX/index_bootstrap/index_raw_iso_gpt2.csv
gpt2,GPT-2: MEAN vs LAST,index,IsoScore,iso,iso,1,1,3,6.321453838609159e-06,0.0013031471753492,8.0,5.0,plots_extra/metrics/features/index/mean/gpt2/tables/iso_gpt2_index.csv,gpt2/tables_INDEX/index_bootstrap/index_raw_iso_gpt2.csv
gpt2,GPT-2: MEAN vs LAST,index,IsoScore,iso,iso,1,1,4,5.28939517607796e-06,0.0013030236586928,6.0,3.0,plots_extra/metrics/features/index/mean/gpt2/tables/iso_gpt2_index.csv,gpt2/tables_INDEX/index_bootstrap/index_raw_iso_gpt2.csv
gpt2,GPT-2: MEAN vs LAST,index,IsoScore,iso,iso,1,1,5,4.793521839019377e-06,0.0013029803521931,3.0,1.0,plots_extra/metrics/features/index/mean/gpt2/tables/iso_gpt2_index.csv,gpt2/tables_INDEX/index_bootstrap/index_raw_iso_gpt2.csv
gpt2,GPT-2: MEAN vs LAST,index,IsoScore,iso,iso,1,1,6,4.61771151094581e-06,0.0013029922265559,2.0,2.0,plots_extra/metrics/features/index/mean/gpt2/tables/iso_gpt2_index.csv,gpt2/tables_INDEX/index_bootstrap/index_raw_iso_gpt2.csv
gpt2,GPT-2: MEAN vs LAST,index,IsoScore,iso,iso,1,1,7,4.60998080598074e-06,0.0013030404224991,1.0,4.0,plots_extra/metrics/features/index/mean/gpt2/tables/iso_gpt2_index.csv,gpt2/tables_INDEX/index_bootstrap/index_raw_iso_gpt2.csv
gpt2,GPT-2: MEAN vs LAST,index,IsoScore,iso,iso,1,1,8,4.797421752300579e-06,0.0013031478738412,4.0,6.0,plots_extra/metrics/features/index/mean/gpt2/tables/iso_gpt2_index.csv,gpt2/tables_INDEX/index_bootstrap/index_raw_iso_gpt2.csv
gpt2,GPT-2: MEAN vs LAST,index,IsoScore,iso,iso,1,1,9,5.089693786430871e-06,0.001303297933191,5.0,7.0,plots_extra/metrics/features/index/mean/gpt2/tables/iso_gpt2_index.csv,gpt2/tables_INDEX/index_bootstrap/index_raw_iso_gpt2.csv
gpt2,GPT-2: MEAN vs LAST,index,IsoScore,iso,iso,1,1,10,5.648856131301727e-06,0.001303557655774,7.0,8.0,plots_extra/metrics/features/index/mean/gpt2/tables/iso_gpt2_index.csv,gpt2/tables_INDEX/index_bootstrap/index_raw_iso_gpt2.csv
gpt2,GPT-2: MEAN vs LAST,index,IsoScore,iso,iso,1,1,11,6.8653380367322825e-06,0.0013040873454883,9.0,9.0,plots_extra/metrics/features/index/mean/gpt2/tables/iso_gpt2_index.csv,gpt2/tables_INDEX/index_bootstrap/index_raw_iso_gpt2.csv
gpt2,GPT-2: MEAN vs LAST,index,IsoScore,iso,iso,1,1,12,0.0004661488928832,0.0014028240693733,11.0,11.0,plots_extra/metrics/features/index/mean/gpt2/tables/iso_gpt2_index.csv,gpt2/tables_INDEX/index_bootstrap/index_raw_iso_gpt2.csv
gpt2,GPT-2: MEAN vs LAST,index,IsoScore,iso,iso,10,10,0,0.0381742157042026,0.0100233443081378,23.0,23.0,plots_extra/metrics/features/index/mean/gpt2/tables/iso_gpt2_index.csv,gpt2/tables_INDEX/index_bootstrap/index_raw_iso_gpt2.csv
gpt2,GPT-2: MEAN vs LAST,index,IsoScore,iso,iso,10,10,1,0.062738336622715,0.0130886323750019,25.0,33.0,plots_extra/metrics/features/index/mean/gpt2/tables/iso_gpt2_index.csv,gpt2/tables_INDEX/index_bootstrap/index_raw_iso_gpt2.csv
gpt2,GPT-2: MEAN vs LAST,index,IsoScore,iso,iso,10,10,2,0.0791134238243103,0.0149617483839392,36.0,41.0,plots_extra/metrics/features/index/mean/gpt2/tables/iso_gpt2_index.csv,gpt2/tables_INDEX/index_bootstrap/index_raw_iso_gpt2.csv
gpt2,GPT-2: MEAN vs LAST,index,IsoScore,iso,iso,10,10,3,0.1025199517607688,0.0177193060517311,55.0,54.0,plots_extra/metrics/features/index/mean/gpt2/tables/iso_gpt2_index.csv,gpt2/tables_INDEX/index_bootstrap/index_raw_iso_gpt2.csv
gpt2,GPT-2: MEAN vs LAST,index,IsoScore,iso,iso,10,10,4,0.1246032565832138,0.0197460446506738,72.0,61.0,plots_extra/metrics/features/index/mean/gpt2/tables/iso_gpt2_index.csv,gpt2/tables_INDEX/index_bootstrap/index_raw_iso_gpt2.csv
gpt2,GPT-2: MEAN vs LAST,index,IsoScore,iso,iso,10,10,5,0.1318230479955673,0.0198514815419912,76.0,64.0,plots_extra/metrics/features/index/mean/gpt2/tables/iso_gpt2_index.csv,gpt2/tables_INDEX/index_bootstrap/index_raw_iso_gpt2.csv
gpt2,GPT-2: MEAN vs LAST,index,IsoScore,iso,iso,10,10,6,0.1503021121025085,0.0222451947629451,82.0,71.0,plots_extra/metrics/features/index/mean/gpt2/tables/iso_gpt2_index.csv,gpt2/tables_INDEX/index_bootstrap/index_raw_iso_gpt2.csv
gpt2,GPT-2: MEAN vs LAST,index,IsoScore,iso,iso,10,10,7,0.1508714258670807,0.0216481536626815,83.0,69.0,plots_extra/metrics/features/index/mean/gpt2/tables/iso_gpt2_index.csv,gpt2/tables_INDEX/index_bootstrap/index_raw_iso_gpt2.csv
gpt2,GPT-2: MEAN vs LAST,index,IsoScore,iso,iso,10,10,8,0.1629175692796707,0.0241556763648986,90.0,78.0,plots_extra/metrics/features/index/mean/gpt2/tables/iso_gpt2_index.csv,gpt2/tables_INDEX/index_bootstrap/index_raw_iso_gpt2.csv
gpt2,GPT-2: MEAN vs LAST,index,IsoScore,iso,iso,10,10,9,0.167388841509819,0.024605156853795,97.0,81.0,plots_extra/metrics/features/index/mean/gpt2/tables/iso_gpt2_index.csv,gpt2/tables_INDEX/index_bootstrap/index_raw_iso_gpt2.csv
gpt2,GPT-2: MEAN vs LAST,index,IsoScore,iso,iso,10,10,10,0.1662711799144745,0.0278708711266517,95.0,96.0,plots_extra/metrics/features/index/mean/gpt2/tables/iso_gpt2_index.csv,gpt2/tables_INDEX/index_bootstrap/index_raw_iso_gpt2.csv
gpt2,GPT-2: MEAN vs LAST,index,IsoScore,iso,iso,10,10,11,0.1266846805810928,0.0231021046638488,73.0,73.0,plots_extra/metrics/features/index/mean/gpt2/tables/iso_gpt2_index.csv,gpt2/tables_INDEX/index_bootstrap/index_raw_iso_gpt2.csv
gpt2,GPT-2: MEAN vs LAST,index,IsoScore,iso,iso,10,10,12,0.0012829250190407,0.0018673327285796,14.0,15.0,plots_extra/metrics/features/index/mean/gpt2/tables/iso_gpt2_index.csv,gpt2/tables_INDEX/index_bootstrap/index_raw_iso_gpt2.csv
gpt2,GPT-2: MEAN vs LAST,index,IsoScore,iso,iso,2,2,0,0.0707832723855972,0.0136215314269065,26.0,37.0,plots_extra/metrics/features/index/mean/gpt2/tables/iso_gpt2_index.csv,gpt2/tables_INDEX/index_bootstrap/index_raw_iso_gpt2.csv
gpt2,GPT-2: MEAN vs LAST,index,IsoScore,iso,iso,2,2,1,0.0821350067853927,0.0158302541822195,41.0,46.0,plots_extra/metrics/features/index/mean/gpt2/tables/iso_gpt2_index.csv,gpt2/tables_INDEX/index_bootstrap/index_raw_iso_gpt2.csv
gpt2,GPT-2: MEAN vs LAST,index,IsoScore,iso,iso,2,2,2,0.0897157341241836,0.0187684949487447,45.0,56.0,plots_extra/metrics/features/index/mean/gpt2/tables/iso_gpt2_index.csv,gpt2/tables_INDEX/index_bootstrap/index_raw_iso_gpt2.csv
gpt2,GPT-2: MEAN vs LAST,index,IsoScore,iso,iso,2,2,3,0.0967812687158584,0.020792031660676,51.0,66.0,plots_extra/metrics/features/index/mean/gpt2/tables/iso_gpt2_index.csv,gpt2/tables_INDEX/index_bootstrap/index_raw_iso_gpt2.csv
gpt2,GPT-2: MEAN vs LAST,index,IsoScore,iso,iso,2,2,4,0.1056266874074935,0.0235207136720418,58.0,75.0,plots_extra/metrics/features/index/mean/gpt2/tables/iso_gpt2_index.csv,gpt2/tables_INDEX/index_bootstrap/index_raw_iso_gpt2.csv
gpt2,GPT-2: MEAN vs LAST,index,IsoScore,iso,iso,2,2,5,0.1073065772652626,0.0253205839544534,61.0,84.0,plots_extra/metrics/features/index/mean/gpt2/tables/iso_gpt2_index.csv,gpt2/tables_INDEX/index_bootstrap/index_raw_iso_gpt2.csv
gpt2,GPT-2: MEAN vs LAST,index,IsoScore,iso,iso,2,2,6,0.1098811030387878,0.0254083815962076,63.0,86.0,plots_extra/metrics/features/index/mean/gpt2/tables/iso_gpt2_index.csv,gpt2/tables_INDEX/index_bootstrap/index_raw_iso_gpt2.csv
gpt2,GPT-2: MEAN vs LAST,index,IsoScore,iso,iso,2,2,7,0.1112339049577713,0.0255268458276987,65.0,87.0,plots_extra/metrics/features/index/mean/gpt2/tables/iso_gpt2_index.csv,gpt2/tables_INDEX/index_bootstrap/index_raw_iso_gpt2.csv
gpt2,GPT-2: MEAN vs LAST,index,IsoScore,iso,iso,2,2,8,0.1105908975005149,0.026353433728218,64.0,89.0,plots_extra/metrics/features/index/mean/gpt2/tables/iso_gpt2_index.csv,gpt2/tables_INDEX/index_bootstrap/index_raw_iso_gpt2.csv
gpt2,GPT-2: MEAN vs LAST,index,IsoScore,iso,iso,2,2,9,0.1067994385957717,0.0250599104911088,60.0,83.0,plots_extra/metrics/features/index/mean/gpt2/tables/iso_gpt2_index.csv,gpt2/tables_INDEX/index_bootstrap/index_raw_iso_gpt2.csv
gpt2,GPT-2: MEAN vs LAST,index,IsoScore,iso,iso,2,2,10,0.0941037684679031,0.021761329844594,49.0,70.0,plots_extra/metrics/features/index/mean/gpt2/tables/iso_gpt2_index.csv,gpt2/tables_INDEX/index_bootstrap/index_raw_iso_gpt2.csv
gpt2,GPT-2: MEAN vs LAST,index,IsoScore,iso,iso,2,2,11,0.0517863221466541,0.0140728261321783,24.0,39.0,plots_extra/metrics/features/index/mean/gpt2/tables/iso_gpt2_index.csv,gpt2/tables_INDEX/index_bootstrap/index_raw_iso_gpt2.csv
gpt2,GPT-2: MEAN vs LAST,index,IsoScore,iso,iso,2,2,12,0.0009107698570005,0.0016930325655266,12.0,12.0,plots_extra/metrics/features/index/mean/gpt2/tables/iso_gpt2_index.csv,gpt2/tables_INDEX/index_bootstrap/index_raw_iso_gpt2.csv
gpt2,GPT-2: MEAN vs LAST,index,IsoScore,iso,iso,3,3,0,0.0805065184831619,0.0135357519611716,39.0,36.0,plots_extra/metrics/features/index/mean/gpt2/tables/iso_gpt2_index.csv,gpt2/tables_INDEX/index_bootstrap/index_raw_iso_gpt2.csv
gpt2,GPT-2: MEAN vs LAST,index,IsoScore,iso,iso,3,3,1,0.0892944186925888,0.0146259497851133,44.0,40.0,plots_extra/metrics/features/index/mean/gpt2/tables/iso_gpt2_index.csv,gpt2/tables_INDEX/index_bootstrap/index_raw_iso_gpt2.csv
gpt2,GPT-2: MEAN vs LAST,index,IsoScore,iso,iso,3,3,2,0.1040560379624366,0.0175082515925169,57.0,53.0,plots_extra/metrics/features/index/mean/gpt2/tables/iso_gpt2_index.csv,gpt2/tables_INDEX/index_bootstrap/index_raw_iso_gpt2.csv
gpt2,GPT-2: MEAN vs LAST,index,IsoScore,iso,iso,3,3,3,0.1238759532570838,0.0212913993746042,71.0,68.0,plots_extra/metrics/features/index/mean/gpt2/tables/iso_gpt2_index.csv,gpt2/tables_INDEX/index_bootstrap/index_raw_iso_gpt2.csv
gpt2,GPT-2: MEAN vs LAST,index,IsoScore,iso,iso,3,3,4,0.1510895043611526,0.0262243151664733,84.0,88.0,plots_extra/metrics/features/index/mean/gpt2/tables/iso_gpt2_index.csv,gpt2/tables_INDEX/index_bootstrap/index_raw_iso_gpt2.csv
gpt2,GPT-2: MEAN vs LAST,index,IsoScore,iso,iso,3,3,5,0.1631151288747787,0.0291094034910202,91.0,103.0,plots_extra/metrics/features/index/mean/gpt2/tables/iso_gpt2_index.csv,gpt2/tables_INDEX/index_bootstrap/index_raw_iso_gpt2.csv
gpt2,GPT-2: MEAN vs LAST,index,IsoScore,iso,iso,3,3,6,0.1735719591379165,0.0326803475618362,105.0,117.0,plots_extra/metrics/features/index/mean/gpt2/tables/iso_gpt2_index.csv,gpt2/tables_INDEX/index_bootstrap/index_raw_iso_gpt2.csv
gpt2,GPT-2: MEAN vs LAST,index,IsoScore,iso,iso,3,3,7,0.1757251024246215,0.035327311605215,109.0,123.0,plots_extra/metrics/features/index/mean/gpt2/tables/iso_gpt2_index.csv,gpt2/tables_INDEX/index_bootstrap/index_raw_iso_gpt2.csv
gpt2,GPT-2: MEAN vs LAST,index,IsoScore,iso,iso,3,3,8,0.1723988950252533,0.0363221615552902,102.0,124.0,plots_extra/metrics/features/index/mean/gpt2/tables/iso_gpt2_index.csv,gpt2/tables_INDEX/index_bootstrap/index_raw_iso_gpt2.csv
gpt2,GPT-2: MEAN vs LAST,index,IsoScore,iso,iso,3,3,9,0.1640397757291793,0.0375983752310276,93.0,128.0,plots_extra/metrics/features/index/mean/gpt2/tables/iso_gpt2_index.csv,gpt2/tables_INDEX/index_bootstrap/index_raw_iso_gpt2.csv
gpt2,GPT-2: MEAN vs LAST,index,IsoScore,iso,iso,3,3,10,0.1402715742588043,0.0281079988926649,78.0,99.0,plots_extra/metrics/features/index/mean/gpt2/tables/iso_gpt2_index.csv,gpt2/tables_INDEX/index_bootstrap/index_raw_iso_gpt2.csv
gpt2,GPT-2: MEAN vs LAST,index,IsoScore,iso,iso,3,3,11,0.079929880797863,0.0170970559120178,38.0,51.0,plots_extra/metrics/features/index/mean/gpt2/tables/iso_gpt2_index.csv,gpt2/tables_INDEX/index_bootstrap/index_raw_iso_gpt2.csv
gpt2,GPT-2: MEAN vs LAST,index,IsoScore,iso,iso,3,3,12,0.0011626905761659,0.0018139770254492,13.0,14.0,plots_extra/metrics/features/index/mean/gpt2/tables/iso_gpt2_index.csv,gpt2/tables_INDEX/index_bootstrap/index_raw_iso_gpt2.csv
gpt2,GPT-2: MEAN vs LAST,index,IsoScore,iso,iso,4,4,0,0.0791929066181182,0.0131046809256076,37.0,34.0,plots_extra/metrics/features/index/mean/gpt2/tables/iso_gpt2_index.csv,gpt2/tables_INDEX/index_bootstrap/index_raw_iso_gpt2.csv
gpt2,GPT-2: MEAN vs LAST,index,IsoScore,iso,iso,4,4,1,0.0861871168017387,0.0139298811554908,42.0,38.0,plots_extra/metrics/features/index/mean/gpt2/tables/iso_gpt2_index.csv,gpt2/tables_INDEX/index_bootstrap/index_raw_iso_gpt2.csv
gpt2,GPT-2: MEAN vs LAST,index,IsoScore,iso,iso,4,4,2,0.102873146533966,0.0167880579829216,56.0,48.0,plots_extra/metrics/features/index/mean/gpt2/tables/iso_gpt2_index.csv,gpt2/tables_INDEX/index_bootstrap/index_raw_iso_gpt2.csv
gpt2,GPT-2: MEAN vs LAST,index,IsoScore,iso,iso,4,4,3,0.1288580000400543,0.021003745496273,75.0,67.0,plots_extra/metrics/features/index/mean/gpt2/tables/iso_gpt2_index.csv,gpt2/tables_INDEX/index_bootstrap/index_raw_iso_gpt2.csv
gpt2,GPT-2: MEAN vs LAST,index,IsoScore,iso,iso,4,4,4,0.1627489030361175,0.0265179593116045,89.0,90.0,plots_extra/metrics/features/index/mean/gpt2/tables/iso_gpt2_index.csv,gpt2/tables_INDEX/index_bootstrap/index_raw_iso_gpt2.csv
gpt2,GPT-2: MEAN vs LAST,index,IsoScore,iso,iso,4,4,5,0.1795993894338607,0.0300312917679548,113.0,109.0,plots_extra/metrics/features/index/mean/gpt2/tables/iso_gpt2_index.csv,gpt2/tables_INDEX/index_bootstrap/index_raw_iso_gpt2.csv
gpt2,GPT-2: MEAN vs LAST,index,IsoScore,iso,iso,4,4,6,0.1926775872707367,0.0338127575814724,124.0,121.0,plots_extra/metrics/features/index/mean/gpt2/tables/iso_gpt2_index.csv,gpt2/tables_INDEX/index_bootstrap/index_raw_iso_gpt2.csv
gpt2,GPT-2: MEAN vs LAST,index,IsoScore,iso,iso,4,4,7,0.1982545852661132,0.0364974178373813,127.0,125.0,plots_extra/metrics/features/index/mean/gpt2/tables/iso_gpt2_index.csv,gpt2/tables_INDEX/index_bootstrap/index_raw_iso_gpt2.csv
gpt2,GPT-2: MEAN vs LAST,index,IsoScore,iso,iso,4,4,8,0.1965368092060089,0.0372957922518253,126.0,127.0,plots_extra/metrics/features/index/mean/gpt2/tables/iso_gpt2_index.csv,gpt2/tables_INDEX/index_bootstrap/index_raw_iso_gpt2.csv
gpt2,GPT-2: MEAN vs LAST,index,IsoScore,iso,iso,4,4,9,0.1883448660373687,0.0394930951297283,121.0,130.0,plots_extra/metrics/features/index/mean/gpt2/tables/iso_gpt2_index.csv,gpt2/tables_INDEX/index_bootstrap/index_raw_iso_gpt2.csv
gpt2,GPT-2: MEAN vs LAST,index,IsoScore,iso,iso,4,4,10,0.1633091866970062,0.0297309011220932,92.0,107.0,plots_extra/metrics/features/index/mean/gpt2/tables/iso_gpt2_index.csv,gpt2/tables_INDEX/index_bootstrap/index_raw_iso_gpt2.csv
gpt2,GPT-2: MEAN vs LAST,index,IsoScore,iso,iso,4,4,11,0.0915082767605781,0.0170851554721593,47.0,50.0,plots_extra/metrics/features/index/mean/gpt2/tables/iso_gpt2_index.csv,gpt2/tables_INDEX/index_bootstrap/index_raw_iso_gpt2.csv
gpt2,GPT-2: MEAN vs LAST,index,IsoScore,iso,iso,4,4,12,0.001346071367152,0.0018913079984486,15.0,16.0,plots_extra/metrics/features/index/mean/gpt2/tables/iso_gpt2_index.csv,gpt2/tables_INDEX/index_bootstrap/index_raw_iso_gpt2.csv
gpt2,GPT-2: MEAN vs LAST,index,IsoScore,iso,iso,5,5,0,0.0778308063745498,0.0125767728313803,35.0,24.0,plots_extra/metrics/features/index/mean/gpt2/tables/iso_gpt2_index.csv,gpt2/tables_INDEX/index_bootstrap/index_raw_iso_gpt2.csv
gpt2,GPT-2: MEAN vs LAST,index,IsoScore,iso,iso,5,5,1,0.0816913172602653,0.0130364336073398,40.0,32.0,plots_extra/metrics/features/index/mean/gpt2/tables/iso_gpt2_index.csv,gpt2/tables_INDEX/index_bootstrap/index_raw_iso_gpt2.csv
gpt2,GPT-2: MEAN vs LAST,index,IsoScore,iso,iso,5,5,2,0.0996793136000633,0.0157447792589664,54.0,43.0,plots_extra/metrics/features/index/mean/gpt2/tables/iso_gpt2_index.csv,gpt2/tables_INDEX/index_bootstrap/index_raw_iso_gpt2.csv
gpt2,GPT-2: MEAN vs LAST,index,IsoScore,iso,iso,5,5,3,0.1276591718196869,0.0195900611579418,74.0,59.0,plots_extra/metrics/features/index/mean/gpt2/tables/iso_gpt2_index.csv,gpt2/tables_INDEX/index_bootstrap/index_raw_iso_gpt2.csv
gpt2,GPT-2: MEAN vs LAST,index,IsoScore,iso,iso,5,5,4,0.162492424249649,0.0243310052901506,88.0,80.0,plots_extra/metrics/features/index/mean/gpt2/tables/iso_gpt2_index.csv,gpt2/tables_INDEX/index_bootstrap/index_raw_iso_gpt2.csv
gpt2,GPT-2: MEAN vs LAST,index,IsoScore,iso,iso,5,5,5,0.1807292699813842,0.0270449146628379,114.0,94.0,plots_extra/metrics/features/index/mean/gpt2/tables/iso_gpt2_index.csv,gpt2/tables_INDEX/index_bootstrap/index_raw_iso_gpt2.csv
gpt2,GPT-2: MEAN vs LAST,index,IsoScore,iso,iso,5,5,6,0.195180132985115,0.0295458789914846,125.0,105.0,plots_extra/metrics/features/index/mean/gpt2/tables/iso_gpt2_index.csv,gpt2/tables_INDEX/index_bootstrap/index_raw_iso_gpt2.csv
gpt2,GPT-2: MEAN vs LAST,index,IsoScore,iso,iso,5,5,7,0.2032114565372467,0.0318507030606269,129.0,114.0,plots_extra/metrics/features/index/mean/gpt2/tables/iso_gpt2_index.csv,gpt2/tables_INDEX/index_bootstrap/index_raw_iso_gpt2.csv
gpt2,GPT-2: MEAN vs LAST,index,IsoScore,iso,iso,5,5,8,0.2037224322557449,0.0333068259060382,130.0,119.0,plots_extra/metrics/features/index/mean/gpt2/tables/iso_gpt2_index.csv,gpt2/tables_INDEX/index_bootstrap/index_raw_iso_gpt2.csv
gpt2,GPT-2: MEAN vs LAST,index,IsoScore,iso,iso,5,5,9,0.2004874646663665,0.0381751358509063,128.0,129.0,plots_extra/metrics/features/index/mean/gpt2/tables/iso_gpt2_index.csv,gpt2/tables_INDEX/index_bootstrap/index_raw_iso_gpt2.csv
gpt2,GPT-2: MEAN vs LAST,index,IsoScore,iso,iso,5,5,10,0.1756031960248947,0.0286249201744794,108.0,101.0,plots_extra/metrics/features/index/mean/gpt2/tables/iso_gpt2_index.csv,gpt2/tables_INDEX/index_bootstrap/index_raw_iso_gpt2.csv
gpt2,GPT-2: MEAN vs LAST,index,IsoScore,iso,iso,5,5,11,0.0990591198205947,0.0169064775109291,52.0,49.0,plots_extra/metrics/features/index/mean/gpt2/tables/iso_gpt2_index.csv,gpt2/tables_INDEX/index_bootstrap/index_raw_iso_gpt2.csv
gpt2,GPT-2: MEAN vs LAST,index,IsoScore,iso,iso,5,5,12,0.0014760827179998,0.0019425796344876,16.0,17.0,plots_extra/metrics/features/index/mean/gpt2/tables/iso_gpt2_index.csv,gpt2/tables_INDEX/index_bootstrap/index_raw_iso_gpt2.csv
gpt2,GPT-2: MEAN vs LAST,index,IsoScore,iso,iso,6,6,0,0.0761100575327873,0.0128263123333454,33.0,26.0,plots_extra/metrics/features/index/mean/gpt2/tables/iso_gpt2_index.csv,gpt2/tables_INDEX/index_bootstrap/index_raw_iso_gpt2.csv
gpt2,GPT-2: MEAN vs LAST,index,IsoScore,iso,iso,6,6,1,0.0773051306605339,0.0130239138379693,34.0,31.0,plots_extra/metrics/features/index/mean/gpt2/tables/iso_gpt2_index.csv,gpt2/tables_INDEX/index_bootstrap/index_raw_iso_gpt2.csv
gpt2,GPT-2: MEAN vs LAST,index,IsoScore,iso,iso,6,6,2,0.0942751616239547,0.0157960131764411,50.0,45.0,plots_extra/metrics/features/index/mean/gpt2/tables/iso_gpt2_index.csv,gpt2/tables_INDEX/index_bootstrap/index_raw_iso_gpt2.csv
gpt2,GPT-2: MEAN vs LAST,index,IsoScore,iso,iso,6,6,3,0.1214167475700378,0.019748592749238,70.0,62.0,plots_extra/metrics/features/index/mean/gpt2/tables/iso_gpt2_index.csv,gpt2/tables_INDEX/index_bootstrap/index_raw_iso_gpt2.csv
gpt2,GPT-2: MEAN vs LAST,index,IsoScore,iso,iso,6,6,4,0.1524807810783386,0.0241959262639284,85.0,79.0,plots_extra/metrics/features/index/mean/gpt2/tables/iso_gpt2_index.csv,gpt2/tables_INDEX/index_bootstrap/index_raw_iso_gpt2.csv
gpt2,GPT-2: MEAN vs LAST,index,IsoScore,iso,iso,6,6,5,0.1677910983562469,0.0266684181988239,98.0,93.0,plots_extra/metrics/features/index/mean/gpt2/tables/iso_gpt2_index.csv,gpt2/tables_INDEX/index_bootstrap/index_raw_iso_gpt2.csv
gpt2,GPT-2: MEAN vs LAST,index,IsoScore,iso,iso,6,6,6,0.183425635099411,0.0293348599225282,117.0,104.0,plots_extra/metrics/features/index/mean/gpt2/tables/iso_gpt2_index.csv,gpt2/tables_INDEX/index_bootstrap/index_raw_iso_gpt2.csv
gpt2,GPT-2: MEAN vs LAST,index,IsoScore,iso,iso,6,6,7,0.1874522417783737,0.0308820363134145,120.0,111.0,plots_extra/metrics/features/index/mean/gpt2/tables/iso_gpt2_index.csv,gpt2/tables_INDEX/index_bootstrap/index_raw_iso_gpt2.csv
gpt2,GPT-2: MEAN vs LAST,index,IsoScore,iso,iso,6,6,8,0.1923311054706573,0.0333553589880466,123.0,120.0,plots_extra/metrics/features/index/mean/gpt2/tables/iso_gpt2_index.csv,gpt2/tables_INDEX/index_bootstrap/index_raw_iso_gpt2.csv
gpt2,GPT-2: MEAN vs LAST,index,IsoScore,iso,iso,6,6,9,0.1910266727209091,0.0366678610444068,122.0,126.0,plots_extra/metrics/features/index/mean/gpt2/tables/iso_gpt2_index.csv,gpt2/tables_INDEX/index_bootstrap/index_raw_iso_gpt2.csv
gpt2,GPT-2: MEAN vs LAST,index,IsoScore,iso,iso,6,6,10,0.1716659516096115,0.0284431129693985,101.0,100.0,plots_extra/metrics/features/index/mean/gpt2/tables/iso_gpt2_index.csv,gpt2/tables_INDEX/index_bootstrap/index_raw_iso_gpt2.csv
gpt2,GPT-2: MEAN vs LAST,index,IsoScore,iso,iso,6,6,11,0.0993594676256179,0.017236178740859,53.0,52.0,plots_extra/metrics/features/index/mean/gpt2/tables/iso_gpt2_index.csv,gpt2/tables_INDEX/index_bootstrap/index_raw_iso_gpt2.csv
gpt2,GPT-2: MEAN vs LAST,index,IsoScore,iso,iso,6,6,12,0.0015599202597513,0.0019855389837175,17.0,18.0,plots_extra/metrics/features/index/mean/gpt2/tables/iso_gpt2_index.csv,gpt2/tables_INDEX/index_bootstrap/index_raw_iso_gpt2.csv
gpt2,GPT-2: MEAN vs LAST,index,IsoScore,iso,iso,7,7,0,0.0756503567099571,0.0131183126941323,32.0,35.0,plots_extra/metrics/features/index/mean/gpt2/tables/iso_gpt2_index.csv,gpt2/tables_INDEX/index_bootstrap/index_raw_iso_gpt2.csv
gpt2,GPT-2: MEAN vs LAST,index,IsoScore,iso,iso,7,7,1,0.0753077045083046,0.0130116017535328,31.0,30.0,plots_extra/metrics/features/index/mean/gpt2/tables/iso_gpt2_index.csv,gpt2/tables_INDEX/index_bootstrap/index_raw_iso_gpt2.csv
gpt2,GPT-2: MEAN vs LAST,index,IsoScore,iso,iso,7,7,2,0.092223934829235,0.0158955808728933,48.0,47.0,plots_extra/metrics/features/index/mean/gpt2/tables/iso_gpt2_index.csv,gpt2/tables_INDEX/index_bootstrap/index_raw_iso_gpt2.csv
gpt2,GPT-2: MEAN vs LAST,index,IsoScore,iso,iso,7,7,3,0.1177624464035034,0.0197936445474624,69.0,63.0,plots_extra/metrics/features/index/mean/gpt2/tables/iso_gpt2_index.csv,gpt2/tables_INDEX/index_bootstrap/index_raw_iso_gpt2.csv
gpt2,GPT-2: MEAN vs LAST,index,IsoScore,iso,iso,7,7,4,0.1461342424154281,0.023726625367999,80.0,76.0,plots_extra/metrics/features/index/mean/gpt2/tables/iso_gpt2_index.csv,gpt2/tables_INDEX/index_bootstrap/index_raw_iso_gpt2.csv
gpt2,GPT-2: MEAN vs LAST,index,IsoScore,iso,iso,7,7,5,0.1579212844371795,0.0253895856440067,87.0,85.0,plots_extra/metrics/features/index/mean/gpt2/tables/iso_gpt2_index.csv,gpt2/tables_INDEX/index_bootstrap/index_raw_iso_gpt2.csv
gpt2,GPT-2: MEAN vs LAST,index,IsoScore,iso,iso,7,7,6,0.1743897050619125,0.0280500799417495,107.0,97.0,plots_extra/metrics/features/index/mean/gpt2/tables/iso_gpt2_index.csv,gpt2/tables_INDEX/index_bootstrap/index_raw_iso_gpt2.csv
gpt2,GPT-2: MEAN vs LAST,index,IsoScore,iso,iso,7,7,7,0.1777829825878143,0.0287802387028932,111.0,102.0,plots_extra/metrics/features/index/mean/gpt2/tables/iso_gpt2_index.csv,gpt2/tables_INDEX/index_bootstrap/index_raw_iso_gpt2.csv
gpt2,GPT-2: MEAN vs LAST,index,IsoScore,iso,iso,7,7,8,0.1859142333269119,0.032896876335144,118.0,118.0,plots_extra/metrics/features/index/mean/gpt2/tables/iso_gpt2_index.csv,gpt2/tables_INDEX/index_bootstrap/index_raw_iso_gpt2.csv
gpt2,GPT-2: MEAN vs LAST,index,IsoScore,iso,iso,7,7,9,0.1867070645093917,0.0341063253581523,119.0,122.0,plots_extra/metrics/features/index/mean/gpt2/tables/iso_gpt2_index.csv,gpt2/tables_INDEX/index_bootstrap/index_raw_iso_gpt2.csv
gpt2,GPT-2: MEAN vs LAST,index,IsoScore,iso,iso,7,7,10,0.1728740632534027,0.0295742861926555,104.0,106.0,plots_extra/metrics/features/index/mean/gpt2/tables/iso_gpt2_index.csv,gpt2/tables_INDEX/index_bootstrap/index_raw_iso_gpt2.csv
gpt2,GPT-2: MEAN vs LAST,index,IsoScore,iso,iso,7,7,11,0.1065827459096908,0.0183507408946752,59.0,55.0,plots_extra/metrics/features/index/mean/gpt2/tables/iso_gpt2_index.csv,gpt2/tables_INDEX/index_bootstrap/index_raw_iso_gpt2.csv
gpt2,GPT-2: MEAN vs LAST,index,IsoScore,iso,iso,7,7,12,0.0016668213065713,0.0020380152855068,20.0,21.0,plots_extra/metrics/features/index/mean/gpt2/tables/iso_gpt2_index.csv,gpt2/tables_INDEX/index_bootstrap/index_raw_iso_gpt2.csv
gpt2,GPT-2: MEAN vs LAST,index,IsoScore,iso,iso,8,8,0,0.0738593116402626,0.0129411108791828,30.0,29.0,plots_extra/metrics/features/index/mean/gpt2/tables/iso_gpt2_index.csv,gpt2/tables_INDEX/index_bootstrap/index_raw_iso_gpt2.csv
gpt2,GPT-2: MEAN vs LAST,index,IsoScore,iso,iso,8,8,1,0.0733567029237747,0.0128579707816243,29.0,27.0,plots_extra/metrics/features/index/mean/gpt2/tables/iso_gpt2_index.csv,gpt2/tables_INDEX/index_bootstrap/index_raw_iso_gpt2.csv
gpt2,GPT-2: MEAN vs LAST,index,IsoScore,iso,iso,8,8,2,0.0903047770261764,0.0157830361276865,46.0,44.0,plots_extra/metrics/features/index/mean/gpt2/tables/iso_gpt2_index.csv,gpt2/tables_INDEX/index_bootstrap/index_raw_iso_gpt2.csv
gpt2,GPT-2: MEAN vs LAST,index,IsoScore,iso,iso,8,8,3,0.1158177256584167,0.0196812693029642,68.0,60.0,plots_extra/metrics/features/index/mean/gpt2/tables/iso_gpt2_index.csv,gpt2/tables_INDEX/index_bootstrap/index_raw_iso_gpt2.csv
gpt2,GPT-2: MEAN vs LAST,index,IsoScore,iso,iso,8,8,4,0.1424233764410019,0.023341529071331,79.0,74.0,plots_extra/metrics/features/index/mean/gpt2/tables/iso_gpt2_index.csv,gpt2/tables_INDEX/index_bootstrap/index_raw_iso_gpt2.csv
gpt2,GPT-2: MEAN vs LAST,index,IsoScore,iso,iso,8,8,5,0.1539369970560073,0.0249079577624797,86.0,82.0,plots_extra/metrics/features/index/mean/gpt2/tables/iso_gpt2_index.csv,gpt2/tables_INDEX/index_bootstrap/index_raw_iso_gpt2.csv
gpt2,GPT-2: MEAN vs LAST,index,IsoScore,iso,iso,8,8,6,0.1709456741809845,0.0277884118258953,99.0,95.0,plots_extra/metrics/features/index/mean/gpt2/tables/iso_gpt2_index.csv,gpt2/tables_INDEX/index_bootstrap/index_raw_iso_gpt2.csv
gpt2,GPT-2: MEAN vs LAST,index,IsoScore,iso,iso,8,8,7,0.1742704659700393,0.0280673075467348,106.0,98.0,plots_extra/metrics/features/index/mean/gpt2/tables/iso_gpt2_index.csv,gpt2/tables_INDEX/index_bootstrap/index_raw_iso_gpt2.csv
gpt2,GPT-2: MEAN vs LAST,index,IsoScore,iso,iso,8,8,8,0.1816946119070053,0.0325613319873809,115.0,116.0,plots_extra/metrics/features/index/mean/gpt2/tables/iso_gpt2_index.csv,gpt2/tables_INDEX/index_bootstrap/index_raw_iso_gpt2.csv
gpt2,GPT-2: MEAN vs LAST,index,IsoScore,iso,iso,8,8,9,0.1828990578651428,0.0324290357530117,116.0,115.0,plots_extra/metrics/features/index/mean/gpt2/tables/iso_gpt2_index.csv,gpt2/tables_INDEX/index_bootstrap/index_raw_iso_gpt2.csv
gpt2,GPT-2: MEAN vs LAST,index,IsoScore,iso,iso,8,8,10,0.171378955245018,0.02983876504004,100.0,108.0,plots_extra/metrics/features/index/mean/gpt2/tables/iso_gpt2_index.csv,gpt2/tables_INDEX/index_bootstrap/index_raw_iso_gpt2.csv
gpt2,GPT-2: MEAN vs LAST,index,IsoScore,iso,iso,8,8,11,0.1094435229897499,0.019282728433609,62.0,57.0,plots_extra/metrics/features/index/mean/gpt2/tables/iso_gpt2_index.csv,gpt2/tables_INDEX/index_bootstrap/index_raw_iso_gpt2.csv
gpt2,GPT-2: MEAN vs LAST,index,IsoScore,iso,iso,8,8,12,0.001626826589927,0.0020195471588522,19.0,20.0,plots_extra/metrics/features/index/mean/gpt2/tables/iso_gpt2_index.csv,gpt2/tables_INDEX/index_bootstrap/index_raw_iso_gpt2.csv
gpt2,GPT-2: MEAN vs LAST,index,IsoScore,iso,iso,9,9,0,0.072128340601921,0.0128771886229515,28.0,28.0,plots_extra/metrics/features/index/mean/gpt2/tables/iso_gpt2_index.csv,gpt2/tables_INDEX/index_bootstrap/index_raw_iso_gpt2.csv
gpt2,GPT-2: MEAN vs LAST,index,IsoScore,iso,iso,9,9,1,0.0718456134200096,0.0127378646284341,27.0,25.0,plots_extra/metrics/features/index/mean/gpt2/tables/iso_gpt2_index.csv,gpt2/tables_INDEX/index_bootstrap/index_raw_iso_gpt2.csv
gpt2,GPT-2: MEAN vs LAST,index,IsoScore,iso,iso,9,9,2,0.0879391878843307,0.0155513118952512,43.0,42.0,plots_extra/metrics/features/index/mean/gpt2/tables/iso_gpt2_index.csv,gpt2/tables_INDEX/index_bootstrap/index_raw_iso_gpt2.csv
gpt2,GPT-2: MEAN vs LAST,index,IsoScore,iso,iso,9,9,3,0.1127270683646202,0.0193826332688331,66.0,58.0,plots_extra/metrics/features/index/mean/gpt2/tables/iso_gpt2_index.csv,gpt2/tables_INDEX/index_bootstrap/index_raw_iso_gpt2.csv
gpt2,GPT-2: MEAN vs LAST,index,IsoScore,iso,iso,9,9,4,0.1383370459079742,0.0227692872285842,77.0,72.0,plots_extra/metrics/features/index/mean/gpt2/tables/iso_gpt2_index.csv,gpt2/tables_INDEX/index_bootstrap/index_raw_iso_gpt2.csv
gpt2,GPT-2: MEAN vs LAST,index,IsoScore,iso,iso,9,9,5,0.1485918909311294,0.023952879011631,81.0,77.0,plots_extra/metrics/features/index/mean/gpt2/tables/iso_gpt2_index.csv,gpt2/tables_INDEX/index_bootstrap/index_raw_iso_gpt2.csv
gpt2,GPT-2: MEAN vs LAST,index,IsoScore,iso,iso,9,9,6,0.1646187603473663,0.0265292506664991,94.0,92.0,plots_extra/metrics/features/index/mean/gpt2/tables/iso_gpt2_index.csv,gpt2/tables_INDEX/index_bootstrap/index_raw_iso_gpt2.csv
gpt2,GPT-2: MEAN vs LAST,index,IsoScore,iso,iso,9,9,7,0.1673252880573272,0.0265287086367607,96.0,91.0,plots_extra/metrics/features/index/mean/gpt2/tables/iso_gpt2_index.csv,gpt2/tables_INDEX/index_bootstrap/index_raw_iso_gpt2.csv
gpt2,GPT-2: MEAN vs LAST,index,IsoScore,iso,iso,9,9,8,0.1767954528331756,0.0309842452406883,110.0,113.0,plots_extra/metrics/features/index/mean/gpt2/tables/iso_gpt2_index.csv,gpt2/tables_INDEX/index_bootstrap/index_raw_iso_gpt2.csv
gpt2,GPT-2: MEAN vs LAST,index,IsoScore,iso,iso,9,9,9,0.1795625388622284,0.0309714060276746,112.0,112.0,plots_extra/metrics/features/index/mean/gpt2/tables/iso_gpt2_index.csv,gpt2/tables_INDEX/index_bootstrap/index_raw_iso_gpt2.csv
gpt2,GPT-2: MEAN vs LAST,index,IsoScore,iso,iso,9,9,10,0.1725219637155532,0.0301063805818557,103.0,110.0,plots_extra/metrics/features/index/mean/gpt2/tables/iso_gpt2_index.csv,gpt2/tables_INDEX/index_bootstrap/index_raw_iso_gpt2.csv
gpt2,GPT-2: MEAN vs LAST,index,IsoScore,iso,iso,9,9,11,0.1146824583411216,0.0200401004403829,67.0,65.0,plots_extra/metrics/features/index/mean/gpt2/tables/iso_gpt2_index.csv,gpt2/tables_INDEX/index_bootstrap/index_raw_iso_gpt2.csv
gpt2,GPT-2: MEAN vs LAST,index,IsoScore,iso,iso,9,9,12,0.0016040677437558,0.0020104201976209,18.0,19.0,plots_extra/metrics/features/index/mean/gpt2/tables/iso_gpt2_index.csv,gpt2/tables_INDEX/index_bootstrap/index_raw_iso_gpt2.csv
gpt2,GPT-2: MEAN vs LAST,index,LID,lpca99,lpca99,1,1,0,429.0,442.3500061035156,22.0,22.0,plots_extra/metrics/features/index/mean/gpt2/tables/lpca99_gpt2_index.csv,gpt2/tables_INDEX/index_bootstrap/index_raw_lpca99_gpt2.csv
gpt2,GPT-2: MEAN vs LAST,index,LID,lpca99,lpca99,1,1,1,298.5,262.70001220703125,21.0,21.0,plots_extra/metrics/features/index/mean/gpt2/tables/lpca99_gpt2_index.csv,gpt2/tables_INDEX/index_bootstrap/index_raw_lpca99_gpt2.csv
gpt2,GPT-2: MEAN vs LAST,index,LID,lpca99,lpca99,1,1,2,38.875,4.099999904632568,11.0,10.0,plots_extra/metrics/features/index/mean/gpt2/tables/lpca99_gpt2_index.csv,gpt2/tables_INDEX/index_bootstrap/index_raw_lpca99_gpt2.csv
gpt2,GPT-2: MEAN vs LAST,index,LID,lpca99,lpca99,1,1,3,1.0,1.0,5.0,5.0,plots_extra/metrics/features/index/mean/gpt2/tables/lpca99_gpt2_index.csv,gpt2/tables_INDEX/index_bootstrap/index_raw_lpca99_gpt2.csv
gpt2,GPT-2: MEAN vs LAST,index,LID,lpca99,lpca99,1,1,4,1.0,1.0,5.0,5.0,plots_extra/metrics/features/index/mean/gpt2/tables/lpca99_gpt2_index.csv,gpt2/tables_INDEX/index_bootstrap/index_raw_lpca99_gpt2.csv
gpt2,GPT-2: MEAN vs LAST,index,LID,lpca99,lpca99,1,1,5,1.0,1.0,5.0,5.0,plots_extra/metrics/features/index/mean/gpt2/tables/lpca99_gpt2_index.csv,gpt2/tables_INDEX/index_bootstrap/index_raw_lpca99_gpt2.csv
gpt2,GPT-2: MEAN vs LAST,index,LID,lpca99,lpca99,1,1,6,1.0,1.0,5.0,5.0,plots_extra/metrics/features/index/mean/gpt2/tables/lpca99_gpt2_index.csv,gpt2/tables_INDEX/index_bootstrap/index_raw_lpca99_gpt2.csv
gpt2,GPT-2: MEAN vs LAST,index,LID,lpca99,lpca99,1,1,7,1.0,1.0,5.0,5.0,plots_extra/metrics/features/index/mean/gpt2/tables/lpca99_gpt2_index.csv,gpt2/tables_INDEX/index_bootstrap/index_raw_lpca99_gpt2.csv
gpt2,GPT-2: MEAN vs LAST,index,LID,lpca99,lpca99,1,1,8,1.0,1.0,5.0,5.0,plots_extra/metrics/features/index/mean/gpt2/tables/lpca99_gpt2_index.csv,gpt2/tables_INDEX/index_bootstrap/index_raw_lpca99_gpt2.csv
gpt2,GPT-2: MEAN vs LAST,index,LID,lpca99,lpca99,1,1,9,1.0,1.0,5.0,5.0,plots_extra/metrics/features/index/mean/gpt2/tables/lpca99_gpt2_index.csv,gpt2/tables_INDEX/index_bootstrap/index_raw_lpca99_gpt2.csv
gpt2,GPT-2: MEAN vs LAST,index,LID,lpca99,lpca99,1,1,10,1.0,1.0,5.0,5.0,plots_extra/metrics/features/index/mean/gpt2/tables/lpca99_gpt2_index.csv,gpt2/tables_INDEX/index_bootstrap/index_raw_lpca99_gpt2.csv
gpt2,GPT-2: MEAN vs LAST,index,LID,lpca99,lpca99,1,1,11,1.0,1.0,5.0,5.0,plots_extra/metrics/features/index/mean/gpt2/tables/lpca99_gpt2_index.csv,gpt2/tables_INDEX/index_bootstrap/index_raw_lpca99_gpt2.csv
gpt2,GPT-2: MEAN vs LAST,index,LID,lpca99,lpca99,1,1,12,11.25,6.599999904632568,10.0,11.0,plots_extra/metrics/features/index/mean/gpt2/tables/lpca99_gpt2_index.csv,gpt2/tables_INDEX/index_bootstrap/index_raw_lpca99_gpt2.csv
gpt2,GPT-2: MEAN vs LAST,index,LID,lpca99,lpca99,10,10,0,593.75,638.2999877929688,59.0,70.0,plots_extra/metrics/features/index/mean/gpt2/tables/lpca99_gpt2_index.csv,gpt2/tables_INDEX/index_bootstrap/index_raw_lpca99_gpt2.csv
gpt2,GPT-2: MEAN vs LAST,index,LID,lpca99,lpca99,10,10,1,541.0,571.0499877929688,35.0,35.0,plots_extra/metrics/features/index/mean/gpt2/tables/lpca99_gpt2_index.csv,gpt2/tables_INDEX/index_bootstrap/index_raw_lpca99_gpt2.csv
gpt2,GPT-2: MEAN vs LAST,index,LID,lpca99,lpca99,10,10,2,558.625,588.9000244140625,45.0,44.0,plots_extra/metrics/features/index/mean/gpt2/tables/lpca99_gpt2_index.csv,gpt2/tables_INDEX/index_bootstrap/index_raw_lpca99_gpt2.csv
gpt2,GPT-2: MEAN vs LAST,index,LID,lpca99,lpca99,10,10,3,609.875,635.5,68.0,69.0,plots_extra/metrics/features/index/mean/gpt2/tables/lpca99_gpt2_index.csv,gpt2/tables_INDEX/index_bootstrap/index_raw_lpca99_gpt2.csv
gpt2,GPT-2: MEAN vs LAST,index,LID,lpca99,lpca99,10,10,4,640.125,661.25,89.0,90.0,plots_extra/metrics/features/index/mean/gpt2/tables/lpca99_gpt2_index.csv,gpt2/tables_INDEX/index_bootstrap/index_raw_lpca99_gpt2.csv
gpt2,GPT-2: MEAN vs LAST,index,LID,lpca99,lpca99,10,10,5,651.625,669.9500122070312,100.0,101.5,plots_extra/metrics/features/index/mean/gpt2/tables/lpca99_gpt2_index.csv,gpt2/tables_INDEX/index_bootstrap/index_raw_lpca99_gpt2.csv
gpt2,GPT-2: MEAN vs LAST,index,LID,lpca99,lpca99,10,10,6,660.75,678.4000244140625,109.0,114.0,plots_extra/metrics/features/index/mean/gpt2/tables/lpca99_gpt2_index.csv,gpt2/tables_INDEX/index_bootstrap/index_raw_lpca99_gpt2.csv
gpt2,GPT-2: MEAN vs LAST,index,LID,lpca99,lpca99,10,10,7,668.75,685.5,126.0,126.0,plots_extra/metrics/features/index/mean/gpt2/tables/lpca99_gpt2_index.csv,gpt2/tables_INDEX/index_bootstrap/index_raw_lpca99_gpt2.csv
gpt2,GPT-2: MEAN vs LAST,index,LID,lpca99,lpca99,10,10,8,676.125,692.3499755859375,127.0,127.0,plots_extra/metrics/features/index/mean/gpt2/tables/lpca99_gpt2_index.csv,gpt2/tables_INDEX/index_bootstrap/index_raw_lpca99_gpt2.csv
gpt2,GPT-2: MEAN vs LAST,index,LID,lpca99,lpca99,10,10,9,678.5,695.0,128.0,128.0,plots_extra/metrics/features/index/mean/gpt2/tables/lpca99_gpt2_index.csv,gpt2/tables_INDEX/index_bootstrap/index_raw_lpca99_gpt2.csv
gpt2,GPT-2: MEAN vs LAST,index,LID,lpca99,lpca99,10,10,10,680.5,696.5499877929688,130.0,130.0,plots_extra/metrics/features/index/mean/gpt2/tables/lpca99_gpt2_index.csv,gpt2/tables_INDEX/index_bootstrap/index_raw_lpca99_gpt2.csv
gpt2,GPT-2: MEAN vs LAST,index,LID,lpca99,lpca99,10,10,11,679.75,695.9000244140625,129.0,129.0,plots_extra/metrics/features/index/mean/gpt2/tables/lpca99_gpt2_index.csv,gpt2/tables_INDEX/index_bootstrap/index_raw_lpca99_gpt2.csv
gpt2,GPT-2: MEAN vs LAST,index,LID,lpca99,lpca99,10,10,12,200.625,223.1499938964844,15.0,16.0,plots_extra/metrics/features/index/mean/gpt2/tables/lpca99_gpt2_index.csv,gpt2/tables_INDEX/index_bootstrap/index_raw_lpca99_gpt2.csv
gpt2,GPT-2: MEAN vs LAST,index,LID,lpca99,lpca99,2,2,0,547.5,590.5,39.0,47.0,plots_extra/metrics/features/index/mean/gpt2/tables/lpca99_gpt2_index.csv,gpt2/tables_INDEX/index_bootstrap/index_raw_lpca99_gpt2.csv
gpt2,GPT-2: MEAN vs LAST,index,LID,lpca99,lpca99,2,2,1,507.0,537.1500244140625,23.0,23.0,plots_extra/metrics/features/index/mean/gpt2/tables/lpca99_gpt2_index.csv,gpt2/tables_INDEX/index_bootstrap/index_raw_lpca99_gpt2.csv
gpt2,GPT-2: MEAN vs LAST,index,LID,lpca99,lpca99,2,2,2,511.125,540.3499755859375,24.0,24.0,plots_extra/metrics/features/index/mean/gpt2/tables/lpca99_gpt2_index.csv,gpt2/tables_INDEX/index_bootstrap/index_raw_lpca99_gpt2.csv
gpt2,GPT-2: MEAN vs LAST,index,LID,lpca99,lpca99,2,2,3,525.25,556.75,27.0,28.0,plots_extra/metrics/features/index/mean/gpt2/tables/lpca99_gpt2_index.csv,gpt2/tables_INDEX/index_bootstrap/index_raw_lpca99_gpt2.csv
gpt2,GPT-2: MEAN vs LAST,index,LID,lpca99,lpca99,2,2,4,545.875,576.5499877929688,36.0,41.0,plots_extra/metrics/features/index/mean/gpt2/tables/lpca99_gpt2_index.csv,gpt2/tables_INDEX/index_bootstrap/index_raw_lpca99_gpt2.csv
gpt2,GPT-2: MEAN vs LAST,index,LID,lpca99,lpca99,2,2,5,551.625,581.2000122070312,43.0,42.0,plots_extra/metrics/features/index/mean/gpt2/tables/lpca99_gpt2_index.csv,gpt2/tables_INDEX/index_bootstrap/index_raw_lpca99_gpt2.csv
gpt2,GPT-2: MEAN vs LAST,index,LID,lpca99,lpca99,2,2,6,558.125,586.6500244140625,44.0,43.0,plots_extra/metrics/features/index/mean/gpt2/tables/lpca99_gpt2_index.csv,gpt2/tables_INDEX/index_bootstrap/index_raw_lpca99_gpt2.csv
gpt2,GPT-2: MEAN vs LAST,index,LID,lpca99,lpca99,2,2,7,561.5,589.75,46.0,46.0,plots_extra/metrics/features/index/mean/gpt2/tables/lpca99_gpt2_index.csv,gpt2/tables_INDEX/index_bootstrap/index_raw_lpca99_gpt2.csv
gpt2,GPT-2: MEAN vs LAST,index,LID,lpca99,lpca99,2,2,8,569.25,597.7000122070312,49.0,48.0,plots_extra/metrics/features/index/mean/gpt2/tables/lpca99_gpt2_index.csv,gpt2/tables_INDEX/index_bootstrap/index_raw_lpca99_gpt2.csv
gpt2,GPT-2: MEAN vs LAST,index,LID,lpca99,lpca99,2,2,9,576.75,604.8499755859375,51.0,50.0,plots_extra/metrics/features/index/mean/gpt2/tables/lpca99_gpt2_index.csv,gpt2/tables_INDEX/index_bootstrap/index_raw_lpca99_gpt2.csv
gpt2,GPT-2: MEAN vs LAST,index,LID,lpca99,lpca99,2,2,10,579.5,608.0499877929688,52.0,52.5,plots_extra/metrics/features/index/mean/gpt2/tables/lpca99_gpt2_index.csv,gpt2/tables_INDEX/index_bootstrap/index_raw_lpca99_gpt2.csv
gpt2,GPT-2: MEAN vs LAST,index,LID,lpca99,lpca99,2,2,11,569.625,600.1500244140625,50.0,49.0,plots_extra/metrics/features/index/mean/gpt2/tables/lpca99_gpt2_index.csv,gpt2/tables_INDEX/index_bootstrap/index_raw_lpca99_gpt2.csv
gpt2,GPT-2: MEAN vs LAST,index,LID,lpca99,lpca99,2,2,12,59.75,69.30000305175781,12.0,12.0,plots_extra/metrics/features/index/mean/gpt2/tables/lpca99_gpt2_index.csv,gpt2/tables_INDEX/index_bootstrap/index_raw_lpca99_gpt2.csv
gpt2,GPT-2: MEAN vs LAST,index,LID,lpca99,lpca99,3,3,0,563.75,608.0499877929688,48.0,52.5,plots_extra/metrics/features/index/mean/gpt2/tables/lpca99_gpt2_index.csv,gpt2/tables_INDEX/index_bootstrap/index_raw_lpca99_gpt2.csv
gpt2,GPT-2: MEAN vs LAST,index,LID,lpca99,lpca99,3,3,1,517.75,547.3499755859375,25.0,25.0,plots_extra/metrics/features/index/mean/gpt2/tables/lpca99_gpt2_index.csv,gpt2/tables_INDEX/index_bootstrap/index_raw_lpca99_gpt2.csv
gpt2,GPT-2: MEAN vs LAST,index,LID,lpca99,lpca99,3,3,2,524.75,554.0499877929688,26.0,26.0,plots_extra/metrics/features/index/mean/gpt2/tables/lpca99_gpt2_index.csv,gpt2/tables_INDEX/index_bootstrap/index_raw_lpca99_gpt2.csv
gpt2,GPT-2: MEAN vs LAST,index,LID,lpca99,lpca99,3,3,3,562.25,589.3499755859375,47.0,45.0,plots_extra/metrics/features/index/mean/gpt2/tables/lpca99_gpt2_index.csv,gpt2/tables_INDEX/index_bootstrap/index_raw_lpca99_gpt2.csv
gpt2,GPT-2: MEAN vs LAST,index,LID,lpca99,lpca99,3,3,4,595.875,618.75,62.0,55.0,plots_extra/metrics/features/index/mean/gpt2/tables/lpca99_gpt2_index.csv,gpt2/tables_INDEX/index_bootstrap/index_raw_lpca99_gpt2.csv
gpt2,GPT-2: MEAN vs LAST,index,LID,lpca99,lpca99,3,3,5,607.625,628.0,67.0,62.0,plots_extra/metrics/features/index/mean/gpt2/tables/lpca99_gpt2_index.csv,gpt2/tables_INDEX/index_bootstrap/index_raw_lpca99_gpt2.csv
gpt2,GPT-2: MEAN vs LAST,index,LID,lpca99,lpca99,3,3,6,614.25,634.0,69.0,67.0,plots_extra/metrics/features/index/mean/gpt2/tables/lpca99_gpt2_index.csv,gpt2/tables_INDEX/index_bootstrap/index_raw_lpca99_gpt2.csv
gpt2,GPT-2: MEAN vs LAST,index,LID,lpca99,lpca99,3,3,7,619.875,639.0,71.0,71.0,plots_extra/metrics/features/index/mean/gpt2/tables/lpca99_gpt2_index.csv,gpt2/tables_INDEX/index_bootstrap/index_raw_lpca99_gpt2.csv
gpt2,GPT-2: MEAN vs LAST,index,LID,lpca99,lpca99,3,3,8,626.5,645.8499755859375,73.0,74.0,plots_extra/metrics/features/index/mean/gpt2/tables/lpca99_gpt2_index.csv,gpt2/tables_INDEX/index_bootstrap/index_raw_lpca99_gpt2.csv
gpt2,GPT-2: MEAN vs LAST,index,LID,lpca99,lpca99,3,3,9,631.625,650.75,80.0,81.0,plots_extra/metrics/features/index/mean/gpt2/tables/lpca99_gpt2_index.csv,gpt2/tables_INDEX/index_bootstrap/index_raw_lpca99_gpt2.csv
gpt2,GPT-2: MEAN vs LAST,index,LID,lpca99,lpca99,3,3,10,633.625,652.5999755859375,82.0,82.0,plots_extra/metrics/features/index/mean/gpt2/tables/lpca99_gpt2_index.csv,gpt2/tables_INDEX/index_bootstrap/index_raw_lpca99_gpt2.csv
gpt2,GPT-2: MEAN vs LAST,index,LID,lpca99,lpca99,3,3,11,627.875,647.8499755859375,76.0,79.0,plots_extra/metrics/features/index/mean/gpt2/tables/lpca99_gpt2_index.csv,gpt2/tables_INDEX/index_bootstrap/index_raw_lpca99_gpt2.csv
gpt2,GPT-2: MEAN vs LAST,index,LID,lpca99,lpca99,3,3,12,147.25,155.9499969482422,13.0,13.0,plots_extra/metrics/features/index/mean/gpt2/tables/lpca99_gpt2_index.csv,gpt2/tables_INDEX/index_bootstrap/index_raw_lpca99_gpt2.csv
gpt2,GPT-2: MEAN vs LAST,index,LID,lpca99,lpca99,4,4,0,582.0,620.2000122070312,54.0,57.0,plots_extra/metrics/features/index/mean/gpt2/tables/lpca99_gpt2_index.csv,gpt2/tables_INDEX/index_bootstrap/index_raw_lpca99_gpt2.csv
gpt2,GPT-2: MEAN vs LAST,index,LID,lpca99,lpca99,4,4,1,528.5,555.75,28.0,27.0,plots_extra/metrics/features/index/mean/gpt2/tables/lpca99_gpt2_index.csv,gpt2/tables_INDEX/index_bootstrap/index_raw_lpca99_gpt2.csv
gpt2,GPT-2: MEAN vs LAST,index,LID,lpca99,lpca99,4,4,2,537.5,564.6500244140625,34.0,34.0,plots_extra/metrics/features/index/mean/gpt2/tables/lpca99_gpt2_index.csv,gpt2/tables_INDEX/index_bootstrap/index_raw_lpca99_gpt2.csv
gpt2,GPT-2: MEAN vs LAST,index,LID,lpca99,lpca99,4,4,3,581.875,606.0999755859375,53.0,51.0,plots_extra/metrics/features/index/mean/gpt2/tables/lpca99_gpt2_index.csv,gpt2/tables_INDEX/index_bootstrap/index_raw_lpca99_gpt2.csv
gpt2,GPT-2: MEAN vs LAST,index,LID,lpca99,lpca99,4,4,4,614.625,634.7000122070312,70.0,68.0,plots_extra/metrics/features/index/mean/gpt2/tables/lpca99_gpt2_index.csv,gpt2/tables_INDEX/index_bootstrap/index_raw_lpca99_gpt2.csv
gpt2,GPT-2: MEAN vs LAST,index,LID,lpca99,lpca99,4,4,5,627.0,645.0,74.0,73.0,plots_extra/metrics/features/index/mean/gpt2/tables/lpca99_gpt2_index.csv,gpt2/tables_INDEX/index_bootstrap/index_raw_lpca99_gpt2.csv
gpt2,GPT-2: MEAN vs LAST,index,LID,lpca99,lpca99,4,4,6,632.625,650.0,81.0,80.0,plots_extra/metrics/features/index/mean/gpt2/tables/lpca99_gpt2_index.csv,gpt2/tables_INDEX/index_bootstrap/index_raw_lpca99_gpt2.csv
gpt2,GPT-2: MEAN vs LAST,index,LID,lpca99,lpca99,4,4,7,638.625,655.6500244140625,84.0,84.0,plots_extra/metrics/features/index/mean/gpt2/tables/lpca99_gpt2_index.csv,gpt2/tables_INDEX/index_bootstrap/index_raw_lpca99_gpt2.csv
gpt2,GPT-2: MEAN vs LAST,index,LID,lpca99,lpca99,4,4,8,645.375,662.3499755859375,91.0,92.0,plots_extra/metrics/features/index/mean/gpt2/tables/lpca99_gpt2_index.csv,gpt2/tables_INDEX/index_bootstrap/index_raw_lpca99_gpt2.csv
gpt2,GPT-2: MEAN vs LAST,index,LID,lpca99,lpca99,4,4,9,649.75,666.3499755859375,98.0,98.0,plots_extra/metrics/features/index/mean/gpt2/tables/lpca99_gpt2_index.csv,gpt2/tables_INDEX/index_bootstrap/index_raw_lpca99_gpt2.csv
gpt2,GPT-2: MEAN vs LAST,index,LID,lpca99,lpca99,4,4,10,651.25,667.7999877929688,99.0,99.0,plots_extra/metrics/features/index/mean/gpt2/tables/lpca99_gpt2_index.csv,gpt2/tables_INDEX/index_bootstrap/index_raw_lpca99_gpt2.csv
gpt2,GPT-2: MEAN vs LAST,index,LID,lpca99,lpca99,4,4,11,647.125,664.25,93.0,96.0,plots_extra/metrics/features/index/mean/gpt2/tables/lpca99_gpt2_index.csv,gpt2/tables_INDEX/index_bootstrap/index_raw_lpca99_gpt2.csv
gpt2,GPT-2: MEAN vs LAST,index,LID,lpca99,lpca99,4,4,12,180.5,195.25,14.0,14.0,plots_extra/metrics/features/index/mean/gpt2/tables/lpca99_gpt2_index.csv,gpt2/tables_INDEX/index_bootstrap/index_raw_lpca99_gpt2.csv
gpt2,GPT-2: MEAN vs LAST,index,LID,lpca99,lpca99,5,5,0,595.75,631.2999877929688,61.0,66.0,plots_extra/metrics/features/index/mean/gpt2/tables/lpca99_gpt2_index.csv,gpt2/tables_INDEX/index_bootstrap/index_raw_lpca99_gpt2.csv
gpt2,GPT-2: MEAN vs LAST,index,LID,lpca99,lpca99,5,5,1,537.0,562.8499755859375,32.5,32.0,plots_extra/metrics/features/index/mean/gpt2/tables/lpca99_gpt2_index.csv,gpt2/tables_INDEX/index_bootstrap/index_raw_lpca99_gpt2.csv
gpt2,GPT-2: MEAN vs LAST,index,LID,lpca99,lpca99,5,5,2,546.875,572.7999877929688,37.0,36.0,plots_extra/metrics/features/index/mean/gpt2/tables/lpca99_gpt2_index.csv,gpt2/tables_INDEX/index_bootstrap/index_raw_lpca99_gpt2.csv
gpt2,GPT-2: MEAN vs LAST,index,LID,lpca99,lpca99,5,5,3,593.875,616.25,60.0,54.0,plots_extra/metrics/features/index/mean/gpt2/tables/lpca99_gpt2_index.csv,gpt2/tables_INDEX/index_bootstrap/index_raw_lpca99_gpt2.csv
gpt2,GPT-2: MEAN vs LAST,index,LID,lpca99,lpca99,5,5,4,624.5,643.5499877929688,72.0,72.0,plots_extra/metrics/features/index/mean/gpt2/tables/lpca99_gpt2_index.csv,gpt2/tables_INDEX/index_bootstrap/index_raw_lpca99_gpt2.csv
gpt2,GPT-2: MEAN vs LAST,index,LID,lpca99,lpca99,5,5,5,636.125,652.9000244140625,83.0,83.0,plots_extra/metrics/features/index/mean/gpt2/tables/lpca99_gpt2_index.csv,gpt2/tables_INDEX/index_bootstrap/index_raw_lpca99_gpt2.csv
gpt2,GPT-2: MEAN vs LAST,index,LID,lpca99,lpca99,5,5,6,642.375,658.4500122070312,90.0,89.0,plots_extra/metrics/features/index/mean/gpt2/tables/lpca99_gpt2_index.csv,gpt2/tables_INDEX/index_bootstrap/index_raw_lpca99_gpt2.csv
gpt2,GPT-2: MEAN vs LAST,index,LID,lpca99,lpca99,5,5,7,648.75,664.5999755859375,97.0,97.0,plots_extra/metrics/features/index/mean/gpt2/tables/lpca99_gpt2_index.csv,gpt2/tables_INDEX/index_bootstrap/index_raw_lpca99_gpt2.csv
gpt2,GPT-2: MEAN vs LAST,index,LID,lpca99,lpca99,5,5,8,655.875,671.4000244140625,105.0,105.0,plots_extra/metrics/features/index/mean/gpt2/tables/lpca99_gpt2_index.csv,gpt2/tables_INDEX/index_bootstrap/index_raw_lpca99_gpt2.csv
gpt2,GPT-2: MEAN vs LAST,index,LID,lpca99,lpca99,5,5,9,660.0,675.4000244140625,107.0,108.0,plots_extra/metrics/features/index/mean/gpt2/tables/lpca99_gpt2_index.csv,gpt2/tables_INDEX/index_bootstrap/index_raw_lpca99_gpt2.csv
gpt2,GPT-2: MEAN vs LAST,index,LID,lpca99,lpca99,5,5,10,661.25,676.6500244140625,110.0,110.0,plots_extra/metrics/features/index/mean/gpt2/tables/lpca99_gpt2_index.csv,gpt2/tables_INDEX/index_bootstrap/index_raw_lpca99_gpt2.csv
gpt2,GPT-2: MEAN vs LAST,index,LID,lpca99,lpca99,5,5,11,657.375,673.5,106.0,106.0,plots_extra/metrics/features/index/mean/gpt2/tables/lpca99_gpt2_index.csv,gpt2/tables_INDEX/index_bootstrap/index_raw_lpca99_gpt2.csv
gpt2,GPT-2: MEAN vs LAST,index,LID,lpca99,lpca99,5,5,12,208.625,222.25,16.0,15.0,plots_extra/metrics/features/index/mean/gpt2/tables/lpca99_gpt2_index.csv,gpt2/tables_INDEX/index_bootstrap/index_raw_lpca99_gpt2.csv
gpt2,GPT-2: MEAN vs LAST,index,LID,lpca99,lpca99,6,6,0,593.625,629.2000122070312,58.0,64.0,plots_extra/metrics/features/index/mean/gpt2/tables/lpca99_gpt2_index.csv,gpt2/tables_INDEX/index_bootstrap/index_raw_lpca99_gpt2.csv
gpt2,GPT-2: MEAN vs LAST,index,LID,lpca99,lpca99,6,6,1,537.0,562.3499755859375,32.5,31.0,plots_extra/metrics/features/index/mean/gpt2/tables/lpca99_gpt2_index.csv,gpt2/tables_INDEX/index_bootstrap/index_raw_lpca99_gpt2.csv
gpt2,GPT-2: MEAN vs LAST,index,LID,lpca99,lpca99,6,6,2,548.375,573.9000244140625,41.0,38.0,plots_extra/metrics/features/index/mean/gpt2/tables/lpca99_gpt2_index.csv,gpt2/tables_INDEX/index_bootstrap/index_raw_lpca99_gpt2.csv
gpt2,GPT-2: MEAN vs LAST,index,LID,lpca99,lpca99,6,6,3,597.625,619.7000122070312,63.0,56.0,plots_extra/metrics/features/index/mean/gpt2/tables/lpca99_gpt2_index.csv,gpt2/tables_INDEX/index_bootstrap/index_raw_lpca99_gpt2.csv
gpt2,GPT-2: MEAN vs LAST,index,LID,lpca99,lpca99,6,6,4,628.0,646.9000244140625,78.0,75.0,plots_extra/metrics/features/index/mean/gpt2/tables/lpca99_gpt2_index.csv,gpt2/tables_INDEX/index_bootstrap/index_raw_lpca99_gpt2.csv
gpt2,GPT-2: MEAN vs LAST,index,LID,lpca99,lpca99,6,6,5,640.0,656.4500122070312,87.5,85.0,plots_extra/metrics/features/index/mean/gpt2/tables/lpca99_gpt2_index.csv,gpt2/tables_INDEX/index_bootstrap/index_raw_lpca99_gpt2.csv
gpt2,GPT-2: MEAN vs LAST,index,LID,lpca99,lpca99,6,6,6,646.125,661.9500122070312,92.0,91.0,plots_extra/metrics/features/index/mean/gpt2/tables/lpca99_gpt2_index.csv,gpt2/tables_INDEX/index_bootstrap/index_raw_lpca99_gpt2.csv
gpt2,GPT-2: MEAN vs LAST,index,LID,lpca99,lpca99,6,6,7,653.25,668.4500122070312,101.0,100.0,plots_extra/metrics/features/index/mean/gpt2/tables/lpca99_gpt2_index.csv,gpt2/tables_INDEX/index_bootstrap/index_raw_lpca99_gpt2.csv
gpt2,GPT-2: MEAN vs LAST,index,LID,lpca99,lpca99,6,6,8,660.125,675.0499877929688,108.0,107.0,plots_extra/metrics/features/index/mean/gpt2/tables/lpca99_gpt2_index.csv,gpt2/tables_INDEX/index_bootstrap/index_raw_lpca99_gpt2.csv
gpt2,GPT-2: MEAN vs LAST,index,LID,lpca99,lpca99,6,6,9,663.875,678.6500244140625,116.0,116.0,plots_extra/metrics/features/index/mean/gpt2/tables/lpca99_gpt2_index.csv,gpt2/tables_INDEX/index_bootstrap/index_raw_lpca99_gpt2.csv
gpt2,GPT-2: MEAN vs LAST,index,LID,lpca99,lpca99,6,6,10,665.0,679.5999755859375,117.0,117.0,plots_extra/metrics/features/index/mean/gpt2/tables/lpca99_gpt2_index.csv,gpt2/tables_INDEX/index_bootstrap/index_raw_lpca99_gpt2.csv
gpt2,GPT-2: MEAN vs LAST,index,LID,lpca99,lpca99,6,6,11,661.625,677.0499877929688,111.5,111.0,plots_extra/metrics/features/index/mean/gpt2/tables/lpca99_gpt2_index.csv,gpt2/tables_INDEX/index_bootstrap/index_raw_lpca99_gpt2.csv
gpt2,GPT-2: MEAN vs LAST,index,LID,lpca99,lpca99,6,6,12,214.875,223.9499969482422,17.5,17.0,plots_extra/metrics/features/index/mean/gpt2/tables/lpca99_gpt2_index.csv,gpt2/tables_INDEX/index_bootstrap/index_raw_lpca99_gpt2.csv
gpt2,GPT-2: MEAN vs LAST,index,LID,lpca99,lpca99,7,7,0,592.625,629.4500122070312,56.0,65.0,plots_extra/metrics/features/index/mean/gpt2/tables/lpca99_gpt2_index.csv,gpt2/tables_INDEX/index_bootstrap/index_raw_lpca99_gpt2.csv
gpt2,GPT-2: MEAN vs LAST,index,LID,lpca99,lpca99,7,7,1,536.375,563.1500244140625,31.0,33.0,plots_extra/metrics/features/index/mean/gpt2/tables/lpca99_gpt2_index.csv,gpt2/tables_INDEX/index_bootstrap/index_raw_lpca99_gpt2.csv
gpt2,GPT-2: MEAN vs LAST,index,LID,lpca99,lpca99,7,7,2,547.625,574.0499877929688,40.0,39.0,plots_extra/metrics/features/index/mean/gpt2/tables/lpca99_gpt2_index.csv,gpt2/tables_INDEX/index_bootstrap/index_raw_lpca99_gpt2.csv
gpt2,GPT-2: MEAN vs LAST,index,LID,lpca99,lpca99,7,7,3,597.75,620.3499755859375,64.0,59.0,plots_extra/metrics/features/index/mean/gpt2/tables/lpca99_gpt2_index.csv,gpt2/tables_INDEX/index_bootstrap/index_raw_lpca99_gpt2.csv
gpt2,GPT-2: MEAN vs LAST,index,LID,lpca99,lpca99,7,7,4,627.875,646.9500122070312,76.0,76.5,plots_extra/metrics/features/index/mean/gpt2/tables/lpca99_gpt2_index.csv,gpt2/tables_INDEX/index_bootstrap/index_raw_lpca99_gpt2.csv
gpt2,GPT-2: MEAN vs LAST,index,LID,lpca99,lpca99,7,7,5,639.875,656.7000122070312,85.5,87.0,plots_extra/metrics/features/index/mean/gpt2/tables/lpca99_gpt2_index.csv,gpt2/tables_INDEX/index_bootstrap/index_raw_lpca99_gpt2.csv
gpt2,GPT-2: MEAN vs LAST,index,LID,lpca99,lpca99,7,7,6,647.25,662.9500122070312,94.0,93.0,plots_extra/metrics/features/index/mean/gpt2/tables/lpca99_gpt2_index.csv,gpt2/tables_INDEX/index_bootstrap/index_raw_lpca99_gpt2.csv
gpt2,GPT-2: MEAN vs LAST,index,LID,lpca99,lpca99,7,7,7,654.625,669.9500122070312,102.0,101.5,plots_extra/metrics/features/index/mean/gpt2/tables/lpca99_gpt2_index.csv,gpt2/tables_INDEX/index_bootstrap/index_raw_lpca99_gpt2.csv
gpt2,GPT-2: MEAN vs LAST,index,LID,lpca99,lpca99,7,7,8,661.625,676.5499877929688,111.5,109.0,plots_extra/metrics/features/index/mean/gpt2/tables/lpca99_gpt2_index.csv,gpt2/tables_INDEX/index_bootstrap/index_raw_lpca99_gpt2.csv
gpt2,GPT-2: MEAN vs LAST,index,LID,lpca99,lpca99,7,7,9,665.375,679.9500122070312,119.0,118.0,plots_extra/metrics/features/index/mean/gpt2/tables/lpca99_gpt2_index.csv,gpt2/tables_INDEX/index_bootstrap/index_raw_lpca99_gpt2.csv
gpt2,GPT-2: MEAN vs LAST,index,LID,lpca99,lpca99,7,7,10,666.375,680.9500122070312,121.0,123.0,plots_extra/metrics/features/index/mean/gpt2/tables/lpca99_gpt2_index.csv,gpt2/tables_INDEX/index_bootstrap/index_raw_lpca99_gpt2.csv
gpt2,GPT-2: MEAN vs LAST,index,LID,lpca99,lpca99,7,7,11,663.375,678.4500122070312,115.0,115.0,plots_extra/metrics/features/index/mean/gpt2/tables/lpca99_gpt2_index.csv,gpt2/tables_INDEX/index_bootstrap/index_raw_lpca99_gpt2.csv
gpt2,GPT-2: MEAN vs LAST,index,LID,lpca99,lpca99,7,7,12,214.875,232.0500030517578,17.5,18.0,plots_extra/metrics/features/index/mean/gpt2/tables/lpca99_gpt2_index.csv,gpt2/tables_INDEX/index_bootstrap/index_raw_lpca99_gpt2.csv
gpt2,GPT-2: MEAN vs LAST,index,LID,lpca99,lpca99,8,8,0,590.125,626.8499755859375,55.0,61.0,plots_extra/metrics/features/index/mean/gpt2/tables/lpca99_gpt2_index.csv,gpt2/tables_INDEX/index_bootstrap/index_raw_lpca99_gpt2.csv
gpt2,GPT-2: MEAN vs LAST,index,LID,lpca99,lpca99,8,8,1,535.375,561.5999755859375,29.0,29.0,plots_extra/metrics/features/index/mean/gpt2/tables/lpca99_gpt2_index.csv,gpt2/tables_INDEX/index_bootstrap/index_raw_lpca99_gpt2.csv
gpt2,GPT-2: MEAN vs LAST,index,LID,lpca99,lpca99,8,8,2,547.375,573.5,38.0,37.0,plots_extra/metrics/features/index/mean/gpt2/tables/lpca99_gpt2_index.csv,gpt2/tables_INDEX/index_bootstrap/index_raw_lpca99_gpt2.csv
gpt2,GPT-2: MEAN vs LAST,index,LID,lpca99,lpca99,8,8,3,597.875,620.2999877929688,65.0,58.0,plots_extra/metrics/features/index/mean/gpt2/tables/lpca99_gpt2_index.csv,gpt2/tables_INDEX/index_bootstrap/index_raw_lpca99_gpt2.csv
gpt2,GPT-2: MEAN vs LAST,index,LID,lpca99,lpca99,8,8,4,627.875,646.9500122070312,76.0,76.5,plots_extra/metrics/features/index/mean/gpt2/tables/lpca99_gpt2_index.csv,gpt2/tables_INDEX/index_bootstrap/index_raw_lpca99_gpt2.csv
gpt2,GPT-2: MEAN vs LAST,index,LID,lpca99,lpca99,8,8,5,640.0,656.7999877929688,87.5,88.0,plots_extra/metrics/features/index/mean/gpt2/tables/lpca99_gpt2_index.csv,gpt2/tables_INDEX/index_bootstrap/index_raw_lpca99_gpt2.csv
gpt2,GPT-2: MEAN vs LAST,index,LID,lpca99,lpca99,8,8,6,647.75,663.5499877929688,96.0,95.0,plots_extra/metrics/features/index/mean/gpt2/tables/lpca99_gpt2_index.csv,gpt2/tables_INDEX/index_bootstrap/index_raw_lpca99_gpt2.csv
gpt2,GPT-2: MEAN vs LAST,index,LID,lpca99,lpca99,8,8,7,655.75,670.7000122070312,104.0,103.5,plots_extra/metrics/features/index/mean/gpt2/tables/lpca99_gpt2_index.csv,gpt2/tables_INDEX/index_bootstrap/index_raw_lpca99_gpt2.csv
gpt2,GPT-2: MEAN vs LAST,index,LID,lpca99,lpca99,8,8,8,662.75,677.4500122070312,113.5,112.0,plots_extra/metrics/features/index/mean/gpt2/tables/lpca99_gpt2_index.csv,gpt2/tables_INDEX/index_bootstrap/index_raw_lpca99_gpt2.csv
gpt2,GPT-2: MEAN vs LAST,index,LID,lpca99,lpca99,8,8,9,666.5,680.8499755859375,122.0,121.0,plots_extra/metrics/features/index/mean/gpt2/tables/lpca99_gpt2_index.csv,gpt2/tables_INDEX/index_bootstrap/index_raw_lpca99_gpt2.csv
gpt2,GPT-2: MEAN vs LAST,index,LID,lpca99,lpca99,8,8,10,667.25,681.8499755859375,124.0,124.0,plots_extra/metrics/features/index/mean/gpt2/tables/lpca99_gpt2_index.csv,gpt2/tables_INDEX/index_bootstrap/index_raw_lpca99_gpt2.csv
gpt2,GPT-2: MEAN vs LAST,index,LID,lpca99,lpca99,8,8,11,665.125,680.0499877929688,118.0,119.0,plots_extra/metrics/features/index/mean/gpt2/tables/lpca99_gpt2_index.csv,gpt2/tables_INDEX/index_bootstrap/index_raw_lpca99_gpt2.csv
gpt2,GPT-2: MEAN vs LAST,index,LID,lpca99,lpca99,8,8,12,219.0,234.25,20.0,20.0,plots_extra/metrics/features/index/mean/gpt2/tables/lpca99_gpt2_index.csv,gpt2/tables_INDEX/index_bootstrap/index_raw_lpca99_gpt2.csv
gpt2,GPT-2: MEAN vs LAST,index,LID,lpca99,lpca99,9,9,0,593.25,628.6500244140625,57.0,63.0,plots_extra/metrics/features/index/mean/gpt2/tables/lpca99_gpt2_index.csv,gpt2/tables_INDEX/index_bootstrap/index_raw_lpca99_gpt2.csv
gpt2,GPT-2: MEAN vs LAST,index,LID,lpca99,lpca99,9,9,1,536.125,561.7999877929688,30.0,30.0,plots_extra/metrics/features/index/mean/gpt2/tables/lpca99_gpt2_index.csv,gpt2/tables_INDEX/index_bootstrap/index_raw_lpca99_gpt2.csv
gpt2,GPT-2: MEAN vs LAST,index,LID,lpca99,lpca99,9,9,2,548.5,574.1500244140625,42.0,40.0,plots_extra/metrics/features/index/mean/gpt2/tables/lpca99_gpt2_index.csv,gpt2/tables_INDEX/index_bootstrap/index_raw_lpca99_gpt2.csv
gpt2,GPT-2: MEAN vs LAST,index,LID,lpca99,lpca99,9,9,3,598.75,620.7999877929688,66.0,60.0,plots_extra/metrics/features/index/mean/gpt2/tables/lpca99_gpt2_index.csv,gpt2/tables_INDEX/index_bootstrap/index_raw_lpca99_gpt2.csv
gpt2,GPT-2: MEAN vs LAST,index,LID,lpca99,lpca99,9,9,4,628.5,647.4500122070312,79.0,78.0,plots_extra/metrics/features/index/mean/gpt2/tables/lpca99_gpt2_index.csv,gpt2/tables_INDEX/index_bootstrap/index_raw_lpca99_gpt2.csv
gpt2,GPT-2: MEAN vs LAST,index,LID,lpca99,lpca99,9,9,5,639.875,656.6500244140625,85.5,86.0,plots_extra/metrics/features/index/mean/gpt2/tables/lpca99_gpt2_index.csv,gpt2/tables_INDEX/index_bootstrap/index_raw_lpca99_gpt2.csv
gpt2,GPT-2: MEAN vs LAST,index,LID,lpca99,lpca99,9,9,6,647.625,663.4500122070312,95.0,94.0,plots_extra/metrics/features/index/mean/gpt2/tables/lpca99_gpt2_index.csv,gpt2/tables_INDEX/index_bootstrap/index_raw_lpca99_gpt2.csv
gpt2,GPT-2: MEAN vs LAST,index,LID,lpca99,lpca99,9,9,7,655.375,670.7000122070312,103.0,103.5,plots_extra/metrics/features/index/mean/gpt2/tables/lpca99_gpt2_index.csv,gpt2/tables_INDEX/index_bootstrap/index_raw_lpca99_gpt2.csv
gpt2,GPT-2: MEAN vs LAST,index,LID,lpca99,lpca99,9,9,8,662.75,677.6500244140625,113.5,113.0,plots_extra/metrics/features/index/mean/gpt2/tables/lpca99_gpt2_index.csv,gpt2/tables_INDEX/index_bootstrap/index_raw_lpca99_gpt2.csv
gpt2,GPT-2: MEAN vs LAST,index,LID,lpca99,lpca99,9,9,9,666.625,680.9000244140625,123.0,122.0,plots_extra/metrics/features/index/mean/gpt2/tables/lpca99_gpt2_index.csv,gpt2/tables_INDEX/index_bootstrap/index_raw_lpca99_gpt2.csv
gpt2,GPT-2: MEAN vs LAST,index,LID,lpca99,lpca99,9,9,10,667.375,682.0,125.0,125.0,plots_extra/metrics/features/index/mean/gpt2/tables/lpca99_gpt2_index.csv,gpt2/tables_INDEX/index_bootstrap/index_raw_lpca99_gpt2.csv
gpt2,GPT-2: MEAN vs LAST,index,LID,lpca99,lpca99,9,9,11,666.0,680.6500244140625,120.0,120.0,plots_extra/metrics/features/index/mean/gpt2/tables/lpca99_gpt2_index.csv,gpt2/tables_INDEX/index_bootstrap/index_raw_lpca99_gpt2.csv
gpt2,GPT-2: MEAN vs LAST,index,LID,lpca99,lpca99,9,9,12,215.875,234.1000061035156,19.0,19.0,plots_extra/metrics/features/index/mean/gpt2/tables/lpca99_gpt2_index.csv,gpt2/tables_INDEX/index_bootstrap/index_raw_lpca99_gpt2.csv
gpt2,GPT-2: MEAN vs LAST,index,NLID,gride,gride,1,1,0,0.5585594773292542,0.6773545742034912,12.0,13.0,plots_extra/metrics/features/index/mean/gpt2/tables/gride_gpt2_index.csv,gpt2/tables_INDEX/index_bootstrap/index_raw_gride_gpt2.csv
gpt2,GPT-2: MEAN vs LAST,index,NLID,gride,gride,1,1,1,0.5377995371818542,0.5367842316627502,10.0,10.0,plots_extra/metrics/features/index/mean/gpt2/tables/gride_gpt2_index.csv,gpt2/tables_INDEX/index_bootstrap/index_raw_gride_gpt2.csv
gpt2,GPT-2: MEAN vs LAST,index,NLID,gride,gride,1,1,2,0.5528726577758789,0.5506311058998108,11.0,11.0,plots_extra/metrics/features/index/mean/gpt2/tables/gride_gpt2_index.csv,gpt2/tables_INDEX/index_bootstrap/index_raw_gride_gpt2.csv
gpt2,GPT-2: MEAN vs LAST,index,NLID,gride,gride,1,1,3,0.0010000291513279,0.0010000292677432,4.5,5.0,plots_extra/metrics/features/index/mean/gpt2/tables/gride_gpt2_index.csv,gpt2/tables_INDEX/index_bootstrap/index_raw_gride_gpt2.csv
gpt2,GPT-2: MEAN vs LAST,index,NLID,gride,gride,1,1,4,0.0010000291513279,0.0010000292677432,4.5,5.0,plots_extra/metrics/features/index/mean/gpt2/tables/gride_gpt2_index.csv,gpt2/tables_INDEX/index_bootstrap/index_raw_gride_gpt2.csv
gpt2,GPT-2: MEAN vs LAST,index,NLID,gride,gride,1,1,5,0.0010000291513279,0.0010000292677432,4.5,5.0,plots_extra/metrics/features/index/mean/gpt2/tables/gride_gpt2_index.csv,gpt2/tables_INDEX/index_bootstrap/index_raw_gride_gpt2.csv
gpt2,GPT-2: MEAN vs LAST,index,NLID,gride,gride,1,1,6,0.082352377474308,0.0010000292677432,9.0,5.0,plots_extra/metrics/features/index/mean/gpt2/tables/gride_gpt2_index.csv,gpt2/tables_INDEX/index_bootstrap/index_raw_gride_gpt2.csv
gpt2,GPT-2: MEAN vs LAST,index,NLID,gride,gride,1,1,7,0.0010000291513279,0.0010000292677432,4.5,5.0,plots_extra/metrics/features/index/mean/gpt2/tables/gride_gpt2_index.csv,gpt2/tables_INDEX/index_bootstrap/index_raw_gride_gpt2.csv
gpt2,GPT-2: MEAN vs LAST,index,NLID,gride,gride,1,1,8,0.0010000291513279,0.0010000292677432,4.5,5.0,plots_extra/metrics/features/index/mean/gpt2/tables/gride_gpt2_index.csv,gpt2/tables_INDEX/index_bootstrap/index_raw_gride_gpt2.csv
gpt2,GPT-2: MEAN vs LAST,index,NLID,gride,gride,1,1,9,0.0010000291513279,0.0010000292677432,4.5,5.0,plots_extra/metrics/features/index/mean/gpt2/tables/gride_gpt2_index.csv,gpt2/tables_INDEX/index_bootstrap/index_raw_gride_gpt2.csv
gpt2,GPT-2: MEAN vs LAST,index,NLID,gride,gride,1,1,10,0.0010000291513279,0.0010000292677432,4.5,5.0,plots_extra/metrics/features/index/mean/gpt2/tables/gride_gpt2_index.csv,gpt2/tables_INDEX/index_bootstrap/index_raw_gride_gpt2.csv
gpt2,GPT-2: MEAN vs LAST,index,NLID,gride,gride,1,1,11,0.0010000291513279,0.0010000292677432,4.5,5.0,plots_extra/metrics/features/index/mean/gpt2/tables/gride_gpt2_index.csv,gpt2/tables_INDEX/index_bootstrap/index_raw_gride_gpt2.csv
gpt2,GPT-2: MEAN vs LAST,index,NLID,gride,gride,1,1,12,0.6845695376396179,0.6010562181472778,13.0,12.0,plots_extra/metrics/features/index/mean/gpt2/tables/gride_gpt2_index.csv,gpt2/tables_INDEX/index_bootstrap/index_raw_gride_gpt2.csv
gpt2,GPT-2: MEAN vs LAST,index,NLID,gride,gride,10,10,0,4.166167259216309,3.961140394210816,21.0,20.0,plots_extra/metrics/features/index/mean/gpt2/tables/gride_gpt2_index.csv,gpt2/tables_INDEX/index_bootstrap/index_raw_gride_gpt2.csv
gpt2,GPT-2: MEAN vs LAST,index,NLID,gride,gride,10,10,1,7.036614418029785,7.859789848327637,32.0,49.0,plots_extra/metrics/features/index/mean/gpt2/tables/gride_gpt2_index.csv,gpt2/tables_INDEX/index_bootstrap/index_raw_gride_gpt2.csv
gpt2,GPT-2: MEAN vs LAST,index,NLID,gride,gride,10,10,2,7.676773548126221,8.43731689453125,45.0,59.0,plots_extra/metrics/features/index/mean/gpt2/tables/gride_gpt2_index.csv,gpt2/tables_INDEX/index_bootstrap/index_raw_gride_gpt2.csv
gpt2,GPT-2: MEAN vs LAST,index,NLID,gride,gride,10,10,3,11.100560188293455,11.922258377075195,65.0,75.0,plots_extra/metrics/features/index/mean/gpt2/tables/gride_gpt2_index.csv,gpt2/tables_INDEX/index_bootstrap/index_raw_gride_gpt2.csv
gpt2,GPT-2: MEAN vs LAST,index,NLID,gride,gride,10,10,4,14.292404174804688,15.165310859680176,80.0,88.0,plots_extra/metrics/features/index/mean/gpt2/tables/gride_gpt2_index.csv,gpt2/tables_INDEX/index_bootstrap/index_raw_gride_gpt2.csv
gpt2,GPT-2: MEAN vs LAST,index,NLID,gride,gride,10,10,5,16.886627197265625,17.60307502746582,98.0,104.0,plots_extra/metrics/features/index/mean/gpt2/tables/gride_gpt2_index.csv,gpt2/tables_INDEX/index_bootstrap/index_raw_gride_gpt2.csv
gpt2,GPT-2: MEAN vs LAST,index,NLID,gride,gride,10,10,6,18.22479057312012,19.0781307220459,115.0,118.0,plots_extra/metrics/features/index/mean/gpt2/tables/gride_gpt2_index.csv,gpt2/tables_INDEX/index_bootstrap/index_raw_gride_gpt2.csv
gpt2,GPT-2: MEAN vs LAST,index,NLID,gride,gride,10,10,7,19.297801971435547,20.01085662841797,126.0,126.0,plots_extra/metrics/features/index/mean/gpt2/tables/gride_gpt2_index.csv,gpt2/tables_INDEX/index_bootstrap/index_raw_gride_gpt2.csv
gpt2,GPT-2: MEAN vs LAST,index,NLID,gride,gride,10,10,8,20.026514053344727,20.60226058959961,127.0,127.0,plots_extra/metrics/features/index/mean/gpt2/tables/gride_gpt2_index.csv,gpt2/tables_INDEX/index_bootstrap/index_raw_gride_gpt2.csv
gpt2,GPT-2: MEAN vs LAST,index,NLID,gride,gride,10,10,9,20.2970027923584,20.814022064208984,128.0,128.0,plots_extra/metrics/features/index/mean/gpt2/tables/gride_gpt2_index.csv,gpt2/tables_INDEX/index_bootstrap/index_raw_gride_gpt2.csv
gpt2,GPT-2: MEAN vs LAST,index,NLID,gride,gride,10,10,10,20.901247024536133,21.409717559814453,129.0,129.0,plots_extra/metrics/features/index/mean/gpt2/tables/gride_gpt2_index.csv,gpt2/tables_INDEX/index_bootstrap/index_raw_gride_gpt2.csv
gpt2,GPT-2: MEAN vs LAST,index,NLID,gride,gride,10,10,11,20.98167991638184,21.85606575012207,130.0,130.0,plots_extra/metrics/features/index/mean/gpt2/tables/gride_gpt2_index.csv,gpt2/tables_INDEX/index_bootstrap/index_raw_gride_gpt2.csv
gpt2,GPT-2: MEAN vs LAST,index,NLID,gride,gride,10,10,12,7.158114433288574,8.10529613494873,38.0,55.0,plots_extra/metrics/features/index/mean/gpt2/tables/gride_gpt2_index.csv,gpt2/tables_INDEX/index_bootstrap/index_raw_gride_gpt2.csv
gpt2,GPT-2: MEAN vs LAST,index,NLID,gride,gride,2,2,0,0.7031769156455994,0.9200477600097656,14.0,15.0,plots_extra/metrics/features/index/mean/gpt2/tables/gride_gpt2_index.csv,gpt2/tables_INDEX/index_bootstrap/index_raw_gride_gpt2.csv
gpt2,GPT-2: MEAN vs LAST,index,NLID,gride,gride,2,2,1,6.030332088470459,4.750741004943848,27.0,23.0,plots_extra/metrics/features/index/mean/gpt2/tables/gride_gpt2_index.csv,gpt2/tables_INDEX/index_bootstrap/index_raw_gride_gpt2.csv
gpt2,GPT-2: MEAN vs LAST,index,NLID,gride,gride,2,2,2,7.870326519012451,5.754943370819092,48.0,26.0,plots_extra/metrics/features/index/mean/gpt2/tables/gride_gpt2_index.csv,gpt2/tables_INDEX/index_bootstrap/index_raw_gride_gpt2.csv
gpt2,GPT-2: MEAN vs LAST,index,NLID,gride,gride,2,2,3,8.318355560302734,6.064449787139893,51.0,28.0,plots_extra/metrics/features/index/mean/gpt2/tables/gride_gpt2_index.csv,gpt2/tables_INDEX/index_bootstrap/index_raw_gride_gpt2.csv
gpt2,GPT-2: MEAN vs LAST,index,NLID,gride,gride,2,2,4,9.311814308166504,6.45980167388916,53.0,32.0,plots_extra/metrics/features/index/mean/gpt2/tables/gride_gpt2_index.csv,gpt2/tables_INDEX/index_bootstrap/index_raw_gride_gpt2.csv
gpt2,GPT-2: MEAN vs LAST,index,NLID,gride,gride,2,2,5,9.979011535644531,6.73831844329834,60.0,37.0,plots_extra/metrics/features/index/mean/gpt2/tables/gride_gpt2_index.csv,gpt2/tables_INDEX/index_bootstrap/index_raw_gride_gpt2.csv
gpt2,GPT-2: MEAN vs LAST,index,NLID,gride,gride,2,2,6,10.186271667480469,6.8563432693481445,62.0,39.0,plots_extra/metrics/features/index/mean/gpt2/tables/gride_gpt2_index.csv,gpt2/tables_INDEX/index_bootstrap/index_raw_gride_gpt2.csv
gpt2,GPT-2: MEAN vs LAST,index,NLID,gride,gride,2,2,7,10.1205472946167,6.692461490631104,61.0,36.0,plots_extra/metrics/features/index/mean/gpt2/tables/gride_gpt2_index.csv,gpt2/tables_INDEX/index_bootstrap/index_raw_gride_gpt2.csv
gpt2,GPT-2: MEAN vs LAST,index,NLID,gride,gride,2,2,8,9.94561767578125,6.554060459136963,59.0,34.0,plots_extra/metrics/features/index/mean/gpt2/tables/gride_gpt2_index.csv,gpt2/tables_INDEX/index_bootstrap/index_raw_gride_gpt2.csv
gpt2,GPT-2: MEAN vs LAST,index,NLID,gride,gride,2,2,9,9.663966178894045,6.4679274559021,56.0,33.0,plots_extra/metrics/features/index/mean/gpt2/tables/gride_gpt2_index.csv,gpt2/tables_INDEX/index_bootstrap/index_raw_gride_gpt2.csv
gpt2,GPT-2: MEAN vs LAST,index,NLID,gride,gride,2,2,10,9.640207290649414,6.447934627532959,55.0,31.0,plots_extra/metrics/features/index/mean/gpt2/tables/gride_gpt2_index.csv,gpt2/tables_INDEX/index_bootstrap/index_raw_gride_gpt2.csv
gpt2,GPT-2: MEAN vs LAST,index,NLID,gride,gride,2,2,11,9.460197448730469,6.242913722991943,54.0,30.0,plots_extra/metrics/features/index/mean/gpt2/tables/gride_gpt2_index.csv,gpt2/tables_INDEX/index_bootstrap/index_raw_gride_gpt2.csv
gpt2,GPT-2: MEAN vs LAST,index,NLID,gride,gride,2,2,12,5.4345808029174805,4.056240081787109,23.0,21.0,plots_extra/metrics/features/index/mean/gpt2/tables/gride_gpt2_index.csv,gpt2/tables_INDEX/index_bootstrap/index_raw_gride_gpt2.csv
gpt2,GPT-2: MEAN vs LAST,index,NLID,gride,gride,3,3,0,0.8664939403533936,0.6972896456718445,16.0,14.0,plots_extra/metrics/features/index/mean/gpt2/tables/gride_gpt2_index.csv,gpt2/tables_INDEX/index_bootstrap/index_raw_gride_gpt2.csv
gpt2,GPT-2: MEAN vs LAST,index,NLID,gride,gride,3,3,1,5.3245954513549805,4.958336353302002,22.0,24.0,plots_extra/metrics/features/index/mean/gpt2/tables/gride_gpt2_index.csv,gpt2/tables_INDEX/index_bootstrap/index_raw_gride_gpt2.csv
gpt2,GPT-2: MEAN vs LAST,index,NLID,gride,gride,3,3,2,6.017642021179199,5.47313928604126,26.0,25.0,plots_extra/metrics/features/index/mean/gpt2/tables/gride_gpt2_index.csv,gpt2/tables_INDEX/index_bootstrap/index_raw_gride_gpt2.csv
gpt2,GPT-2: MEAN vs LAST,index,NLID,gride,gride,3,3,3,7.955167770385742,6.7798051834106445,49.0,38.0,plots_extra/metrics/features/index/mean/gpt2/tables/gride_gpt2_index.csv,gpt2/tables_INDEX/index_bootstrap/index_raw_gride_gpt2.csv
gpt2,GPT-2: MEAN vs LAST,index,NLID,gride,gride,3,3,4,11.230905532836914,8.734403610229492,66.0,60.0,plots_extra/metrics/features/index/mean/gpt2/tables/gride_gpt2_index.csv,gpt2/tables_INDEX/index_bootstrap/index_raw_gride_gpt2.csv
gpt2,GPT-2: MEAN vs LAST,index,NLID,gride,gride,3,3,5,13.090909957885742,10.332868576049805,71.0,63.0,plots_extra/metrics/features/index/mean/gpt2/tables/gride_gpt2_index.csv,gpt2/tables_INDEX/index_bootstrap/index_raw_gride_gpt2.csv
gpt2,GPT-2: MEAN vs LAST,index,NLID,gride,gride,3,3,6,14.195995330810549,11.27672290802002,78.0,68.0,plots_extra/metrics/features/index/mean/gpt2/tables/gride_gpt2_index.csv,gpt2/tables_INDEX/index_bootstrap/index_raw_gride_gpt2.csv
gpt2,GPT-2: MEAN vs LAST,index,NLID,gride,gride,3,3,7,14.534588813781738,11.742770195007324,82.0,74.0,plots_extra/metrics/features/index/mean/gpt2/tables/gride_gpt2_index.csv,gpt2/tables_INDEX/index_bootstrap/index_raw_gride_gpt2.csv
gpt2,GPT-2: MEAN vs LAST,index,NLID,gride,gride,3,3,8,14.483332633972168,11.676000595092772,81.0,73.0,plots_extra/metrics/features/index/mean/gpt2/tables/gride_gpt2_index.csv,gpt2/tables_INDEX/index_bootstrap/index_raw_gride_gpt2.csv
gpt2,GPT-2: MEAN vs LAST,index,NLID,gride,gride,3,3,9,13.842241287231444,11.47089958190918,76.0,69.0,plots_extra/metrics/features/index/mean/gpt2/tables/gride_gpt2_index.csv,gpt2/tables_INDEX/index_bootstrap/index_raw_gride_gpt2.csv
gpt2,GPT-2: MEAN vs LAST,index,NLID,gride,gride,3,3,10,13.331753730773926,11.493306159973145,73.0,70.0,plots_extra/metrics/features/index/mean/gpt2/tables/gride_gpt2_index.csv,gpt2/tables_INDEX/index_bootstrap/index_raw_gride_gpt2.csv
gpt2,GPT-2: MEAN vs LAST,index,NLID,gride,gride,3,3,11,12.85073471069336,11.531279563903809,69.0,71.0,plots_extra/metrics/features/index/mean/gpt2/tables/gride_gpt2_index.csv,gpt2/tables_INDEX/index_bootstrap/index_raw_gride_gpt2.csv
gpt2,GPT-2: MEAN vs LAST,index,NLID,gride,gride,3,3,12,6.61888599395752,7.257888793945312,28.0,42.0,plots_extra/metrics/features/index/mean/gpt2/tables/gride_gpt2_index.csv,gpt2/tables_INDEX/index_bootstrap/index_raw_gride_gpt2.csv
gpt2,GPT-2: MEAN vs LAST,index,NLID,gride,gride,4,4,0,7.8109540939331055,1.0292575359344482,47.0,16.0,plots_extra/metrics/features/index/mean/gpt2/tables/gride_gpt2_index.csv,gpt2/tables_INDEX/index_bootstrap/index_raw_gride_gpt2.csv
gpt2,GPT-2: MEAN vs LAST,index,NLID,gride,gride,4,4,1,7.2513427734375,5.90040397644043,41.0,27.0,plots_extra/metrics/features/index/mean/gpt2/tables/gride_gpt2_index.csv,gpt2/tables_INDEX/index_bootstrap/index_raw_gride_gpt2.csv
gpt2,GPT-2: MEAN vs LAST,index,NLID,gride,gride,4,4,2,7.498188972473144,6.135716915130615,44.0,29.0,plots_extra/metrics/features/index/mean/gpt2/tables/gride_gpt2_index.csv,gpt2/tables_INDEX/index_bootstrap/index_raw_gride_gpt2.csv
gpt2,GPT-2: MEAN vs LAST,index,NLID,gride,gride,4,4,3,9.906631469726562,8.365045547485352,58.0,57.0,plots_extra/metrics/features/index/mean/gpt2/tables/gride_gpt2_index.csv,gpt2/tables_INDEX/index_bootstrap/index_raw_gride_gpt2.csv
gpt2,GPT-2: MEAN vs LAST,index,NLID,gride,gride,4,4,4,12.950923919677734,11.231745719909668,70.0,67.0,plots_extra/metrics/features/index/mean/gpt2/tables/gride_gpt2_index.csv,gpt2/tables_INDEX/index_bootstrap/index_raw_gride_gpt2.csv
gpt2,GPT-2: MEAN vs LAST,index,NLID,gride,gride,4,4,5,15.013164520263672,13.007975578308104,83.0,76.0,plots_extra/metrics/features/index/mean/gpt2/tables/gride_gpt2_index.csv,gpt2/tables_INDEX/index_bootstrap/index_raw_gride_gpt2.csv
gpt2,GPT-2: MEAN vs LAST,index,NLID,gride,gride,4,4,6,16.036975860595703,14.361120223999023,91.0,81.0,plots_extra/metrics/features/index/mean/gpt2/tables/gride_gpt2_index.csv,gpt2/tables_INDEX/index_bootstrap/index_raw_gride_gpt2.csv
gpt2,GPT-2: MEAN vs LAST,index,NLID,gride,gride,4,4,7,16.557863235473633,15.05949878692627,96.0,87.0,plots_extra/metrics/features/index/mean/gpt2/tables/gride_gpt2_index.csv,gpt2/tables_INDEX/index_bootstrap/index_raw_gride_gpt2.csv
gpt2,GPT-2: MEAN vs LAST,index,NLID,gride,gride,4,4,8,16.433589935302734,14.961381912231444,93.0,85.0,plots_extra/metrics/features/index/mean/gpt2/tables/gride_gpt2_index.csv,gpt2/tables_INDEX/index_bootstrap/index_raw_gride_gpt2.csv
gpt2,GPT-2: MEAN vs LAST,index,NLID,gride,gride,4,4,9,16.012012481689453,14.802905082702637,90.0,84.0,plots_extra/metrics/features/index/mean/gpt2/tables/gride_gpt2_index.csv,gpt2/tables_INDEX/index_bootstrap/index_raw_gride_gpt2.csv
gpt2,GPT-2: MEAN vs LAST,index,NLID,gride,gride,4,4,10,15.79066562652588,14.756817817687988,88.0,83.0,plots_extra/metrics/features/index/mean/gpt2/tables/gride_gpt2_index.csv,gpt2/tables_INDEX/index_bootstrap/index_raw_gride_gpt2.csv
gpt2,GPT-2: MEAN vs LAST,index,NLID,gride,gride,4,4,11,15.05531883239746,14.41114330291748,84.0,82.0,plots_extra/metrics/features/index/mean/gpt2/tables/gride_gpt2_index.csv,gpt2/tables_INDEX/index_bootstrap/index_raw_gride_gpt2.csv
gpt2,GPT-2: MEAN vs LAST,index,NLID,gride,gride,4,4,12,6.973021507263184,7.570977210998535,31.0,46.0,plots_extra/metrics/features/index/mean/gpt2/tables/gride_gpt2_index.csv,gpt2/tables_INDEX/index_bootstrap/index_raw_gride_gpt2.csv
gpt2,GPT-2: MEAN vs LAST,index,NLID,gride,gride,5,5,0,0.9906264543533324,9.20240592956543,17.0,61.0,plots_extra/metrics/features/index/mean/gpt2/tables/gride_gpt2_index.csv,gpt2/tables_INDEX/index_bootstrap/index_raw_gride_gpt2.csv
gpt2,GPT-2: MEAN vs LAST,index,NLID,gride,gride,5,5,1,6.824660301208496,7.513847351074219,29.0,45.0,plots_extra/metrics/features/index/mean/gpt2/tables/gride_gpt2_index.csv,gpt2/tables_INDEX/index_bootstrap/index_raw_gride_gpt2.csv
gpt2,GPT-2: MEAN vs LAST,index,NLID,gride,gride,5,5,2,7.160227298736572,7.885335445404053,39.0,51.0,plots_extra/metrics/features/index/mean/gpt2/tables/gride_gpt2_index.csv,gpt2/tables_INDEX/index_bootstrap/index_raw_gride_gpt2.csv
gpt2,GPT-2: MEAN vs LAST,index,NLID,gride,gride,5,5,3,9.807435035705566,10.65666389465332,57.0,66.0,plots_extra/metrics/features/index/mean/gpt2/tables/gride_gpt2_index.csv,gpt2/tables_INDEX/index_bootstrap/index_raw_gride_gpt2.csv
gpt2,GPT-2: MEAN vs LAST,index,NLID,gride,gride,5,5,4,13.244458198547363,13.887120246887209,72.0,80.0,plots_extra/metrics/features/index/mean/gpt2/tables/gride_gpt2_index.csv,gpt2/tables_INDEX/index_bootstrap/index_raw_gride_gpt2.csv
gpt2,GPT-2: MEAN vs LAST,index,NLID,gride,gride,5,5,5,15.64128303527832,16.15480613708496,86.0,92.0,plots_extra/metrics/features/index/mean/gpt2/tables/gride_gpt2_index.csv,gpt2/tables_INDEX/index_bootstrap/index_raw_gride_gpt2.csv
gpt2,GPT-2: MEAN vs LAST,index,NLID,gride,gride,5,5,6,16.96453857421875,17.27223777770996,102.0,95.0,plots_extra/metrics/features/index/mean/gpt2/tables/gride_gpt2_index.csv,gpt2/tables_INDEX/index_bootstrap/index_raw_gride_gpt2.csv
gpt2,GPT-2: MEAN vs LAST,index,NLID,gride,gride,5,5,7,18.063440322875977,17.929712295532227,110.0,108.0,plots_extra/metrics/features/index/mean/gpt2/tables/gride_gpt2_index.csv,gpt2/tables_INDEX/index_bootstrap/index_raw_gride_gpt2.csv
gpt2,GPT-2: MEAN vs LAST,index,NLID,gride,gride,5,5,8,18.261722564697266,17.916044235229492,116.0,107.0,plots_extra/metrics/features/index/mean/gpt2/tables/gride_gpt2_index.csv,gpt2/tables_INDEX/index_bootstrap/index_raw_gride_gpt2.csv
gpt2,GPT-2: MEAN vs LAST,index,NLID,gride,gride,5,5,9,18.29724884033203,17.807207107543945,117.0,105.0,plots_extra/metrics/features/index/mean/gpt2/tables/gride_gpt2_index.csv,gpt2/tables_INDEX/index_bootstrap/index_raw_gride_gpt2.csv
gpt2,GPT-2: MEAN vs LAST,index,NLID,gride,gride,5,5,10,18.22325134277344,17.84111213684082,114.0,106.0,plots_extra/metrics/features/index/mean/gpt2/tables/gride_gpt2_index.csv,gpt2/tables_INDEX/index_bootstrap/index_raw_gride_gpt2.csv
gpt2,GPT-2: MEAN vs LAST,index,NLID,gride,gride,5,5,11,17.573457717895508,17.501056671142578,105.0,97.0,plots_extra/metrics/features/index/mean/gpt2/tables/gride_gpt2_index.csv,gpt2/tables_INDEX/index_bootstrap/index_raw_gride_gpt2.csv
gpt2,GPT-2: MEAN vs LAST,index,NLID,gride,gride,5,5,12,7.276769161224365,8.076960563659668,42.0,54.0,plots_extra/metrics/features/index/mean/gpt2/tables/gride_gpt2_index.csv,gpt2/tables_INDEX/index_bootstrap/index_raw_gride_gpt2.csv
gpt2,GPT-2: MEAN vs LAST,index,NLID,gride,gride,6,6,0,0.8084693551063538,4.188071250915527,15.0,22.0,plots_extra/metrics/features/index/mean/gpt2/tables/gride_gpt2_index.csv,gpt2/tables_INDEX/index_bootstrap/index_raw_gride_gpt2.csv
gpt2,GPT-2: MEAN vs LAST,index,NLID,gride,gride,6,6,1,5.68691873550415,7.405849456787109,24.0,43.0,plots_extra/metrics/features/index/mean/gpt2/tables/gride_gpt2_index.csv,gpt2/tables_INDEX/index_bootstrap/index_raw_gride_gpt2.csv
gpt2,GPT-2: MEAN vs LAST,index,NLID,gride,gride,6,6,2,5.969525337219238,7.66351318359375,25.0,47.0,plots_extra/metrics/features/index/mean/gpt2/tables/gride_gpt2_index.csv,gpt2/tables_INDEX/index_bootstrap/index_raw_gride_gpt2.csv
gpt2,GPT-2: MEAN vs LAST,index,NLID,gride,gride,6,6,3,8.53131103515625,10.496862411499023,52.0,64.0,plots_extra/metrics/features/index/mean/gpt2/tables/gride_gpt2_index.csv,gpt2/tables_INDEX/index_bootstrap/index_raw_gride_gpt2.csv
gpt2,GPT-2: MEAN vs LAST,index,NLID,gride,gride,6,6,4,11.647188186645508,13.412203788757324,68.0,78.0,plots_extra/metrics/features/index/mean/gpt2/tables/gride_gpt2_index.csv,gpt2/tables_INDEX/index_bootstrap/index_raw_gride_gpt2.csv
gpt2,GPT-2: MEAN vs LAST,index,NLID,gride,gride,6,6,5,14.133222579956056,15.791877746582031,77.0,89.0,plots_extra/metrics/features/index/mean/gpt2/tables/gride_gpt2_index.csv,gpt2/tables_INDEX/index_bootstrap/index_raw_gride_gpt2.csv
gpt2,GPT-2: MEAN vs LAST,index,NLID,gride,gride,6,6,6,15.38332176208496,16.898296356201172,85.0,93.0,plots_extra/metrics/features/index/mean/gpt2/tables/gride_gpt2_index.csv,gpt2/tables_INDEX/index_bootstrap/index_raw_gride_gpt2.csv
gpt2,GPT-2: MEAN vs LAST,index,NLID,gride,gride,6,6,7,16.350568771362305,17.575450897216797,92.0,102.0,plots_extra/metrics/features/index/mean/gpt2/tables/gride_gpt2_index.csv,gpt2/tables_INDEX/index_bootstrap/index_raw_gride_gpt2.csv
gpt2,GPT-2: MEAN vs LAST,index,NLID,gride,gride,6,6,8,16.544811248779297,17.514482498168945,95.0,98.0,plots_extra/metrics/features/index/mean/gpt2/tables/gride_gpt2_index.csv,gpt2/tables_INDEX/index_bootstrap/index_raw_gride_gpt2.csv
gpt2,GPT-2: MEAN vs LAST,index,NLID,gride,gride,6,6,9,16.997194290161133,17.534433364868164,103.0,100.0,plots_extra/metrics/features/index/mean/gpt2/tables/gride_gpt2_index.csv,gpt2/tables_INDEX/index_bootstrap/index_raw_gride_gpt2.csv
gpt2,GPT-2: MEAN vs LAST,index,NLID,gride,gride,6,6,10,16.931772232055664,17.53006362915039,101.0,99.0,plots_extra/metrics/features/index/mean/gpt2/tables/gride_gpt2_index.csv,gpt2/tables_INDEX/index_bootstrap/index_raw_gride_gpt2.csv
gpt2,GPT-2: MEAN vs LAST,index,NLID,gride,gride,6,6,11,16.908615112304688,17.576692581176758,100.0,103.0,plots_extra/metrics/features/index/mean/gpt2/tables/gride_gpt2_index.csv,gpt2/tables_INDEX/index_bootstrap/index_raw_gride_gpt2.csv
gpt2,GPT-2: MEAN vs LAST,index,NLID,gride,gride,6,6,12,7.218862056732178,7.868125915527344,40.0,50.0,plots_extra/metrics/features/index/mean/gpt2/tables/gride_gpt2_index.csv,gpt2/tables_INDEX/index_bootstrap/index_raw_gride_gpt2.csv
gpt2,GPT-2: MEAN vs LAST,index,NLID,gride,gride,7,7,0,3.311586380004883,1.4265615940093994,20.0,17.0,plots_extra/metrics/features/index/mean/gpt2/tables/gride_gpt2_index.csv,gpt2/tables_INDEX/index_bootstrap/index_raw_gride_gpt2.csv
gpt2,GPT-2: MEAN vs LAST,index,NLID,gride,gride,7,7,1,6.92023229598999,6.624433994293213,30.0,35.0,plots_extra/metrics/features/index/mean/gpt2/tables/gride_gpt2_index.csv,gpt2/tables_INDEX/index_bootstrap/index_raw_gride_gpt2.csv
gpt2,GPT-2: MEAN vs LAST,index,NLID,gride,gride,7,7,2,7.126091957092285,6.894863128662109,36.0,40.0,plots_extra/metrics/features/index/mean/gpt2/tables/gride_gpt2_index.csv,gpt2/tables_INDEX/index_bootstrap/index_raw_gride_gpt2.csv
gpt2,GPT-2: MEAN vs LAST,index,NLID,gride,gride,7,7,3,10.24789810180664,9.942472457885742,63.0,62.0,plots_extra/metrics/features/index/mean/gpt2/tables/gride_gpt2_index.csv,gpt2/tables_INDEX/index_bootstrap/index_raw_gride_gpt2.csv
gpt2,GPT-2: MEAN vs LAST,index,NLID,gride,gride,7,7,4,13.622455596923828,13.310447692871094,75.0,77.0,plots_extra/metrics/features/index/mean/gpt2/tables/gride_gpt2_index.csv,gpt2/tables_INDEX/index_bootstrap/index_raw_gride_gpt2.csv
gpt2,GPT-2: MEAN vs LAST,index,NLID,gride,gride,7,7,5,15.813966751098633,15.852168083190918,89.0,90.0,plots_extra/metrics/features/index/mean/gpt2/tables/gride_gpt2_index.csv,gpt2/tables_INDEX/index_bootstrap/index_raw_gride_gpt2.csv
gpt2,GPT-2: MEAN vs LAST,index,NLID,gride,gride,7,7,6,16.79632568359375,17.225528717041016,97.0,94.0,plots_extra/metrics/features/index/mean/gpt2/tables/gride_gpt2_index.csv,gpt2/tables_INDEX/index_bootstrap/index_raw_gride_gpt2.csv
gpt2,GPT-2: MEAN vs LAST,index,NLID,gride,gride,7,7,7,17.645584106445312,18.1273193359375,106.0,109.0,plots_extra/metrics/features/index/mean/gpt2/tables/gride_gpt2_index.csv,gpt2/tables_INDEX/index_bootstrap/index_raw_gride_gpt2.csv
gpt2,GPT-2: MEAN vs LAST,index,NLID,gride,gride,7,7,8,17.874116897583008,18.27964782714844,108.0,110.0,plots_extra/metrics/features/index/mean/gpt2/tables/gride_gpt2_index.csv,gpt2/tables_INDEX/index_bootstrap/index_raw_gride_gpt2.csv
gpt2,GPT-2: MEAN vs LAST,index,NLID,gride,gride,7,7,9,18.082469940185547,18.288911819458008,111.0,111.0,plots_extra/metrics/features/index/mean/gpt2/tables/gride_gpt2_index.csv,gpt2/tables_INDEX/index_bootstrap/index_raw_gride_gpt2.csv
gpt2,GPT-2: MEAN vs LAST,index,NLID,gride,gride,7,7,10,18.14970016479492,18.593204498291016,112.0,114.0,plots_extra/metrics/features/index/mean/gpt2/tables/gride_gpt2_index.csv,gpt2/tables_INDEX/index_bootstrap/index_raw_gride_gpt2.csv
gpt2,GPT-2: MEAN vs LAST,index,NLID,gride,gride,7,7,11,17.850955963134766,18.58445167541504,107.0,113.0,plots_extra/metrics/features/index/mean/gpt2/tables/gride_gpt2_index.csv,gpt2/tables_INDEX/index_bootstrap/index_raw_gride_gpt2.csv
gpt2,GPT-2: MEAN vs LAST,index,NLID,gride,gride,7,7,12,7.043074131011963,7.818207740783691,33.0,48.0,plots_extra/metrics/features/index/mean/gpt2/tables/gride_gpt2_index.csv,gpt2/tables_INDEX/index_bootstrap/index_raw_gride_gpt2.csv
gpt2,GPT-2: MEAN vs LAST,index,NLID,gride,gride,8,8,0,1.981194257736206,2.5915021896362305,18.0,19.0,plots_extra/metrics/features/index/mean/gpt2/tables/gride_gpt2_index.csv,gpt2/tables_INDEX/index_bootstrap/index_raw_gride_gpt2.csv
gpt2,GPT-2: MEAN vs LAST,index,NLID,gride,gride,8,8,1,7.077399253845215,7.198817253112793,34.0,41.0,plots_extra/metrics/features/index/mean/gpt2/tables/gride_gpt2_index.csv,gpt2/tables_INDEX/index_bootstrap/index_raw_gride_gpt2.csv
gpt2,GPT-2: MEAN vs LAST,index,NLID,gride,gride,8,8,2,7.29188346862793,7.483219146728516,43.0,44.0,plots_extra/metrics/features/index/mean/gpt2/tables/gride_gpt2_index.csv,gpt2/tables_INDEX/index_bootstrap/index_raw_gride_gpt2.csv
gpt2,GPT-2: MEAN vs LAST,index,NLID,gride,gride,8,8,3,10.369922637939451,10.549758911132812,64.0,65.0,plots_extra/metrics/features/index/mean/gpt2/tables/gride_gpt2_index.csv,gpt2/tables_INDEX/index_bootstrap/index_raw_gride_gpt2.csv
gpt2,GPT-2: MEAN vs LAST,index,NLID,gride,gride,8,8,4,13.432591438293455,13.747485160827637,74.0,79.0,plots_extra/metrics/features/index/mean/gpt2/tables/gride_gpt2_index.csv,gpt2/tables_INDEX/index_bootstrap/index_raw_gride_gpt2.csv
gpt2,GPT-2: MEAN vs LAST,index,NLID,gride,gride,8,8,5,15.697813987731934,16.145366668701172,87.0,91.0,plots_extra/metrics/features/index/mean/gpt2/tables/gride_gpt2_index.csv,gpt2/tables_INDEX/index_bootstrap/index_raw_gride_gpt2.csv
gpt2,GPT-2: MEAN vs LAST,index,NLID,gride,gride,8,8,6,16.886638641357422,17.558744430541992,99.0,101.0,plots_extra/metrics/features/index/mean/gpt2/tables/gride_gpt2_index.csv,gpt2/tables_INDEX/index_bootstrap/index_raw_gride_gpt2.csv
gpt2,GPT-2: MEAN vs LAST,index,NLID,gride,gride,8,8,7,18.04192352294922,18.492122650146484,109.0,112.0,plots_extra/metrics/features/index/mean/gpt2/tables/gride_gpt2_index.csv,gpt2/tables_INDEX/index_bootstrap/index_raw_gride_gpt2.csv
gpt2,GPT-2: MEAN vs LAST,index,NLID,gride,gride,8,8,8,18.3024959564209,18.85076141357422,118.0,116.0,plots_extra/metrics/features/index/mean/gpt2/tables/gride_gpt2_index.csv,gpt2/tables_INDEX/index_bootstrap/index_raw_gride_gpt2.csv
gpt2,GPT-2: MEAN vs LAST,index,NLID,gride,gride,8,8,9,18.38813781738281,19.002384185791016,119.0,117.0,plots_extra/metrics/features/index/mean/gpt2/tables/gride_gpt2_index.csv,gpt2/tables_INDEX/index_bootstrap/index_raw_gride_gpt2.csv
gpt2,GPT-2: MEAN vs LAST,index,NLID,gride,gride,8,8,10,18.6464958190918,19.179353713989254,122.0,119.0,plots_extra/metrics/features/index/mean/gpt2/tables/gride_gpt2_index.csv,gpt2/tables_INDEX/index_bootstrap/index_raw_gride_gpt2.csv
gpt2,GPT-2: MEAN vs LAST,index,NLID,gride,gride,8,8,11,18.39530563354492,19.197769165039062,120.0,120.0,plots_extra/metrics/features/index/mean/gpt2/tables/gride_gpt2_index.csv,gpt2/tables_INDEX/index_bootstrap/index_raw_gride_gpt2.csv
gpt2,GPT-2: MEAN vs LAST,index,NLID,gride,gride,8,8,12,7.097285270690918,7.949030876159668,35.0,53.0,plots_extra/metrics/features/index/mean/gpt2/tables/gride_gpt2_index.csv,gpt2/tables_INDEX/index_bootstrap/index_raw_gride_gpt2.csv
gpt2,GPT-2: MEAN vs LAST,index,NLID,gride,gride,9,9,0,2.26623010635376,2.2521958351135254,19.0,18.0,plots_extra/metrics/features/index/mean/gpt2/tables/gride_gpt2_index.csv,gpt2/tables_INDEX/index_bootstrap/index_raw_gride_gpt2.csv
gpt2,GPT-2: MEAN vs LAST,index,NLID,gride,gride,9,9,1,7.782037734985352,8.156205177307129,46.0,56.0,plots_extra/metrics/features/index/mean/gpt2/tables/gride_gpt2_index.csv,gpt2/tables_INDEX/index_bootstrap/index_raw_gride_gpt2.csv
gpt2,GPT-2: MEAN vs LAST,index,NLID,gride,gride,9,9,2,8.098560333251953,8.425527572631836,50.0,58.0,plots_extra/metrics/features/index/mean/gpt2/tables/gride_gpt2_index.csv,gpt2/tables_INDEX/index_bootstrap/index_raw_gride_gpt2.csv
gpt2,GPT-2: MEAN vs LAST,index,NLID,gride,gride,9,9,3,11.396329879760742,11.62069320678711,67.0,72.0,plots_extra/metrics/features/index/mean/gpt2/tables/gride_gpt2_index.csv,gpt2/tables_INDEX/index_bootstrap/index_raw_gride_gpt2.csv
gpt2,GPT-2: MEAN vs LAST,index,NLID,gride,gride,9,9,4,14.269964218139648,14.978065490722656,79.0,86.0,plots_extra/metrics/features/index/mean/gpt2/tables/gride_gpt2_index.csv,gpt2/tables_INDEX/index_bootstrap/index_raw_gride_gpt2.csv
gpt2,GPT-2: MEAN vs LAST,index,NLID,gride,gride,9,9,5,16.457489013671875,17.39547348022461,94.0,96.0,plots_extra/metrics/features/index/mean/gpt2/tables/gride_gpt2_index.csv,gpt2/tables_INDEX/index_bootstrap/index_raw_gride_gpt2.csv
gpt2,GPT-2: MEAN vs LAST,index,NLID,gride,gride,9,9,6,17.34750747680664,18.73977851867676,104.0,115.0,plots_extra/metrics/features/index/mean/gpt2/tables/gride_gpt2_index.csv,gpt2/tables_INDEX/index_bootstrap/index_raw_gride_gpt2.csv
gpt2,GPT-2: MEAN vs LAST,index,NLID,gride,gride,9,9,7,18.21518898010254,19.57919692993164,113.0,121.0,plots_extra/metrics/features/index/mean/gpt2/tables/gride_gpt2_index.csv,gpt2/tables_INDEX/index_bootstrap/index_raw_gride_gpt2.csv
gpt2,GPT-2: MEAN vs LAST,index,NLID,gride,gride,9,9,8,18.547487258911133,19.80122756958008,121.0,125.0,plots_extra/metrics/features/index/mean/gpt2/tables/gride_gpt2_index.csv,gpt2/tables_INDEX/index_bootstrap/index_raw_gride_gpt2.csv
gpt2,GPT-2: MEAN vs LAST,index,NLID,gride,gride,9,9,9,18.777118682861328,19.67534446716309,124.0,122.0,plots_extra/metrics/features/index/mean/gpt2/tables/gride_gpt2_index.csv,gpt2/tables_INDEX/index_bootstrap/index_raw_gride_gpt2.csv
gpt2,GPT-2: MEAN vs LAST,index,NLID,gride,gride,9,9,10,19.00588035583496,19.800479888916016,125.0,124.0,plots_extra/metrics/features/index/mean/gpt2/tables/gride_gpt2_index.csv,gpt2/tables_INDEX/index_bootstrap/index_raw_gride_gpt2.csv
gpt2,GPT-2: MEAN vs LAST,index,NLID,gride,gride,9,9,11,18.679553985595703,19.793865203857425,123.0,123.0,plots_extra/metrics/features/index/mean/gpt2/tables/gride_gpt2_index.csv,gpt2/tables_INDEX/index_bootstrap/index_raw_gride_gpt2.csv
gpt2,GPT-2: MEAN vs LAST,index,NLID,gride,gride,9,9,12,7.131574630737305,7.89093542098999,37.0,52.0,plots_extra/metrics/features/index/mean/gpt2/tables/gride_gpt2_index.csv,gpt2/tables_INDEX/index_bootstrap/index_raw_gride_gpt2.csv
gpt2,GPT-2: MEAN vs LAST,relation_type,IsoScore,iso,iso,advmod,advmod,0,0.0058612255379557,0.0063483729027211,97.0,20.0,plots_extra/metrics/features/relations/mean/gpt2/tables/iso_gpt2_relation.csv,gpt2_no_index/tables_REL_GPT2_no_idx0/relation_bootstrap/relation_raw_iso_gpt2.csv
gpt2,GPT-2: MEAN vs LAST,relation_type,IsoScore,iso,iso,advmod,advmod,1,0.0023639849387109,0.014842883683741,95.0,53.0,plots_extra/metrics/features/relations/mean/gpt2/tables/iso_gpt2_relation.csv,gpt2_no_index/tables_REL_GPT2_no_idx0/relation_bootstrap/relation_raw_iso_gpt2.csv
gpt2,GPT-2: MEAN vs LAST,relation_type,IsoScore,iso,iso,advmod,advmod,2,0.0001027897014864,0.0209636259824037,62.0,70.0,plots_extra/metrics/features/relations/mean/gpt2/tables/iso_gpt2_relation.csv,gpt2_no_index/tables_REL_GPT2_no_idx0/relation_bootstrap/relation_raw_iso_gpt2.csv
gpt2,GPT-2: MEAN vs LAST,relation_type,IsoScore,iso,iso,advmod,advmod,3,8.046074071899056e-06,0.0223548635840415,13.0,75.0,plots_extra/metrics/features/relations/mean/gpt2/tables/iso_gpt2_relation.csv,gpt2_no_index/tables_REL_GPT2_no_idx0/relation_bootstrap/relation_raw_iso_gpt2.csv
gpt2,GPT-2: MEAN vs LAST,relation_type,IsoScore,iso,iso,advmod,advmod,4,9.242759915650822e-06,0.0232368297874927,16.0,81.0,plots_extra/metrics/features/relations/mean/gpt2/tables/iso_gpt2_relation.csv,gpt2_no_index/tables_REL_GPT2_no_idx0/relation_bootstrap/relation_raw_iso_gpt2.csv
gpt2,GPT-2: MEAN vs LAST,relation_type,IsoScore,iso,iso,advmod,advmod,5,1.0389736416982489e-05,0.0240897350013256,20.0,86.0,plots_extra/metrics/features/relations/mean/gpt2/tables/iso_gpt2_relation.csv,gpt2_no_index/tables_REL_GPT2_no_idx0/relation_bootstrap/relation_raw_iso_gpt2.csv
gpt2,GPT-2: MEAN vs LAST,relation_type,IsoScore,iso,iso,advmod,advmod,6,1.2190158486191647e-05,0.0240161940455436,22.0,85.0,plots_extra/metrics/features/relations/mean/gpt2/tables/iso_gpt2_relation.csv,gpt2_no_index/tables_REL_GPT2_no_idx0/relation_bootstrap/relation_raw_iso_gpt2.csv
gpt2,GPT-2: MEAN vs LAST,relation_type,IsoScore,iso,iso,advmod,advmod,7,1.496293680247618e-05,0.0254707057029008,27.0,91.0,plots_extra/metrics/features/relations/mean/gpt2/tables/iso_gpt2_relation.csv,gpt2_no_index/tables_REL_GPT2_no_idx0/relation_bootstrap/relation_raw_iso_gpt2.csv
gpt2,GPT-2: MEAN vs LAST,relation_type,IsoScore,iso,iso,advmod,advmod,8,1.9554941900423728e-05,0.0260729268193244,31.0,96.0,plots_extra/metrics/features/relations/mean/gpt2/tables/iso_gpt2_relation.csv,gpt2_no_index/tables_REL_GPT2_no_idx0/relation_bootstrap/relation_raw_iso_gpt2.csv
gpt2,GPT-2: MEAN vs LAST,relation_type,IsoScore,iso,iso,advmod,advmod,9,2.699828110053204e-05,0.0255329366773366,37.0,92.0,plots_extra/metrics/features/relations/mean/gpt2/tables/iso_gpt2_relation.csv,gpt2_no_index/tables_REL_GPT2_no_idx0/relation_bootstrap/relation_raw_iso_gpt2.csv
gpt2,GPT-2: MEAN vs LAST,relation_type,IsoScore,iso,iso,advmod,advmod,10,3.894813926308416e-05,0.0235172398388385,46.0,82.0,plots_extra/metrics/features/relations/mean/gpt2/tables/iso_gpt2_relation.csv,gpt2_no_index/tables_REL_GPT2_no_idx0/relation_bootstrap/relation_raw_iso_gpt2.csv
gpt2,GPT-2: MEAN vs LAST,relation_type,IsoScore,iso,iso,advmod,advmod,11,6.228435813682154e-05,0.0169608499854803,56.0,60.0,plots_extra/metrics/features/relations/mean/gpt2/tables/iso_gpt2_relation.csv,gpt2_no_index/tables_REL_GPT2_no_idx0/relation_bootstrap/relation_raw_iso_gpt2.csv
gpt2,GPT-2: MEAN vs LAST,relation_type,IsoScore,iso,iso,advmod,advmod,12,0.0005714162252843,0.0017659864388406,77.0,5.0,plots_extra/metrics/features/relations/mean/gpt2/tables/iso_gpt2_relation.csv,gpt2_no_index/tables_REL_GPT2_no_idx0/relation_bootstrap/relation_raw_iso_gpt2.csv
gpt2,GPT-2: MEAN vs LAST,relation_type,IsoScore,iso,iso,amod,amod,0,0.0243777558207511,0.0081547321751713,110.0,26.0,plots_extra/metrics/features/relations/mean/gpt2/tables/iso_gpt2_relation.csv,gpt2_no_index/tables_REL_GPT2_no_idx0/relation_bootstrap/relation_raw_iso_gpt2.csv
gpt2,GPT-2: MEAN vs LAST,relation_type,IsoScore,iso,iso,amod,amod,1,0.0132893519476056,0.0180553514510393,104.0,61.0,plots_extra/metrics/features/relations/mean/gpt2/tables/iso_gpt2_relation.csv,gpt2_no_index/tables_REL_GPT2_no_idx0/relation_bootstrap/relation_raw_iso_gpt2.csv
gpt2,GPT-2: MEAN vs LAST,relation_type,IsoScore,iso,iso,amod,amod,2,0.0004483512602746,0.0223126858472824,75.0,74.0,plots_extra/metrics/features/relations/mean/gpt2/tables/iso_gpt2_relation.csv,gpt2_no_index/tables_REL_GPT2_no_idx0/relation_bootstrap/relation_raw_iso_gpt2.csv
gpt2,GPT-2: MEAN vs LAST,relation_type,IsoScore,iso,iso,amod,amod,3,3.2113144698087126e-05,0.0225028712302446,41.0,77.0,plots_extra/metrics/features/relations/mean/gpt2/tables/iso_gpt2_relation.csv,gpt2_no_index/tables_REL_GPT2_no_idx0/relation_bootstrap/relation_raw_iso_gpt2.csv
gpt2,GPT-2: MEAN vs LAST,relation_type,IsoScore,iso,iso,amod,amod,4,3.5876393667422235e-05,0.0246914848685264,44.0,87.0,plots_extra/metrics/features/relations/mean/gpt2/tables/iso_gpt2_relation.csv,gpt2_no_index/tables_REL_GPT2_no_idx0/relation_bootstrap/relation_raw_iso_gpt2.csv
gpt2,GPT-2: MEAN vs LAST,relation_type,IsoScore,iso,iso,amod,amod,5,3.951099279220216e-05,0.02583590708673,48.0,94.0,plots_extra/metrics/features/relations/mean/gpt2/tables/iso_gpt2_relation.csv,gpt2_no_index/tables_REL_GPT2_no_idx0/relation_bootstrap/relation_raw_iso_gpt2.csv
gpt2,GPT-2: MEAN vs LAST,relation_type,IsoScore,iso,iso,amod,amod,6,4.532455204753205e-05,0.0266472417861223,51.0,99.0,plots_extra/metrics/features/relations/mean/gpt2/tables/iso_gpt2_relation.csv,gpt2_no_index/tables_REL_GPT2_no_idx0/relation_bootstrap/relation_raw_iso_gpt2.csv
gpt2,GPT-2: MEAN vs LAST,relation_type,IsoScore,iso,iso,amod,amod,7,5.460187094286084e-05,0.0273196939378976,54.0,106.0,plots_extra/metrics/features/relations/mean/gpt2/tables/iso_gpt2_relation.csv,gpt2_no_index/tables_REL_GPT2_no_idx0/relation_bootstrap/relation_raw_iso_gpt2.csv
gpt2,GPT-2: MEAN vs LAST,relation_type,IsoScore,iso,iso,amod,amod,8,6.952397234272212e-05,0.027193084359169,57.0,104.0,plots_extra/metrics/features/relations/mean/gpt2/tables/iso_gpt2_relation.csv,gpt2_no_index/tables_REL_GPT2_no_idx0/relation_bootstrap/relation_raw_iso_gpt2.csv
gpt2,GPT-2: MEAN vs LAST,relation_type,IsoScore,iso,iso,amod,amod,9,9.233599848812446e-05,0.0306528061628341,61.0,124.0,plots_extra/metrics/features/relations/mean/gpt2/tables/iso_gpt2_relation.csv,gpt2_no_index/tables_REL_GPT2_no_idx0/relation_bootstrap/relation_raw_iso_gpt2.csv
gpt2,GPT-2: MEAN vs LAST,relation_type,IsoScore,iso,iso,amod,amod,10,0.0001288118946831,0.0310709048062562,66.0,127.0,plots_extra/metrics/features/relations/mean/gpt2/tables/iso_gpt2_relation.csv,gpt2_no_index/tables_REL_GPT2_no_idx0/relation_bootstrap/relation_raw_iso_gpt2.csv
gpt2,GPT-2: MEAN vs LAST,relation_type,IsoScore,iso,iso,amod,amod,11,0.0001898874324979,0.0187116637825965,67.0,64.0,plots_extra/metrics/features/relations/mean/gpt2/tables/iso_gpt2_relation.csv,gpt2_no_index/tables_REL_GPT2_no_idx0/relation_bootstrap/relation_raw_iso_gpt2.csv
gpt2,GPT-2: MEAN vs LAST,relation_type,IsoScore,iso,iso,amod,amod,12,0.0011848693247884,0.0020504184067249,89.0,9.0,plots_extra/metrics/features/relations/mean/gpt2/tables/iso_gpt2_relation.csv,gpt2_no_index/tables_REL_GPT2_no_idx0/relation_bootstrap/relation_raw_iso_gpt2.csv
gpt2,GPT-2: MEAN vs LAST,relation_type,IsoScore,iso,iso,case,case,0,0.0060515035875141,0.0040138028562068,100.0,12.0,plots_extra/metrics/features/relations/mean/gpt2/tables/iso_gpt2_relation.csv,gpt2_no_index/tables_REL_GPT2_no_idx0/relation_bootstrap/relation_raw_iso_gpt2.csv
gpt2,GPT-2: MEAN vs LAST,relation_type,IsoScore,iso,iso,case,case,1,0.0028806361369788,0.00868253223598,96.0,29.0,plots_extra/metrics/features/relations/mean/gpt2/tables/iso_gpt2_relation.csv,gpt2_no_index/tables_REL_GPT2_no_idx0/relation_bootstrap/relation_raw_iso_gpt2.csv
gpt2,GPT-2: MEAN vs LAST,relation_type,IsoScore,iso,iso,case,case,2,0.0001151172691606,0.012224500067532,63.0,44.0,plots_extra/metrics/features/relations/mean/gpt2/tables/iso_gpt2_relation.csv,gpt2_no_index/tables_REL_GPT2_no_idx0/relation_bootstrap/relation_raw_iso_gpt2.csv
gpt2,GPT-2: MEAN vs LAST,relation_type,IsoScore,iso,iso,case,case,3,9.767541996552607e-06,0.0144768059253692,19.0,52.0,plots_extra/metrics/features/relations/mean/gpt2/tables/iso_gpt2_relation.csv,gpt2_no_index/tables_REL_GPT2_no_idx0/relation_bootstrap/relation_raw_iso_gpt2.csv
gpt2,GPT-2: MEAN vs LAST,relation_type,IsoScore,iso,iso,case,case,4,1.2958649676875211e-05,0.0184444207698106,24.0,63.0,plots_extra/metrics/features/relations/mean/gpt2/tables/iso_gpt2_relation.csv,gpt2_no_index/tables_REL_GPT2_no_idx0/relation_bootstrap/relation_raw_iso_gpt2.csv
gpt2,GPT-2: MEAN vs LAST,relation_type,IsoScore,iso,iso,case,case,5,1.5977233488229103e-05,0.0218489747494459,28.0,71.0,plots_extra/metrics/features/relations/mean/gpt2/tables/iso_gpt2_relation.csv,gpt2_no_index/tables_REL_GPT2_no_idx0/relation_bootstrap/relation_raw_iso_gpt2.csv
gpt2,GPT-2: MEAN vs LAST,relation_type,IsoScore,iso,iso,case,case,6,2.0821917132707316e-05,0.0252752676606178,33.0,90.0,plots_extra/metrics/features/relations/mean/gpt2/tables/iso_gpt2_relation.csv,gpt2_no_index/tables_REL_GPT2_no_idx0/relation_bootstrap/relation_raw_iso_gpt2.csv
gpt2,GPT-2: MEAN vs LAST,relation_type,IsoScore,iso,iso,case,case,7,2.6789421099238098e-05,0.0267905090004205,36.0,101.0,plots_extra/metrics/features/relations/mean/gpt2/tables/iso_gpt2_relation.csv,gpt2_no_index/tables_REL_GPT2_no_idx0/relation_bootstrap/relation_raw_iso_gpt2.csv
gpt2,GPT-2: MEAN vs LAST,relation_type,IsoScore,iso,iso,case,case,8,3.594351073843427e-05,0.0276193022727966,45.0,110.0,plots_extra/metrics/features/relations/mean/gpt2/tables/iso_gpt2_relation.csv,gpt2_no_index/tables_REL_GPT2_no_idx0/relation_bootstrap/relation_raw_iso_gpt2.csv
gpt2,GPT-2: MEAN vs LAST,relation_type,IsoScore,iso,iso,case,case,9,5.2357827371452e-05,0.0261033661663532,53.0,97.0,plots_extra/metrics/features/relations/mean/gpt2/tables/iso_gpt2_relation.csv,gpt2_no_index/tables_REL_GPT2_no_idx0/relation_bootstrap/relation_raw_iso_gpt2.csv
gpt2,GPT-2: MEAN vs LAST,relation_type,IsoScore,iso,iso,case,case,10,8.111245551845059e-05,0.0282162260264158,58.0,113.0,plots_extra/metrics/features/relations/mean/gpt2/tables/iso_gpt2_relation.csv,gpt2_no_index/tables_REL_GPT2_no_idx0/relation_bootstrap/relation_raw_iso_gpt2.csv
gpt2,GPT-2: MEAN vs LAST,relation_type,IsoScore,iso,iso,case,case,11,0.0001278972049476,0.0149766942486166,65.0,54.0,plots_extra/metrics/features/relations/mean/gpt2/tables/iso_gpt2_relation.csv,gpt2_no_index/tables_REL_GPT2_no_idx0/relation_bootstrap/relation_raw_iso_gpt2.csv
gpt2,GPT-2: MEAN vs LAST,relation_type,IsoScore,iso,iso,case,case,12,0.0009379038820043,0.0018737600184977,86.0,8.0,plots_extra/metrics/features/relations/mean/gpt2/tables/iso_gpt2_relation.csv,gpt2_no_index/tables_REL_GPT2_no_idx0/relation_bootstrap/relation_raw_iso_gpt2.csv
gpt2,GPT-2: MEAN vs LAST,relation_type,IsoScore,iso,iso,conj,conj,0,0.0537162609398365,0.0104256775230169,116.0,38.0,plots_extra/metrics/features/relations/mean/gpt2/tables/iso_gpt2_relation.csv,gpt2_no_index/tables_REL_GPT2_no_idx0/relation_bootstrap/relation_raw_iso_gpt2.csv
gpt2,GPT-2: MEAN vs LAST,relation_type,IsoScore,iso,iso,conj,conj,1,0.1237229332327842,0.0221038609743118,121.0,72.0,plots_extra/metrics/features/relations/mean/gpt2/tables/iso_gpt2_relation.csv,gpt2_no_index/tables_REL_GPT2_no_idx0/relation_bootstrap/relation_raw_iso_gpt2.csv
gpt2,GPT-2: MEAN vs LAST,relation_type,IsoScore,iso,iso,conj,conj,2,0.1541918367147445,0.0277210399508476,123.0,111.0,plots_extra/metrics/features/relations/mean/gpt2/tables/iso_gpt2_relation.csv,gpt2_no_index/tables_REL_GPT2_no_idx0/relation_bootstrap/relation_raw_iso_gpt2.csv
gpt2,GPT-2: MEAN vs LAST,relation_type,IsoScore,iso,iso,conj,conj,3,0.1654103100299835,0.0294446069747209,126.0,120.0,plots_extra/metrics/features/relations/mean/gpt2/tables/iso_gpt2_relation.csv,gpt2_no_index/tables_REL_GPT2_no_idx0/relation_bootstrap/relation_raw_iso_gpt2.csv
gpt2,GPT-2: MEAN vs LAST,relation_type,IsoScore,iso,iso,conj,conj,4,0.1738567501306533,0.0309347510337829,129.0,126.0,plots_extra/metrics/features/relations/mean/gpt2/tables/iso_gpt2_relation.csv,gpt2_no_index/tables_REL_GPT2_no_idx0/relation_bootstrap/relation_raw_iso_gpt2.csv
gpt2,GPT-2: MEAN vs LAST,relation_type,IsoScore,iso,iso,conj,conj,5,0.1743777245283126,0.0302322749048471,130.0,121.0,plots_extra/metrics/features/relations/mean/gpt2/tables/iso_gpt2_relation.csv,gpt2_no_index/tables_REL_GPT2_no_idx0/relation_bootstrap/relation_raw_iso_gpt2.csv
gpt2,GPT-2: MEAN vs LAST,relation_type,IsoScore,iso,iso,conj,conj,6,0.1700512617826461,0.0275960844010114,128.0,109.0,plots_extra/metrics/features/relations/mean/gpt2/tables/iso_gpt2_relation.csv,gpt2_no_index/tables_REL_GPT2_no_idx0/relation_bootstrap/relation_raw_iso_gpt2.csv
gpt2,GPT-2: MEAN vs LAST,relation_type,IsoScore,iso,iso,conj,conj,7,0.1654876619577407,0.0251407641917467,127.0,89.0,plots_extra/metrics/features/relations/mean/gpt2/tables/iso_gpt2_relation.csv,gpt2_no_index/tables_REL_GPT2_no_idx0/relation_bootstrap/relation_raw_iso_gpt2.csv
gpt2,GPT-2: MEAN vs LAST,relation_type,IsoScore,iso,iso,conj,conj,8,0.1576439440250396,0.0229580514132976,125.0,80.0,plots_extra/metrics/features/relations/mean/gpt2/tables/iso_gpt2_relation.csv,gpt2_no_index/tables_REL_GPT2_no_idx0/relation_bootstrap/relation_raw_iso_gpt2.csv
gpt2,GPT-2: MEAN vs LAST,relation_type,IsoScore,iso,iso,conj,conj,9,0.1562343686819076,0.0235882233828306,124.0,83.0,plots_extra/metrics/features/relations/mean/gpt2/tables/iso_gpt2_relation.csv,gpt2_no_index/tables_REL_GPT2_no_idx0/relation_bootstrap/relation_raw_iso_gpt2.csv
gpt2,GPT-2: MEAN vs LAST,relation_type,IsoScore,iso,iso,conj,conj,10,0.1451001018285751,0.0223881863057613,122.0,76.0,plots_extra/metrics/features/relations/mean/gpt2/tables/iso_gpt2_relation.csv,gpt2_no_index/tables_REL_GPT2_no_idx0/relation_bootstrap/relation_raw_iso_gpt2.csv
gpt2,GPT-2: MEAN vs LAST,relation_type,IsoScore,iso,iso,conj,conj,11,0.116799809038639,0.0190934147685766,120.0,65.0,plots_extra/metrics/features/relations/mean/gpt2/tables/iso_gpt2_relation.csv,gpt2_no_index/tables_REL_GPT2_no_idx0/relation_bootstrap/relation_raw_iso_gpt2.csv
gpt2,GPT-2: MEAN vs LAST,relation_type,IsoScore,iso,iso,conj,conj,12,0.0008402935345657,0.0016586689744144,85.0,1.0,plots_extra/metrics/features/relations/mean/gpt2/tables/iso_gpt2_relation.csv,gpt2_no_index/tables_REL_GPT2_no_idx0/relation_bootstrap/relation_raw_iso_gpt2.csv
gpt2,GPT-2: MEAN vs LAST,relation_type,IsoScore,iso,iso,det,det,0,0.0019866598304361,0.0028982190415263,92.0,11.0,plots_extra/metrics/features/relations/mean/gpt2/tables/iso_gpt2_relation.csv,gpt2_no_index/tables_REL_GPT2_no_idx0/relation_bootstrap/relation_raw_iso_gpt2.csv
gpt2,GPT-2: MEAN vs LAST,relation_type,IsoScore,iso,iso,det,det,1,0.0006716599455103,0.0054022525437176,80.0,15.0,plots_extra/metrics/features/relations/mean/gpt2/tables/iso_gpt2_relation.csv,gpt2_no_index/tables_REL_GPT2_no_idx0/relation_bootstrap/relation_raw_iso_gpt2.csv
gpt2,GPT-2: MEAN vs LAST,relation_type,IsoScore,iso,iso,det,det,2,3.404142626095563e-05,0.0049752085469663,43.0,14.0,plots_extra/metrics/features/relations/mean/gpt2/tables/iso_gpt2_relation.csv,gpt2_no_index/tables_REL_GPT2_no_idx0/relation_bootstrap/relation_raw_iso_gpt2.csv
gpt2,GPT-2: MEAN vs LAST,relation_type,IsoScore,iso,iso,det,det,3,3.0386947855731705e-06,0.0059289513155817,2.0,16.0,plots_extra/metrics/features/relations/mean/gpt2/tables/iso_gpt2_relation.csv,gpt2_no_index/tables_REL_GPT2_no_idx0/relation_bootstrap/relation_raw_iso_gpt2.csv
gpt2,GPT-2: MEAN vs LAST,relation_type,IsoScore,iso,iso,det,det,4,3.925625605916139e-06,0.0074792746454477,5.0,23.0,plots_extra/metrics/features/relations/mean/gpt2/tables/iso_gpt2_relation.csv,gpt2_no_index/tables_REL_GPT2_no_idx0/relation_bootstrap/relation_raw_iso_gpt2.csv
gpt2,GPT-2: MEAN vs LAST,relation_type,IsoScore,iso,iso,det,det,5,5.092972969578113e-06,0.0092258835211396,7.0,34.0,plots_extra/metrics/features/relations/mean/gpt2/tables/iso_gpt2_relation.csv,gpt2_no_index/tables_REL_GPT2_no_idx0/relation_bootstrap/relation_raw_iso_gpt2.csv
gpt2,GPT-2: MEAN vs LAST,relation_type,IsoScore,iso,iso,det,det,6,6.811876119172666e-06,0.01094900816679,10.0,41.0,plots_extra/metrics/features/relations/mean/gpt2/tables/iso_gpt2_relation.csv,gpt2_no_index/tables_REL_GPT2_no_idx0/relation_bootstrap/relation_raw_iso_gpt2.csv
gpt2,GPT-2: MEAN vs LAST,relation_type,IsoScore,iso,iso,det,det,7,8.943375178205315e-06,0.0118549577891826,15.0,43.0,plots_extra/metrics/features/relations/mean/gpt2/tables/iso_gpt2_relation.csv,gpt2_no_index/tables_REL_GPT2_no_idx0/relation_bootstrap/relation_raw_iso_gpt2.csv
gpt2,GPT-2: MEAN vs LAST,relation_type,IsoScore,iso,iso,det,det,8,1.2604717994690873e-05,0.0126747218891978,23.0,46.0,plots_extra/metrics/features/relations/mean/gpt2/tables/iso_gpt2_relation.csv,gpt2_no_index/tables_REL_GPT2_no_idx0/relation_bootstrap/relation_raw_iso_gpt2.csv
gpt2,GPT-2: MEAN vs LAST,relation_type,IsoScore,iso,iso,det,det,9,1.9498125766403973e-05,0.0143942097201943,30.0,51.0,plots_extra/metrics/features/relations/mean/gpt2/tables/iso_gpt2_relation.csv,gpt2_no_index/tables_REL_GPT2_no_idx0/relation_bootstrap/relation_raw_iso_gpt2.csv
gpt2,GPT-2: MEAN vs LAST,relation_type,IsoScore,iso,iso,det,det,10,3.099661262240261e-05,0.0153255714103579,40.0,57.0,plots_extra/metrics/features/relations/mean/gpt2/tables/iso_gpt2_relation.csv,gpt2_no_index/tables_REL_GPT2_no_idx0/relation_bootstrap/relation_raw_iso_gpt2.csv
gpt2,GPT-2: MEAN vs LAST,relation_type,IsoScore,iso,iso,det,det,11,4.990504385204986e-05,0.0123183391988277,52.0,45.0,plots_extra/metrics/features/relations/mean/gpt2/tables/iso_gpt2_relation.csv,gpt2_no_index/tables_REL_GPT2_no_idx0/relation_bootstrap/relation_raw_iso_gpt2.csv
gpt2,GPT-2: MEAN vs LAST,relation_type,IsoScore,iso,iso,det,det,12,0.000649832363706,0.0023924114648252,79.0,10.0,plots_extra/metrics/features/relations/mean/gpt2/tables/iso_gpt2_relation.csv,gpt2_no_index/tables_REL_GPT2_no_idx0/relation_bootstrap/relation_raw_iso_gpt2.csv
gpt2,GPT-2: MEAN vs LAST,relation_type,IsoScore,iso,iso,nsubj,nsubj,0,0.0023602019064128,0.0061279260553419,94.0,19.0,plots_extra/metrics/features/relations/mean/gpt2/tables/iso_gpt2_relation.csv,gpt2_no_index/tables_REL_GPT2_no_idx0/relation_bootstrap/relation_raw_iso_gpt2.csv
gpt2,GPT-2: MEAN vs LAST,relation_type,IsoScore,iso,iso,nsubj,nsubj,1,0.0007844460196793,0.01015807967633,83.0,37.0,plots_extra/metrics/features/relations/mean/gpt2/tables/iso_gpt2_relation.csv,gpt2_no_index/tables_REL_GPT2_no_idx0/relation_bootstrap/relation_raw_iso_gpt2.csv
gpt2,GPT-2: MEAN vs LAST,relation_type,IsoScore,iso,iso,nsubj,nsubj,2,3.901974196196534e-05,0.0107041224837303,47.0,40.0,plots_extra/metrics/features/relations/mean/gpt2/tables/iso_gpt2_relation.csv,gpt2_no_index/tables_REL_GPT2_no_idx0/relation_bootstrap/relation_raw_iso_gpt2.csv
gpt2,GPT-2: MEAN vs LAST,relation_type,IsoScore,iso,iso,nsubj,nsubj,3,2.910410557888099e-06,0.0117196170613169,1.0,42.0,plots_extra/metrics/features/relations/mean/gpt2/tables/iso_gpt2_relation.csv,gpt2_no_index/tables_REL_GPT2_no_idx0/relation_bootstrap/relation_raw_iso_gpt2.csv
gpt2,GPT-2: MEAN vs LAST,relation_type,IsoScore,iso,iso,nsubj,nsubj,4,3.251589532737853e-06,0.0127823697403073,3.0,47.0,plots_extra/metrics/features/relations/mean/gpt2/tables/iso_gpt2_relation.csv,gpt2_no_index/tables_REL_GPT2_no_idx0/relation_bootstrap/relation_raw_iso_gpt2.csv
gpt2,GPT-2: MEAN vs LAST,relation_type,IsoScore,iso,iso,nsubj,nsubj,5,3.625938916229643e-06,0.0133602460846304,4.0,49.0,plots_extra/metrics/features/relations/mean/gpt2/tables/iso_gpt2_relation.csv,gpt2_no_index/tables_REL_GPT2_no_idx0/relation_bootstrap/relation_raw_iso_gpt2.csv
gpt2,GPT-2: MEAN vs LAST,relation_type,IsoScore,iso,iso,nsubj,nsubj,6,4.255110525264172e-06,0.014052927494049,6.0,50.0,plots_extra/metrics/features/relations/mean/gpt2/tables/iso_gpt2_relation.csv,gpt2_no_index/tables_REL_GPT2_no_idx0/relation_bootstrap/relation_raw_iso_gpt2.csv
gpt2,GPT-2: MEAN vs LAST,relation_type,IsoScore,iso,iso,nsubj,nsubj,7,5.211235020396998e-06,0.0150093520060181,8.0,55.0,plots_extra/metrics/features/relations/mean/gpt2/tables/iso_gpt2_relation.csv,gpt2_no_index/tables_REL_GPT2_no_idx0/relation_bootstrap/relation_raw_iso_gpt2.csv
gpt2,GPT-2: MEAN vs LAST,relation_type,IsoScore,iso,iso,nsubj,nsubj,8,6.815086180722574e-06,0.0150207607075572,11.0,56.0,plots_extra/metrics/features/relations/mean/gpt2/tables/iso_gpt2_relation.csv,gpt2_no_index/tables_REL_GPT2_no_idx0/relation_bootstrap/relation_raw_iso_gpt2.csv
gpt2,GPT-2: MEAN vs LAST,relation_type,IsoScore,iso,iso,nsubj,nsubj,9,9.339270945929457e-06,0.0155001282691955,17.0,58.0,plots_extra/metrics/features/relations/mean/gpt2/tables/iso_gpt2_relation.csv,gpt2_no_index/tables_REL_GPT2_no_idx0/relation_bootstrap/relation_raw_iso_gpt2.csv
gpt2,GPT-2: MEAN vs LAST,relation_type,IsoScore,iso,iso,nsubj,nsubj,10,1.324060303886654e-05,0.0157085582613945,25.0,59.0,plots_extra/metrics/features/relations/mean/gpt2/tables/iso_gpt2_relation.csv,gpt2_no_index/tables_REL_GPT2_no_idx0/relation_bootstrap/relation_raw_iso_gpt2.csv
gpt2,GPT-2: MEAN vs LAST,relation_type,IsoScore,iso,iso,nsubj,nsubj,11,2.1734711481258277e-05,0.0097648622468113,34.0,36.0,plots_extra/metrics/features/relations/mean/gpt2/tables/iso_gpt2_relation.csv,gpt2_no_index/tables_REL_GPT2_no_idx0/relation_bootstrap/relation_raw_iso_gpt2.csv
gpt2,GPT-2: MEAN vs LAST,relation_type,IsoScore,iso,iso,nsubj,nsubj,12,0.0002929922484327,0.0016763443127274,70.0,4.0,plots_extra/metrics/features/relations/mean/gpt2/tables/iso_gpt2_relation.csv,gpt2_no_index/tables_REL_GPT2_no_idx0/relation_bootstrap/relation_raw_iso_gpt2.csv
gpt2,GPT-2: MEAN vs LAST,relation_type,IsoScore,iso,iso,obj,obj,0,0.0423311851918697,0.0090729780495166,113.0,33.0,plots_extra/metrics/features/relations/mean/gpt2/tables/iso_gpt2_relation.csv,gpt2_no_index/tables_REL_GPT2_no_idx0/relation_bootstrap/relation_raw_iso_gpt2.csv
gpt2,GPT-2: MEAN vs LAST,relation_type,IsoScore,iso,iso,obj,obj,1,0.0856963247060775,0.018259996548295,117.0,62.0,plots_extra/metrics/features/relations/mean/gpt2/tables/iso_gpt2_relation.csv,gpt2_no_index/tables_REL_GPT2_no_idx0/relation_bootstrap/relation_raw_iso_gpt2.csv
gpt2,GPT-2: MEAN vs LAST,relation_type,IsoScore,iso,iso,obj,obj,2,0.0060738092288374,0.0191571172326803,101.0,66.0,plots_extra/metrics/features/relations/mean/gpt2/tables/iso_gpt2_relation.csv,gpt2_no_index/tables_REL_GPT2_no_idx0/relation_bootstrap/relation_raw_iso_gpt2.csv
gpt2,GPT-2: MEAN vs LAST,relation_type,IsoScore,iso,iso,obj,obj,3,0.0003014517133124,0.0206590555608272,71.0,69.0,plots_extra/metrics/features/relations/mean/gpt2/tables/iso_gpt2_relation.csv,gpt2_no_index/tables_REL_GPT2_no_idx0/relation_bootstrap/relation_raw_iso_gpt2.csv
gpt2,GPT-2: MEAN vs LAST,relation_type,IsoScore,iso,iso,obj,obj,4,0.0003409028577152,0.0226430539041757,72.0,78.0,plots_extra/metrics/features/relations/mean/gpt2/tables/iso_gpt2_relation.csv,gpt2_no_index/tables_REL_GPT2_no_idx0/relation_bootstrap/relation_raw_iso_gpt2.csv
gpt2,GPT-2: MEAN vs LAST,relation_type,IsoScore,iso,iso,obj,obj,5,0.0003808065375778,0.0239397287368774,73.0,84.0,plots_extra/metrics/features/relations/mean/gpt2/tables/iso_gpt2_relation.csv,gpt2_no_index/tables_REL_GPT2_no_idx0/relation_bootstrap/relation_raw_iso_gpt2.csv
gpt2,GPT-2: MEAN vs LAST,relation_type,IsoScore,iso,iso,obj,obj,6,0.0004461973439902,0.0267069451510906,74.0,100.0,plots_extra/metrics/features/relations/mean/gpt2/tables/iso_gpt2_relation.csv,gpt2_no_index/tables_REL_GPT2_no_idx0/relation_bootstrap/relation_raw_iso_gpt2.csv
gpt2,GPT-2: MEAN vs LAST,relation_type,IsoScore,iso,iso,obj,obj,7,0.0005400173249654,0.027450269088149,76.0,108.0,plots_extra/metrics/features/relations/mean/gpt2/tables/iso_gpt2_relation.csv,gpt2_no_index/tables_REL_GPT2_no_idx0/relation_bootstrap/relation_raw_iso_gpt2.csv
gpt2,GPT-2: MEAN vs LAST,relation_type,IsoScore,iso,iso,obj,obj,8,0.0007015477167442,0.0262326952069997,82.0,98.0,plots_extra/metrics/features/relations/mean/gpt2/tables/iso_gpt2_relation.csv,gpt2_no_index/tables_REL_GPT2_no_idx0/relation_bootstrap/relation_raw_iso_gpt2.csv
gpt2,GPT-2: MEAN vs LAST,relation_type,IsoScore,iso,iso,obj,obj,9,0.0009526326321065,0.028904166072607,87.0,117.0,plots_extra/metrics/features/relations/mean/gpt2/tables/iso_gpt2_relation.csv,gpt2_no_index/tables_REL_GPT2_no_idx0/relation_bootstrap/relation_raw_iso_gpt2.csv
gpt2,GPT-2: MEAN vs LAST,relation_type,IsoScore,iso,iso,obj,obj,10,0.0013830143725499,0.0348551571369171,90.0,130.0,plots_extra/metrics/features/relations/mean/gpt2/tables/iso_gpt2_relation.csv,gpt2_no_index/tables_REL_GPT2_no_idx0/relation_bootstrap/relation_raw_iso_gpt2.csv
gpt2,GPT-2: MEAN vs LAST,relation_type,IsoScore,iso,iso,obj,obj,11,0.0023022671230137,0.0260518435388803,93.0,95.0,plots_extra/metrics/features/relations/mean/gpt2/tables/iso_gpt2_relation.csv,gpt2_no_index/tables_REL_GPT2_no_idx0/relation_bootstrap/relation_raw_iso_gpt2.csv
gpt2,GPT-2: MEAN vs LAST,relation_type,IsoScore,iso,iso,obj,obj,12,0.0010326370829716,0.0017660279991105,88.0,6.0,plots_extra/metrics/features/relations/mean/gpt2/tables/iso_gpt2_relation.csv,gpt2_no_index/tables_REL_GPT2_no_idx0/relation_bootstrap/relation_raw_iso_gpt2.csv
gpt2,GPT-2: MEAN vs LAST,relation_type,IsoScore,iso,iso,obl,obl,0,0.047586116939783,0.0096718547865748,115.0,35.0,plots_extra/metrics/features/relations/mean/gpt2/tables/iso_gpt2_relation.csv,gpt2_no_index/tables_REL_GPT2_no_idx0/relation_bootstrap/relation_raw_iso_gpt2.csv
gpt2,GPT-2: MEAN vs LAST,relation_type,IsoScore,iso,iso,obl,obl,1,0.1115729957818985,0.0204168334603309,119.0,68.0,plots_extra/metrics/features/relations/mean/gpt2/tables/iso_gpt2_relation.csv,gpt2_no_index/tables_REL_GPT2_no_idx0/relation_bootstrap/relation_raw_iso_gpt2.csv
gpt2,GPT-2: MEAN vs LAST,relation_type,IsoScore,iso,iso,obl,obl,2,0.0970994904637336,0.0272991470992565,118.0,105.0,plots_extra/metrics/features/relations/mean/gpt2/tables/iso_gpt2_relation.csv,gpt2_no_index/tables_REL_GPT2_no_idx0/relation_bootstrap/relation_raw_iso_gpt2.csv
gpt2,GPT-2: MEAN vs LAST,relation_type,IsoScore,iso,iso,obl,obl,3,0.0122678168118,0.025564881041646,103.0,93.0,plots_extra/metrics/features/relations/mean/gpt2/tables/iso_gpt2_relation.csv,gpt2_no_index/tables_REL_GPT2_no_idx0/relation_bootstrap/relation_raw_iso_gpt2.csv
gpt2,GPT-2: MEAN vs LAST,relation_type,IsoScore,iso,iso,obl,obl,4,0.0137204993516206,0.0273671578615903,105.0,107.0,plots_extra/metrics/features/relations/mean/gpt2/tables/iso_gpt2_relation.csv,gpt2_no_index/tables_REL_GPT2_no_idx0/relation_bootstrap/relation_raw_iso_gpt2.csv
gpt2,GPT-2: MEAN vs LAST,relation_type,IsoScore,iso,iso,obl,obl,5,0.0148226395249366,0.0284241922199726,106.0,114.0,plots_extra/metrics/features/relations/mean/gpt2/tables/iso_gpt2_relation.csv,gpt2_no_index/tables_REL_GPT2_no_idx0/relation_bootstrap/relation_raw_iso_gpt2.csv
gpt2,GPT-2: MEAN vs LAST,relation_type,IsoScore,iso,iso,obl,obl,6,0.0165043473243713,0.0308075435459613,107.0,125.0,plots_extra/metrics/features/relations/mean/gpt2/tables/iso_gpt2_relation.csv,gpt2_no_index/tables_REL_GPT2_no_idx0/relation_bootstrap/relation_raw_iso_gpt2.csv
gpt2,GPT-2: MEAN vs LAST,relation_type,IsoScore,iso,iso,obl,obl,7,0.0183829944580793,0.0286229345947504,108.0,116.0,plots_extra/metrics/features/relations/mean/gpt2/tables/iso_gpt2_relation.csv,gpt2_no_index/tables_REL_GPT2_no_idx0/relation_bootstrap/relation_raw_iso_gpt2.csv
gpt2,GPT-2: MEAN vs LAST,relation_type,IsoScore,iso,iso,obl,obl,8,0.0221159812062978,0.0269168429076671,109.0,103.0,plots_extra/metrics/features/relations/mean/gpt2/tables/iso_gpt2_relation.csv,gpt2_no_index/tables_REL_GPT2_no_idx0/relation_bootstrap/relation_raw_iso_gpt2.csv
gpt2,GPT-2: MEAN vs LAST,relation_type,IsoScore,iso,iso,obl,obl,9,0.0280047096312046,0.0292917117476463,111.0,119.0,plots_extra/metrics/features/relations/mean/gpt2/tables/iso_gpt2_relation.csv,gpt2_no_index/tables_REL_GPT2_no_idx0/relation_bootstrap/relation_raw_iso_gpt2.csv
gpt2,GPT-2: MEAN vs LAST,relation_type,IsoScore,iso,iso,obl,obl,10,0.037910308688879,0.0343913584947586,112.0,129.0,plots_extra/metrics/features/relations/mean/gpt2/tables/iso_gpt2_relation.csv,gpt2_no_index/tables_REL_GPT2_no_idx0/relation_bootstrap/relation_raw_iso_gpt2.csv
gpt2,GPT-2: MEAN vs LAST,relation_type,IsoScore,iso,iso,obl,obl,11,0.047113187611103,0.0201877076178789,114.0,67.0,plots_extra/metrics/features/relations/mean/gpt2/tables/iso_gpt2_relation.csv,gpt2_no_index/tables_REL_GPT2_no_idx0/relation_bootstrap/relation_raw_iso_gpt2.csv
gpt2,GPT-2: MEAN vs LAST,relation_type,IsoScore,iso,iso,obl,obl,12,0.0008254265412688,0.001666331780143,84.0,2.0,plots_extra/metrics/features/relations/mean/gpt2/tables/iso_gpt2_relation.csv,gpt2_no_index/tables_REL_GPT2_no_idx0/relation_bootstrap/relation_raw_iso_gpt2.csv
gpt2,GPT-2: MEAN vs LAST,relation_type,IsoScore,iso,iso,punct,punct,0,0.0083368998020887,0.0044317292049527,102.0,13.0,plots_extra/metrics/features/relations/mean/gpt2/tables/iso_gpt2_relation.csv,gpt2_no_index/tables_REL_GPT2_no_idx0/relation_bootstrap/relation_raw_iso_gpt2.csv
gpt2,GPT-2: MEAN vs LAST,relation_type,IsoScore,iso,iso,punct,punct,1,0.0059464294463396,0.0061098160222172,98.0,17.0,plots_extra/metrics/features/relations/mean/gpt2/tables/iso_gpt2_relation.csv,gpt2_no_index/tables_REL_GPT2_no_idx0/relation_bootstrap/relation_raw_iso_gpt2.csv
gpt2,GPT-2: MEAN vs LAST,relation_type,IsoScore,iso,iso,punct,punct,2,0.0002526073658373,0.0061132032424211,69.0,18.0,plots_extra/metrics/features/relations/mean/gpt2/tables/iso_gpt2_relation.csv,gpt2_no_index/tables_REL_GPT2_no_idx0/relation_bootstrap/relation_raw_iso_gpt2.csv
gpt2,GPT-2: MEAN vs LAST,relation_type,IsoScore,iso,iso,punct,punct,3,2.0377778128022328e-05,0.0069181583821773,32.0,21.0,plots_extra/metrics/features/relations/mean/gpt2/tables/iso_gpt2_relation.csv,gpt2_no_index/tables_REL_GPT2_no_idx0/relation_bootstrap/relation_raw_iso_gpt2.csv
gpt2,GPT-2: MEAN vs LAST,relation_type,IsoScore,iso,iso,punct,punct,4,2.359299105592072e-05,0.0074566095136106,35.0,22.0,plots_extra/metrics/features/relations/mean/gpt2/tables/iso_gpt2_relation.csv,gpt2_no_index/tables_REL_GPT2_no_idx0/relation_bootstrap/relation_raw_iso_gpt2.csv
gpt2,GPT-2: MEAN vs LAST,relation_type,IsoScore,iso,iso,punct,punct,5,2.8229094823473133e-05,0.008067256771028,39.0,25.0,plots_extra/metrics/features/relations/mean/gpt2/tables/iso_gpt2_relation.csv,gpt2_no_index/tables_REL_GPT2_no_idx0/relation_bootstrap/relation_raw_iso_gpt2.csv
gpt2,GPT-2: MEAN vs LAST,relation_type,IsoScore,iso,iso,punct,punct,6,3.375501182745211e-05,0.0085733104497194,42.0,27.0,plots_extra/metrics/features/relations/mean/gpt2/tables/iso_gpt2_relation.csv,gpt2_no_index/tables_REL_GPT2_no_idx0/relation_bootstrap/relation_raw_iso_gpt2.csv
gpt2,GPT-2: MEAN vs LAST,relation_type,IsoScore,iso,iso,punct,punct,7,4.5069515181239694e-05,0.0086085526272654,50.0,28.0,plots_extra/metrics/features/relations/mean/gpt2/tables/iso_gpt2_relation.csv,gpt2_no_index/tables_REL_GPT2_no_idx0/relation_bootstrap/relation_raw_iso_gpt2.csv
gpt2,GPT-2: MEAN vs LAST,relation_type,IsoScore,iso,iso,punct,punct,8,6.119245517766103e-05,0.008687968365848,55.0,30.0,plots_extra/metrics/features/relations/mean/gpt2/tables/iso_gpt2_relation.csv,gpt2_no_index/tables_REL_GPT2_no_idx0/relation_bootstrap/relation_raw_iso_gpt2.csv
gpt2,GPT-2: MEAN vs LAST,relation_type,IsoScore,iso,iso,punct,punct,9,8.584414172219113e-05,0.0089783379808068,59.0,31.0,plots_extra/metrics/features/relations/mean/gpt2/tables/iso_gpt2_relation.csv,gpt2_no_index/tables_REL_GPT2_no_idx0/relation_bootstrap/relation_raw_iso_gpt2.csv
gpt2,GPT-2: MEAN vs LAST,relation_type,IsoScore,iso,iso,punct,punct,10,0.0001245285675395,0.0090575544163584,64.0,32.0,plots_extra/metrics/features/relations/mean/gpt2/tables/iso_gpt2_relation.csv,gpt2_no_index/tables_REL_GPT2_no_idx0/relation_bootstrap/relation_raw_iso_gpt2.csv
gpt2,GPT-2: MEAN vs LAST,relation_type,IsoScore,iso,iso,punct,punct,11,0.0002053163188975,0.0105055496096611,68.0,39.0,plots_extra/metrics/features/relations/mean/gpt2/tables/iso_gpt2_relation.csv,gpt2_no_index/tables_REL_GPT2_no_idx0/relation_bootstrap/relation_raw_iso_gpt2.csv
gpt2,GPT-2: MEAN vs LAST,relation_type,IsoScore,iso,iso,punct,punct,12,0.0006869364297017,0.0016702457796782,81.0,3.0,plots_extra/metrics/features/relations/mean/gpt2/tables/iso_gpt2_relation.csv,gpt2_no_index/tables_REL_GPT2_no_idx0/relation_bootstrap/relation_raw_iso_gpt2.csv
gpt2,GPT-2: MEAN vs LAST,relation_type,IsoScore,iso,iso,root,root,0,0.0060381139628589,0.0080616902559995,99.0,24.0,plots_extra/metrics/features/relations/mean/gpt2/tables/iso_gpt2_relation.csv,gpt2_no_index/tables_REL_GPT2_no_idx0/relation_bootstrap/relation_raw_iso_gpt2.csv
gpt2,GPT-2: MEAN vs LAST,relation_type,IsoScore,iso,iso,root,root,1,0.0019304733723402,0.0226787645369768,91.0,79.0,plots_extra/metrics/features/relations/mean/gpt2/tables/iso_gpt2_relation.csv,gpt2_no_index/tables_REL_GPT2_no_idx0/relation_bootstrap/relation_raw_iso_gpt2.csv
gpt2,GPT-2: MEAN vs LAST,relation_type,IsoScore,iso,iso,root,root,2,8.670380339026451e-05,0.0247367117553949,60.0,88.0,plots_extra/metrics/features/relations/mean/gpt2/tables/iso_gpt2_relation.csv,gpt2_no_index/tables_REL_GPT2_no_idx0/relation_bootstrap/relation_raw_iso_gpt2.csv
gpt2,GPT-2: MEAN vs LAST,relation_type,IsoScore,iso,iso,root,root,3,6.589049007743597e-06,0.0267951488494873,9.0,102.0,plots_extra/metrics/features/relations/mean/gpt2/tables/iso_gpt2_relation.csv,gpt2_no_index/tables_REL_GPT2_no_idx0/relation_bootstrap/relation_raw_iso_gpt2.csv
gpt2,GPT-2: MEAN vs LAST,relation_type,IsoScore,iso,iso,root,root,4,7.4023109846166335e-06,0.0277604833245277,12.0,112.0,plots_extra/metrics/features/relations/mean/gpt2/tables/iso_gpt2_relation.csv,gpt2_no_index/tables_REL_GPT2_no_idx0/relation_bootstrap/relation_raw_iso_gpt2.csv
gpt2,GPT-2: MEAN vs LAST,relation_type,IsoScore,iso,iso,root,root,5,8.220309609896503e-06,0.0292383078485727,14.0,118.0,plots_extra/metrics/features/relations/mean/gpt2/tables/iso_gpt2_relation.csv,gpt2_no_index/tables_REL_GPT2_no_idx0/relation_bootstrap/relation_raw_iso_gpt2.csv
gpt2,GPT-2: MEAN vs LAST,relation_type,IsoScore,iso,iso,root,root,6,9.44705698202597e-06,0.0304419174790382,18.0,123.0,plots_extra/metrics/features/relations/mean/gpt2/tables/iso_gpt2_relation.csv,gpt2_no_index/tables_REL_GPT2_no_idx0/relation_bootstrap/relation_raw_iso_gpt2.csv
gpt2,GPT-2: MEAN vs LAST,relation_type,IsoScore,iso,iso,root,root,7,1.1421931958466304e-05,0.0310947205871343,21.0,128.0,plots_extra/metrics/features/relations/mean/gpt2/tables/iso_gpt2_relation.csv,gpt2_no_index/tables_REL_GPT2_no_idx0/relation_bootstrap/relation_raw_iso_gpt2.csv
gpt2,GPT-2: MEAN vs LAST,relation_type,IsoScore,iso,iso,root,root,8,1.452133437851444e-05,0.0303583052009344,26.0,122.0,plots_extra/metrics/features/relations/mean/gpt2/tables/iso_gpt2_relation.csv,gpt2_no_index/tables_REL_GPT2_no_idx0/relation_bootstrap/relation_raw_iso_gpt2.csv
gpt2,GPT-2: MEAN vs LAST,relation_type,IsoScore,iso,iso,root,root,9,1.9421522665652446e-05,0.0284639224410057,29.0,115.0,plots_extra/metrics/features/relations/mean/gpt2/tables/iso_gpt2_relation.csv,gpt2_no_index/tables_REL_GPT2_no_idx0/relation_bootstrap/relation_raw_iso_gpt2.csv
gpt2,GPT-2: MEAN vs LAST,relation_type,IsoScore,iso,iso,root,root,10,2.7226153179071844e-05,0.0223023537546396,38.0,73.0,plots_extra/metrics/features/relations/mean/gpt2/tables/iso_gpt2_relation.csv,gpt2_no_index/tables_REL_GPT2_no_idx0/relation_bootstrap/relation_raw_iso_gpt2.csv
gpt2,GPT-2: MEAN vs LAST,relation_type,IsoScore,iso,iso,root,root,11,4.190354229649529e-05,0.0129222245886921,49.0,48.0,plots_extra/metrics/features/relations/mean/gpt2/tables/iso_gpt2_relation.csv,gpt2_no_index/tables_REL_GPT2_no_idx0/relation_bootstrap/relation_raw_iso_gpt2.csv
gpt2,GPT-2: MEAN vs LAST,relation_type,IsoScore,iso,iso,root,root,12,0.0006206224206835,0.0018291196320205,78.0,7.0,plots_extra/metrics/features/relations/mean/gpt2/tables/iso_gpt2_relation.csv,gpt2_no_index/tables_REL_GPT2_no_idx0/relation_bootstrap/relation_raw_iso_gpt2.csv
gpt2,GPT-2: MEAN vs LAST,relation_type,LID,lpca99,lpca99,advmod,advmod,0,248.875,286.95001220703125,87.0,19.0,plots_extra/metrics/features/relations/mean/gpt2/tables/lpca99_gpt2_relation.csv,gpt2_no_index/tables_REL_GPT2_no_idx0/relation_bootstrap/relation_raw_lpca99_gpt2.csv
gpt2,GPT-2: MEAN vs LAST,relation_type,LID,lpca99,lpca99,advmod,advmod,1,252.75,355.45001220703125,88.0,21.0,plots_extra/metrics/features/relations/mean/gpt2/tables/lpca99_gpt2_relation.csv,gpt2_no_index/tables_REL_GPT2_no_idx0/relation_bootstrap/relation_raw_lpca99_gpt2.csv
gpt2,GPT-2: MEAN vs LAST,relation_type,LID,lpca99,lpca99,advmod,advmod,2,43.0,380.5499877929688,60.0,23.0,plots_extra/metrics/features/relations/mean/gpt2/tables/lpca99_gpt2_relation.csv,gpt2_no_index/tables_REL_GPT2_no_idx0/relation_bootstrap/relation_raw_lpca99_gpt2.csv
gpt2,GPT-2: MEAN vs LAST,relation_type,LID,lpca99,lpca99,advmod,advmod,3,1.0,483.7000122070313,17.5,26.0,plots_extra/metrics/features/relations/mean/gpt2/tables/lpca99_gpt2_relation.csv,gpt2_no_index/tables_REL_GPT2_no_idx0/relation_bootstrap/relation_raw_lpca99_gpt2.csv
gpt2,GPT-2: MEAN vs LAST,relation_type,LID,lpca99,lpca99,advmod,advmod,4,1.0,555.4500122070312,17.5,39.0,plots_extra/metrics/features/relations/mean/gpt2/tables/lpca99_gpt2_relation.csv,gpt2_no_index/tables_REL_GPT2_no_idx0/relation_bootstrap/relation_raw_lpca99_gpt2.csv
gpt2,GPT-2: MEAN vs LAST,relation_type,LID,lpca99,lpca99,advmod,advmod,5,1.0,588.7000122070312,17.5,54.0,plots_extra/metrics/features/relations/mean/gpt2/tables/lpca99_gpt2_relation.csv,gpt2_no_index/tables_REL_GPT2_no_idx0/relation_bootstrap/relation_raw_lpca99_gpt2.csv
gpt2,GPT-2: MEAN vs LAST,relation_type,LID,lpca99,lpca99,advmod,advmod,6,1.0,604.5499877929688,17.5,64.0,plots_extra/metrics/features/relations/mean/gpt2/tables/lpca99_gpt2_relation.csv,gpt2_no_index/tables_REL_GPT2_no_idx0/relation_bootstrap/relation_raw_lpca99_gpt2.csv
gpt2,GPT-2: MEAN vs LAST,relation_type,LID,lpca99,lpca99,advmod,advmod,7,1.0,618.5,17.5,76.0,plots_extra/metrics/features/relations/mean/gpt2/tables/lpca99_gpt2_relation.csv,gpt2_no_index/tables_REL_GPT2_no_idx0/relation_bootstrap/relation_raw_lpca99_gpt2.csv
gpt2,GPT-2: MEAN vs LAST,relation_type,LID,lpca99,lpca99,advmod,advmod,8,1.0,627.7999877929688,17.5,85.0,plots_extra/metrics/features/relations/mean/gpt2/tables/lpca99_gpt2_relation.csv,gpt2_no_index/tables_REL_GPT2_no_idx0/relation_bootstrap/relation_raw_lpca99_gpt2.csv
gpt2,GPT-2: MEAN vs LAST,relation_type,LID,lpca99,lpca99,advmod,advmod,9,1.875,632.0499877929688,36.5,91.0,plots_extra/metrics/features/relations/mean/gpt2/tables/lpca99_gpt2_relation.csv,gpt2_no_index/tables_REL_GPT2_no_idx0/relation_bootstrap/relation_raw_lpca99_gpt2.csv
gpt2,GPT-2: MEAN vs LAST,relation_type,LID,lpca99,lpca99,advmod,advmod,10,13.875,636.5,49.0,96.0,plots_extra/metrics/features/relations/mean/gpt2/tables/lpca99_gpt2_relation.csv,gpt2_no_index/tables_REL_GPT2_no_idx0/relation_bootstrap/relation_raw_lpca99_gpt2.csv
gpt2,GPT-2: MEAN vs LAST,relation_type,LID,lpca99,lpca99,advmod,advmod,11,45.0,635.6500244140625,62.0,94.5,plots_extra/metrics/features/relations/mean/gpt2/tables/lpca99_gpt2_relation.csv,gpt2_no_index/tables_REL_GPT2_no_idx0/relation_bootstrap/relation_raw_lpca99_gpt2.csv
gpt2,GPT-2: MEAN vs LAST,relation_type,LID,lpca99,lpca99,advmod,advmod,12,57.75,137.3000030517578,65.0,6.0,plots_extra/metrics/features/relations/mean/gpt2/tables/lpca99_gpt2_relation.csv,gpt2_no_index/tables_REL_GPT2_no_idx0/relation_bootstrap/relation_raw_lpca99_gpt2.csv
gpt2,GPT-2: MEAN vs LAST,relation_type,LID,lpca99,lpca99,amod,amod,0,512.125,560.1500244140625,102.0,42.0,plots_extra/metrics/features/relations/mean/gpt2/tables/lpca99_gpt2_relation.csv,gpt2_no_index/tables_REL_GPT2_no_idx0/relation_bootstrap/relation_raw_lpca99_gpt2.csv
gpt2,GPT-2: MEAN vs LAST,relation_type,LID,lpca99,lpca99,amod,amod,1,444.25,502.5,98.0,30.0,plots_extra/metrics/features/relations/mean/gpt2/tables/lpca99_gpt2_relation.csv,gpt2_no_index/tables_REL_GPT2_no_idx0/relation_bootstrap/relation_raw_lpca99_gpt2.csv
gpt2,GPT-2: MEAN vs LAST,relation_type,LID,lpca99,lpca99,amod,amod,2,236.875,515.7999877929688,84.0,31.0,plots_extra/metrics/features/relations/mean/gpt2/tables/lpca99_gpt2_relation.csv,gpt2_no_index/tables_REL_GPT2_no_idx0/relation_bootstrap/relation_raw_lpca99_gpt2.csv
gpt2,GPT-2: MEAN vs LAST,relation_type,LID,lpca99,lpca99,amod,amod,3,5.75,562.3499755859375,43.0,44.0,plots_extra/metrics/features/relations/mean/gpt2/tables/lpca99_gpt2_relation.csv,gpt2_no_index/tables_REL_GPT2_no_idx0/relation_bootstrap/relation_raw_lpca99_gpt2.csv
gpt2,GPT-2: MEAN vs LAST,relation_type,LID,lpca99,lpca99,amod,amod,4,10.875,593.8499755859375,46.0,55.0,plots_extra/metrics/features/relations/mean/gpt2/tables/lpca99_gpt2_relation.csv,gpt2_no_index/tables_REL_GPT2_no_idx0/relation_bootstrap/relation_raw_lpca99_gpt2.csv
gpt2,GPT-2: MEAN vs LAST,relation_type,LID,lpca99,lpca99,amod,amod,5,16.625,608.2000122070312,50.0,65.0,plots_extra/metrics/features/relations/mean/gpt2/tables/lpca99_gpt2_relation.csv,gpt2_no_index/tables_REL_GPT2_no_idx0/relation_bootstrap/relation_raw_lpca99_gpt2.csv
gpt2,GPT-2: MEAN vs LAST,relation_type,LID,lpca99,lpca99,amod,amod,6,26.625,618.2000122070312,56.0,75.0,plots_extra/metrics/features/relations/mean/gpt2/tables/lpca99_gpt2_relation.csv,gpt2_no_index/tables_REL_GPT2_no_idx0/relation_bootstrap/relation_raw_lpca99_gpt2.csv
gpt2,GPT-2: MEAN vs LAST,relation_type,LID,lpca99,lpca99,amod,amod,7,43.25,627.25,61.0,84.0,plots_extra/metrics/features/relations/mean/gpt2/tables/lpca99_gpt2_relation.csv,gpt2_no_index/tables_REL_GPT2_no_idx0/relation_bootstrap/relation_raw_lpca99_gpt2.csv
gpt2,GPT-2: MEAN vs LAST,relation_type,LID,lpca99,lpca99,amod,amod,8,70.0,637.0999755859375,68.0,99.0,plots_extra/metrics/features/relations/mean/gpt2/tables/lpca99_gpt2_relation.csv,gpt2_no_index/tables_REL_GPT2_no_idx0/relation_bootstrap/relation_raw_lpca99_gpt2.csv
gpt2,GPT-2: MEAN vs LAST,relation_type,LID,lpca99,lpca99,amod,amod,9,112.75,647.1500244140625,74.0,111.0,plots_extra/metrics/features/relations/mean/gpt2/tables/lpca99_gpt2_relation.csv,gpt2_no_index/tables_REL_GPT2_no_idx0/relation_bootstrap/relation_raw_lpca99_gpt2.csv
gpt2,GPT-2: MEAN vs LAST,relation_type,LID,lpca99,lpca99,amod,amod,10,171.0,654.7999877929688,80.0,117.0,plots_extra/metrics/features/relations/mean/gpt2/tables/lpca99_gpt2_relation.csv,gpt2_no_index/tables_REL_GPT2_no_idx0/relation_bootstrap/relation_raw_lpca99_gpt2.csv
gpt2,GPT-2: MEAN vs LAST,relation_type,LID,lpca99,lpca99,amod,amod,11,246.75,663.0999755859375,86.0,124.5,plots_extra/metrics/features/relations/mean/gpt2/tables/lpca99_gpt2_relation.csv,gpt2_no_index/tables_REL_GPT2_no_idx0/relation_bootstrap/relation_raw_lpca99_gpt2.csv
gpt2,GPT-2: MEAN vs LAST,relation_type,LID,lpca99,lpca99,amod,amod,12,245.5,311.8999938964844,85.0,20.0,plots_extra/metrics/features/relations/mean/gpt2/tables/lpca99_gpt2_relation.csv,gpt2_no_index/tables_REL_GPT2_no_idx0/relation_bootstrap/relation_raw_lpca99_gpt2.csv
gpt2,GPT-2: MEAN vs LAST,relation_type,LID,lpca99,lpca99,case,case,0,69.0,75.4000015258789,67.0,3.0,plots_extra/metrics/features/relations/mean/gpt2/tables/lpca99_gpt2_relation.csv,gpt2_no_index/tables_REL_GPT2_no_idx0/relation_bootstrap/relation_raw_lpca99_gpt2.csv
gpt2,GPT-2: MEAN vs LAST,relation_type,LID,lpca99,lpca99,case,case,1,151.5,229.8500061035156,77.0,15.0,plots_extra/metrics/features/relations/mean/gpt2/tables/lpca99_gpt2_relation.csv,gpt2_no_index/tables_REL_GPT2_no_idx0/relation_bootstrap/relation_raw_lpca99_gpt2.csv
gpt2,GPT-2: MEAN vs LAST,relation_type,LID,lpca99,lpca99,case,case,2,23.375,276.3999938964844,55.0,17.0,plots_extra/metrics/features/relations/mean/gpt2/tables/lpca99_gpt2_relation.csv,gpt2_no_index/tables_REL_GPT2_no_idx0/relation_bootstrap/relation_raw_lpca99_gpt2.csv
gpt2,GPT-2: MEAN vs LAST,relation_type,LID,lpca99,lpca99,case,case,3,1.0,464.25,17.5,25.0,plots_extra/metrics/features/relations/mean/gpt2/tables/lpca99_gpt2_relation.csv,gpt2_no_index/tables_REL_GPT2_no_idx0/relation_bootstrap/relation_raw_lpca99_gpt2.csv
gpt2,GPT-2: MEAN vs LAST,relation_type,LID,lpca99,lpca99,case,case,4,1.0,570.9500122070312,17.5,46.0,plots_extra/metrics/features/relations/mean/gpt2/tables/lpca99_gpt2_relation.csv,gpt2_no_index/tables_REL_GPT2_no_idx0/relation_bootstrap/relation_raw_lpca99_gpt2.csv
gpt2,GPT-2: MEAN vs LAST,relation_type,LID,lpca99,lpca99,case,case,5,1.0,611.0499877929688,17.5,67.0,plots_extra/metrics/features/relations/mean/gpt2/tables/lpca99_gpt2_relation.csv,gpt2_no_index/tables_REL_GPT2_no_idx0/relation_bootstrap/relation_raw_lpca99_gpt2.csv
gpt2,GPT-2: MEAN vs LAST,relation_type,LID,lpca99,lpca99,case,case,6,1.0,630.2999877929688,17.5,87.0,plots_extra/metrics/features/relations/mean/gpt2/tables/lpca99_gpt2_relation.csv,gpt2_no_index/tables_REL_GPT2_no_idx0/relation_bootstrap/relation_raw_lpca99_gpt2.csv
gpt2,GPT-2: MEAN vs LAST,relation_type,LID,lpca99,lpca99,case,case,7,2.625,642.0,39.5,105.0,plots_extra/metrics/features/relations/mean/gpt2/tables/lpca99_gpt2_relation.csv,gpt2_no_index/tables_REL_GPT2_no_idx0/relation_bootstrap/relation_raw_lpca99_gpt2.csv
gpt2,GPT-2: MEAN vs LAST,relation_type,LID,lpca99,lpca99,case,case,8,13.375,650.0,47.0,115.0,plots_extra/metrics/features/relations/mean/gpt2/tables/lpca99_gpt2_relation.csv,gpt2_no_index/tables_REL_GPT2_no_idx0/relation_bootstrap/relation_raw_lpca99_gpt2.csv
gpt2,GPT-2: MEAN vs LAST,relation_type,LID,lpca99,lpca99,case,case,9,41.875,648.4500122070312,59.0,113.0,plots_extra/metrics/features/relations/mean/gpt2/tables/lpca99_gpt2_relation.csv,gpt2_no_index/tables_REL_GPT2_no_idx0/relation_bootstrap/relation_raw_lpca99_gpt2.csv
gpt2,GPT-2: MEAN vs LAST,relation_type,LID,lpca99,lpca99,case,case,10,92.125,647.7000122070312,70.0,112.0,plots_extra/metrics/features/relations/mean/gpt2/tables/lpca99_gpt2_relation.csv,gpt2_no_index/tables_REL_GPT2_no_idx0/relation_bootstrap/relation_raw_lpca99_gpt2.csv
gpt2,GPT-2: MEAN vs LAST,relation_type,LID,lpca99,lpca99,case,case,11,158.75,648.75,79.0,114.0,plots_extra/metrics/features/relations/mean/gpt2/tables/lpca99_gpt2_relation.csv,gpt2_no_index/tables_REL_GPT2_no_idx0/relation_bootstrap/relation_raw_lpca99_gpt2.csv
gpt2,GPT-2: MEAN vs LAST,relation_type,LID,lpca99,lpca99,case,case,12,155.0,218.1499938964844,78.0,14.0,plots_extra/metrics/features/relations/mean/gpt2/tables/lpca99_gpt2_relation.csv,gpt2_no_index/tables_REL_GPT2_no_idx0/relation_bootstrap/relation_raw_lpca99_gpt2.csv
gpt2,GPT-2: MEAN vs LAST,relation_type,LID,lpca99,lpca99,conj,conj,0,634.0,655.5,123.0,120.0,plots_extra/metrics/features/relations/mean/gpt2/tables/lpca99_gpt2_relation.csv,gpt2_no_index/tables_REL_GPT2_no_idx0/relation_bootstrap/relation_raw_lpca99_gpt2.csv
gpt2,GPT-2: MEAN vs LAST,relation_type,LID,lpca99,lpca99,conj,conj,1,550.75,574.2000122070312,110.0,48.0,plots_extra/metrics/features/relations/mean/gpt2/tables/lpca99_gpt2_relation.csv,gpt2_no_index/tables_REL_GPT2_no_idx0/relation_bootstrap/relation_raw_lpca99_gpt2.csv
gpt2,GPT-2: MEAN vs LAST,relation_type,LID,lpca99,lpca99,conj,conj,2,559.25,584.0499877929688,111.0,52.0,plots_extra/metrics/features/relations/mean/gpt2/tables/lpca99_gpt2_relation.csv,gpt2_no_index/tables_REL_GPT2_no_idx0/relation_bootstrap/relation_raw_lpca99_gpt2.csv
gpt2,GPT-2: MEAN vs LAST,relation_type,LID,lpca99,lpca99,conj,conj,3,587.875,611.4000244140625,115.0,68.0,plots_extra/metrics/features/relations/mean/gpt2/tables/lpca99_gpt2_relation.csv,gpt2_no_index/tables_REL_GPT2_no_idx0/relation_bootstrap/relation_raw_lpca99_gpt2.csv
gpt2,GPT-2: MEAN vs LAST,relation_type,LID,lpca99,lpca99,conj,conj,4,606.125,628.8499755859375,117.0,86.0,plots_extra/metrics/features/relations/mean/gpt2/tables/lpca99_gpt2_relation.csv,gpt2_no_index/tables_REL_GPT2_no_idx0/relation_bootstrap/relation_raw_lpca99_gpt2.csv
gpt2,GPT-2: MEAN vs LAST,relation_type,LID,lpca99,lpca99,conj,conj,5,614.5,635.5999755859375,120.0,93.0,plots_extra/metrics/features/relations/mean/gpt2/tables/lpca99_gpt2_relation.csv,gpt2_no_index/tables_REL_GPT2_no_idx0/relation_bootstrap/relation_raw_lpca99_gpt2.csv
gpt2,GPT-2: MEAN vs LAST,relation_type,LID,lpca99,lpca99,conj,conj,6,623.625,643.8499755859375,121.0,107.0,plots_extra/metrics/features/relations/mean/gpt2/tables/lpca99_gpt2_relation.csv,gpt2_no_index/tables_REL_GPT2_no_idx0/relation_bootstrap/relation_raw_lpca99_gpt2.csv
gpt2,GPT-2: MEAN vs LAST,relation_type,LID,lpca99,lpca99,conj,conj,7,634.125,652.75,124.0,116.0,plots_extra/metrics/features/relations/mean/gpt2/tables/lpca99_gpt2_relation.csv,gpt2_no_index/tables_REL_GPT2_no_idx0/relation_bootstrap/relation_raw_lpca99_gpt2.csv
gpt2,GPT-2: MEAN vs LAST,relation_type,LID,lpca99,lpca99,conj,conj,8,645.25,662.8499755859375,127.0,123.0,plots_extra/metrics/features/relations/mean/gpt2/tables/lpca99_gpt2_relation.csv,gpt2_no_index/tables_REL_GPT2_no_idx0/relation_bootstrap/relation_raw_lpca99_gpt2.csv
gpt2,GPT-2: MEAN vs LAST,relation_type,LID,lpca99,lpca99,conj,conj,9,653.25,669.0,128.0,128.0,plots_extra/metrics/features/relations/mean/gpt2/tables/lpca99_gpt2_relation.csv,gpt2_no_index/tables_REL_GPT2_no_idx0/relation_bootstrap/relation_raw_lpca99_gpt2.csv
gpt2,GPT-2: MEAN vs LAST,relation_type,LID,lpca99,lpca99,conj,conj,10,656.625,671.75,129.5,130.0,plots_extra/metrics/features/relations/mean/gpt2/tables/lpca99_gpt2_relation.csv,gpt2_no_index/tables_REL_GPT2_no_idx0/relation_bootstrap/relation_raw_lpca99_gpt2.csv
gpt2,GPT-2: MEAN vs LAST,relation_type,LID,lpca99,lpca99,conj,conj,11,656.625,671.25,129.5,129.0,plots_extra/metrics/features/relations/mean/gpt2/tables/lpca99_gpt2_relation.csv,gpt2_no_index/tables_REL_GPT2_no_idx0/relation_bootstrap/relation_raw_lpca99_gpt2.csv
gpt2,GPT-2: MEAN vs LAST,relation_type,LID,lpca99,lpca99,conj,conj,12,174.875,174.1999969482422,81.0,10.0,plots_extra/metrics/features/relations/mean/gpt2/tables/lpca99_gpt2_relation.csv,gpt2_no_index/tables_REL_GPT2_no_idx0/relation_bootstrap/relation_raw_lpca99_gpt2.csv
gpt2,GPT-2: MEAN vs LAST,relation_type,LID,lpca99,lpca99,det,det,0,22.25,24.399999618530277,53.0,1.0,plots_extra/metrics/features/relations/mean/gpt2/tables/lpca99_gpt2_relation.csv,gpt2_no_index/tables_REL_GPT2_no_idx0/relation_bootstrap/relation_raw_lpca99_gpt2.csv
gpt2,GPT-2: MEAN vs LAST,relation_type,LID,lpca99,lpca99,det,det,1,46.375,163.60000610351562,63.0,8.0,plots_extra/metrics/features/relations/mean/gpt2/tables/lpca99_gpt2_relation.csv,gpt2_no_index/tables_REL_GPT2_no_idx0/relation_bootstrap/relation_raw_lpca99_gpt2.csv
gpt2,GPT-2: MEAN vs LAST,relation_type,LID,lpca99,lpca99,det,det,2,2.125,202.0,38.0,13.0,plots_extra/metrics/features/relations/mean/gpt2/tables/lpca99_gpt2_relation.csv,gpt2_no_index/tables_REL_GPT2_no_idx0/relation_bootstrap/relation_raw_lpca99_gpt2.csv
gpt2,GPT-2: MEAN vs LAST,relation_type,LID,lpca99,lpca99,det,det,3,1.0,363.25,17.5,22.0,plots_extra/metrics/features/relations/mean/gpt2/tables/lpca99_gpt2_relation.csv,gpt2_no_index/tables_REL_GPT2_no_idx0/relation_bootstrap/relation_raw_lpca99_gpt2.csv
gpt2,GPT-2: MEAN vs LAST,relation_type,LID,lpca99,lpca99,det,det,4,1.0,486.8999938964844,17.5,28.0,plots_extra/metrics/features/relations/mean/gpt2/tables/lpca99_gpt2_relation.csv,gpt2_no_index/tables_REL_GPT2_no_idx0/relation_bootstrap/relation_raw_lpca99_gpt2.csv
gpt2,GPT-2: MEAN vs LAST,relation_type,LID,lpca99,lpca99,det,det,5,1.0,544.8499755859375,17.5,36.0,plots_extra/metrics/features/relations/mean/gpt2/tables/lpca99_gpt2_relation.csv,gpt2_no_index/tables_REL_GPT2_no_idx0/relation_bootstrap/relation_raw_lpca99_gpt2.csv
gpt2,GPT-2: MEAN vs LAST,relation_type,LID,lpca99,lpca99,det,det,6,1.0,581.7999877929688,17.5,51.0,plots_extra/metrics/features/relations/mean/gpt2/tables/lpca99_gpt2_relation.csv,gpt2_no_index/tables_REL_GPT2_no_idx0/relation_bootstrap/relation_raw_lpca99_gpt2.csv
gpt2,GPT-2: MEAN vs LAST,relation_type,LID,lpca99,lpca99,det,det,7,1.0,603.7999877929688,17.5,62.0,plots_extra/metrics/features/relations/mean/gpt2/tables/lpca99_gpt2_relation.csv,gpt2_no_index/tables_REL_GPT2_no_idx0/relation_bootstrap/relation_raw_lpca99_gpt2.csv
gpt2,GPT-2: MEAN vs LAST,relation_type,LID,lpca99,lpca99,det,det,8,1.0,613.5499877929688,17.5,70.0,plots_extra/metrics/features/relations/mean/gpt2/tables/lpca99_gpt2_relation.csv,gpt2_no_index/tables_REL_GPT2_no_idx0/relation_bootstrap/relation_raw_lpca99_gpt2.csv
gpt2,GPT-2: MEAN vs LAST,relation_type,LID,lpca99,lpca99,det,det,9,1.0,614.1500244140625,17.5,72.0,plots_extra/metrics/features/relations/mean/gpt2/tables/lpca99_gpt2_relation.csv,gpt2_no_index/tables_REL_GPT2_no_idx0/relation_bootstrap/relation_raw_lpca99_gpt2.csv
gpt2,GPT-2: MEAN vs LAST,relation_type,LID,lpca99,lpca99,det,det,10,3.875,619.0499877929688,42.0,78.0,plots_extra/metrics/features/relations/mean/gpt2/tables/lpca99_gpt2_relation.csv,gpt2_no_index/tables_REL_GPT2_no_idx0/relation_bootstrap/relation_raw_lpca99_gpt2.csv
gpt2,GPT-2: MEAN vs LAST,relation_type,LID,lpca99,lpca99,det,det,11,22.375,625.5499877929688,54.0,83.0,plots_extra/metrics/features/relations/mean/gpt2/tables/lpca99_gpt2_relation.csv,gpt2_no_index/tables_REL_GPT2_no_idx0/relation_bootstrap/relation_raw_lpca99_gpt2.csv
gpt2,GPT-2: MEAN vs LAST,relation_type,LID,lpca99,lpca99,det,det,12,109.5,285.0,73.0,18.0,plots_extra/metrics/features/relations/mean/gpt2/tables/lpca99_gpt2_relation.csv,gpt2_no_index/tables_REL_GPT2_no_idx0/relation_bootstrap/relation_raw_lpca99_gpt2.csv
gpt2,GPT-2: MEAN vs LAST,relation_type,LID,lpca99,lpca99,nsubj,nsubj,0,375.5,530.75,94.0,33.0,plots_extra/metrics/features/relations/mean/gpt2/tables/lpca99_gpt2_relation.csv,gpt2_no_index/tables_REL_GPT2_no_idx0/relation_bootstrap/relation_raw_lpca99_gpt2.csv
gpt2,GPT-2: MEAN vs LAST,relation_type,LID,lpca99,lpca99,nsubj,nsubj,1,277.375,496.8500061035156,90.0,29.0,plots_extra/metrics/features/relations/mean/gpt2/tables/lpca99_gpt2_relation.csv,gpt2_no_index/tables_REL_GPT2_no_idx0/relation_bootstrap/relation_raw_lpca99_gpt2.csv
gpt2,GPT-2: MEAN vs LAST,relation_type,LID,lpca99,lpca99,nsubj,nsubj,2,6.5,515.9000244140625,44.0,32.0,plots_extra/metrics/features/relations/mean/gpt2/tables/lpca99_gpt2_relation.csv,gpt2_no_index/tables_REL_GPT2_no_idx0/relation_bootstrap/relation_raw_lpca99_gpt2.csv
gpt2,GPT-2: MEAN vs LAST,relation_type,LID,lpca99,lpca99,nsubj,nsubj,3,1.0,562.0,17.5,43.0,plots_extra/metrics/features/relations/mean/gpt2/tables/lpca99_gpt2_relation.csv,gpt2_no_index/tables_REL_GPT2_no_idx0/relation_bootstrap/relation_raw_lpca99_gpt2.csv
gpt2,GPT-2: MEAN vs LAST,relation_type,LID,lpca99,lpca99,nsubj,nsubj,4,1.0,595.3499755859375,17.5,58.0,plots_extra/metrics/features/relations/mean/gpt2/tables/lpca99_gpt2_relation.csv,gpt2_no_index/tables_REL_GPT2_no_idx0/relation_bootstrap/relation_raw_lpca99_gpt2.csv
gpt2,GPT-2: MEAN vs LAST,relation_type,LID,lpca99,lpca99,nsubj,nsubj,5,1.0,611.7000122070312,17.5,69.0,plots_extra/metrics/features/relations/mean/gpt2/tables/lpca99_gpt2_relation.csv,gpt2_no_index/tables_REL_GPT2_no_idx0/relation_bootstrap/relation_raw_lpca99_gpt2.csv
gpt2,GPT-2: MEAN vs LAST,relation_type,LID,lpca99,lpca99,nsubj,nsubj,6,1.0,623.7000122070312,17.5,81.0,plots_extra/metrics/features/relations/mean/gpt2/tables/lpca99_gpt2_relation.csv,gpt2_no_index/tables_REL_GPT2_no_idx0/relation_bootstrap/relation_raw_lpca99_gpt2.csv
gpt2,GPT-2: MEAN vs LAST,relation_type,LID,lpca99,lpca99,nsubj,nsubj,7,1.0,634.0,17.5,92.0,plots_extra/metrics/features/relations/mean/gpt2/tables/lpca99_gpt2_relation.csv,gpt2_no_index/tables_REL_GPT2_no_idx0/relation_bootstrap/relation_raw_lpca99_gpt2.csv
gpt2,GPT-2: MEAN vs LAST,relation_type,LID,lpca99,lpca99,nsubj,nsubj,8,1.0,640.0,17.5,104.0,plots_extra/metrics/features/relations/mean/gpt2/tables/lpca99_gpt2_relation.csv,gpt2_no_index/tables_REL_GPT2_no_idx0/relation_bootstrap/relation_raw_lpca99_gpt2.csv
gpt2,GPT-2: MEAN vs LAST,relation_type,LID,lpca99,lpca99,nsubj,nsubj,9,1.0,643.7000122070312,17.5,106.0,plots_extra/metrics/features/relations/mean/gpt2/tables/lpca99_gpt2_relation.csv,gpt2_no_index/tables_REL_GPT2_no_idx0/relation_bootstrap/relation_raw_lpca99_gpt2.csv
gpt2,GPT-2: MEAN vs LAST,relation_type,LID,lpca99,lpca99,nsubj,nsubj,10,1.0,644.9000244140625,17.5,108.0,plots_extra/metrics/features/relations/mean/gpt2/tables/lpca99_gpt2_relation.csv,gpt2_no_index/tables_REL_GPT2_no_idx0/relation_bootstrap/relation_raw_lpca99_gpt2.csv
gpt2,GPT-2: MEAN vs LAST,relation_type,LID,lpca99,lpca99,nsubj,nsubj,11,1.0,636.6500244140625,17.5,97.0,plots_extra/metrics/features/relations/mean/gpt2/tables/lpca99_gpt2_relation.csv,gpt2_no_index/tables_REL_GPT2_no_idx0/relation_bootstrap/relation_raw_lpca99_gpt2.csv
gpt2,GPT-2: MEAN vs LAST,relation_type,LID,lpca99,lpca99,nsubj,nsubj,12,13.625,109.0500030517578,48.0,5.0,plots_extra/metrics/features/relations/mean/gpt2/tables/lpca99_gpt2_relation.csv,gpt2_no_index/tables_REL_GPT2_no_idx0/relation_bootstrap/relation_raw_lpca99_gpt2.csv
gpt2,GPT-2: MEAN vs LAST,relation_type,LID,lpca99,lpca99,obj,obj,0,586.75,618.7999877929688,114.0,77.0,plots_extra/metrics/features/relations/mean/gpt2/tables/lpca99_gpt2_relation.csv,gpt2_no_index/tables_REL_GPT2_no_idx0/relation_bootstrap/relation_raw_lpca99_gpt2.csv
gpt2,GPT-2: MEAN vs LAST,relation_type,LID,lpca99,lpca99,obj,obj,1,519.25,546.4000244140625,103.0,37.0,plots_extra/metrics/features/relations/mean/gpt2/tables/lpca99_gpt2_relation.csv,gpt2_no_index/tables_REL_GPT2_no_idx0/relation_bootstrap/relation_raw_lpca99_gpt2.csv
gpt2,GPT-2: MEAN vs LAST,relation_type,LID,lpca99,lpca99,obj,obj,2,471.625,558.7999877929688,100.0,40.5,plots_extra/metrics/features/relations/mean/gpt2/tables/lpca99_gpt2_relation.csv,gpt2_no_index/tables_REL_GPT2_no_idx0/relation_bootstrap/relation_raw_lpca99_gpt2.csv
gpt2,GPT-2: MEAN vs LAST,relation_type,LID,lpca99,lpca99,obj,obj,3,261.625,594.4500122070312,89.0,56.0,plots_extra/metrics/features/relations/mean/gpt2/tables/lpca99_gpt2_relation.csv,gpt2_no_index/tables_REL_GPT2_no_idx0/relation_bootstrap/relation_raw_lpca99_gpt2.csv
gpt2,GPT-2: MEAN vs LAST,relation_type,LID,lpca99,lpca99,obj,obj,4,296.125,615.2999877929688,91.0,73.0,plots_extra/metrics/features/relations/mean/gpt2/tables/lpca99_gpt2_relation.csv,gpt2_no_index/tables_REL_GPT2_no_idx0/relation_bootstrap/relation_raw_lpca99_gpt2.csv
gpt2,GPT-2: MEAN vs LAST,relation_type,LID,lpca99,lpca99,obj,obj,5,323.5,624.0499877929688,92.0,82.0,plots_extra/metrics/features/relations/mean/gpt2/tables/lpca99_gpt2_relation.csv,gpt2_no_index/tables_REL_GPT2_no_idx0/relation_bootstrap/relation_raw_lpca99_gpt2.csv
gpt2,GPT-2: MEAN vs LAST,relation_type,LID,lpca99,lpca99,obj,obj,6,351.125,630.8499755859375,93.0,89.0,plots_extra/metrics/features/relations/mean/gpt2/tables/lpca99_gpt2_relation.csv,gpt2_no_index/tables_REL_GPT2_no_idx0/relation_bootstrap/relation_raw_lpca99_gpt2.csv
gpt2,GPT-2: MEAN vs LAST,relation_type,LID,lpca99,lpca99,obj,obj,7,382.0,637.0499877929688,95.0,98.0,plots_extra/metrics/features/relations/mean/gpt2/tables/lpca99_gpt2_relation.csv,gpt2_no_index/tables_REL_GPT2_no_idx0/relation_bootstrap/relation_raw_lpca99_gpt2.csv
gpt2,GPT-2: MEAN vs LAST,relation_type,LID,lpca99,lpca99,obj,obj,8,425.625,646.9000244140625,97.0,110.0,plots_extra/metrics/features/relations/mean/gpt2/tables/lpca99_gpt2_relation.csv,gpt2_no_index/tables_REL_GPT2_no_idx0/relation_bootstrap/relation_raw_lpca99_gpt2.csv
gpt2,GPT-2: MEAN vs LAST,relation_type,LID,lpca99,lpca99,obj,obj,9,471.5,655.1500244140625,99.0,119.0,plots_extra/metrics/features/relations/mean/gpt2/tables/lpca99_gpt2_relation.csv,gpt2_no_index/tables_REL_GPT2_no_idx0/relation_bootstrap/relation_raw_lpca99_gpt2.csv
gpt2,GPT-2: MEAN vs LAST,relation_type,LID,lpca99,lpca99,obj,obj,10,510.625,659.25,101.0,122.0,plots_extra/metrics/features/relations/mean/gpt2/tables/lpca99_gpt2_relation.csv,gpt2_no_index/tables_REL_GPT2_no_idx0/relation_bootstrap/relation_raw_lpca99_gpt2.csv
gpt2,GPT-2: MEAN vs LAST,relation_type,LID,lpca99,lpca99,obj,obj,11,545.375,658.8499755859375,108.0,121.0,plots_extra/metrics/features/relations/mean/gpt2/tables/lpca99_gpt2_relation.csv,gpt2_no_index/tables_REL_GPT2_no_idx0/relation_bootstrap/relation_raw_lpca99_gpt2.csv
gpt2,GPT-2: MEAN vs LAST,relation_type,LID,lpca99,lpca99,obj,obj,12,186.125,192.6999969482422,83.0,12.0,plots_extra/metrics/features/relations/mean/gpt2/tables/lpca99_gpt2_relation.csv,gpt2_no_index/tables_REL_GPT2_no_idx0/relation_bootstrap/relation_raw_lpca99_gpt2.csv
gpt2,GPT-2: MEAN vs LAST,relation_type,LID,lpca99,lpca99,obl,obl,0,611.625,637.4500122070312,119.0,101.0,plots_extra/metrics/features/relations/mean/gpt2/tables/lpca99_gpt2_relation.csv,gpt2_no_index/tables_REL_GPT2_no_idx0/relation_bootstrap/relation_raw_lpca99_gpt2.csv
gpt2,GPT-2: MEAN vs LAST,relation_type,LID,lpca99,lpca99,obl,obl,1,536.375,558.7999877929688,105.0,40.5,plots_extra/metrics/features/relations/mean/gpt2/tables/lpca99_gpt2_relation.csv,gpt2_no_index/tables_REL_GPT2_no_idx0/relation_bootstrap/relation_raw_lpca99_gpt2.csv
gpt2,GPT-2: MEAN vs LAST,relation_type,LID,lpca99,lpca99,obl,obl,2,542.25,571.4000244140625,107.0,47.0,plots_extra/metrics/features/relations/mean/gpt2/tables/lpca99_gpt2_relation.csv,gpt2_no_index/tables_REL_GPT2_no_idx0/relation_bootstrap/relation_raw_lpca99_gpt2.csv
gpt2,GPT-2: MEAN vs LAST,relation_type,LID,lpca99,lpca99,obl,obl,3,521.875,602.25,104.0,60.0,plots_extra/metrics/features/relations/mean/gpt2/tables/lpca99_gpt2_relation.csv,gpt2_no_index/tables_REL_GPT2_no_idx0/relation_bootstrap/relation_raw_lpca99_gpt2.csv
gpt2,GPT-2: MEAN vs LAST,relation_type,LID,lpca99,lpca99,obl,obl,4,550.625,622.8499755859375,109.0,80.0,plots_extra/metrics/features/relations/mean/gpt2/tables/lpca99_gpt2_relation.csv,gpt2_no_index/tables_REL_GPT2_no_idx0/relation_bootstrap/relation_raw_lpca99_gpt2.csv
gpt2,GPT-2: MEAN vs LAST,relation_type,LID,lpca99,lpca99,obl,obl,5,565.5,630.9000244140625,112.0,90.0,plots_extra/metrics/features/relations/mean/gpt2/tables/lpca99_gpt2_relation.csv,gpt2_no_index/tables_REL_GPT2_no_idx0/relation_bootstrap/relation_raw_lpca99_gpt2.csv
gpt2,GPT-2: MEAN vs LAST,relation_type,LID,lpca99,lpca99,obl,obl,6,580.125,639.1500244140625,113.0,102.0,plots_extra/metrics/features/relations/mean/gpt2/tables/lpca99_gpt2_relation.csv,gpt2_no_index/tables_REL_GPT2_no_idx0/relation_bootstrap/relation_raw_lpca99_gpt2.csv
gpt2,GPT-2: MEAN vs LAST,relation_type,LID,lpca99,lpca99,obl,obl,7,594.0,645.8499755859375,116.0,109.0,plots_extra/metrics/features/relations/mean/gpt2/tables/lpca99_gpt2_relation.csv,gpt2_no_index/tables_REL_GPT2_no_idx0/relation_bootstrap/relation_raw_lpca99_gpt2.csv
gpt2,GPT-2: MEAN vs LAST,relation_type,LID,lpca99,lpca99,obl,obl,8,611.25,655.0999755859375,118.0,118.0,plots_extra/metrics/features/relations/mean/gpt2/tables/lpca99_gpt2_relation.csv,gpt2_no_index/tables_REL_GPT2_no_idx0/relation_bootstrap/relation_raw_lpca99_gpt2.csv
gpt2,GPT-2: MEAN vs LAST,relation_type,LID,lpca99,lpca99,obl,obl,9,626.5,663.0999755859375,122.0,124.5,plots_extra/metrics/features/relations/mean/gpt2/tables/lpca99_gpt2_relation.csv,gpt2_no_index/tables_REL_GPT2_no_idx0/relation_bootstrap/relation_raw_lpca99_gpt2.csv
gpt2,GPT-2: MEAN vs LAST,relation_type,LID,lpca99,lpca99,obl,obl,10,635.75,666.7999877929688,125.0,127.0,plots_extra/metrics/features/relations/mean/gpt2/tables/lpca99_gpt2_relation.csv,gpt2_no_index/tables_REL_GPT2_no_idx0/relation_bootstrap/relation_raw_lpca99_gpt2.csv
gpt2,GPT-2: MEAN vs LAST,relation_type,LID,lpca99,lpca99,obl,obl,11,637.5,663.5,126.0,126.0,plots_extra/metrics/features/relations/mean/gpt2/tables/lpca99_gpt2_relation.csv,gpt2_no_index/tables_REL_GPT2_no_idx0/relation_bootstrap/relation_raw_lpca99_gpt2.csv
gpt2,GPT-2: MEAN vs LAST,relation_type,LID,lpca99,lpca99,obl,obl,12,151.25,156.64999389648438,76.0,7.0,plots_extra/metrics/features/relations/mean/gpt2/tables/lpca99_gpt2_relation.csv,gpt2_no_index/tables_REL_GPT2_no_idx0/relation_bootstrap/relation_raw_lpca99_gpt2.csv
gpt2,GPT-2: MEAN vs LAST,relation_type,LID,lpca99,lpca99,punct,punct,0,30.5,32.849998474121094,58.0,2.0,plots_extra/metrics/features/relations/mean/gpt2/tables/lpca99_gpt2_relation.csv,gpt2_no_index/tables_REL_GPT2_no_idx0/relation_bootstrap/relation_raw_lpca99_gpt2.csv
gpt2,GPT-2: MEAN vs LAST,relation_type,LID,lpca99,lpca99,punct,punct,1,139.625,185.8999938964844,75.0,11.0,plots_extra/metrics/features/relations/mean/gpt2/tables/lpca99_gpt2_relation.csv,gpt2_no_index/tables_REL_GPT2_no_idx0/relation_bootstrap/relation_raw_lpca99_gpt2.csv
gpt2,GPT-2: MEAN vs LAST,relation_type,LID,lpca99,lpca99,punct,punct,2,30.125,265.79998779296875,57.0,16.0,plots_extra/metrics/features/relations/mean/gpt2/tables/lpca99_gpt2_relation.csv,gpt2_no_index/tables_REL_GPT2_no_idx0/relation_bootstrap/relation_raw_lpca99_gpt2.csv
gpt2,GPT-2: MEAN vs LAST,relation_type,LID,lpca99,lpca99,punct,punct,3,1.0,394.3500061035156,17.5,24.0,plots_extra/metrics/features/relations/mean/gpt2/tables/lpca99_gpt2_relation.csv,gpt2_no_index/tables_REL_GPT2_no_idx0/relation_bootstrap/relation_raw_lpca99_gpt2.csv
gpt2,GPT-2: MEAN vs LAST,relation_type,LID,lpca99,lpca99,punct,punct,4,1.25,485.3999938964844,35.0,27.0,plots_extra/metrics/features/relations/mean/gpt2/tables/lpca99_gpt2_relation.csv,gpt2_no_index/tables_REL_GPT2_no_idx0/relation_bootstrap/relation_raw_lpca99_gpt2.csv
gpt2,GPT-2: MEAN vs LAST,relation_type,LID,lpca99,lpca99,punct,punct,5,1.875,535.1500244140625,36.5,34.0,plots_extra/metrics/features/relations/mean/gpt2/tables/lpca99_gpt2_relation.csv,gpt2_no_index/tables_REL_GPT2_no_idx0/relation_bootstrap/relation_raw_lpca99_gpt2.csv
gpt2,GPT-2: MEAN vs LAST,relation_type,LID,lpca99,lpca99,punct,punct,6,3.125,562.5999755859375,41.0,45.0,plots_extra/metrics/features/relations/mean/gpt2/tables/lpca99_gpt2_relation.csv,gpt2_no_index/tables_REL_GPT2_no_idx0/relation_bootstrap/relation_raw_lpca99_gpt2.csv
gpt2,GPT-2: MEAN vs LAST,relation_type,LID,lpca99,lpca99,punct,punct,7,8.625,579.5499877929688,45.0,49.0,plots_extra/metrics/features/relations/mean/gpt2/tables/lpca99_gpt2_relation.csv,gpt2_no_index/tables_REL_GPT2_no_idx0/relation_bootstrap/relation_raw_lpca99_gpt2.csv
gpt2,GPT-2: MEAN vs LAST,relation_type,LID,lpca99,lpca99,punct,punct,8,21.125,588.3499755859375,52.0,53.0,plots_extra/metrics/features/relations/mean/gpt2/tables/lpca99_gpt2_relation.csv,gpt2_no_index/tables_REL_GPT2_no_idx0/relation_bootstrap/relation_raw_lpca99_gpt2.csv
gpt2,GPT-2: MEAN vs LAST,relation_type,LID,lpca99,lpca99,punct,punct,9,48.875,594.6500244140625,64.0,57.0,plots_extra/metrics/features/relations/mean/gpt2/tables/lpca99_gpt2_relation.csv,gpt2_no_index/tables_REL_GPT2_no_idx0/relation_bootstrap/relation_raw_lpca99_gpt2.csv
gpt2,GPT-2: MEAN vs LAST,relation_type,LID,lpca99,lpca99,punct,punct,10,98.75,602.9500122070312,72.0,61.0,plots_extra/metrics/features/relations/mean/gpt2/tables/lpca99_gpt2_relation.csv,gpt2_no_index/tables_REL_GPT2_no_idx0/relation_bootstrap/relation_raw_lpca99_gpt2.csv
gpt2,GPT-2: MEAN vs LAST,relation_type,LID,lpca99,lpca99,punct,punct,11,180.5,609.4500122070312,82.0,66.0,plots_extra/metrics/features/relations/mean/gpt2/tables/lpca99_gpt2_relation.csv,gpt2_no_index/tables_REL_GPT2_no_idx0/relation_bootstrap/relation_raw_lpca99_gpt2.csv
gpt2,GPT-2: MEAN vs LAST,relation_type,LID,lpca99,lpca99,punct,punct,12,59.75,79.6500015258789,66.0,4.0,plots_extra/metrics/features/relations/mean/gpt2/tables/lpca99_gpt2_relation.csv,gpt2_no_index/tables_REL_GPT2_no_idx0/relation_bootstrap/relation_raw_lpca99_gpt2.csv
gpt2,GPT-2: MEAN vs LAST,relation_type,LID,lpca99,lpca99,root,root,0,537.25,600.9000244140625,106.0,59.0,plots_extra/metrics/features/relations/mean/gpt2/tables/lpca99_gpt2_relation.csv,gpt2_no_index/tables_REL_GPT2_no_idx0/relation_bootstrap/relation_raw_lpca99_gpt2.csv
gpt2,GPT-2: MEAN vs LAST,relation_type,LID,lpca99,lpca99,root,root,1,422.625,543.2000122070312,96.0,35.0,plots_extra/metrics/features/relations/mean/gpt2/tables/lpca99_gpt2_relation.csv,gpt2_no_index/tables_REL_GPT2_no_idx0/relation_bootstrap/relation_raw_lpca99_gpt2.csv
gpt2,GPT-2: MEAN vs LAST,relation_type,LID,lpca99,lpca99,root,root,2,97.375,551.5499877929688,71.0,38.0,plots_extra/metrics/features/relations/mean/gpt2/tables/lpca99_gpt2_relation.csv,gpt2_no_index/tables_REL_GPT2_no_idx0/relation_bootstrap/relation_raw_lpca99_gpt2.csv
gpt2,GPT-2: MEAN vs LAST,relation_type,LID,lpca99,lpca99,root,root,3,1.0,581.0,17.5,50.0,plots_extra/metrics/features/relations/mean/gpt2/tables/lpca99_gpt2_relation.csv,gpt2_no_index/tables_REL_GPT2_no_idx0/relation_bootstrap/relation_raw_lpca99_gpt2.csv
gpt2,GPT-2: MEAN vs LAST,relation_type,LID,lpca99,lpca99,root,root,4,1.0,604.5,17.5,63.0,plots_extra/metrics/features/relations/mean/gpt2/tables/lpca99_gpt2_relation.csv,gpt2_no_index/tables_REL_GPT2_no_idx0/relation_bootstrap/relation_raw_lpca99_gpt2.csv
gpt2,GPT-2: MEAN vs LAST,relation_type,LID,lpca99,lpca99,root,root,5,1.0,613.9000244140625,17.5,71.0,plots_extra/metrics/features/relations/mean/gpt2/tables/lpca99_gpt2_relation.csv,gpt2_no_index/tables_REL_GPT2_no_idx0/relation_bootstrap/relation_raw_lpca99_gpt2.csv
gpt2,GPT-2: MEAN vs LAST,relation_type,LID,lpca99,lpca99,root,root,6,1.0,616.0499877929688,17.5,74.0,plots_extra/metrics/features/relations/mean/gpt2/tables/lpca99_gpt2_relation.csv,gpt2_no_index/tables_REL_GPT2_no_idx0/relation_bootstrap/relation_raw_lpca99_gpt2.csv
gpt2,GPT-2: MEAN vs LAST,relation_type,LID,lpca99,lpca99,root,root,7,1.0,622.0999755859375,17.5,79.0,plots_extra/metrics/features/relations/mean/gpt2/tables/lpca99_gpt2_relation.csv,gpt2_no_index/tables_REL_GPT2_no_idx0/relation_bootstrap/relation_raw_lpca99_gpt2.csv
gpt2,GPT-2: MEAN vs LAST,relation_type,LID,lpca99,lpca99,root,root,8,1.0,630.4000244140625,17.5,88.0,plots_extra/metrics/features/relations/mean/gpt2/tables/lpca99_gpt2_relation.csv,gpt2_no_index/tables_REL_GPT2_no_idx0/relation_bootstrap/relation_raw_lpca99_gpt2.csv
gpt2,GPT-2: MEAN vs LAST,relation_type,LID,lpca99,lpca99,root,root,9,1.0,637.25,17.5,100.0,plots_extra/metrics/features/relations/mean/gpt2/tables/lpca99_gpt2_relation.csv,gpt2_no_index/tables_REL_GPT2_no_idx0/relation_bootstrap/relation_raw_lpca99_gpt2.csv
gpt2,GPT-2: MEAN vs LAST,relation_type,LID,lpca99,lpca99,root,root,10,2.625,639.75,39.5,103.0,plots_extra/metrics/features/relations/mean/gpt2/tables/lpca99_gpt2_relation.csv,gpt2_no_index/tables_REL_GPT2_no_idx0/relation_bootstrap/relation_raw_lpca99_gpt2.csv
gpt2,GPT-2: MEAN vs LAST,relation_type,LID,lpca99,lpca99,root,root,11,17.25,635.6500244140625,51.0,94.5,plots_extra/metrics/features/relations/mean/gpt2/tables/lpca99_gpt2_relation.csv,gpt2_no_index/tables_REL_GPT2_no_idx0/relation_bootstrap/relation_raw_lpca99_gpt2.csv
gpt2,GPT-2: MEAN vs LAST,relation_type,LID,lpca99,lpca99,root,root,12,76.875,166.3000030517578,69.0,9.0,plots_extra/metrics/features/relations/mean/gpt2/tables/lpca99_gpt2_relation.csv,gpt2_no_index/tables_REL_GPT2_no_idx0/relation_bootstrap/relation_raw_lpca99_gpt2.csv
gpt2,GPT-2: MEAN vs LAST,relation_type,NLID,gride,gride,advmod,advmod,0,3.654541254043579,2.363598346710205,10.0,5.0,plots_extra/metrics/features/relations/mean/gpt2/tables/gride_gpt2_relation.csv,gpt2_no_index/tables_REL_GPT2_no_idx0/relation_bootstrap/relation_raw_gride_gpt2.csv
gpt2,GPT-2: MEAN vs LAST,relation_type,NLID,gride,gride,advmod,advmod,1,3.2955989837646484,3.0344936847686768,6.0,6.0,plots_extra/metrics/features/relations/mean/gpt2/tables/gride_gpt2_relation.csv,gpt2_no_index/tables_REL_GPT2_no_idx0/relation_bootstrap/relation_raw_gride_gpt2.csv
gpt2,GPT-2: MEAN vs LAST,relation_type,NLID,gride,gride,advmod,advmod,2,3.338929414749145,3.311727523803711,7.0,7.0,plots_extra/metrics/features/relations/mean/gpt2/tables/gride_gpt2_relation.csv,gpt2_no_index/tables_REL_GPT2_no_idx0/relation_bootstrap/relation_raw_gride_gpt2.csv
gpt2,GPT-2: MEAN vs LAST,relation_type,NLID,gride,gride,advmod,advmod,3,4.381572723388672,4.438037872314453,19.0,8.0,plots_extra/metrics/features/relations/mean/gpt2/tables/gride_gpt2_relation.csv,gpt2_no_index/tables_REL_GPT2_no_idx0/relation_bootstrap/relation_raw_gride_gpt2.csv
gpt2,GPT-2: MEAN vs LAST,relation_type,NLID,gride,gride,advmod,advmod,4,5.59801197052002,5.728365898132324,22.0,13.0,plots_extra/metrics/features/relations/mean/gpt2/tables/gride_gpt2_relation.csv,gpt2_no_index/tables_REL_GPT2_no_idx0/relation_bootstrap/relation_raw_gride_gpt2.csv
gpt2,GPT-2: MEAN vs LAST,relation_type,NLID,gride,gride,advmod,advmod,5,6.938701629638672,6.913996696472168,31.0,20.0,plots_extra/metrics/features/relations/mean/gpt2/tables/gride_gpt2_relation.csv,gpt2_no_index/tables_REL_GPT2_no_idx0/relation_bootstrap/relation_raw_gride_gpt2.csv
gpt2,GPT-2: MEAN vs LAST,relation_type,NLID,gride,gride,advmod,advmod,6,7.80248498916626,7.611495971679687,36.0,26.0,plots_extra/metrics/features/relations/mean/gpt2/tables/gride_gpt2_relation.csv,gpt2_no_index/tables_REL_GPT2_no_idx0/relation_bootstrap/relation_raw_gride_gpt2.csv
gpt2,GPT-2: MEAN vs LAST,relation_type,NLID,gride,gride,advmod,advmod,7,8.785675048828125,8.55591869354248,47.0,37.0,plots_extra/metrics/features/relations/mean/gpt2/tables/gride_gpt2_relation.csv,gpt2_no_index/tables_REL_GPT2_no_idx0/relation_bootstrap/relation_raw_gride_gpt2.csv
gpt2,GPT-2: MEAN vs LAST,relation_type,NLID,gride,gride,advmod,advmod,8,9.837549209594728,9.582063674926758,56.0,47.0,plots_extra/metrics/features/relations/mean/gpt2/tables/gride_gpt2_relation.csv,gpt2_no_index/tables_REL_GPT2_no_idx0/relation_bootstrap/relation_raw_gride_gpt2.csv
gpt2,GPT-2: MEAN vs LAST,relation_type,NLID,gride,gride,advmod,advmod,9,11.092155456542969,10.813199996948242,64.0,60.0,plots_extra/metrics/features/relations/mean/gpt2/tables/gride_gpt2_relation.csv,gpt2_no_index/tables_REL_GPT2_no_idx0/relation_bootstrap/relation_raw_gride_gpt2.csv
gpt2,GPT-2: MEAN vs LAST,relation_type,NLID,gride,gride,advmod,advmod,10,12.367011070251465,12.111101150512695,79.0,74.0,plots_extra/metrics/features/relations/mean/gpt2/tables/gride_gpt2_relation.csv,gpt2_no_index/tables_REL_GPT2_no_idx0/relation_bootstrap/relation_raw_gride_gpt2.csv
gpt2,GPT-2: MEAN vs LAST,relation_type,NLID,gride,gride,advmod,advmod,11,13.10778522491455,13.11452293395996,87.0,86.0,plots_extra/metrics/features/relations/mean/gpt2/tables/gride_gpt2_relation.csv,gpt2_no_index/tables_REL_GPT2_no_idx0/relation_bootstrap/relation_raw_gride_gpt2.csv
gpt2,GPT-2: MEAN vs LAST,relation_type,NLID,gride,gride,advmod,advmod,12,6.48034143447876,7.882245063781738,25.0,29.0,plots_extra/metrics/features/relations/mean/gpt2/tables/gride_gpt2_relation.csv,gpt2_no_index/tables_REL_GPT2_no_idx0/relation_bootstrap/relation_raw_gride_gpt2.csv
gpt2,GPT-2: MEAN vs LAST,relation_type,NLID,gride,gride,amod,amod,0,9.23216438293457,6.743703365325928,51.0,18.0,plots_extra/metrics/features/relations/mean/gpt2/tables/gride_gpt2_relation.csv,gpt2_no_index/tables_REL_GPT2_no_idx0/relation_bootstrap/relation_raw_gride_gpt2.csv
gpt2,GPT-2: MEAN vs LAST,relation_type,NLID,gride,gride,amod,amod,1,7.3922905921936035,5.400173664093018,34.0,10.0,plots_extra/metrics/features/relations/mean/gpt2/tables/gride_gpt2_relation.csv,gpt2_no_index/tables_REL_GPT2_no_idx0/relation_bootstrap/relation_raw_gride_gpt2.csv
gpt2,GPT-2: MEAN vs LAST,relation_type,NLID,gride,gride,amod,amod,2,6.852452754974365,5.2921671867370605,30.0,9.0,plots_extra/metrics/features/relations/mean/gpt2/tables/gride_gpt2_relation.csv,gpt2_no_index/tables_REL_GPT2_no_idx0/relation_bootstrap/relation_raw_gride_gpt2.csv
gpt2,GPT-2: MEAN vs LAST,relation_type,NLID,gride,gride,amod,amod,3,9.169722557067873,6.559476375579834,49.0,15.0,plots_extra/metrics/features/relations/mean/gpt2/tables/gride_gpt2_relation.csv,gpt2_no_index/tables_REL_GPT2_no_idx0/relation_bootstrap/relation_raw_gride_gpt2.csv
gpt2,GPT-2: MEAN vs LAST,relation_type,NLID,gride,gride,amod,amod,4,10.57856273651123,8.091780662536621,58.0,30.0,plots_extra/metrics/features/relations/mean/gpt2/tables/gride_gpt2_relation.csv,gpt2_no_index/tables_REL_GPT2_no_idx0/relation_bootstrap/relation_raw_gride_gpt2.csv
gpt2,GPT-2: MEAN vs LAST,relation_type,NLID,gride,gride,amod,amod,5,11.74211311340332,9.574057579040527,70.0,46.0,plots_extra/metrics/features/relations/mean/gpt2/tables/gride_gpt2_relation.csv,gpt2_no_index/tables_REL_GPT2_no_idx0/relation_bootstrap/relation_raw_gride_gpt2.csv
gpt2,GPT-2: MEAN vs LAST,relation_type,NLID,gride,gride,amod,amod,6,12.479784965515137,10.85226345062256,82.0,62.0,plots_extra/metrics/features/relations/mean/gpt2/tables/gride_gpt2_relation.csv,gpt2_no_index/tables_REL_GPT2_no_idx0/relation_bootstrap/relation_raw_gride_gpt2.csv
gpt2,GPT-2: MEAN vs LAST,relation_type,NLID,gride,gride,amod,amod,7,13.173135757446287,11.81382179260254,88.0,70.0,plots_extra/metrics/features/relations/mean/gpt2/tables/gride_gpt2_relation.csv,gpt2_no_index/tables_REL_GPT2_no_idx0/relation_bootstrap/relation_raw_gride_gpt2.csv
gpt2,GPT-2: MEAN vs LAST,relation_type,NLID,gride,gride,amod,amod,8,14.036110877990724,12.703415870666504,95.0,82.0,plots_extra/metrics/features/relations/mean/gpt2/tables/gride_gpt2_relation.csv,gpt2_no_index/tables_REL_GPT2_no_idx0/relation_bootstrap/relation_raw_gride_gpt2.csv
gpt2,GPT-2: MEAN vs LAST,relation_type,NLID,gride,gride,amod,amod,9,15.281486511230469,14.07233428955078,99.0,97.0,plots_extra/metrics/features/relations/mean/gpt2/tables/gride_gpt2_relation.csv,gpt2_no_index/tables_REL_GPT2_no_idx0/relation_bootstrap/relation_raw_gride_gpt2.csv
gpt2,GPT-2: MEAN vs LAST,relation_type,NLID,gride,gride,amod,amod,10,16.572372436523438,15.40363311767578,104.0,106.0,plots_extra/metrics/features/relations/mean/gpt2/tables/gride_gpt2_relation.csv,gpt2_no_index/tables_REL_GPT2_no_idx0/relation_bootstrap/relation_raw_gride_gpt2.csv
gpt2,GPT-2: MEAN vs LAST,relation_type,NLID,gride,gride,amod,amod,11,18.10343742370605,17.163509368896484,109.0,120.0,plots_extra/metrics/features/relations/mean/gpt2/tables/gride_gpt2_relation.csv,gpt2_no_index/tables_REL_GPT2_no_idx0/relation_bootstrap/relation_raw_gride_gpt2.csv
gpt2,GPT-2: MEAN vs LAST,relation_type,NLID,gride,gride,amod,amod,12,8.906888961791992,10.862990379333496,48.0,63.0,plots_extra/metrics/features/relations/mean/gpt2/tables/gride_gpt2_relation.csv,gpt2_no_index/tables_REL_GPT2_no_idx0/relation_bootstrap/relation_raw_gride_gpt2.csv
gpt2,GPT-2: MEAN vs LAST,relation_type,NLID,gride,gride,case,case,0,1.511796951293945,0.3931688070297241,3.0,2.0,plots_extra/metrics/features/relations/mean/gpt2/tables/gride_gpt2_relation.csv,gpt2_no_index/tables_REL_GPT2_no_idx0/relation_bootstrap/relation_raw_gride_gpt2.csv
gpt2,GPT-2: MEAN vs LAST,relation_type,NLID,gride,gride,case,case,1,5.610001087188721,6.8717780113220215,23.0,19.0,plots_extra/metrics/features/relations/mean/gpt2/tables/gride_gpt2_relation.csv,gpt2_no_index/tables_REL_GPT2_no_idx0/relation_bootstrap/relation_raw_gride_gpt2.csv
gpt2,GPT-2: MEAN vs LAST,relation_type,NLID,gride,gride,case,case,2,6.703493595123291,7.703133583068848,28.0,28.0,plots_extra/metrics/features/relations/mean/gpt2/tables/gride_gpt2_relation.csv,gpt2_no_index/tables_REL_GPT2_no_idx0/relation_bootstrap/relation_raw_gride_gpt2.csv
gpt2,GPT-2: MEAN vs LAST,relation_type,NLID,gride,gride,case,case,3,9.406688690185549,10.308326721191406,52.0,57.0,plots_extra/metrics/features/relations/mean/gpt2/tables/gride_gpt2_relation.csv,gpt2_no_index/tables_REL_GPT2_no_idx0/relation_bootstrap/relation_raw_gride_gpt2.csv
gpt2,GPT-2: MEAN vs LAST,relation_type,NLID,gride,gride,case,case,4,11.21339988708496,11.925491333007812,65.0,71.0,plots_extra/metrics/features/relations/mean/gpt2/tables/gride_gpt2_relation.csv,gpt2_no_index/tables_REL_GPT2_no_idx0/relation_bootstrap/relation_raw_gride_gpt2.csv
gpt2,GPT-2: MEAN vs LAST,relation_type,NLID,gride,gride,case,case,5,12.38181495666504,13.228985786437988,80.0,89.0,plots_extra/metrics/features/relations/mean/gpt2/tables/gride_gpt2_relation.csv,gpt2_no_index/tables_REL_GPT2_no_idx0/relation_bootstrap/relation_raw_gride_gpt2.csv
gpt2,GPT-2: MEAN vs LAST,relation_type,NLID,gride,gride,case,case,6,12.623069763183594,13.656755447387695,83.0,93.0,plots_extra/metrics/features/relations/mean/gpt2/tables/gride_gpt2_relation.csv,gpt2_no_index/tables_REL_GPT2_no_idx0/relation_bootstrap/relation_raw_gride_gpt2.csv
gpt2,GPT-2: MEAN vs LAST,relation_type,NLID,gride,gride,case,case,7,13.215703010559082,14.404765129089355,89.0,99.0,plots_extra/metrics/features/relations/mean/gpt2/tables/gride_gpt2_relation.csv,gpt2_no_index/tables_REL_GPT2_no_idx0/relation_bootstrap/relation_raw_gride_gpt2.csv
gpt2,GPT-2: MEAN vs LAST,relation_type,NLID,gride,gride,case,case,8,13.918709754943848,15.1303129196167,93.0,103.0,plots_extra/metrics/features/relations/mean/gpt2/tables/gride_gpt2_relation.csv,gpt2_no_index/tables_REL_GPT2_no_idx0/relation_bootstrap/relation_raw_gride_gpt2.csv
gpt2,GPT-2: MEAN vs LAST,relation_type,NLID,gride,gride,case,case,9,14.60032558441162,15.95433235168457,97.0,109.0,plots_extra/metrics/features/relations/mean/gpt2/tables/gride_gpt2_relation.csv,gpt2_no_index/tables_REL_GPT2_no_idx0/relation_bootstrap/relation_raw_gride_gpt2.csv
gpt2,GPT-2: MEAN vs LAST,relation_type,NLID,gride,gride,case,case,10,15.016160011291504,16.457502365112305,98.0,113.0,plots_extra/metrics/features/relations/mean/gpt2/tables/gride_gpt2_relation.csv,gpt2_no_index/tables_REL_GPT2_no_idx0/relation_bootstrap/relation_raw_gride_gpt2.csv
gpt2,GPT-2: MEAN vs LAST,relation_type,NLID,gride,gride,case,case,11,15.399839401245115,17.036510467529297,100.0,117.0,plots_extra/metrics/features/relations/mean/gpt2/tables/gride_gpt2_relation.csv,gpt2_no_index/tables_REL_GPT2_no_idx0/relation_bootstrap/relation_raw_gride_gpt2.csv
gpt2,GPT-2: MEAN vs LAST,relation_type,NLID,gride,gride,case,case,12,7.988500118255615,9.784708023071287,38.0,50.0,plots_extra/metrics/features/relations/mean/gpt2/tables/gride_gpt2_relation.csv,gpt2_no_index/tables_REL_GPT2_no_idx0/relation_bootstrap/relation_raw_gride_gpt2.csv
gpt2,GPT-2: MEAN vs LAST,relation_type,NLID,gride,gride,conj,conj,0,19.29993438720703,24.44960021972656,115.0,130.0,plots_extra/metrics/features/relations/mean/gpt2/tables/gride_gpt2_relation.csv,gpt2_no_index/tables_REL_GPT2_no_idx0/relation_bootstrap/relation_raw_gride_gpt2.csv
gpt2,GPT-2: MEAN vs LAST,relation_type,NLID,gride,gride,conj,conj,1,17.779680252075195,13.776639938354492,107.0,96.0,plots_extra/metrics/features/relations/mean/gpt2/tables/gride_gpt2_relation.csv,gpt2_no_index/tables_REL_GPT2_no_idx0/relation_bootstrap/relation_raw_gride_gpt2.csv
gpt2,GPT-2: MEAN vs LAST,relation_type,NLID,gride,gride,conj,conj,2,17.84164047241211,12.255388259887695,108.0,75.0,plots_extra/metrics/features/relations/mean/gpt2/tables/gride_gpt2_relation.csv,gpt2_no_index/tables_REL_GPT2_no_idx0/relation_bootstrap/relation_raw_gride_gpt2.csv
gpt2,GPT-2: MEAN vs LAST,relation_type,NLID,gride,gride,conj,conj,3,19.73222923278809,13.70326805114746,116.0,94.0,plots_extra/metrics/features/relations/mean/gpt2/tables/gride_gpt2_relation.csv,gpt2_no_index/tables_REL_GPT2_no_idx0/relation_bootstrap/relation_raw_gride_gpt2.csv
gpt2,GPT-2: MEAN vs LAST,relation_type,NLID,gride,gride,conj,conj,4,20.787994384765625,15.260058403015137,119.0,104.0,plots_extra/metrics/features/relations/mean/gpt2/tables/gride_gpt2_relation.csv,gpt2_no_index/tables_REL_GPT2_no_idx0/relation_bootstrap/relation_raw_gride_gpt2.csv
gpt2,GPT-2: MEAN vs LAST,relation_type,NLID,gride,gride,conj,conj,5,20.993976593017575,16.331769943237305,122.0,111.0,plots_extra/metrics/features/relations/mean/gpt2/tables/gride_gpt2_relation.csv,gpt2_no_index/tables_REL_GPT2_no_idx0/relation_bootstrap/relation_raw_gride_gpt2.csv
gpt2,GPT-2: MEAN vs LAST,relation_type,NLID,gride,gride,conj,conj,6,21.001235961914062,16.923004150390625,123.0,115.0,plots_extra/metrics/features/relations/mean/gpt2/tables/gride_gpt2_relation.csv,gpt2_no_index/tables_REL_GPT2_no_idx0/relation_bootstrap/relation_raw_gride_gpt2.csv
gpt2,GPT-2: MEAN vs LAST,relation_type,NLID,gride,gride,conj,conj,7,20.96877861022949,17.07498550415039,121.0,118.0,plots_extra/metrics/features/relations/mean/gpt2/tables/gride_gpt2_relation.csv,gpt2_no_index/tables_REL_GPT2_no_idx0/relation_bootstrap/relation_raw_gride_gpt2.csv
gpt2,GPT-2: MEAN vs LAST,relation_type,NLID,gride,gride,conj,conj,8,20.96563148498535,17.114011764526367,120.0,119.0,plots_extra/metrics/features/relations/mean/gpt2/tables/gride_gpt2_relation.csv,gpt2_no_index/tables_REL_GPT2_no_idx0/relation_bootstrap/relation_raw_gride_gpt2.csv
gpt2,GPT-2: MEAN vs LAST,relation_type,NLID,gride,gride,conj,conj,9,21.646961212158203,17.918283462524414,126.0,121.0,plots_extra/metrics/features/relations/mean/gpt2/tables/gride_gpt2_relation.csv,gpt2_no_index/tables_REL_GPT2_no_idx0/relation_bootstrap/relation_raw_gride_gpt2.csv
gpt2,GPT-2: MEAN vs LAST,relation_type,NLID,gride,gride,conj,conj,10,22.10902404785156,18.98594665527344,127.0,124.0,plots_extra/metrics/features/relations/mean/gpt2/tables/gride_gpt2_relation.csv,gpt2_no_index/tables_REL_GPT2_no_idx0/relation_bootstrap/relation_raw_gride_gpt2.csv
gpt2,GPT-2: MEAN vs LAST,relation_type,NLID,gride,gride,conj,conj,11,22.461938858032227,19.674388885498047,129.0,126.0,plots_extra/metrics/features/relations/mean/gpt2/tables/gride_gpt2_relation.csv,gpt2_no_index/tables_REL_GPT2_no_idx0/relation_bootstrap/relation_raw_gride_gpt2.csv
gpt2,GPT-2: MEAN vs LAST,relation_type,NLID,gride,gride,conj,conj,12,8.067756652832031,9.108634948730469,40.0,41.0,plots_extra/metrics/features/relations/mean/gpt2/tables/gride_gpt2_relation.csv,gpt2_no_index/tables_REL_GPT2_no_idx0/relation_bootstrap/relation_raw_gride_gpt2.csv
gpt2,GPT-2: MEAN vs LAST,relation_type,NLID,gride,gride,det,det,0,0.3116313219070434,0.5853503346443176,2.0,3.0,plots_extra/metrics/features/relations/mean/gpt2/tables/gride_gpt2_relation.csv,gpt2_no_index/tables_REL_GPT2_no_idx0/relation_bootstrap/relation_raw_gride_gpt2.csv
gpt2,GPT-2: MEAN vs LAST,relation_type,NLID,gride,gride,det,det,1,6.551395893096924,7.2453765869140625,26.0,23.0,plots_extra/metrics/features/relations/mean/gpt2/tables/gride_gpt2_relation.csv,gpt2_no_index/tables_REL_GPT2_no_idx0/relation_bootstrap/relation_raw_gride_gpt2.csv
gpt2,GPT-2: MEAN vs LAST,relation_type,NLID,gride,gride,det,det,2,7.0666985511779785,7.629489898681641,33.0,27.0,plots_extra/metrics/features/relations/mean/gpt2/tables/gride_gpt2_relation.csv,gpt2_no_index/tables_REL_GPT2_no_idx0/relation_bootstrap/relation_raw_gride_gpt2.csv
gpt2,GPT-2: MEAN vs LAST,relation_type,NLID,gride,gride,det,det,3,7.483074188232422,8.342866897583008,35.0,33.0,plots_extra/metrics/features/relations/mean/gpt2/tables/gride_gpt2_relation.csv,gpt2_no_index/tables_REL_GPT2_no_idx0/relation_bootstrap/relation_raw_gride_gpt2.csv
gpt2,GPT-2: MEAN vs LAST,relation_type,NLID,gride,gride,det,det,4,8.44118595123291,9.161439895629885,43.0,42.0,plots_extra/metrics/features/relations/mean/gpt2/tables/gride_gpt2_relation.csv,gpt2_no_index/tables_REL_GPT2_no_idx0/relation_bootstrap/relation_raw_gride_gpt2.csv
gpt2,GPT-2: MEAN vs LAST,relation_type,NLID,gride,gride,det,det,5,9.4734468460083,10.109888076782228,53.0,55.0,plots_extra/metrics/features/relations/mean/gpt2/tables/gride_gpt2_relation.csv,gpt2_no_index/tables_REL_GPT2_no_idx0/relation_bootstrap/relation_raw_gride_gpt2.csv
gpt2,GPT-2: MEAN vs LAST,relation_type,NLID,gride,gride,det,det,6,10.050212860107422,10.939208984375,57.0,65.0,plots_extra/metrics/features/relations/mean/gpt2/tables/gride_gpt2_relation.csv,gpt2_no_index/tables_REL_GPT2_no_idx0/relation_bootstrap/relation_raw_gride_gpt2.csv
gpt2,GPT-2: MEAN vs LAST,relation_type,NLID,gride,gride,det,det,7,11.521135330200195,12.455650329589844,69.0,78.0,plots_extra/metrics/features/relations/mean/gpt2/tables/gride_gpt2_relation.csv,gpt2_no_index/tables_REL_GPT2_no_idx0/relation_bootstrap/relation_raw_gride_gpt2.csv
gpt2,GPT-2: MEAN vs LAST,relation_type,NLID,gride,gride,det,det,8,12.005928993225098,13.207763671875,75.0,88.0,plots_extra/metrics/features/relations/mean/gpt2/tables/gride_gpt2_relation.csv,gpt2_no_index/tables_REL_GPT2_no_idx0/relation_bootstrap/relation_raw_gride_gpt2.csv
gpt2,GPT-2: MEAN vs LAST,relation_type,NLID,gride,gride,det,det,9,12.476221084594728,14.244555473327637,81.0,98.0,plots_extra/metrics/features/relations/mean/gpt2/tables/gride_gpt2_relation.csv,gpt2_no_index/tables_REL_GPT2_no_idx0/relation_bootstrap/relation_raw_gride_gpt2.csv
gpt2,GPT-2: MEAN vs LAST,relation_type,NLID,gride,gride,det,det,10,12.978887557983398,15.009655952453612,86.0,102.0,plots_extra/metrics/features/relations/mean/gpt2/tables/gride_gpt2_relation.csv,gpt2_no_index/tables_REL_GPT2_no_idx0/relation_bootstrap/relation_raw_gride_gpt2.csv
gpt2,GPT-2: MEAN vs LAST,relation_type,NLID,gride,gride,det,det,11,13.39040756225586,15.439735412597656,90.0,107.0,plots_extra/metrics/features/relations/mean/gpt2/tables/gride_gpt2_relation.csv,gpt2_no_index/tables_REL_GPT2_no_idx0/relation_bootstrap/relation_raw_gride_gpt2.csv
gpt2,GPT-2: MEAN vs LAST,relation_type,NLID,gride,gride,det,det,12,7.8905348777771,8.886570930480957,37.0,39.0,plots_extra/metrics/features/relations/mean/gpt2/tables/gride_gpt2_relation.csv,gpt2_no_index/tables_REL_GPT2_no_idx0/relation_bootstrap/relation_raw_gride_gpt2.csv
gpt2,GPT-2: MEAN vs LAST,relation_type,NLID,gride,gride,nsubj,nsubj,0,1.757036209106445,1.7267347574234009,5.0,4.0,plots_extra/metrics/features/relations/mean/gpt2/tables/gride_gpt2_relation.csv,gpt2_no_index/tables_REL_GPT2_no_idx0/relation_bootstrap/relation_raw_gride_gpt2.csv
gpt2,GPT-2: MEAN vs LAST,relation_type,NLID,gride,gride,nsubj,nsubj,1,3.498201608657837,6.107721328735352,9.0,14.0,plots_extra/metrics/features/relations/mean/gpt2/tables/gride_gpt2_relation.csv,gpt2_no_index/tables_REL_GPT2_no_idx0/relation_bootstrap/relation_raw_gride_gpt2.csv
gpt2,GPT-2: MEAN vs LAST,relation_type,NLID,gride,gride,nsubj,nsubj,2,4.133335113525391,7.147761344909668,16.0,22.0,plots_extra/metrics/features/relations/mean/gpt2/tables/gride_gpt2_relation.csv,gpt2_no_index/tables_REL_GPT2_no_idx0/relation_bootstrap/relation_raw_gride_gpt2.csv
gpt2,GPT-2: MEAN vs LAST,relation_type,NLID,gride,gride,nsubj,nsubj,3,4.219942092895508,8.345075607299805,17.0,34.0,plots_extra/metrics/features/relations/mean/gpt2/tables/gride_gpt2_relation.csv,gpt2_no_index/tables_REL_GPT2_no_idx0/relation_bootstrap/relation_raw_gride_gpt2.csv
gpt2,GPT-2: MEAN vs LAST,relation_type,NLID,gride,gride,nsubj,nsubj,4,3.7726004123687744,9.328962326049805,14.0,44.0,plots_extra/metrics/features/relations/mean/gpt2/tables/gride_gpt2_relation.csv,gpt2_no_index/tables_REL_GPT2_no_idx0/relation_bootstrap/relation_raw_gride_gpt2.csv
gpt2,GPT-2: MEAN vs LAST,relation_type,NLID,gride,gride,nsubj,nsubj,5,4.293546199798584,10.467247009277344,18.0,58.0,plots_extra/metrics/features/relations/mean/gpt2/tables/gride_gpt2_relation.csv,gpt2_no_index/tables_REL_GPT2_no_idx0/relation_bootstrap/relation_raw_gride_gpt2.csv
gpt2,GPT-2: MEAN vs LAST,relation_type,NLID,gride,gride,nsubj,nsubj,6,4.752722263336182,11.252644538879396,20.0,69.0,plots_extra/metrics/features/relations/mean/gpt2/tables/gride_gpt2_relation.csv,gpt2_no_index/tables_REL_GPT2_no_idx0/relation_bootstrap/relation_raw_gride_gpt2.csv
gpt2,GPT-2: MEAN vs LAST,relation_type,NLID,gride,gride,nsubj,nsubj,7,1.7024078369140625,12.457204818725586,4.0,79.0,plots_extra/metrics/features/relations/mean/gpt2/tables/gride_gpt2_relation.csv,gpt2_no_index/tables_REL_GPT2_no_idx0/relation_bootstrap/relation_raw_gride_gpt2.csv
gpt2,GPT-2: MEAN vs LAST,relation_type,NLID,gride,gride,nsubj,nsubj,8,3.699709177017212,12.814471244812012,12.0,83.0,plots_extra/metrics/features/relations/mean/gpt2/tables/gride_gpt2_relation.csv,gpt2_no_index/tables_REL_GPT2_no_idx0/relation_bootstrap/relation_raw_gride_gpt2.csv
gpt2,GPT-2: MEAN vs LAST,relation_type,NLID,gride,gride,nsubj,nsubj,9,3.669198036193848,13.120733261108398,11.0,87.0,plots_extra/metrics/features/relations/mean/gpt2/tables/gride_gpt2_relation.csv,gpt2_no_index/tables_REL_GPT2_no_idx0/relation_bootstrap/relation_raw_gride_gpt2.csv
gpt2,GPT-2: MEAN vs LAST,relation_type,NLID,gride,gride,nsubj,nsubj,10,3.780574798583984,13.34752368927002,15.0,91.0,plots_extra/metrics/features/relations/mean/gpt2/tables/gride_gpt2_relation.csv,gpt2_no_index/tables_REL_GPT2_no_idx0/relation_bootstrap/relation_raw_gride_gpt2.csv
gpt2,GPT-2: MEAN vs LAST,relation_type,NLID,gride,gride,nsubj,nsubj,11,3.766648530960083,13.607995986938477,13.0,92.0,plots_extra/metrics/features/relations/mean/gpt2/tables/gride_gpt2_relation.csv,gpt2_no_index/tables_REL_GPT2_no_idx0/relation_bootstrap/relation_raw_gride_gpt2.csv
gpt2,GPT-2: MEAN vs LAST,relation_type,NLID,gride,gride,nsubj,nsubj,12,3.491797685623169,7.455090999603271,8.0,25.0,plots_extra/metrics/features/relations/mean/gpt2/tables/gride_gpt2_relation.csv,gpt2_no_index/tables_REL_GPT2_no_idx0/relation_bootstrap/relation_raw_gride_gpt2.csv
gpt2,GPT-2: MEAN vs LAST,relation_type,NLID,gride,gride,obj,obj,0,9.705860137939451,7.38302755355835,55.0,24.0,plots_extra/metrics/features/relations/mean/gpt2/tables/gride_gpt2_relation.csv,gpt2_no_index/tables_REL_GPT2_no_idx0/relation_bootstrap/relation_raw_gride_gpt2.csv
gpt2,GPT-2: MEAN vs LAST,relation_type,NLID,gride,gride,obj,obj,1,8.78567123413086,8.467641830444336,46.0,35.0,plots_extra/metrics/features/relations/mean/gpt2/tables/gride_gpt2_relation.csv,gpt2_no_index/tables_REL_GPT2_no_idx0/relation_bootstrap/relation_raw_gride_gpt2.csv
gpt2,GPT-2: MEAN vs LAST,relation_type,NLID,gride,gride,obj,obj,2,8.679109573364258,8.73432731628418,45.0,38.0,plots_extra/metrics/features/relations/mean/gpt2/tables/gride_gpt2_relation.csv,gpt2_no_index/tables_REL_GPT2_no_idx0/relation_bootstrap/relation_raw_gride_gpt2.csv
gpt2,GPT-2: MEAN vs LAST,relation_type,NLID,gride,gride,obj,obj,3,11.235705375671388,10.817228317260742,66.0,61.0,plots_extra/metrics/features/relations/mean/gpt2/tables/gride_gpt2_relation.csv,gpt2_no_index/tables_REL_GPT2_no_idx0/relation_bootstrap/relation_raw_gride_gpt2.csv
gpt2,GPT-2: MEAN vs LAST,relation_type,NLID,gride,gride,obj,obj,4,13.765353202819824,12.8589506149292,92.0,84.0,plots_extra/metrics/features/relations/mean/gpt2/tables/gride_gpt2_relation.csv,gpt2_no_index/tables_REL_GPT2_no_idx0/relation_bootstrap/relation_raw_gride_gpt2.csv
gpt2,GPT-2: MEAN vs LAST,relation_type,NLID,gride,gride,obj,obj,5,16.076581954956055,14.494336128234863,102.0,100.0,plots_extra/metrics/features/relations/mean/gpt2/tables/gride_gpt2_relation.csv,gpt2_no_index/tables_REL_GPT2_no_idx0/relation_bootstrap/relation_raw_gride_gpt2.csv
gpt2,GPT-2: MEAN vs LAST,relation_type,NLID,gride,gride,obj,obj,6,17.342788696289062,15.392168045043944,105.0,105.0,plots_extra/metrics/features/relations/mean/gpt2/tables/gride_gpt2_relation.csv,gpt2_no_index/tables_REL_GPT2_no_idx0/relation_bootstrap/relation_raw_gride_gpt2.csv
gpt2,GPT-2: MEAN vs LAST,relation_type,NLID,gride,gride,obj,obj,7,18.268239974975582,16.126468658447266,111.0,110.0,plots_extra/metrics/features/relations/mean/gpt2/tables/gride_gpt2_relation.csv,gpt2_no_index/tables_REL_GPT2_no_idx0/relation_bootstrap/relation_raw_gride_gpt2.csv
gpt2,GPT-2: MEAN vs LAST,relation_type,NLID,gride,gride,obj,obj,8,19.11122131347656,16.849464416503906,114.0,114.0,plots_extra/metrics/features/relations/mean/gpt2/tables/gride_gpt2_relation.csv,gpt2_no_index/tables_REL_GPT2_no_idx0/relation_bootstrap/relation_raw_gride_gpt2.csv
gpt2,GPT-2: MEAN vs LAST,relation_type,NLID,gride,gride,obj,obj,9,20.36855125427246,18.07012176513672,118.0,122.0,plots_extra/metrics/features/relations/mean/gpt2/tables/gride_gpt2_relation.csv,gpt2_no_index/tables_REL_GPT2_no_idx0/relation_bootstrap/relation_raw_gride_gpt2.csv
gpt2,GPT-2: MEAN vs LAST,relation_type,NLID,gride,gride,obj,obj,10,21.59718513488769,19.26511001586914,125.0,125.0,plots_extra/metrics/features/relations/mean/gpt2/tables/gride_gpt2_relation.csv,gpt2_no_index/tables_REL_GPT2_no_idx0/relation_bootstrap/relation_raw_gride_gpt2.csv
gpt2,GPT-2: MEAN vs LAST,relation_type,NLID,gride,gride,obj,obj,11,22.46065330505371,20.437475204467773,128.0,128.0,plots_extra/metrics/features/relations/mean/gpt2/tables/gride_gpt2_relation.csv,gpt2_no_index/tables_REL_GPT2_no_idx0/relation_bootstrap/relation_raw_gride_gpt2.csv
gpt2,GPT-2: MEAN vs LAST,relation_type,NLID,gride,gride,obj,obj,12,8.591711044311523,9.667577743530272,44.0,48.0,plots_extra/metrics/features/relations/mean/gpt2/tables/gride_gpt2_relation.csv,gpt2_no_index/tables_REL_GPT2_no_idx0/relation_bootstrap/relation_raw_gride_gpt2.csv
gpt2,GPT-2: MEAN vs LAST,relation_type,NLID,gride,gride,obl,obl,0,15.548900604248049,12.910000801086426,101.0,85.0,plots_extra/metrics/features/relations/mean/gpt2/tables/gride_gpt2_relation.csv,gpt2_no_index/tables_REL_GPT2_no_idx0/relation_bootstrap/relation_raw_gride_gpt2.csv
gpt2,GPT-2: MEAN vs LAST,relation_type,NLID,gride,gride,obl,obl,1,14.062911987304688,9.736856460571287,96.0,49.0,plots_extra/metrics/features/relations/mean/gpt2/tables/gride_gpt2_relation.csv,gpt2_no_index/tables_REL_GPT2_no_idx0/relation_bootstrap/relation_raw_gride_gpt2.csv
gpt2,GPT-2: MEAN vs LAST,relation_type,NLID,gride,gride,obl,obl,2,12.632140159606934,9.034732818603516,84.0,40.0,plots_extra/metrics/features/relations/mean/gpt2/tables/gride_gpt2_relation.csv,gpt2_no_index/tables_REL_GPT2_no_idx0/relation_bootstrap/relation_raw_gride_gpt2.csv
gpt2,GPT-2: MEAN vs LAST,relation_type,NLID,gride,gride,obl,obl,3,14.027106285095217,10.867788314819336,94.0,64.0,plots_extra/metrics/features/relations/mean/gpt2/tables/gride_gpt2_relation.csv,gpt2_no_index/tables_REL_GPT2_no_idx0/relation_bootstrap/relation_raw_gride_gpt2.csv
gpt2,GPT-2: MEAN vs LAST,relation_type,NLID,gride,gride,obl,obl,4,16.139129638671875,13.250272750854492,103.0,90.0,plots_extra/metrics/features/relations/mean/gpt2/tables/gride_gpt2_relation.csv,gpt2_no_index/tables_REL_GPT2_no_idx0/relation_bootstrap/relation_raw_gride_gpt2.csv
gpt2,GPT-2: MEAN vs LAST,relation_type,NLID,gride,gride,obl,obl,5,17.527294158935547,14.814806938171388,106.0,101.0,plots_extra/metrics/features/relations/mean/gpt2/tables/gride_gpt2_relation.csv,gpt2_no_index/tables_REL_GPT2_no_idx0/relation_bootstrap/relation_raw_gride_gpt2.csv
gpt2,GPT-2: MEAN vs LAST,relation_type,NLID,gride,gride,obl,obl,6,18.164634704589844,15.801294326782228,110.0,108.0,plots_extra/metrics/features/relations/mean/gpt2/tables/gride_gpt2_relation.csv,gpt2_no_index/tables_REL_GPT2_no_idx0/relation_bootstrap/relation_raw_gride_gpt2.csv
gpt2,GPT-2: MEAN vs LAST,relation_type,NLID,gride,gride,obl,obl,7,18.522687911987305,16.36666488647461,112.0,112.0,plots_extra/metrics/features/relations/mean/gpt2/tables/gride_gpt2_relation.csv,gpt2_no_index/tables_REL_GPT2_no_idx0/relation_bootstrap/relation_raw_gride_gpt2.csv
gpt2,GPT-2: MEAN vs LAST,relation_type,NLID,gride,gride,obl,obl,8,19.111181259155277,16.982532501220703,113.0,116.0,plots_extra/metrics/features/relations/mean/gpt2/tables/gride_gpt2_relation.csv,gpt2_no_index/tables_REL_GPT2_no_idx0/relation_bootstrap/relation_raw_gride_gpt2.csv
gpt2,GPT-2: MEAN vs LAST,relation_type,NLID,gride,gride,obl,obl,9,20.10894203186035,18.24942398071289,117.0,123.0,plots_extra/metrics/features/relations/mean/gpt2/tables/gride_gpt2_relation.csv,gpt2_no_index/tables_REL_GPT2_no_idx0/relation_bootstrap/relation_raw_gride_gpt2.csv
gpt2,GPT-2: MEAN vs LAST,relation_type,NLID,gride,gride,obl,obl,10,21.214290618896484,19.693683624267575,124.0,127.0,plots_extra/metrics/features/relations/mean/gpt2/tables/gride_gpt2_relation.csv,gpt2_no_index/tables_REL_GPT2_no_idx0/relation_bootstrap/relation_raw_gride_gpt2.csv
gpt2,GPT-2: MEAN vs LAST,relation_type,NLID,gride,gride,obl,obl,11,22.481857299804688,21.320316314697266,130.0,129.0,plots_extra/metrics/features/relations/mean/gpt2/tables/gride_gpt2_relation.csv,gpt2_no_index/tables_REL_GPT2_no_idx0/relation_bootstrap/relation_raw_gride_gpt2.csv
gpt2,GPT-2: MEAN vs LAST,relation_type,NLID,gride,gride,obl,obl,12,8.211116790771484,9.2031831741333,41.0,43.0,plots_extra/metrics/features/relations/mean/gpt2/tables/gride_gpt2_relation.csv,gpt2_no_index/tables_REL_GPT2_no_idx0/relation_bootstrap/relation_raw_gride_gpt2.csv
gpt2,GPT-2: MEAN vs LAST,relation_type,NLID,gride,gride,punct,punct,0,0.2019977271556854,0.348859965801239,1.0,1.0,plots_extra/metrics/features/relations/mean/gpt2/tables/gride_gpt2_relation.csv,gpt2_no_index/tables_REL_GPT2_no_idx0/relation_bootstrap/relation_raw_gride_gpt2.csv
gpt2,GPT-2: MEAN vs LAST,relation_type,NLID,gride,gride,punct,punct,1,5.160870552062988,7.14244556427002,21.0,21.0,plots_extra/metrics/features/relations/mean/gpt2/tables/gride_gpt2_relation.csv,gpt2_no_index/tables_REL_GPT2_no_idx0/relation_bootstrap/relation_raw_gride_gpt2.csv
gpt2,GPT-2: MEAN vs LAST,relation_type,NLID,gride,gride,punct,punct,2,6.754382610321045,8.287858963012695,29.0,32.0,plots_extra/metrics/features/relations/mean/gpt2/tables/gride_gpt2_relation.csv,gpt2_no_index/tables_REL_GPT2_no_idx0/relation_bootstrap/relation_raw_gride_gpt2.csv
gpt2,GPT-2: MEAN vs LAST,relation_type,NLID,gride,gride,punct,punct,3,8.064762115478516,9.806230545043944,39.0,51.0,plots_extra/metrics/features/relations/mean/gpt2/tables/gride_gpt2_relation.csv,gpt2_no_index/tables_REL_GPT2_no_idx0/relation_bootstrap/relation_raw_gride_gpt2.csv
gpt2,GPT-2: MEAN vs LAST,relation_type,NLID,gride,gride,punct,punct,4,9.19931983947754,10.98122501373291,50.0,66.0,plots_extra/metrics/features/relations/mean/gpt2/tables/gride_gpt2_relation.csv,gpt2_no_index/tables_REL_GPT2_no_idx0/relation_bootstrap/relation_raw_gride_gpt2.csv
gpt2,GPT-2: MEAN vs LAST,relation_type,NLID,gride,gride,punct,punct,5,10.680112838745115,12.457560539245604,60.0,80.0,plots_extra/metrics/features/relations/mean/gpt2/tables/gride_gpt2_relation.csv,gpt2_no_index/tables_REL_GPT2_no_idx0/relation_bootstrap/relation_raw_gride_gpt2.csv
gpt2,GPT-2: MEAN vs LAST,relation_type,NLID,gride,gride,punct,punct,6,10.663122177124023,12.306066513061523,59.0,76.0,plots_extra/metrics/features/relations/mean/gpt2/tables/gride_gpt2_relation.csv,gpt2_no_index/tables_REL_GPT2_no_idx0/relation_bootstrap/relation_raw_gride_gpt2.csv
gpt2,GPT-2: MEAN vs LAST,relation_type,NLID,gride,gride,punct,punct,7,10.891265869140623,12.389140129089355,62.0,77.0,plots_extra/metrics/features/relations/mean/gpt2/tables/gride_gpt2_relation.csv,gpt2_no_index/tables_REL_GPT2_no_idx0/relation_bootstrap/relation_raw_gride_gpt2.csv
gpt2,GPT-2: MEAN vs LAST,relation_type,NLID,gride,gride,punct,punct,8,10.906404495239258,12.020268440246582,63.0,73.0,plots_extra/metrics/features/relations/mean/gpt2/tables/gride_gpt2_relation.csv,gpt2_no_index/tables_REL_GPT2_no_idx0/relation_bootstrap/relation_raw_gride_gpt2.csv
gpt2,GPT-2: MEAN vs LAST,relation_type,NLID,gride,gride,punct,punct,9,11.249530792236328,11.987051963806152,67.0,72.0,plots_extra/metrics/features/relations/mean/gpt2/tables/gride_gpt2_relation.csv,gpt2_no_index/tables_REL_GPT2_no_idx0/relation_bootstrap/relation_raw_gride_gpt2.csv
gpt2,GPT-2: MEAN vs LAST,relation_type,NLID,gride,gride,punct,punct,10,12.273662567138672,12.5709810256958,78.0,81.0,plots_extra/metrics/features/relations/mean/gpt2/tables/gride_gpt2_relation.csv,gpt2_no_index/tables_REL_GPT2_no_idx0/relation_bootstrap/relation_raw_gride_gpt2.csv
gpt2,GPT-2: MEAN vs LAST,relation_type,NLID,gride,gride,punct,punct,11,13.56816577911377,13.727375984191896,91.0,95.0,plots_extra/metrics/features/relations/mean/gpt2/tables/gride_gpt2_relation.csv,gpt2_no_index/tables_REL_GPT2_no_idx0/relation_bootstrap/relation_raw_gride_gpt2.csv
gpt2,GPT-2: MEAN vs LAST,relation_type,NLID,gride,gride,punct,punct,12,6.017886161804199,6.731788635253906,24.0,17.0,plots_extra/metrics/features/relations/mean/gpt2/tables/gride_gpt2_relation.csv,gpt2_no_index/tables_REL_GPT2_no_idx0/relation_bootstrap/relation_raw_gride_gpt2.csv
gpt2,GPT-2: MEAN vs LAST,relation_type,NLID,gride,gride,root,root,0,12.840954780578612,11.112005233764648,85.0,68.0,plots_extra/metrics/features/relations/mean/gpt2/tables/gride_gpt2_relation.csv,gpt2_no_index/tables_REL_GPT2_no_idx0/relation_bootstrap/relation_raw_gride_gpt2.csv
gpt2,GPT-2: MEAN vs LAST,relation_type,NLID,gride,gride,root,root,1,8.381731033325195,5.683348655700684,42.0,12.0,plots_extra/metrics/features/relations/mean/gpt2/tables/gride_gpt2_relation.csv,gpt2_no_index/tables_REL_GPT2_no_idx0/relation_bootstrap/relation_raw_gride_gpt2.csv
gpt2,GPT-2: MEAN vs LAST,relation_type,NLID,gride,gride,root,root,2,6.610300064086914,5.57950496673584,27.0,11.0,plots_extra/metrics/features/relations/mean/gpt2/tables/gride_gpt2_relation.csv,gpt2_no_index/tables_REL_GPT2_no_idx0/relation_bootstrap/relation_raw_gride_gpt2.csv
gpt2,GPT-2: MEAN vs LAST,relation_type,NLID,gride,gride,root,root,3,9.488338470458984,6.589498043060303,54.0,16.0,plots_extra/metrics/features/relations/mean/gpt2/tables/gride_gpt2_relation.csv,gpt2_no_index/tables_REL_GPT2_no_idx0/relation_bootstrap/relation_raw_gride_gpt2.csv
gpt2,GPT-2: MEAN vs LAST,relation_type,NLID,gride,gride,root,root,4,10.74587345123291,8.215545654296875,61.0,31.0,plots_extra/metrics/features/relations/mean/gpt2/tables/gride_gpt2_relation.csv,gpt2_no_index/tables_REL_GPT2_no_idx0/relation_bootstrap/relation_raw_gride_gpt2.csv
gpt2,GPT-2: MEAN vs LAST,relation_type,NLID,gride,gride,root,root,5,11.479813575744627,9.425582885742188,68.0,45.0,plots_extra/metrics/features/relations/mean/gpt2/tables/gride_gpt2_relation.csv,gpt2_no_index/tables_REL_GPT2_no_idx0/relation_bootstrap/relation_raw_gride_gpt2.csv
gpt2,GPT-2: MEAN vs LAST,relation_type,NLID,gride,gride,root,root,6,11.831073760986328,9.86733341217041,72.0,52.0,plots_extra/metrics/features/relations/mean/gpt2/tables/gride_gpt2_relation.csv,gpt2_no_index/tables_REL_GPT2_no_idx0/relation_bootstrap/relation_raw_gride_gpt2.csv
gpt2,GPT-2: MEAN vs LAST,relation_type,NLID,gride,gride,root,root,7,11.925005912780762,10.045736312866213,73.0,54.0,plots_extra/metrics/features/relations/mean/gpt2/tables/gride_gpt2_relation.csv,gpt2_no_index/tables_REL_GPT2_no_idx0/relation_bootstrap/relation_raw_gride_gpt2.csv
gpt2,GPT-2: MEAN vs LAST,relation_type,NLID,gride,gride,root,root,8,11.816070556640623,9.94748878479004,71.0,53.0,plots_extra/metrics/features/relations/mean/gpt2/tables/gride_gpt2_relation.csv,gpt2_no_index/tables_REL_GPT2_no_idx0/relation_bootstrap/relation_raw_gride_gpt2.csv
gpt2,GPT-2: MEAN vs LAST,relation_type,NLID,gride,gride,root,root,9,11.942846298217772,10.256335258483888,74.0,56.0,plots_extra/metrics/features/relations/mean/gpt2/tables/gride_gpt2_relation.csv,gpt2_no_index/tables_REL_GPT2_no_idx0/relation_bootstrap/relation_raw_gride_gpt2.csv
gpt2,GPT-2: MEAN vs LAST,relation_type,NLID,gride,gride,root,root,10,12.188461303710938,10.505937576293944,76.0,59.0,plots_extra/metrics/features/relations/mean/gpt2/tables/gride_gpt2_relation.csv,gpt2_no_index/tables_REL_GPT2_no_idx0/relation_bootstrap/relation_raw_gride_gpt2.csv
gpt2,GPT-2: MEAN vs LAST,relation_type,NLID,gride,gride,root,root,11,12.19703197479248,11.040399551391602,77.0,67.0,plots_extra/metrics/features/relations/mean/gpt2/tables/gride_gpt2_relation.csv,gpt2_no_index/tables_REL_GPT2_no_idx0/relation_bootstrap/relation_raw_gride_gpt2.csv
gpt2,GPT-2: MEAN vs LAST,relation_type,NLID,gride,gride,root,root,12,7.024167060852051,8.481939315795898,32.0,36.0,plots_extra/metrics/features/relations/mean/gpt2/tables/gride_gpt2_relation.csv,gpt2_no_index/tables_REL_GPT2_no_idx0/relation_bootstrap/relation_raw_gride_gpt2.csv
gpt2,GPT-2: MEAN vs LAST,arity,IsoScore,iso,iso,0,0,0,0.0063207508064806,0.0035384136717766,57.0,57.0,plots_extra/metrics/features/arity/mean/gpt2/tables/iso_gpt2_arity.csv,gpt2/tables_ARITY/arity_bootstrap/arity_raw_iso_gpt2.csv
gpt2,GPT-2: MEAN vs LAST,arity,IsoScore,iso,iso,0,0,1,0.0023977959062904,0.0022522457875311,56.0,56.0,plots_extra/metrics/features/arity/mean/gpt2/tables/iso_gpt2_arity.csv,gpt2/tables_ARITY/arity_bootstrap/arity_raw_iso_gpt2.csv
gpt2,GPT-2: MEAN vs LAST,arity,IsoScore,iso,iso,0,0,2,0.0001030425337376,0.0013548996066674,30.0,30.0,plots_extra/metrics/features/arity/mean/gpt2/tables/iso_gpt2_arity.csv,gpt2/tables_ARITY/arity_bootstrap/arity_raw_iso_gpt2.csv
gpt2,GPT-2: MEAN vs LAST,arity,IsoScore,iso,iso,0,0,3,7.966997145558707e-06,0.0013062361394986,1.0,1.0,plots_extra/metrics/features/arity/mean/gpt2/tables/iso_gpt2_arity.csv,gpt2/tables_ARITY/arity_bootstrap/arity_raw_iso_gpt2.csv
gpt2,GPT-2: MEAN vs LAST,arity,IsoScore,iso,iso,0,0,4,9.194407539325766e-06,0.0013068750267848,2.0,2.0,plots_extra/metrics/features/arity/mean/gpt2/tables/iso_gpt2_arity.csv,gpt2/tables_ARITY/arity_bootstrap/arity_raw_iso_gpt2.csv
gpt2,GPT-2: MEAN vs LAST,arity,IsoScore,iso,iso,0,0,5,1.0667962669685949e-05,0.0013076348695904,3.0,3.0,plots_extra/metrics/features/arity/mean/gpt2/tables/iso_gpt2_arity.csv,gpt2/tables_ARITY/arity_bootstrap/arity_raw_iso_gpt2.csv
gpt2,GPT-2: MEAN vs LAST,arity,IsoScore,iso,iso,0,0,6,1.2802552191715222e-05,0.0013087337138131,4.0,4.0,plots_extra/metrics/features/arity/mean/gpt2/tables/iso_gpt2_arity.csv,gpt2/tables_ARITY/arity_bootstrap/arity_raw_iso_gpt2.csv
gpt2,GPT-2: MEAN vs LAST,arity,IsoScore,iso,iso,0,0,7,1.6221125406445935e-05,0.001310488441959,5.0,5.0,plots_extra/metrics/features/arity/mean/gpt2/tables/iso_gpt2_arity.csv,gpt2/tables_ARITY/arity_bootstrap/arity_raw_iso_gpt2.csv
gpt2,GPT-2: MEAN vs LAST,arity,IsoScore,iso,iso,0,0,8,2.1450145140988752e-05,0.0013131700688973,7.0,7.0,plots_extra/metrics/features/arity/mean/gpt2/tables/iso_gpt2_arity.csv,gpt2/tables_ARITY/arity_bootstrap/arity_raw_iso_gpt2.csv
gpt2,GPT-2: MEAN vs LAST,arity,IsoScore,iso,iso,0,0,9,3.02041407849174e-05,0.0013176460051909,11.0,11.0,plots_extra/metrics/features/arity/mean/gpt2/tables/iso_gpt2_arity.csv,gpt2/tables_ARITY/arity_bootstrap/arity_raw_iso_gpt2.csv
gpt2,GPT-2: MEAN vs LAST,arity,IsoScore,iso,iso,0,0,10,4.428666943567805e-05,0.0013248277828097,18.0,16.0,plots_extra/metrics/features/arity/mean/gpt2/tables/iso_gpt2_arity.csv,gpt2/tables_ARITY/arity_bootstrap/arity_raw_iso_gpt2.csv
gpt2,GPT-2: MEAN vs LAST,arity,IsoScore,iso,iso,0,0,11,7.026930688880384e-05,0.0013379795709624,23.0,23.0,plots_extra/metrics/features/arity/mean/gpt2/tables/iso_gpt2_arity.csv,gpt2/tables_ARITY/arity_bootstrap/arity_raw_iso_gpt2.csv
gpt2,GPT-2: MEAN vs LAST,arity,IsoScore,iso,iso,0,0,12,0.0009476077975705,0.0017304703360423,52.0,53.0,plots_extra/metrics/features/arity/mean/gpt2/tables/iso_gpt2_arity.csv,gpt2/tables_ARITY/arity_bootstrap/arity_raw_iso_gpt2.csv
gpt2,GPT-2: MEAN vs LAST,arity,IsoScore,iso,iso,1,1,0,0.0188836026936769,0.00662657385692,60.0,60.0,plots_extra/metrics/features/arity/mean/gpt2/tables/iso_gpt2_arity.csv,gpt2/tables_ARITY/arity_bootstrap/arity_raw_iso_gpt2.csv
gpt2,GPT-2: MEAN vs LAST,arity,IsoScore,iso,iso,1,1,1,0.0078865978866815,0.0037023753393441,58.0,58.0,plots_extra/metrics/features/arity/mean/gpt2/tables/iso_gpt2_arity.csv,gpt2/tables_ARITY/arity_bootstrap/arity_raw_iso_gpt2.csv
gpt2,GPT-2: MEAN vs LAST,arity,IsoScore,iso,iso,1,1,2,0.0002651940740179,0.0014389002462849,42.0,42.0,plots_extra/metrics/features/arity/mean/gpt2/tables/iso_gpt2_arity.csv,gpt2/tables_ARITY/arity_bootstrap/arity_raw_iso_gpt2.csv
gpt2,GPT-2: MEAN vs LAST,arity,IsoScore,iso,iso,1,1,3,1.9590579540818e-05,0.0013126381672918,6.0,6.0,plots_extra/metrics/features/arity/mean/gpt2/tables/iso_gpt2_arity.csv,gpt2/tables_ARITY/arity_bootstrap/arity_raw_iso_gpt2.csv
gpt2,GPT-2: MEAN vs LAST,arity,IsoScore,iso,iso,1,1,4,2.1982948965160176e-05,0.001313938642852,8.0,8.0,plots_extra/metrics/features/arity/mean/gpt2/tables/iso_gpt2_arity.csv,gpt2/tables_ARITY/arity_bootstrap/arity_raw_iso_gpt2.csv
gpt2,GPT-2: MEAN vs LAST,arity,IsoScore,iso,iso,1,1,5,2.4282997401314788e-05,0.00131516600959,9.0,9.0,plots_extra/metrics/features/arity/mean/gpt2/tables/iso_gpt2_arity.csv,gpt2/tables_ARITY/arity_bootstrap/arity_raw_iso_gpt2.csv
gpt2,GPT-2: MEAN vs LAST,arity,IsoScore,iso,iso,1,1,6,2.8047568775946274e-05,0.0013171688187867,10.0,10.0,plots_extra/metrics/features/arity/mean/gpt2/tables/iso_gpt2_arity.csv,gpt2/tables_ARITY/arity_bootstrap/arity_raw_iso_gpt2.csv
gpt2,GPT-2: MEAN vs LAST,arity,IsoScore,iso,iso,1,1,7,3.37572128046304e-05,0.0013201838592067,13.0,14.0,plots_extra/metrics/features/arity/mean/gpt2/tables/iso_gpt2_arity.csv,gpt2/tables_ARITY/arity_bootstrap/arity_raw_iso_gpt2.csv
gpt2,GPT-2: MEAN vs LAST,arity,IsoScore,iso,iso,1,1,8,4.319518484408036e-05,0.0013251869240775,16.0,18.0,plots_extra/metrics/features/arity/mean/gpt2/tables/iso_gpt2_arity.csv,gpt2/tables_ARITY/arity_bootstrap/arity_raw_iso_gpt2.csv
gpt2,GPT-2: MEAN vs LAST,arity,IsoScore,iso,iso,1,1,9,5.634425178868696e-05,0.0013321541482582,20.0,20.0,plots_extra/metrics/features/arity/mean/gpt2/tables/iso_gpt2_arity.csv,gpt2/tables_ARITY/arity_bootstrap/arity_raw_iso_gpt2.csv
gpt2,GPT-2: MEAN vs LAST,arity,IsoScore,iso,iso,1,1,10,7.718414417468011e-05,0.0013432536507025,25.0,25.0,plots_extra/metrics/features/arity/mean/gpt2/tables/iso_gpt2_arity.csv,gpt2/tables_ARITY/arity_bootstrap/arity_raw_iso_gpt2.csv
gpt2,GPT-2: MEAN vs LAST,arity,IsoScore,iso,iso,1,1,11,0.0001183106360258,0.0013651245972141,33.0,34.0,plots_extra/metrics/features/arity/mean/gpt2/tables/iso_gpt2_arity.csv,gpt2/tables_ARITY/arity_bootstrap/arity_raw_iso_gpt2.csv
gpt2,GPT-2: MEAN vs LAST,arity,IsoScore,iso,iso,1,1,12,0.0008974982192739,0.001687592593953,50.0,49.0,plots_extra/metrics/features/arity/mean/gpt2/tables/iso_gpt2_arity.csv,gpt2/tables_ARITY/arity_bootstrap/arity_raw_iso_gpt2.csv
gpt2,GPT-2: MEAN vs LAST,arity,IsoScore,iso,iso,2,2,0,0.0272722393274307,0.0082980990409851,61.0,61.0,plots_extra/metrics/features/arity/mean/gpt2/tables/iso_gpt2_arity.csv,gpt2/tables_ARITY/arity_bootstrap/arity_raw_iso_gpt2.csv
gpt2,GPT-2: MEAN vs LAST,arity,IsoScore,iso,iso,2,2,1,0.0153910312801599,0.0051109809428453,59.0,59.0,plots_extra/metrics/features/arity/mean/gpt2/tables/iso_gpt2_arity.csv,gpt2/tables_ARITY/arity_bootstrap/arity_raw_iso_gpt2.csv
gpt2,GPT-2: MEAN vs LAST,arity,IsoScore,iso,iso,2,2,2,0.0004207089950796,0.0015104846097528,45.0,46.0,plots_extra/metrics/features/arity/mean/gpt2/tables/iso_gpt2_arity.csv,gpt2/tables_ARITY/arity_bootstrap/arity_raw_iso_gpt2.csv
gpt2,GPT-2: MEAN vs LAST,arity,IsoScore,iso,iso,2,2,3,3.023555109393783e-05,0.0013180990936234,12.0,12.0,plots_extra/metrics/features/arity/mean/gpt2/tables/iso_gpt2_arity.csv,gpt2/tables_ARITY/arity_bootstrap/arity_raw_iso_gpt2.csv
gpt2,GPT-2: MEAN vs LAST,arity,IsoScore,iso,iso,2,2,4,3.4145934478146955e-05,0.0013201772235333,14.0,13.0,plots_extra/metrics/features/arity/mean/gpt2/tables/iso_gpt2_arity.csv,gpt2/tables_ARITY/arity_bootstrap/arity_raw_iso_gpt2.csv
gpt2,GPT-2: MEAN vs LAST,arity,IsoScore,iso,iso,2,2,5,3.778410246013664e-05,0.0013220800319686,15.0,15.0,plots_extra/metrics/features/arity/mean/gpt2/tables/iso_gpt2_arity.csv,gpt2/tables_ARITY/arity_bootstrap/arity_raw_iso_gpt2.csv
gpt2,GPT-2: MEAN vs LAST,arity,IsoScore,iso,iso,2,2,6,4.3503423512447625e-05,0.0013250672491267,17.0,17.0,plots_extra/metrics/features/arity/mean/gpt2/tables/iso_gpt2_arity.csv,gpt2/tables_ARITY/arity_bootstrap/arity_raw_iso_gpt2.csv
gpt2,GPT-2: MEAN vs LAST,arity,IsoScore,iso,iso,2,2,7,5.240933387540281e-05,0.0013296888209879,19.0,19.0,plots_extra/metrics/features/arity/mean/gpt2/tables/iso_gpt2_arity.csv,gpt2/tables_ARITY/arity_bootstrap/arity_raw_iso_gpt2.csv
gpt2,GPT-2: MEAN vs LAST,arity,IsoScore,iso,iso,2,2,8,6.707288412144408e-05,0.0013373083202168,22.0,22.0,plots_extra/metrics/features/arity/mean/gpt2/tables/iso_gpt2_arity.csv,gpt2/tables_ARITY/arity_bootstrap/arity_raw_iso_gpt2.csv
gpt2,GPT-2: MEAN vs LAST,arity,IsoScore,iso,iso,2,2,9,8.811090083327144e-05,0.0013481681235134,27.0,27.0,plots_extra/metrics/features/arity/mean/gpt2/tables/iso_gpt2_arity.csv,gpt2/tables_ARITY/arity_bootstrap/arity_raw_iso_gpt2.csv
gpt2,GPT-2: MEAN vs LAST,arity,IsoScore,iso,iso,2,2,10,0.0001218730321852,0.0013655840884894,35.0,35.0,plots_extra/metrics/features/arity/mean/gpt2/tables/iso_gpt2_arity.csv,gpt2/tables_ARITY/arity_bootstrap/arity_raw_iso_gpt2.csv
gpt2,GPT-2: MEAN vs LAST,arity,IsoScore,iso,iso,2,2,11,0.0001906861289171,0.0014007613062858,39.0,40.0,plots_extra/metrics/features/arity/mean/gpt2/tables/iso_gpt2_arity.csv,gpt2/tables_ARITY/arity_bootstrap/arity_raw_iso_gpt2.csv
gpt2,GPT-2: MEAN vs LAST,arity,IsoScore,iso,iso,2,2,12,0.0009490622323937,0.0017230323283001,53.0,51.0,plots_extra/metrics/features/arity/mean/gpt2/tables/iso_gpt2_arity.csv,gpt2/tables_ARITY/arity_bootstrap/arity_raw_iso_gpt2.csv
gpt2,GPT-2: MEAN vs LAST,arity,IsoScore,iso,iso,3,3,0,0.034197874367237,0.0084484964609146,62.0,63.0,plots_extra/metrics/features/arity/mean/gpt2/tables/iso_gpt2_arity.csv,gpt2/tables_ARITY/arity_bootstrap/arity_raw_iso_gpt2.csv
gpt2,GPT-2: MEAN vs LAST,arity,IsoScore,iso,iso,3,3,1,0.0390314199030399,0.0087706139311194,64.0,64.0,plots_extra/metrics/features/arity/mean/gpt2/tables/iso_gpt2_arity.csv,gpt2/tables_ARITY/arity_bootstrap/arity_raw_iso_gpt2.csv
gpt2,GPT-2: MEAN vs LAST,arity,IsoScore,iso,iso,3,3,2,0.0009409479098394,0.0017261022003367,51.0,52.0,plots_extra/metrics/features/arity/mean/gpt2/tables/iso_gpt2_arity.csv,gpt2/tables_ARITY/arity_bootstrap/arity_raw_iso_gpt2.csv
gpt2,GPT-2: MEAN vs LAST,arity,IsoScore,iso,iso,3,3,3,6.397258403012529e-05,0.0013349682558327,21.0,21.0,plots_extra/metrics/features/arity/mean/gpt2/tables/iso_gpt2_arity.csv,gpt2/tables_ARITY/arity_bootstrap/arity_raw_iso_gpt2.csv
gpt2,GPT-2: MEAN vs LAST,arity,IsoScore,iso,iso,3,3,4,7.255245873238891e-05,0.0013393649132922,24.0,24.0,plots_extra/metrics/features/arity/mean/gpt2/tables/iso_gpt2_arity.csv,gpt2/tables_ARITY/arity_bootstrap/arity_raw_iso_gpt2.csv
gpt2,GPT-2: MEAN vs LAST,arity,IsoScore,iso,iso,3,3,5,8.074682409642264e-05,0.001343497657217,26.0,26.0,plots_extra/metrics/features/arity/mean/gpt2/tables/iso_gpt2_arity.csv,gpt2/tables_ARITY/arity_bootstrap/arity_raw_iso_gpt2.csv
gpt2,GPT-2: MEAN vs LAST,arity,IsoScore,iso,iso,3,3,6,9.302631951868534e-05,0.0013496704632416,28.0,28.0,plots_extra/metrics/features/arity/mean/gpt2/tables/iso_gpt2_arity.csv,gpt2/tables_ARITY/arity_bootstrap/arity_raw_iso_gpt2.csv
gpt2,GPT-2: MEAN vs LAST,arity,IsoScore,iso,iso,3,3,7,0.0001131332974182,0.0013596836943179,32.0,32.0,plots_extra/metrics/features/arity/mean/gpt2/tables/iso_gpt2_arity.csv,gpt2/tables_ARITY/arity_bootstrap/arity_raw_iso_gpt2.csv
gpt2,GPT-2: MEAN vs LAST,arity,IsoScore,iso,iso,3,3,8,0.0001459234772482,0.0013759366702288,37.0,37.0,plots_extra/metrics/features/arity/mean/gpt2/tables/iso_gpt2_arity.csv,gpt2/tables_ARITY/arity_bootstrap/arity_raw_iso_gpt2.csv
gpt2,GPT-2: MEAN vs LAST,arity,IsoScore,iso,iso,3,3,9,0.0001953562459675,0.0014000853989273,40.0,39.0,plots_extra/metrics/features/arity/mean/gpt2/tables/iso_gpt2_arity.csv,gpt2/tables_ARITY/arity_bootstrap/arity_raw_iso_gpt2.csv
gpt2,GPT-2: MEAN vs LAST,arity,IsoScore,iso,iso,3,3,10,0.0002776265901047,0.0014395938487723,43.0,43.0,plots_extra/metrics/features/arity/mean/gpt2/tables/iso_gpt2_arity.csv,gpt2/tables_ARITY/arity_bootstrap/arity_raw_iso_gpt2.csv
gpt2,GPT-2: MEAN vs LAST,arity,IsoScore,iso,iso,3,3,11,0.0004460944328457,0.0015179715119302,47.0,47.0,plots_extra/metrics/features/arity/mean/gpt2/tables/iso_gpt2_arity.csv,gpt2/tables_ARITY/arity_bootstrap/arity_raw_iso_gpt2.csv
gpt2,GPT-2: MEAN vs LAST,arity,IsoScore,iso,iso,3,3,12,0.0008941322448663,0.0016974139725789,49.0,50.0,plots_extra/metrics/features/arity/mean/gpt2/tables/iso_gpt2_arity.csv,gpt2/tables_ARITY/arity_bootstrap/arity_raw_iso_gpt2.csv
gpt2,GPT-2: MEAN vs LAST,arity,IsoScore,iso,iso,4,4,0,0.0363424979150295,0.0084021342918276,63.0,62.0,plots_extra/metrics/features/arity/mean/gpt2/tables/iso_gpt2_arity.csv,gpt2/tables_ARITY/arity_bootstrap/arity_raw_iso_gpt2.csv
gpt2,GPT-2: MEAN vs LAST,arity,IsoScore,iso,iso,4,4,1,0.0560042932629585,0.01156497746706,65.0,65.0,plots_extra/metrics/features/arity/mean/gpt2/tables/iso_gpt2_arity.csv,gpt2/tables_ARITY/arity_bootstrap/arity_raw_iso_gpt2.csv
gpt2,GPT-2: MEAN vs LAST,arity,IsoScore,iso,iso,4,4,2,0.0014549527550116,0.0019166166894137,55.0,55.0,plots_extra/metrics/features/arity/mean/gpt2/tables/iso_gpt2_arity.csv,gpt2/tables_ARITY/arity_bootstrap/arity_raw_iso_gpt2.csv
gpt2,GPT-2: MEAN vs LAST,arity,IsoScore,iso,iso,4,4,3,9.384146687807517e-05,0.0013497970066964,29.0,29.0,plots_extra/metrics/features/arity/mean/gpt2/tables/iso_gpt2_arity.csv,gpt2/tables_ARITY/arity_bootstrap/arity_raw_iso_gpt2.csv
gpt2,GPT-2: MEAN vs LAST,arity,IsoScore,iso,iso,4,4,4,0.0001063736417563,0.001356107648462,31.0,31.0,plots_extra/metrics/features/arity/mean/gpt2/tables/iso_gpt2_arity.csv,gpt2/tables_ARITY/arity_bootstrap/arity_raw_iso_gpt2.csv
gpt2,GPT-2: MEAN vs LAST,arity,IsoScore,iso,iso,4,4,5,0.0001187307498184,0.0013622272526845,34.0,33.0,plots_extra/metrics/features/arity/mean/gpt2/tables/iso_gpt2_arity.csv,gpt2/tables_ARITY/arity_bootstrap/arity_raw_iso_gpt2.csv
gpt2,GPT-2: MEAN vs LAST,arity,IsoScore,iso,iso,4,4,6,0.0001368549856124,0.0013711802894249,36.0,36.0,plots_extra/metrics/features/arity/mean/gpt2/tables/iso_gpt2_arity.csv,gpt2/tables_ARITY/arity_bootstrap/arity_raw_iso_gpt2.csv
gpt2,GPT-2: MEAN vs LAST,arity,IsoScore,iso,iso,4,4,7,0.0001671101781539,0.001385943731293,38.0,38.0,plots_extra/metrics/features/arity/mean/gpt2/tables/iso_gpt2_arity.csv,gpt2/tables_ARITY/arity_bootstrap/arity_raw_iso_gpt2.csv
gpt2,GPT-2: MEAN vs LAST,arity,IsoScore,iso,iso,4,4,8,0.0002170374646084,0.0014100200496613,41.0,41.0,plots_extra/metrics/features/arity/mean/gpt2/tables/iso_gpt2_arity.csv,gpt2/tables_ARITY/arity_bootstrap/arity_raw_iso_gpt2.csv
gpt2,GPT-2: MEAN vs LAST,arity,IsoScore,iso,iso,4,4,9,0.0002964565064758,0.0014475755160674,44.0,44.0,plots_extra/metrics/features/arity/mean/gpt2/tables/iso_gpt2_arity.csv,gpt2/tables_ARITY/arity_bootstrap/arity_raw_iso_gpt2.csv
gpt2,GPT-2: MEAN vs LAST,arity,IsoScore,iso,iso,4,4,10,0.0004278066626284,0.0015079900622367,46.0,45.0,plots_extra/metrics/features/arity/mean/gpt2/tables/iso_gpt2_arity.csv,gpt2/tables_ARITY/arity_bootstrap/arity_raw_iso_gpt2.csv
gpt2,GPT-2: MEAN vs LAST,arity,IsoScore,iso,iso,4,4,11,0.0006885505863465,0.0016222775448113,48.0,48.0,plots_extra/metrics/features/arity/mean/gpt2/tables/iso_gpt2_arity.csv,gpt2/tables_ARITY/arity_bootstrap/arity_raw_iso_gpt2.csv
gpt2,GPT-2: MEAN vs LAST,arity,IsoScore,iso,iso,4,4,12,0.000962316233199,0.001732358825393,54.0,54.0,plots_extra/metrics/features/arity/mean/gpt2/tables/iso_gpt2_arity.csv,gpt2/tables_ARITY/arity_bootstrap/arity_raw_iso_gpt2.csv
gpt2,GPT-2: MEAN vs LAST,arity,LID,lpca99,pca99,0,0,0,385.875,542.8599853515625,53.0,57.0,plots_extra/metrics/features/arity/mean/gpt2/tables/lpca99_gpt2_arity.csv,gpt2/tables_ARITY/arity_bootstrap/arity_raw_pca99_gpt2.csv
gpt2,GPT-2: MEAN vs LAST,arity,LID,lpca99,pca99,0,0,1,370.5,453.1000061035156,51.0,54.0,plots_extra/metrics/features/arity/mean/gpt2/tables/lpca99_gpt2_arity.csv,gpt2/tables_ARITY/arity_bootstrap/arity_raw_pca99_gpt2.csv
gpt2,GPT-2: MEAN vs LAST,arity,LID,lpca99,pca99,0,0,2,88.5,103.83999633789062,22.0,21.0,plots_extra/metrics/features/arity/mean/gpt2/tables/lpca99_gpt2_arity.csv,gpt2/tables_ARITY/arity_bootstrap/arity_raw_pca99_gpt2.csv
gpt2,GPT-2: MEAN vs LAST,arity,LID,lpca99,pca99,0,0,3,1.0,1.0,4.5,4.5,plots_extra/metrics/features/arity/mean/gpt2/tables/lpca99_gpt2_arity.csv,gpt2/tables_ARITY/arity_bootstrap/arity_raw_pca99_gpt2.csv
gpt2,GPT-2: MEAN vs LAST,arity,LID,lpca99,pca99,0,0,4,1.0,1.0,4.5,4.5,plots_extra/metrics/features/arity/mean/gpt2/tables/lpca99_gpt2_arity.csv,gpt2/tables_ARITY/arity_bootstrap/arity_raw_pca99_gpt2.csv
gpt2,GPT-2: MEAN vs LAST,arity,LID,lpca99,pca99,0,0,5,1.0,1.0,4.5,4.5,plots_extra/metrics/features/arity/mean/gpt2/tables/lpca99_gpt2_arity.csv,gpt2/tables_ARITY/arity_bootstrap/arity_raw_pca99_gpt2.csv
gpt2,GPT-2: MEAN vs LAST,arity,LID,lpca99,pca99,0,0,6,1.0,1.0,4.5,4.5,plots_extra/metrics/features/arity/mean/gpt2/tables/lpca99_gpt2_arity.csv,gpt2/tables_ARITY/arity_bootstrap/arity_raw_pca99_gpt2.csv
gpt2,GPT-2: MEAN vs LAST,arity,LID,lpca99,pca99,0,0,7,1.0,1.0,4.5,4.5,plots_extra/metrics/features/arity/mean/gpt2/tables/lpca99_gpt2_arity.csv,gpt2/tables_ARITY/arity_bootstrap/arity_raw_pca99_gpt2.csv
gpt2,GPT-2: MEAN vs LAST,arity,LID,lpca99,pca99,0,0,8,1.0,1.0,4.5,4.5,plots_extra/metrics/features/arity/mean/gpt2/tables/lpca99_gpt2_arity.csv,gpt2/tables_ARITY/arity_bootstrap/arity_raw_pca99_gpt2.csv
gpt2,GPT-2: MEAN vs LAST,arity,LID,lpca99,pca99,0,0,9,6.625,6.659999847412109,12.0,10.0,plots_extra/metrics/features/arity/mean/gpt2/tables/lpca99_gpt2_arity.csv,gpt2/tables_ARITY/arity_bootstrap/arity_raw_pca99_gpt2.csv
gpt2,GPT-2: MEAN vs LAST,arity,LID,lpca99,pca99,0,0,10,39.125,42.36000061035156,17.0,16.0,plots_extra/metrics/features/arity/mean/gpt2/tables/lpca99_gpt2_arity.csv,gpt2/tables_ARITY/arity_bootstrap/arity_raw_pca99_gpt2.csv
gpt2,GPT-2: MEAN vs LAST,arity,LID,lpca99,pca99,0,0,11,98.875,112.45999908447266,24.0,23.0,plots_extra/metrics/features/arity/mean/gpt2/tables/lpca99_gpt2_arity.csv,gpt2/tables_ARITY/arity_bootstrap/arity_raw_pca99_gpt2.csv
gpt2,GPT-2: MEAN vs LAST,arity,LID,lpca99,pca99,0,0,12,107.5,124.66000366210938,26.0,25.0,plots_extra/metrics/features/arity/mean/gpt2/tables/lpca99_gpt2_arity.csv,gpt2/tables_ARITY/arity_bootstrap/arity_raw_pca99_gpt2.csv
gpt2,GPT-2: MEAN vs LAST,arity,LID,lpca99,pca99,1,1,0,620.375,662.7000122070312,64.5,65.0,plots_extra/metrics/features/arity/mean/gpt2/tables/lpca99_gpt2_arity.csv,gpt2/tables_ARITY/arity_bootstrap/arity_raw_pca99_gpt2.csv
gpt2,GPT-2: MEAN vs LAST,arity,LID,lpca99,pca99,1,1,1,518.0,560.0999755859375,58.0,58.0,plots_extra/metrics/features/arity/mean/gpt2/tables/lpca99_gpt2_arity.csv,gpt2/tables_ARITY/arity_bootstrap/arity_raw_pca99_gpt2.csv
gpt2,GPT-2: MEAN vs LAST,arity,LID,lpca99,pca99,1,1,2,266.75,306.6199951171875,45.0,44.0,plots_extra/metrics/features/arity/mean/gpt2/tables/lpca99_gpt2_arity.csv,gpt2/tables_ARITY/arity_bootstrap/arity_raw_pca99_gpt2.csv
gpt2,GPT-2: MEAN vs LAST,arity,LID,lpca99,pca99,1,1,3,1.0,1.0,4.5,4.5,plots_extra/metrics/features/arity/mean/gpt2/tables/lpca99_gpt2_arity.csv,gpt2/tables_ARITY/arity_bootstrap/arity_raw_pca99_gpt2.csv
gpt2,GPT-2: MEAN vs LAST,arity,LID,lpca99,pca99,1,1,4,1.0,1.0,4.5,4.5,plots_extra/metrics/features/arity/mean/gpt2/tables/lpca99_gpt2_arity.csv,gpt2/tables_ARITY/arity_bootstrap/arity_raw_pca99_gpt2.csv
gpt2,GPT-2: MEAN vs LAST,arity,LID,lpca99,pca99,1,1,5,1.375,1.6200000047683716,9.0,9.0,plots_extra/metrics/features/arity/mean/gpt2/tables/lpca99_gpt2_arity.csv,gpt2/tables_ARITY/arity_bootstrap/arity_raw_pca99_gpt2.csv
gpt2,GPT-2: MEAN vs LAST,arity,LID,lpca99,pca99,1,1,6,4.375,7.880000114440918,11.0,11.0,plots_extra/metrics/features/arity/mean/gpt2/tables/lpca99_gpt2_arity.csv,gpt2/tables_ARITY/arity_bootstrap/arity_raw_pca99_gpt2.csv
gpt2,GPT-2: MEAN vs LAST,arity,LID,lpca99,pca99,1,1,7,16.125,23.76000022888184,14.0,13.0,plots_extra/metrics/features/arity/mean/gpt2/tables/lpca99_gpt2_arity.csv,gpt2/tables_ARITY/arity_bootstrap/arity_raw_pca99_gpt2.csv
gpt2,GPT-2: MEAN vs LAST,arity,LID,lpca99,pca99,1,1,8,42.875,57.380001068115234,18.0,18.0,plots_extra/metrics/features/arity/mean/gpt2/tables/lpca99_gpt2_arity.csv,gpt2/tables_ARITY/arity_bootstrap/arity_raw_pca99_gpt2.csv
gpt2,GPT-2: MEAN vs LAST,arity,LID,lpca99,pca99,1,1,9,83.5,106.04000091552734,20.0,22.0,plots_extra/metrics/features/arity/mean/gpt2/tables/lpca99_gpt2_arity.csv,gpt2/tables_ARITY/arity_bootstrap/arity_raw_pca99_gpt2.csv
gpt2,GPT-2: MEAN vs LAST,arity,LID,lpca99,pca99,1,1,10,137.625,170.27999877929688,29.0,31.0,plots_extra/metrics/features/arity/mean/gpt2/tables/lpca99_gpt2_arity.csv,gpt2/tables_ARITY/arity_bootstrap/arity_raw_pca99_gpt2.csv
gpt2,GPT-2: MEAN vs LAST,arity,LID,lpca99,pca99,1,1,11,205.375,249.6999969482422,41.0,40.0,plots_extra/metrics/features/arity/mean/gpt2/tables/lpca99_gpt2_arity.csv,gpt2/tables_ARITY/arity_bootstrap/arity_raw_pca99_gpt2.csv
gpt2,GPT-2: MEAN vs LAST,arity,LID,lpca99,pca99,1,1,12,174.75,191.97999572753903,37.0,35.0,plots_extra/metrics/features/arity/mean/gpt2/tables/lpca99_gpt2_arity.csv,gpt2/tables_ARITY/arity_bootstrap/arity_raw_pca99_gpt2.csv
gpt2,GPT-2: MEAN vs LAST,arity,LID,lpca99,pca99,2,2,0,620.375,660.780029296875,64.5,64.0,plots_extra/metrics/features/arity/mean/gpt2/tables/lpca99_gpt2_arity.csv,gpt2/tables_ARITY/arity_bootstrap/arity_raw_pca99_gpt2.csv
gpt2,GPT-2: MEAN vs LAST,arity,LID,lpca99,pca99,2,2,1,529.375,570.6599731445312,59.0,59.0,plots_extra/metrics/features/arity/mean/gpt2/tables/lpca99_gpt2_arity.csv,gpt2/tables_ARITY/arity_bootstrap/arity_raw_pca99_gpt2.csv
gpt2,GPT-2: MEAN vs LAST,arity,LID,lpca99,pca99,2,2,2,308.5,361.0799865722656,48.0,48.0,plots_extra/metrics/features/arity/mean/gpt2/tables/lpca99_gpt2_arity.csv,gpt2/tables_ARITY/arity_bootstrap/arity_raw_pca99_gpt2.csv
gpt2,GPT-2: MEAN vs LAST,arity,LID,lpca99,pca99,2,2,3,3.25,11.0,10.0,12.0,plots_extra/metrics/features/arity/mean/gpt2/tables/lpca99_gpt2_arity.csv,gpt2/tables_ARITY/arity_bootstrap/arity_raw_pca99_gpt2.csv
gpt2,GPT-2: MEAN vs LAST,arity,LID,lpca99,pca99,2,2,4,9.875,24.059999465942383,13.0,14.0,plots_extra/metrics/features/arity/mean/gpt2/tables/lpca99_gpt2_arity.csv,gpt2/tables_ARITY/arity_bootstrap/arity_raw_pca99_gpt2.csv
gpt2,GPT-2: MEAN vs LAST,arity,LID,lpca99,pca99,2,2,5,18.125,37.060001373291016,15.0,15.0,plots_extra/metrics/features/arity/mean/gpt2/tables/lpca99_gpt2_arity.csv,gpt2/tables_ARITY/arity_bootstrap/arity_raw_pca99_gpt2.csv
gpt2,GPT-2: MEAN vs LAST,arity,LID,lpca99,pca99,2,2,6,33.0,56.77999877929688,16.0,17.0,plots_extra/metrics/features/arity/mean/gpt2/tables/lpca99_gpt2_arity.csv,gpt2/tables_ARITY/arity_bootstrap/arity_raw_pca99_gpt2.csv
gpt2,GPT-2: MEAN vs LAST,arity,LID,lpca99,pca99,2,2,7,56.625,86.44000244140625,19.0,19.0,plots_extra/metrics/features/arity/mean/gpt2/tables/lpca99_gpt2_arity.csv,gpt2/tables_ARITY/arity_bootstrap/arity_raw_pca99_gpt2.csv
gpt2,GPT-2: MEAN vs LAST,arity,LID,lpca99,pca99,2,2,8,93.5,131.32000732421875,23.0,26.0,plots_extra/metrics/features/arity/mean/gpt2/tables/lpca99_gpt2_arity.csv,gpt2/tables_ARITY/arity_bootstrap/arity_raw_pca99_gpt2.csv
gpt2,GPT-2: MEAN vs LAST,arity,LID,lpca99,pca99,2,2,9,141.25,188.83999633789065,31.0,34.0,plots_extra/metrics/features/arity/mean/gpt2/tables/lpca99_gpt2_arity.csv,gpt2/tables_ARITY/arity_bootstrap/arity_raw_pca99_gpt2.csv
gpt2,GPT-2: MEAN vs LAST,arity,LID,lpca99,pca99,2,2,10,198.25,254.94000244140625,40.0,41.0,plots_extra/metrics/features/arity/mean/gpt2/tables/lpca99_gpt2_arity.csv,gpt2/tables_ARITY/arity_bootstrap/arity_raw_pca99_gpt2.csv
gpt2,GPT-2: MEAN vs LAST,arity,LID,lpca99,pca99,2,2,11,264.25,330.0599975585937,44.0,47.0,plots_extra/metrics/features/arity/mean/gpt2/tables/lpca99_gpt2_arity.csv,gpt2/tables_ARITY/arity_bootstrap/arity_raw_pca99_gpt2.csv
gpt2,GPT-2: MEAN vs LAST,arity,LID,lpca99,pca99,2,2,12,171.625,192.8999938964844,36.0,36.0,plots_extra/metrics/features/arity/mean/gpt2/tables/lpca99_gpt2_arity.csv,gpt2/tables_ARITY/arity_bootstrap/arity_raw_pca99_gpt2.csv
gpt2,GPT-2: MEAN vs LAST,arity,LID,lpca99,pca99,3,3,0,612.0,653.780029296875,63.0,63.0,plots_extra/metrics/features/arity/mean/gpt2/tables/lpca99_gpt2_arity.csv,gpt2/tables_ARITY/arity_bootstrap/arity_raw_pca99_gpt2.csv
gpt2,GPT-2: MEAN vs LAST,arity,LID,lpca99,pca99,3,3,1,537.375,574.6400146484375,61.0,61.0,plots_extra/metrics/features/arity/mean/gpt2/tables/lpca99_gpt2_arity.csv,gpt2/tables_ARITY/arity_bootstrap/arity_raw_pca99_gpt2.csv
gpt2,GPT-2: MEAN vs LAST,arity,LID,lpca99,pca99,3,3,2,393.125,433.2799987792969,54.0,51.0,plots_extra/metrics/features/arity/mean/gpt2/tables/lpca99_gpt2_arity.csv,gpt2/tables_ARITY/arity_bootstrap/arity_raw_pca99_gpt2.csv
gpt2,GPT-2: MEAN vs LAST,arity,LID,lpca99,pca99,3,3,3,83.875,94.12000274658205,21.0,20.0,plots_extra/metrics/features/arity/mean/gpt2/tables/lpca99_gpt2_arity.csv,gpt2/tables_ARITY/arity_bootstrap/arity_raw_pca99_gpt2.csv
gpt2,GPT-2: MEAN vs LAST,arity,LID,lpca99,pca99,3,3,4,106.625,120.41999816894533,25.0,24.0,plots_extra/metrics/features/arity/mean/gpt2/tables/lpca99_gpt2_arity.csv,gpt2/tables_ARITY/arity_bootstrap/arity_raw_pca99_gpt2.csv
gpt2,GPT-2: MEAN vs LAST,arity,LID,lpca99,pca99,3,3,5,126.875,143.36000061035156,28.0,28.0,plots_extra/metrics/features/arity/mean/gpt2/tables/lpca99_gpt2_arity.csv,gpt2/tables_ARITY/arity_bootstrap/arity_raw_pca99_gpt2.csv
gpt2,GPT-2: MEAN vs LAST,arity,LID,lpca99,pca99,3,3,6,150.5,169.67999267578125,32.0,30.0,plots_extra/metrics/features/arity/mean/gpt2/tables/lpca99_gpt2_arity.csv,gpt2/tables_ARITY/arity_bootstrap/arity_raw_pca99_gpt2.csv
gpt2,GPT-2: MEAN vs LAST,arity,LID,lpca99,pca99,3,3,7,185.25,207.94000244140625,39.0,38.0,plots_extra/metrics/features/arity/mean/gpt2/tables/lpca99_gpt2_arity.csv,gpt2/tables_ARITY/arity_bootstrap/arity_raw_pca99_gpt2.csv
gpt2,GPT-2: MEAN vs LAST,arity,LID,lpca99,pca99,3,3,8,233.0,261.2200012207031,43.0,42.0,plots_extra/metrics/features/arity/mean/gpt2/tables/lpca99_gpt2_arity.csv,gpt2/tables_ARITY/arity_bootstrap/arity_raw_pca99_gpt2.csv
gpt2,GPT-2: MEAN vs LAST,arity,LID,lpca99,pca99,3,3,9,289.0,323.29998779296875,47.0,46.0,plots_extra/metrics/features/arity/mean/gpt2/tables/lpca99_gpt2_arity.csv,gpt2/tables_ARITY/arity_bootstrap/arity_raw_pca99_gpt2.csv
gpt2,GPT-2: MEAN vs LAST,arity,LID,lpca99,pca99,3,3,10,347.0,386.0400085449219,50.0,50.0,plots_extra/metrics/features/arity/mean/gpt2/tables/lpca99_gpt2_arity.csv,gpt2/tables_ARITY/arity_bootstrap/arity_raw_pca99_gpt2.csv
gpt2,GPT-2: MEAN vs LAST,arity,LID,lpca99,pca99,3,3,11,405.125,449.4400024414063,55.0,53.0,plots_extra/metrics/features/arity/mean/gpt2/tables/lpca99_gpt2_arity.csv,gpt2/tables_ARITY/arity_bootstrap/arity_raw_pca99_gpt2.csv
gpt2,GPT-2: MEAN vs LAST,arity,LID,lpca99,pca99,3,3,12,155.375,168.6199951171875,33.0,29.0,plots_extra/metrics/features/arity/mean/gpt2/tables/lpca99_gpt2_arity.csv,gpt2/tables_ARITY/arity_bootstrap/arity_raw_pca99_gpt2.csv
gpt2,GPT-2: MEAN vs LAST,arity,LID,lpca99,pca99,4,4,0,609.25,652.5999755859375,62.0,62.0,plots_extra/metrics/features/arity/mean/gpt2/tables/lpca99_gpt2_arity.csv,gpt2/tables_ARITY/arity_bootstrap/arity_raw_pca99_gpt2.csv
gpt2,GPT-2: MEAN vs LAST,arity,LID,lpca99,pca99,4,4,1,533.875,573.4400024414062,60.0,60.0,plots_extra/metrics/features/arity/mean/gpt2/tables/lpca99_gpt2_arity.csv,gpt2/tables_ARITY/arity_bootstrap/arity_raw_pca99_gpt2.csv
gpt2,GPT-2: MEAN vs LAST,arity,LID,lpca99,pca99,4,4,2,412.375,463.1400146484375,56.0,55.0,plots_extra/metrics/features/arity/mean/gpt2/tables/lpca99_gpt2_arity.csv,gpt2/tables_ARITY/arity_bootstrap/arity_raw_pca99_gpt2.csv
gpt2,GPT-2: MEAN vs LAST,arity,LID,lpca99,pca99,4,4,3,113.625,141.25999450683594,27.0,27.0,plots_extra/metrics/features/arity/mean/gpt2/tables/lpca99_gpt2_arity.csv,gpt2/tables_ARITY/arity_bootstrap/arity_raw_pca99_gpt2.csv
gpt2,GPT-2: MEAN vs LAST,arity,LID,lpca99,pca99,4,4,4,138.125,170.89999389648438,30.0,32.0,plots_extra/metrics/features/arity/mean/gpt2/tables/lpca99_gpt2_arity.csv,gpt2/tables_ARITY/arity_bootstrap/arity_raw_pca99_gpt2.csv
gpt2,GPT-2: MEAN vs LAST,arity,LID,lpca99,pca99,4,4,5,159.25,195.6199951171875,34.0,37.0,plots_extra/metrics/features/arity/mean/gpt2/tables/lpca99_gpt2_arity.csv,gpt2/tables_ARITY/arity_bootstrap/arity_raw_pca99_gpt2.csv
gpt2,GPT-2: MEAN vs LAST,arity,LID,lpca99,pca99,4,4,6,182.625,222.27999877929688,38.0,39.0,plots_extra/metrics/features/arity/mean/gpt2/tables/lpca99_gpt2_arity.csv,gpt2/tables_ARITY/arity_bootstrap/arity_raw_pca99_gpt2.csv
gpt2,GPT-2: MEAN vs LAST,arity,LID,lpca99,pca99,4,4,7,218.0,262.1199951171875,42.0,43.0,plots_extra/metrics/features/arity/mean/gpt2/tables/lpca99_gpt2_arity.csv,gpt2/tables_ARITY/arity_bootstrap/arity_raw_pca99_gpt2.csv
gpt2,GPT-2: MEAN vs LAST,arity,LID,lpca99,pca99,4,4,8,266.875,316.9599914550781,46.0,45.0,plots_extra/metrics/features/arity/mean/gpt2/tables/lpca99_gpt2_arity.csv,gpt2/tables_ARITY/arity_bootstrap/arity_raw_pca99_gpt2.csv
gpt2,GPT-2: MEAN vs LAST,arity,LID,lpca99,pca99,4,4,9,324.625,379.6000061035156,49.0,49.0,plots_extra/metrics/features/arity/mean/gpt2/tables/lpca99_gpt2_arity.csv,gpt2/tables_ARITY/arity_bootstrap/arity_raw_pca99_gpt2.csv
gpt2,GPT-2: MEAN vs LAST,arity,LID,lpca99,pca99,4,4,10,382.125,439.9200134277344,52.0,52.0,plots_extra/metrics/features/arity/mean/gpt2/tables/lpca99_gpt2_arity.csv,gpt2/tables_ARITY/arity_bootstrap/arity_raw_pca99_gpt2.csv
gpt2,GPT-2: MEAN vs LAST,arity,LID,lpca99,pca99,4,4,11,437.5,496.7200012207031,57.0,56.0,plots_extra/metrics/features/arity/mean/gpt2/tables/lpca99_gpt2_arity.csv,gpt2/tables_ARITY/arity_bootstrap/arity_raw_pca99_gpt2.csv
gpt2,GPT-2: MEAN vs LAST,arity,LID,lpca99,pca99,4,4,12,159.75,180.1199951171875,35.0,33.0,plots_extra/metrics/features/arity/mean/gpt2/tables/lpca99_gpt2_arity.csv,gpt2/tables_ARITY/arity_bootstrap/arity_raw_pca99_gpt2.csv
gpt2,GPT-2: MEAN vs LAST,arity,NLID,gride,gride,0,0,0,3.469015121459961,3.008138656616211,1.0,1.0,plots_extra/metrics/features/arity/mean/gpt2/tables/gride_gpt2_arity.csv,gpt2/tables_ARITY/arity_bootstrap/arity_raw_gride_gpt2.csv
gpt2,GPT-2: MEAN vs LAST,arity,NLID,gride,gride,0,0,1,5.596473217010498,5.588729381561279,2.0,2.0,plots_extra/metrics/features/arity/mean/gpt2/tables/gride_gpt2_arity.csv,gpt2/tables_ARITY/arity_bootstrap/arity_raw_gride_gpt2.csv
gpt2,GPT-2: MEAN vs LAST,arity,NLID,gride,gride,0,0,2,6.099041938781738,5.947207450866699,4.0,3.0,plots_extra/metrics/features/arity/mean/gpt2/tables/gride_gpt2_arity.csv,gpt2/tables_ARITY/arity_bootstrap/arity_raw_gride_gpt2.csv
gpt2,GPT-2: MEAN vs LAST,arity,NLID,gride,gride,0,0,3,8.520254135131836,8.399221420288086,9.0,5.0,plots_extra/metrics/features/arity/mean/gpt2/tables/gride_gpt2_arity.csv,gpt2/tables_ARITY/arity_bootstrap/arity_raw_gride_gpt2.csv
gpt2,GPT-2: MEAN vs LAST,arity,NLID,gride,gride,0,0,4,10.72160530090332,10.966240882873535,10.0,14.0,plots_extra/metrics/features/arity/mean/gpt2/tables/gride_gpt2_arity.csv,gpt2/tables_ARITY/arity_bootstrap/arity_raw_gride_gpt2.csv
gpt2,GPT-2: MEAN vs LAST,arity,NLID,gride,gride,0,0,5,12.600936889648438,13.050247192382812,12.0,18.0,plots_extra/metrics/features/arity/mean/gpt2/tables/gride_gpt2_arity.csv,gpt2/tables_ARITY/arity_bootstrap/arity_raw_gride_gpt2.csv
gpt2,GPT-2: MEAN vs LAST,arity,NLID,gride,gride,0,0,6,13.499835968017578,14.43689250946045,14.0,21.0,plots_extra/metrics/features/arity/mean/gpt2/tables/gride_gpt2_arity.csv,gpt2/tables_ARITY/arity_bootstrap/arity_raw_gride_gpt2.csv
gpt2,GPT-2: MEAN vs LAST,arity,NLID,gride,gride,0,0,7,14.22923755645752,15.5231351852417,16.0,28.0,plots_extra/metrics/features/arity/mean/gpt2/tables/gride_gpt2_arity.csv,gpt2/tables_ARITY/arity_bootstrap/arity_raw_gride_gpt2.csv
gpt2,GPT-2: MEAN vs LAST,arity,NLID,gride,gride,0,0,8,14.608989715576172,15.999021530151367,20.0,31.0,plots_extra/metrics/features/arity/mean/gpt2/tables/gride_gpt2_arity.csv,gpt2/tables_ARITY/arity_bootstrap/arity_raw_gride_gpt2.csv
gpt2,GPT-2: MEAN vs LAST,arity,NLID,gride,gride,0,0,9,14.71542739868164,16.314271926879883,22.0,33.0,plots_extra/metrics/features/arity/mean/gpt2/tables/gride_gpt2_arity.csv,gpt2/tables_ARITY/arity_bootstrap/arity_raw_gride_gpt2.csv
gpt2,GPT-2: MEAN vs LAST,arity,NLID,gride,gride,0,0,10,14.676239013671877,16.471851348876953,21.0,36.0,plots_extra/metrics/features/arity/mean/gpt2/tables/gride_gpt2_arity.csv,gpt2/tables_ARITY/arity_bootstrap/arity_raw_gride_gpt2.csv
gpt2,GPT-2: MEAN vs LAST,arity,NLID,gride,gride,0,0,11,14.49544620513916,16.588542938232422,18.0,38.0,plots_extra/metrics/features/arity/mean/gpt2/tables/gride_gpt2_arity.csv,gpt2/tables_ARITY/arity_bootstrap/arity_raw_gride_gpt2.csv
gpt2,GPT-2: MEAN vs LAST,arity,NLID,gride,gride,0,0,12,5.901863098144531,7.176501274108887,3.0,4.0,plots_extra/metrics/features/arity/mean/gpt2/tables/gride_gpt2_arity.csv,gpt2/tables_ARITY/arity_bootstrap/arity_raw_gride_gpt2.csv
gpt2,GPT-2: MEAN vs LAST,arity,NLID,gride,gride,1,1,0,17.76171112060547,20.876205444335938,28.0,63.0,plots_extra/metrics/features/arity/mean/gpt2/tables/gride_gpt2_arity.csv,gpt2/tables_ARITY/arity_bootstrap/arity_raw_gride_gpt2.csv
gpt2,GPT-2: MEAN vs LAST,arity,NLID,gride,gride,1,1,1,18.480712890625,15.07800579071045,41.0,26.0,plots_extra/metrics/features/arity/mean/gpt2/tables/gride_gpt2_arity.csv,gpt2/tables_ARITY/arity_bootstrap/arity_raw_gride_gpt2.csv
gpt2,GPT-2: MEAN vs LAST,arity,NLID,gride,gride,1,1,2,18.328125,13.286938667297363,38.0,19.0,plots_extra/metrics/features/arity/mean/gpt2/tables/gride_gpt2_arity.csv,gpt2/tables_ARITY/arity_bootstrap/arity_raw_gride_gpt2.csv
gpt2,GPT-2: MEAN vs LAST,arity,NLID,gride,gride,1,1,3,18.607681274414062,14.613204956054688,44.0,23.0,plots_extra/metrics/features/arity/mean/gpt2/tables/gride_gpt2_arity.csv,gpt2/tables_ARITY/arity_bootstrap/arity_raw_gride_gpt2.csv
gpt2,GPT-2: MEAN vs LAST,arity,NLID,gride,gride,1,1,4,19.482330322265625,16.343017578125,53.0,35.0,plots_extra/metrics/features/arity/mean/gpt2/tables/gride_gpt2_arity.csv,gpt2/tables_ARITY/arity_bootstrap/arity_raw_gride_gpt2.csv
gpt2,GPT-2: MEAN vs LAST,arity,NLID,gride,gride,1,1,5,19.84777069091797,17.395038604736328,57.0,45.0,plots_extra/metrics/features/arity/mean/gpt2/tables/gride_gpt2_arity.csv,gpt2/tables_ARITY/arity_bootstrap/arity_raw_gride_gpt2.csv
gpt2,GPT-2: MEAN vs LAST,arity,NLID,gride,gride,1,1,6,19.772056579589844,17.876253128051758,56.0,47.0,plots_extra/metrics/features/arity/mean/gpt2/tables/gride_gpt2_arity.csv,gpt2/tables_ARITY/arity_bootstrap/arity_raw_gride_gpt2.csv
gpt2,GPT-2: MEAN vs LAST,arity,NLID,gride,gride,1,1,7,19.74380111694336,18.21581649780273,55.0,51.0,plots_extra/metrics/features/arity/mean/gpt2/tables/gride_gpt2_arity.csv,gpt2/tables_ARITY/arity_bootstrap/arity_raw_gride_gpt2.csv
gpt2,GPT-2: MEAN vs LAST,arity,NLID,gride,gride,1,1,8,19.99396514892578,18.56239318847656,61.0,54.0,plots_extra/metrics/features/arity/mean/gpt2/tables/gride_gpt2_arity.csv,gpt2/tables_ARITY/arity_bootstrap/arity_raw_gride_gpt2.csv
gpt2,GPT-2: MEAN vs LAST,arity,NLID,gride,gride,1,1,9,20.656930923461918,19.60275077819824,63.0,59.0,plots_extra/metrics/features/arity/mean/gpt2/tables/gride_gpt2_arity.csv,gpt2/tables_ARITY/arity_bootstrap/arity_raw_gride_gpt2.csv
gpt2,GPT-2: MEAN vs LAST,arity,NLID,gride,gride,1,1,10,21.438610076904297,20.787866592407227,64.0,62.0,plots_extra/metrics/features/arity/mean/gpt2/tables/gride_gpt2_arity.csv,gpt2/tables_ARITY/arity_bootstrap/arity_raw_gride_gpt2.csv
gpt2,GPT-2: MEAN vs LAST,arity,NLID,gride,gride,1,1,11,21.679031372070312,21.61363983154297,65.0,64.0,plots_extra/metrics/features/arity/mean/gpt2/tables/gride_gpt2_arity.csv,gpt2/tables_ARITY/arity_bootstrap/arity_raw_gride_gpt2.csv
gpt2,GPT-2: MEAN vs LAST,arity,NLID,gride,gride,1,1,12,7.606791973114014,8.665558815002441,6.0,6.0,plots_extra/metrics/features/arity/mean/gpt2/tables/gride_gpt2_arity.csv,gpt2/tables_ARITY/arity_bootstrap/arity_raw_gride_gpt2.csv
gpt2,GPT-2: MEAN vs LAST,arity,NLID,gride,gride,2,2,0,18.51231384277344,22.313724517822266,42.0,65.0,plots_extra/metrics/features/arity/mean/gpt2/tables/gride_gpt2_arity.csv,gpt2/tables_ARITY/arity_bootstrap/arity_raw_gride_gpt2.csv
gpt2,GPT-2: MEAN vs LAST,arity,NLID,gride,gride,2,2,1,18.050434112548828,16.58675765991211,31.0,37.0,plots_extra/metrics/features/arity/mean/gpt2/tables/gride_gpt2_arity.csv,gpt2/tables_ARITY/arity_bootstrap/arity_raw_gride_gpt2.csv
gpt2,GPT-2: MEAN vs LAST,arity,NLID,gride,gride,2,2,2,17.64790916442871,14.681363105773926,27.0,24.0,plots_extra/metrics/features/arity/mean/gpt2/tables/gride_gpt2_arity.csv,gpt2/tables_ARITY/arity_bootstrap/arity_raw_gride_gpt2.csv
gpt2,GPT-2: MEAN vs LAST,arity,NLID,gride,gride,2,2,3,18.22864151000977,16.066951751708984,36.0,32.0,plots_extra/metrics/features/arity/mean/gpt2/tables/gride_gpt2_arity.csv,gpt2/tables_ARITY/arity_bootstrap/arity_raw_gride_gpt2.csv
gpt2,GPT-2: MEAN vs LAST,arity,NLID,gride,gride,2,2,4,18.22389793395996,17.362573623657227,35.0,44.0,plots_extra/metrics/features/arity/mean/gpt2/tables/gride_gpt2_arity.csv,gpt2/tables_ARITY/arity_bootstrap/arity_raw_gride_gpt2.csv
gpt2,GPT-2: MEAN vs LAST,arity,NLID,gride,gride,2,2,5,18.412017822265625,18.21324920654297,40.0,50.0,plots_extra/metrics/features/arity/mean/gpt2/tables/gride_gpt2_arity.csv,gpt2/tables_ARITY/arity_bootstrap/arity_raw_gride_gpt2.csv
gpt2,GPT-2: MEAN vs LAST,arity,NLID,gride,gride,2,2,6,18.35874366760254,18.54059219360352,39.0,53.0,plots_extra/metrics/features/arity/mean/gpt2/tables/gride_gpt2_arity.csv,gpt2/tables_ARITY/arity_bootstrap/arity_raw_gride_gpt2.csv
gpt2,GPT-2: MEAN vs LAST,arity,NLID,gride,gride,2,2,7,18.17279815673828,18.444231033325195,33.0,52.0,plots_extra/metrics/features/arity/mean/gpt2/tables/gride_gpt2_arity.csv,gpt2/tables_ARITY/arity_bootstrap/arity_raw_gride_gpt2.csv
gpt2,GPT-2: MEAN vs LAST,arity,NLID,gride,gride,2,2,8,18.215110778808597,18.61331558227539,34.0,55.0,plots_extra/metrics/features/arity/mean/gpt2/tables/gride_gpt2_arity.csv,gpt2/tables_ARITY/arity_bootstrap/arity_raw_gride_gpt2.csv
gpt2,GPT-2: MEAN vs LAST,arity,NLID,gride,gride,2,2,9,18.56559562683105,19.11264038085937,43.0,57.0,plots_extra/metrics/features/arity/mean/gpt2/tables/gride_gpt2_arity.csv,gpt2/tables_ARITY/arity_bootstrap/arity_raw_gride_gpt2.csv
gpt2,GPT-2: MEAN vs LAST,arity,NLID,gride,gride,2,2,10,18.79052352905273,19.72062110900879,47.0,60.0,plots_extra/metrics/features/arity/mean/gpt2/tables/gride_gpt2_arity.csv,gpt2/tables_ARITY/arity_bootstrap/arity_raw_gride_gpt2.csv
gpt2,GPT-2: MEAN vs LAST,arity,NLID,gride,gride,2,2,11,18.8486442565918,20.272445678710938,49.0,61.0,plots_extra/metrics/features/arity/mean/gpt2/tables/gride_gpt2_arity.csv,gpt2/tables_ARITY/arity_bootstrap/arity_raw_gride_gpt2.csv
gpt2,GPT-2: MEAN vs LAST,arity,NLID,gride,gride,2,2,12,7.44961404800415,8.893715858459473,5.0,7.0,plots_extra/metrics/features/arity/mean/gpt2/tables/gride_gpt2_arity.csv,gpt2/tables_ARITY/arity_bootstrap/arity_raw_gride_gpt2.csv
gpt2,GPT-2: MEAN vs LAST,arity,NLID,gride,gride,3,3,0,17.59369659423828,16.892610549926758,26.0,41.0,plots_extra/metrics/features/arity/mean/gpt2/tables/gride_gpt2_arity.csv,gpt2/tables_ARITY/arity_bootstrap/arity_raw_gride_gpt2.csv
gpt2,GPT-2: MEAN vs LAST,arity,NLID,gride,gride,3,3,1,14.435100555419922,10.517908096313477,17.0,12.0,plots_extra/metrics/features/arity/mean/gpt2/tables/gride_gpt2_arity.csv,gpt2/tables_ARITY/arity_bootstrap/arity_raw_gride_gpt2.csv
gpt2,GPT-2: MEAN vs LAST,arity,NLID,gride,gride,3,3,2,14.582287788391112,10.73954963684082,19.0,13.0,plots_extra/metrics/features/arity/mean/gpt2/tables/gride_gpt2_arity.csv,gpt2/tables_ARITY/arity_bootstrap/arity_raw_gride_gpt2.csv
gpt2,GPT-2: MEAN vs LAST,arity,NLID,gride,gride,3,3,3,16.432186126708984,12.214384078979492,24.0,16.0,plots_extra/metrics/features/arity/mean/gpt2/tables/gride_gpt2_arity.csv,gpt2/tables_ARITY/arity_bootstrap/arity_raw_gride_gpt2.csv
gpt2,GPT-2: MEAN vs LAST,arity,NLID,gride,gride,3,3,4,17.90421485900879,14.33952808380127,30.0,20.0,plots_extra/metrics/features/arity/mean/gpt2/tables/gride_gpt2_arity.csv,gpt2/tables_ARITY/arity_bootstrap/arity_raw_gride_gpt2.csv
gpt2,GPT-2: MEAN vs LAST,arity,NLID,gride,gride,3,3,5,18.666467666625977,15.932141304016112,45.0,30.0,plots_extra/metrics/features/arity/mean/gpt2/tables/gride_gpt2_arity.csv,gpt2/tables_ARITY/arity_bootstrap/arity_raw_gride_gpt2.csv
gpt2,GPT-2: MEAN vs LAST,arity,NLID,gride,gride,3,3,6,19.057205200195312,16.84048080444336,50.0,40.0,plots_extra/metrics/features/arity/mean/gpt2/tables/gride_gpt2_arity.csv,gpt2/tables_ARITY/arity_bootstrap/arity_raw_gride_gpt2.csv
gpt2,GPT-2: MEAN vs LAST,arity,NLID,gride,gride,3,3,7,19.12245178222656,17.155027389526367,51.0,43.0,plots_extra/metrics/features/arity/mean/gpt2/tables/gride_gpt2_arity.csv,gpt2/tables_ARITY/arity_bootstrap/arity_raw_gride_gpt2.csv
gpt2,GPT-2: MEAN vs LAST,arity,NLID,gride,gride,3,3,8,19.4484920501709,17.45951271057129,52.0,46.0,plots_extra/metrics/features/arity/mean/gpt2/tables/gride_gpt2_arity.csv,gpt2/tables_ARITY/arity_bootstrap/arity_raw_gride_gpt2.csv
gpt2,GPT-2: MEAN vs LAST,arity,NLID,gride,gride,3,3,9,19.855396270751957,18.08405494689941,58.0,48.0,plots_extra/metrics/features/arity/mean/gpt2/tables/gride_gpt2_arity.csv,gpt2/tables_ARITY/arity_bootstrap/arity_raw_gride_gpt2.csv
gpt2,GPT-2: MEAN vs LAST,arity,NLID,gride,gride,3,3,10,19.99155807495117,18.888973236083984,60.0,56.0,plots_extra/metrics/features/arity/mean/gpt2/tables/gride_gpt2_arity.csv,gpt2/tables_ARITY/arity_bootstrap/arity_raw_gride_gpt2.csv
gpt2,GPT-2: MEAN vs LAST,arity,NLID,gride,gride,3,3,11,19.86369514465332,19.593862533569336,59.0,58.0,plots_extra/metrics/features/arity/mean/gpt2/tables/gride_gpt2_arity.csv,gpt2/tables_ARITY/arity_bootstrap/arity_raw_gride_gpt2.csv
gpt2,GPT-2: MEAN vs LAST,arity,NLID,gride,gride,3,3,12,8.0101318359375,9.102095603942873,7.0,8.0,plots_extra/metrics/features/arity/mean/gpt2/tables/gride_gpt2_arity.csv,gpt2/tables_ARITY/arity_bootstrap/arity_raw_gride_gpt2.csv
gpt2,GPT-2: MEAN vs LAST,arity,NLID,gride,gride,4,4,0,18.701984405517575,16.7698974609375,46.0,39.0,plots_extra/metrics/features/arity/mean/gpt2/tables/gride_gpt2_arity.csv,gpt2/tables_ARITY/arity_bootstrap/arity_raw_gride_gpt2.csv
gpt2,GPT-2: MEAN vs LAST,arity,NLID,gride,gride,4,4,1,13.068717002868652,9.578539848327637,13.0,11.0,plots_extra/metrics/features/arity/mean/gpt2/tables/gride_gpt2_arity.csv,gpt2/tables_ARITY/arity_bootstrap/arity_raw_gride_gpt2.csv
gpt2,GPT-2: MEAN vs LAST,arity,NLID,gride,gride,4,4,2,12.18908405303955,9.41405963897705,11.0,9.0,plots_extra/metrics/features/arity/mean/gpt2/tables/gride_gpt2_arity.csv,gpt2/tables_ARITY/arity_bootstrap/arity_raw_gride_gpt2.csv
gpt2,GPT-2: MEAN vs LAST,arity,NLID,gride,gride,4,4,3,13.933359146118164,10.98577117919922,15.0,15.0,plots_extra/metrics/features/arity/mean/gpt2/tables/gride_gpt2_arity.csv,gpt2/tables_ARITY/arity_bootstrap/arity_raw_gride_gpt2.csv
gpt2,GPT-2: MEAN vs LAST,arity,NLID,gride,gride,4,4,4,15.816718101501465,13.0092191696167,23.0,17.0,plots_extra/metrics/features/arity/mean/gpt2/tables/gride_gpt2_arity.csv,gpt2/tables_ARITY/arity_bootstrap/arity_raw_gride_gpt2.csv
gpt2,GPT-2: MEAN vs LAST,arity,NLID,gride,gride,4,4,5,17.252216339111328,14.461957931518556,25.0,22.0,plots_extra/metrics/features/arity/mean/gpt2/tables/gride_gpt2_arity.csv,gpt2/tables_ARITY/arity_bootstrap/arity_raw_gride_gpt2.csv
gpt2,GPT-2: MEAN vs LAST,arity,NLID,gride,gride,4,4,6,17.78174591064453,14.99537181854248,29.0,25.0,plots_extra/metrics/features/arity/mean/gpt2/tables/gride_gpt2_arity.csv,gpt2/tables_ARITY/arity_bootstrap/arity_raw_gride_gpt2.csv
gpt2,GPT-2: MEAN vs LAST,arity,NLID,gride,gride,4,4,7,18.13926696777344,15.397613525390623,32.0,27.0,plots_extra/metrics/features/arity/mean/gpt2/tables/gride_gpt2_arity.csv,gpt2/tables_ARITY/arity_bootstrap/arity_raw_gride_gpt2.csv
gpt2,GPT-2: MEAN vs LAST,arity,NLID,gride,gride,4,4,8,18.28055000305176,15.53974723815918,37.0,29.0,plots_extra/metrics/features/arity/mean/gpt2/tables/gride_gpt2_arity.csv,gpt2/tables_ARITY/arity_bootstrap/arity_raw_gride_gpt2.csv
gpt2,GPT-2: MEAN vs LAST,arity,NLID,gride,gride,4,4,9,18.80948257446289,16.3226261138916,48.0,34.0,plots_extra/metrics/features/arity/mean/gpt2/tables/gride_gpt2_arity.csv,gpt2/tables_ARITY/arity_bootstrap/arity_raw_gride_gpt2.csv
gpt2,GPT-2: MEAN vs LAST,arity,NLID,gride,gride,4,4,10,19.616518020629883,17.046709060668945,54.0,42.0,plots_extra/metrics/features/arity/mean/gpt2/tables/gride_gpt2_arity.csv,gpt2/tables_ARITY/arity_bootstrap/arity_raw_gride_gpt2.csv
gpt2,GPT-2: MEAN vs LAST,arity,NLID,gride,gride,4,4,11,20.224294662475582,18.20504379272461,62.0,49.0,plots_extra/metrics/features/arity/mean/gpt2/tables/gride_gpt2_arity.csv,gpt2/tables_ARITY/arity_bootstrap/arity_raw_gride_gpt2.csv
gpt2,GPT-2: MEAN vs LAST,arity,NLID,gride,gride,4,4,12,8.320642471313477,9.426331520080566,8.0,10.0,plots_extra/metrics/features/arity/mean/gpt2/tables/gride_gpt2_arity.csv,gpt2/tables_ARITY/arity_bootstrap/arity_raw_gride_gpt2.csv
