timestamp	control	feature	model	pid	rss_kb	rss_gb
2026-05-10T14:17:29+02:00	fixed_freq	pos	bert	1491879	4448	0.00
2026-05-10T14:17:39+02:00	fixed_freq	pos	bert	1491879	2049436	1.95
2026-05-10T14:17:49+02:00	fixed_freq	pos	bert	1491879	2463388	2.35
2026-05-10T14:17:59+02:00	fixed_freq	pos	bert	1491879	2711548	2.59
2026-05-10T14:18:09+02:00	fixed_freq	pos	bert	1491879	2838268	2.71
2026-05-10T14:18:19+02:00	fixed_freq	pos	bert	1491879	2897404	2.76
2026-05-10T14:18:29+02:00	fixed_freq	pos	bert	1491879	2922484	2.79
2026-05-10T14:18:39+02:00	fixed_freq	pos	bert	1491879	2930668	2.79
2026-05-10T14:18:49+02:00	fixed_freq	pos	bert	1491879	2932252	2.80
2026-05-10T14:18:59+02:00	fixed_freq	pos	bert	1491879	2997984	2.86
2026-05-10T14:19:09+02:00	fixed_freq	pos	bert	1491879	3002828	2.86
2026-05-10T14:19:19+02:00	fixed_freq	pos	bert	1491879	2964928	2.83
2026-05-10T14:19:29+02:00	fixed_freq	pos	bert	1491879	3041028	2.90
2026-05-10T14:19:39+02:00	fixed_freq	pos	bert	1491879	3017868	2.88
2026-05-10T14:19:49+02:00	fixed_freq	pos	bert	1491879	3002824	2.86
2026-05-10T14:19:59+02:00	fixed_freq	pos	bert	1491879	3026656	2.89
2026-05-10T14:20:09+02:00	fixed_freq	pos	bert	1491879	2997676	2.86
2026-05-10T14:20:19+02:00	fixed_freq	pos	bert	1491879	3002648	2.86
2026-05-10T14:20:29+02:00	fixed_freq	pos	bert	1491879	2997972	2.86
2026-05-10T14:20:39+02:00	fixed_freq	pos	bert	1491879	3002824	2.86
2026-05-10T14:20:49+02:00	fixed_freq	pos	bert	1491879	2965144	2.83
2026-05-10T14:20:59+02:00	fixed_freq	pos	bert	1491879	3002728	2.86
2026-05-10T14:21:09+02:00	fixed_freq	pos	bert	1491879	3026844	2.89
2026-05-10T14:21:19+02:00	fixed_freq	pos	bert	1491879	3038836	2.90
2026-05-10T14:21:29+02:00	fixed_freq	pos	bert	1491879	3002720	2.86
2026-05-10T14:21:39+02:00	fixed_freq	pos	bert	1491879	2998060	2.86
2026-05-10T14:21:49+02:00	fixed_freq	pos	bert	1491879	2985528	2.85
2026-05-10T14:21:59+02:00	fixed_freq	pos	bert	1491879	3029604	2.89
2026-05-10T14:22:09+02:00	fixed_freq	pos	bert	1491879	2963112	2.83
2026-05-10T14:22:19+02:00	fixed_freq	pos	bert	1491879	2995956	2.86
2026-05-10T14:22:29+02:00	fixed_freq	pos	bert	1491879	3000832	2.86
2026-05-10T14:22:39+02:00	fixed_freq	pos	bert	1491879	2996072	2.86
2026-05-10T14:22:49+02:00	fixed_freq	pos	bert	1491879	2996064	2.86
2026-05-10T14:22:59+02:00	fixed_freq	pos	bert	1491879	2996104	2.86
2026-05-10T14:23:09+02:00	fixed_freq	pos	bert	1491879	2996100	2.86
2026-05-10T14:23:19+02:00	fixed_freq	pos	bert	1491879	3061176	2.92
2026-05-10T14:23:29+02:00	fixed_freq	pos	bert	1491879	3000856	2.86
2026-05-10T14:23:39+02:00	fixed_freq	pos	bert	1491879	2963104	2.83
2026-05-10T14:23:49+02:00	fixed_freq	pos	bert	1491879	3061148	2.92
2026-05-10T14:23:59+02:00	fixed_freq	pos	bert	1491879	3000784	2.86
2026-05-10T14:24:09+02:00	fixed_freq	pos	bert	1491879	3000716	2.86
2026-05-10T14:24:19+02:00	fixed_freq	pos	bert	1491879	3061012	2.92
2026-05-10T14:24:29+02:00	fixed_freq	pos	bert	1491879	3010712	2.87
2026-05-10T14:24:39+02:00	fixed_freq	pos	bert	1491879	3003020	2.86
2026-05-10T14:24:49+02:00	fixed_freq	pos	bert	1491879	3000868	2.86
2026-05-10T14:24:59+02:00	fixed_freq	pos	bert	1491879	2963084	2.83
2026-05-10T14:25:09+02:00	fixed_freq	pos	bert	1491879	2996064	2.86
2026-05-10T14:25:19+02:00	fixed_freq	pos	bert	1491879	3000820	2.86
2026-05-10T14:25:29+02:00	fixed_freq	pos	bert	1491879	3000752	2.86
2026-05-10T14:25:39+02:00	fixed_freq	pos	bert	1491879	2995716	2.86
2026-05-10T14:25:49+02:00	fixed_freq	pos	bert	1491879	3000752	2.86
2026-05-10T14:25:59+02:00	fixed_freq	pos	bert	1491879	2996200	2.86
2026-05-10T14:26:09+02:00	fixed_freq	pos	bert	1491879	3000952	2.86
2026-05-10T14:26:19+02:00	fixed_freq	pos	bert	1491879	3000872	2.86
2026-05-10T14:26:29+02:00	fixed_freq	pos	bert	1491879	3000800	2.86
2026-05-10T14:26:39+02:00	fixed_freq	pos	bert	1491879	3000768	2.86
2026-05-10T14:26:49+02:00	fixed_freq	pos	bert	1491879	3000776	2.86
2026-05-10T14:26:59+02:00	fixed_freq	pos	bert	1491879	3000728	2.86
2026-05-10T14:27:09+02:00	fixed_freq	pos	bert	1491879	3000728	2.86
2026-05-10T14:27:19+02:00	fixed_freq	pos	bert	1491879	3000704	2.86
2026-05-10T14:27:29+02:00	fixed_freq	pos	bert	1491879	2995976	2.86
2026-05-10T14:27:39+02:00	fixed_freq	pos	bert	1491879	2995712	2.86
2026-05-10T14:27:49+02:00	fixed_freq	pos	bert	1491879	3000740	2.86
2026-05-10T14:27:59+02:00	fixed_freq	pos	bert	1491879	3000732	2.86
2026-05-10T14:28:09+02:00	fixed_freq	pos	bert	1491879	3000704	2.86
2026-05-10T14:28:19+02:00	fixed_freq	pos	bert	1491879	2996184	2.86
2026-05-10T14:28:29+02:00	fixed_freq	pos	bert	1491879	3000896	2.86
2026-05-10T14:28:39+02:00	fixed_freq	pos	bert	1491879	3000572	2.86
2026-05-10T14:28:49+02:00	fixed_freq	pos	bert	1491879	2963036	2.83
2026-05-10T14:28:59+02:00	fixed_freq	pos	bert	1491879	3038848	2.90
2026-05-10T14:29:09+02:00	fixed_freq	pos	bert	1491879	2996020	2.86
2026-05-10T14:29:19+02:00	fixed_freq	pos	bert	1491879	2995972	2.86
2026-05-10T14:29:29+02:00	fixed_freq	pos	bert	1491879	3024724	2.88
2026-05-10T14:29:39+02:00	fixed_freq	pos	bert	1491879	3000896	2.86
2026-05-10T14:29:49+02:00	fixed_freq	pos	bert	1491879	3000844	2.86
2026-05-10T14:29:59+02:00	fixed_freq	pos	bert	1491879	3024588	2.88
2026-05-10T14:30:09+02:00	fixed_freq	pos	bert	1491879	3024536	2.88
2026-05-10T14:30:19+02:00	fixed_freq	pos	bert	1491879	3024536	2.88
2026-05-10T14:30:29+02:00	fixed_freq	pos	bert	1491879	3060996	2.92
2026-05-10T14:30:39+02:00	fixed_freq	pos	bert	1491879	2996160	2.86
2026-05-10T14:30:49+02:00	fixed_freq	pos	bert	1491879	3000852	2.86
2026-05-10T14:30:59+02:00	fixed_freq	pos	bert	1491879	3038856	2.90
2026-05-10T14:31:09+02:00	fixed_freq	pos	bert	1491879	3024808	2.88
2026-05-10T14:31:19+02:00	fixed_freq	pos	bert	1491879	3039008	2.90
2026-05-10T14:31:29+02:00	fixed_freq	pos	bert	1491879	3024716	2.88
2026-05-10T14:31:39+02:00	fixed_freq	pos	bert	1491879	3024724	2.88
2026-05-10T14:31:49+02:00	fixed_freq	pos	bert	1491879	2996196	2.86
2026-05-10T14:31:59+02:00	fixed_freq	pos	bert	1491879	2996132	2.86
2026-05-10T14:32:09+02:00	fixed_freq	pos	bert	1491879	2996164	2.86
2026-05-10T14:32:19+02:00	fixed_freq	pos	bert	1491879	2978148	2.84
2026-05-10T14:32:29+02:00	fixed_freq	pos	bert	1491879	3000832	2.86
2026-05-10T14:32:39+02:00	fixed_freq	pos	bert	1491879	3000776	2.86
2026-05-10T14:32:49+02:00	fixed_freq	pos	bert	1491879	3000732	2.86
2026-05-10T14:32:59+02:00	fixed_freq	pos	bert	1491879	3014940	2.88
2026-05-10T14:33:09+02:00	fixed_freq	pos	bert	1491879	2996164	2.86
2026-05-10T14:33:19+02:00	fixed_freq	pos	bert	1491879	3000884	2.86
2026-05-10T14:33:29+02:00	fixed_freq	pos	bert	1491879	3000856	2.86
2026-05-10T14:33:39+02:00	fixed_freq	pos	bert	1491879	3024856	2.88
2026-05-10T14:33:49+02:00	fixed_freq	pos	bert	1491879	3000764	2.86
2026-05-10T14:34:00+02:00	fixed_freq	pos	bert	1491879	3000744	2.86
2026-05-10T14:34:10+02:00	fixed_freq	pos	bert	1491879	3000940	2.86
2026-05-10T14:34:20+02:00	fixed_freq	pos	bert	1491879	2998052	2.86
2026-05-10T14:34:30+02:00	fixed_freq	pos	bert	1491879	3001536	2.86
2026-05-10T14:34:40+02:00	fixed_freq	pos	bert	1491879	3016248	2.88
2026-05-10T14:34:50+02:00	fixed_freq	pos	bert	1491879	3000860	2.86
2026-05-10T14:35:00+02:00	fixed_freq	pos	bert	1491879	3000832	2.86
2026-05-10T14:35:10+02:00	fixed_freq	pos	bert	1491879	3000788	2.86
2026-05-10T14:35:20+02:00	fixed_freq	pos	bert	1491879	3000728	2.86
2026-05-10T14:35:30+02:00	fixed_freq	pos	bert	1491879	2986936	2.85
2026-05-10T14:35:40+02:00	fixed_freq	pos	bert	1491879	3000896	2.86
2026-05-10T14:35:50+02:00	fixed_freq	pos	bert	1491879	2963908	2.83
2026-05-10T14:36:00+02:00	fixed_freq	pos	bert	1491879	3000872	2.86
2026-05-10T14:36:10+02:00	fixed_freq	pos	bert	1491879	2996072	2.86
2026-05-10T14:36:20+02:00	fixed_freq	pos	bert	1491879	3038840	2.90
2026-05-10T14:36:30+02:00	fixed_freq	pos	bert	1491879	3024544	2.88
2026-05-10T14:36:40+02:00	fixed_freq	pos	bert	1491879	2994140	2.86
2026-05-10T14:36:50+02:00	fixed_freq	pos	bert	1491879	3000764	2.86
2026-05-10T14:37:00+02:00	fixed_freq	pos	bert	1491879	3000708	2.86
2026-05-10T14:37:10+02:00	fixed_freq	pos	bert	1491879	3000936	2.86
2026-05-10T14:37:20+02:00	fixed_freq	pos	bert	1491879	3039216	2.90
2026-05-10T14:37:30+02:00	fixed_freq	pos	bert	1491879	3039148	2.90
2026-05-10T14:37:40+02:00	fixed_freq	pos	bert	1491879	2963076	2.83
2026-05-10T14:37:50+02:00	fixed_freq	pos	bert	1491879	3000800	2.86
2026-05-10T14:38:00+02:00	fixed_freq	pos	bert	1491879	2996008	2.86
2026-05-10T14:38:10+02:00	fixed_freq	pos	bert	1491879	3007356	2.87
2026-05-10T14:38:20+02:00	fixed_freq	pos	bert	1491879	3000952	2.86
2026-05-10T14:38:30+02:00	fixed_freq	pos	bert	1491879	2951320	2.81
2026-05-10T14:38:40+02:00	fixed_freq	pos	bert	1491879	2995384	2.86
2026-05-10T14:38:50+02:00	fixed_freq	pos	bert	1491879	2951320	2.81
2026-05-10T14:39:00+02:00	fixed_freq	pos	bert	1491879	2995384	2.86
2026-05-10T14:39:10+02:00	fixed_freq	pos	bert	1491879	2951320	2.81
2026-05-10T14:39:20+02:00	fixed_freq	pos	bert	1491879	2995384	2.86
2026-05-10T14:39:30+02:00	fixed_freq	pos	bert	1491879	2973024	2.84
2026-05-10T14:39:40+02:00	fixed_freq	pos	bert	1491879	2989444	2.85
2026-05-10T14:39:50+02:00	fixed_freq	pos	bert	1491879	2993268	2.85
2026-05-10T14:40:00+02:00	fixed_freq	pos	bert	1491879	2995384	2.86
2026-05-10T14:40:10+02:00	fixed_freq	pos	bert	1491879	2956728	2.82
2026-05-10T14:40:20+02:00	fixed_freq	pos	bert	1491879	2989444	2.85
2026-05-10T14:40:30+02:00	fixed_freq	pos	bert	1491879	2995384	2.86
2026-05-10T14:40:40+02:00	fixed_freq	pos	bert	1491879	2991288	2.85
2026-05-10T14:40:50+02:00	fixed_freq	pos	bert	1491879	2991288	2.85
2026-05-10T14:41:00+02:00	fixed_freq	pos	bert	1491879	2995384	2.86
2026-05-10T14:41:10+02:00	fixed_freq	pos	bert	1491879	2995384	2.86
2026-05-10T14:41:20+02:00	fixed_freq	pos	bert	1491879	2969392	2.83
2026-05-10T14:41:30+02:00	fixed_freq	pos	bert	1491879	2991288	2.85
2026-05-10T14:41:40+02:00	fixed_freq	pos	bert	1491879	2951320	2.81
2026-05-10T14:41:50+02:00	fixed_freq	pos	bert	1491879	2991288	2.85
2026-05-10T14:42:00+02:00	fixed_freq	pos	bert	1491879	2991288	2.85
2026-05-10T14:42:10+02:00	fixed_freq	pos	bert	1491879	2995384	2.86
2026-05-10T14:42:20+02:00	fixed_freq	pos	bert	1491879	2995384	2.86
2026-05-10T14:42:30+02:00	fixed_freq	pos	bert	1491879	2957520	2.82
2026-05-10T14:42:40+02:00	fixed_freq	pos	bert	1491879	2951320	2.81
2026-05-10T14:42:50+02:00	fixed_freq	pos	bert	1491879	2991288	2.85
2026-05-10T14:43:00+02:00	fixed_freq	pos	bert	1491879	2942552	2.81
2026-05-10T14:43:10+02:00	fixed_freq	pos	bert	1491879	2989444	2.85
2026-05-10T14:43:20+02:00	fixed_freq	pos	bert	1491879	2989444	2.85
2026-05-10T14:43:30+02:00	fixed_freq	pos	bert	1491879	2951320	2.81
2026-05-10T14:43:40+02:00	fixed_freq	pos	bert	1491879	2989444	2.85
2026-05-10T14:43:50+02:00	fixed_freq	pos	bert	1491879	2995384	2.86
2026-05-10T14:44:00+02:00	fixed_freq	pos	bert	1491879	2995384	2.86
2026-05-10T14:44:10+02:00	fixed_freq	pos	bert	1491879	2957520	2.82
2026-05-10T14:44:20+02:00	fixed_freq	pos	bert	1491879	2995384	2.86
2026-05-10T14:44:30+02:00	fixed_freq	pos	bert	1491879	2995384	2.86
2026-05-10T14:44:40+02:00	fixed_freq	pos	bert	1491879	2991288	2.85
2026-05-10T14:44:50+02:00	fixed_freq	pos	bert	1491879	2995384	2.86
2026-05-10T14:45:00+02:00	fixed_freq	pos	bert	1491879	2991288	2.85
2026-05-10T14:45:10+02:00	fixed_freq	pos	bert	1491879	2995384	2.86
2026-05-10T14:45:20+02:00	fixed_freq	pos	bert	1491879	2951320	2.81
2026-05-10T14:45:30+02:00	fixed_freq	pos	bert	1491879	2995384	2.86
2026-05-10T14:45:40+02:00	fixed_freq	pos	bert	1491879	2951320	2.81
2026-05-10T14:45:50+02:00	fixed_freq	pos	bert	1491879	2991288	2.85
2026-05-10T14:46:00+02:00	fixed_freq	pos	bert	1491879	2995384	2.86
2026-05-10T14:46:10+02:00	fixed_freq	pos	bert	1491879	2991288	2.85
2026-05-10T14:46:20+02:00	fixed_freq	pos	bert	1491879	2948228	2.81
2026-05-10T14:46:30+02:00	fixed_freq	pos	bert	1491879	2957520	2.82
2026-05-10T14:46:40+02:00	fixed_freq	pos	bert	1491879	2995384	2.86
2026-05-10T14:46:50+02:00	fixed_freq	pos	bert	1491879	2951320	2.81
2026-05-10T14:47:00+02:00	fixed_freq	pos	bert	1491879	2951320	2.81
2026-05-10T14:47:10+02:00	fixed_freq	pos	bert	1491879	2991288	2.85
2026-05-10T14:47:20+02:00	fixed_freq	pos	bert	1491879	2991288	2.85
2026-05-10T14:47:30+02:00	fixed_freq	pos	bert	1491879	2951320	2.81
2026-05-10T14:47:40+02:00	fixed_freq	pos	bert	1491879	2989444	2.85
2026-05-10T14:47:50+02:00	fixed_freq	pos	bert	1491879	2956472	2.82
2026-05-10T14:48:00+02:00	fixed_freq	pos	bert	1491879	2991288	2.85
2026-05-10T14:48:10+02:00	fixed_freq	pos	bert	1491879	2991288	2.85
2026-05-10T14:48:20+02:00	fixed_freq	pos	bert	1491879	2951320	2.81
2026-05-10T14:48:30+02:00	fixed_freq	pos	bert	1491879	2951320	2.81
2026-05-10T14:48:40+02:00	fixed_freq	pos	bert	1491879	2995384	2.86
2026-05-10T14:48:50+02:00	fixed_freq	pos	bert	1491879	2995384	2.86
2026-05-10T14:49:00+02:00	fixed_freq	pos	bert	1491879	2958576	2.82
2026-05-10T14:49:10+02:00	fixed_freq	pos	bert	1491879	2995384	2.86
2026-05-10T14:49:20+02:00	fixed_freq	pos	bert	1491879	2991288	2.85
2026-05-10T14:49:30+02:00	fixed_freq	pos	bert	1491879	2951320	2.81
2026-05-10T14:49:40+02:00	fixed_freq	pos	bert	1491879	2951320	2.81
2026-05-10T14:49:50+02:00	fixed_freq	pos	bert	1491879	2991288	2.85
2026-05-10T14:50:00+02:00	fixed_freq	pos	bert	1491879	2948228	2.81
2026-05-10T14:50:10+02:00	fixed_freq	pos	bert	1491879	2989444	2.85
2026-05-10T14:50:20+02:00	fixed_freq	pos	bert	1491879	2995384	2.86
2026-05-10T14:50:30+02:00	fixed_freq	pos	bert	1491879	2970804	2.83
2026-05-10T14:50:40+02:00	fixed_freq	pos	bert	1491879	2970804	2.83
2026-05-10T14:50:50+02:00	fixed_freq	pos	bert	1491879	2970804	2.83
2026-05-10T14:51:00+02:00	fixed_freq	pos	bert	1491879	2970804	2.83
2026-05-10T14:51:10+02:00	fixed_freq	pos	bert	1491879	2970804	2.83
2026-05-10T14:51:20+02:00	fixed_freq	pos	bert	1491879	2970804	2.83
2026-05-10T14:51:30+02:00	fixed_freq	pos	bert	1491879	2970804	2.83
2026-05-10T14:51:40+02:00	fixed_freq	pos	bert	1491879	2970804	2.83
2026-05-10T14:51:50+02:00	fixed_freq	pos	bert	1491879	2970804	2.83
2026-05-10T14:52:00+02:00	fixed_freq	pos	bert	1491879	2970804	2.83
2026-05-10T14:52:10+02:00	fixed_freq	pos	bert	1491879	2970804	2.83
2026-05-10T14:52:20+02:00	fixed_freq	pos	bert	1491879	2970804	2.83
2026-05-10T14:52:30+02:00	fixed_freq	pos	bert	1491879	2970804	2.83
2026-05-10T14:52:40+02:00	fixed_freq	pos	bert	1491879	2970804	2.83
2026-05-10T14:52:50+02:00	fixed_freq	pos	bert	1491879	2970804	2.83
2026-05-10T14:53:00+02:00	fixed_freq	pos	bert	1491879	2970804	2.83
2026-05-10T14:53:10+02:00	fixed_freq	pos	bert	1491879	2970804	2.83
2026-05-10T14:53:20+02:00	fixed_freq	pos	bert	1491879	2970804	2.83
2026-05-10T14:53:30+02:00	fixed_freq	pos	bert	1491879	2970804	2.83
2026-05-10T14:53:40+02:00	fixed_freq	pos	bert	1491879	2970804	2.83
2026-05-10T14:53:50+02:00	fixed_freq	pos	bert	1491879	2970804	2.83
2026-05-10T14:54:00+02:00	fixed_freq	pos	bert	1491879	2970804	2.83
2026-05-10T14:54:10+02:00	fixed_freq	pos	bert	1491879	2970804	2.83
2026-05-10T14:54:20+02:00	fixed_freq	pos	bert	1491879	2970804	2.83
2026-05-10T14:54:30+02:00	fixed_freq	pos	bert	1491879	2970804	2.83
2026-05-10T14:54:40+02:00	fixed_freq	pos	bert	1491879	2970804	2.83
2026-05-10T14:54:50+02:00	fixed_freq	pos	bert	1491879	2970804	2.83
2026-05-10T14:55:00+02:00	fixed_freq	pos	bert	1491879	2970804	2.83
2026-05-10T14:55:10+02:00	fixed_freq	pos	bert	1491879	2970804	2.83
2026-05-10T14:55:20+02:00	fixed_freq	pos	bert	1491879	2970804	2.83
2026-05-10T14:55:30+02:00	fixed_freq	pos	bert	1491879	2970804	2.83
2026-05-10T14:55:40+02:00	fixed_freq	pos	bert	1491879	2970804	2.83
2026-05-10T14:55:50+02:00	fixed_freq	pos	bert	1491879	2970804	2.83
2026-05-10T14:56:00+02:00	fixed_freq	pos	bert	1491879	2970804	2.83
2026-05-10T14:56:10+02:00	fixed_freq	pos	bert	1491879	2970804	2.83
2026-05-10T14:56:20+02:00	fixed_freq	pos	bert	1491879	2970804	2.83
2026-05-10T14:56:30+02:00	fixed_freq	pos	bert	1491879	3006100	2.87
2026-05-10T14:56:40+02:00	fixed_freq	pos	bert	1491879	2971040	2.83
2026-05-10T14:56:50+02:00	fixed_freq	pos	bert	1491879	2971040	2.83
2026-05-10T14:57:00+02:00	fixed_freq	pos	bert	1491879	2987668	2.85
2026-05-10T14:57:10+02:00	fixed_freq	pos	bert	1491879	2971040	2.83
2026-05-10T14:57:20+02:00	fixed_freq	pos	bert	1491879	2979476	2.84
2026-05-10T14:57:30+02:00	fixed_freq	pos	bert	1491879	2971040	2.83
2026-05-10T14:57:40+02:00	fixed_freq	pos	bert	1491879	2971040	2.83
2026-05-10T14:57:50+02:00	fixed_freq	pos	bert	1491879	2971040	2.83
2026-05-10T14:58:00+02:00	fixed_freq	pos	bert	1491879	3006100	2.87
2026-05-10T14:58:10+02:00	fixed_freq	pos	bert	1491879	2971040	2.83
2026-05-10T14:58:20+02:00	fixed_freq	pos	bert	1491879	2971040	2.83
2026-05-10T14:58:30+02:00	fixed_freq	pos	bert	1491879	2971040	2.83
2026-05-10T14:58:40+02:00	fixed_freq	pos	bert	1491879	2971040	2.83
2026-05-10T14:58:50+02:00	fixed_freq	pos	bert	1491879	2971040	2.83
2026-05-10T14:59:00+02:00	fixed_freq	pos	bert	1491879	2971040	2.83
2026-05-10T14:59:10+02:00	fixed_freq	pos	bert	1491879	2971040	2.83
2026-05-10T14:59:20+02:00	fixed_freq	pos	bert	1491879	2971040	2.83
2026-05-10T14:59:30+02:00	fixed_freq	pos	bert	1491879	2993812	2.86
2026-05-10T14:59:40+02:00	fixed_freq	pos	bert	1491879	2971040	2.83
2026-05-10T14:59:50+02:00	fixed_freq	pos	bert	1491879	2971040	2.83
2026-05-10T15:00:00+02:00	fixed_freq	pos	bert	1491879	2993812	2.86
2026-05-10T15:00:10+02:00	fixed_freq	pos	bert	1491879	2971040	2.83
2026-05-10T15:00:20+02:00	fixed_freq	pos	bert	1491879	2993812	2.86
2026-05-10T15:00:30+02:00	fixed_freq	pos	bert	1491879	2971040	2.83
2026-05-10T15:00:40+02:00	fixed_freq	pos	bert	1491879	2987668	2.85
2026-05-10T15:00:50+02:00	fixed_freq	pos	bert	1491879	2971040	2.83
2026-05-10T15:01:00+02:00	fixed_freq	pos	bert	1491879	2971040	2.83
2026-05-10T15:01:10+02:00	fixed_freq	pos	bert	1491879	2971040	2.83
2026-05-10T15:01:20+02:00	fixed_freq	pos	bert	1491879	2979476	2.84
2026-05-10T15:01:30+02:00	fixed_freq	pos	bert	1491879	2987668	2.85
2026-05-10T15:01:40+02:00	fixed_freq	pos	bert	1491879	2971040	2.83
2026-05-10T15:01:50+02:00	fixed_freq	pos	bert	1491879	2971040	2.83
2026-05-10T15:02:00+02:00	fixed_freq	pos	bert	1491879	2971040	2.83
2026-05-10T15:02:10+02:00	fixed_freq	pos	bert	1491879	2971040	2.83
2026-05-10T15:02:20+02:00	fixed_freq	pos	bert	1491879	2971040	2.83
2026-05-10T15:02:30+02:00	fixed_freq	pos	bert	1491879	2971040	2.83
2026-05-10T15:02:40+02:00	fixed_freq	pos	bert	1491879	2971040	2.83
2026-05-10T15:02:50+02:00	fixed_freq	pos	bert	1491879	2971040	2.83
2026-05-10T15:03:00+02:00	fixed_freq	pos	bert	1491879	2971040	2.83
2026-05-10T15:03:10+02:00	fixed_freq	pos	bert	1491879	2971040	2.83
2026-05-10T15:03:20+02:00	fixed_freq	pos	bert	1491879	2985620	2.85
2026-05-10T15:03:30+02:00	fixed_freq	pos	bert	1491879	3006100	2.87
2026-05-10T15:03:40+02:00	fixed_freq	pos	bert	1491879	2971040	2.83
2026-05-10T15:03:50+02:00	fixed_freq	pos	bert	1491879	2971040	2.83
2026-05-10T15:04:00+02:00	fixed_freq	pos	bert	1491879	2971040	2.83
2026-05-10T15:04:10+02:00	fixed_freq	pos	bert	1491879	2987668	2.85
2026-05-10T15:04:20+02:00	fixed_freq	pos	bert	1491879	2979232	2.84
2026-05-10T15:04:30+02:00	fixed_freq	pos	bert	1491879	2971040	2.83
2026-05-10T15:04:40+02:00	fixed_freq	pos	bert	1491879	3016228	2.88
2026-05-10T15:04:50+02:00	fixed_freq	pos	bert	1491879	3131468	2.99
2026-05-10T15:05:00+02:00	fixed_freq	pos	bert	1491879	3124272	2.98
2026-05-10T15:05:10+02:00	fixed_freq	pos	bert	1491879	3110880	2.97
2026-05-10T15:05:20+02:00	fixed_freq	pos	bert	1491879	3110880	2.97
2026-05-10T15:05:30+02:00	fixed_freq	pos	bert	1491879	3110880	2.97
2026-05-10T15:05:40+02:00	fixed_freq	pos	bert	1491879	3039640	2.90
2026-05-10T15:05:50+02:00	fixed_freq	pos	bert	1491879	3053624	2.91
2026-05-10T15:06:00+02:00	fixed_freq	pos	bert	1491879	3086444	2.94
2026-05-10T15:06:10+02:00	fixed_freq	pos	bert	1491879	3039640	2.90
2026-05-10T15:06:20+02:00	fixed_freq	pos	bert	1491879	3053624	2.91
2026-05-10T15:06:30+02:00	fixed_freq	pos	bert	1491879	3053624	2.91
2026-05-10T15:06:40+02:00	fixed_freq	pos	bert	1491879	3039640	2.90
2026-05-10T15:06:50+02:00	fixed_freq	pos	bert	1491879	3051052	2.91
2026-05-10T15:07:00+02:00	fixed_freq	pos	bert	1491879	3086444	2.94
2026-05-10T15:07:10+02:00	fixed_freq	pos	bert	1491879	3039640	2.90
2026-05-10T15:07:20+02:00	fixed_freq	pos	bert	1491879	3039640	2.90
2026-05-10T15:07:30+02:00	fixed_freq	pos	bert	1491879	3053624	2.91
2026-05-10T15:07:40+02:00	fixed_freq	pos	bert	1491879	3059768	2.92
2026-05-10T15:07:50+02:00	fixed_freq	pos	bert	1491879	3039640	2.90
2026-05-10T15:08:00+02:00	fixed_freq	pos	bert	1491879	3039640	2.90
2026-05-10T15:08:10+02:00	fixed_freq	pos	bert	1491879	3053624	2.91
2026-05-10T15:08:20+02:00	fixed_freq	pos	bert	1491879	3086444	2.94
2026-05-10T15:08:30+02:00	fixed_freq	pos	bert	1491879	3039640	2.90
2026-05-10T15:08:40+02:00	fixed_freq	pos	bert	1491879	3039640	2.90
2026-05-10T15:08:50+02:00	fixed_freq	pos	bert	1491879	3086444	2.94
2026-05-10T15:09:00+02:00	fixed_freq	pos	bert	1491879	3086444	2.94
2026-05-10T15:09:10+02:00	fixed_freq	pos	bert	1491879	3053624	2.91
2026-05-10T15:09:20+02:00	fixed_freq	pos	bert	1491879	3053624	2.91
2026-05-10T15:09:30+02:00	fixed_freq	pos	bert	1491879	3053624	2.91
2026-05-10T15:09:40+02:00	fixed_freq	pos	bert	1491879	3059768	2.92
2026-05-10T15:09:50+02:00	fixed_freq	pos	bert	1491879	3059768	2.92
2026-05-10T15:10:00+02:00	fixed_freq	pos	bert	1491879	3053628	2.91
2026-05-10T15:10:10+02:00	fixed_freq	pos	bert	1491879	3086448	2.94
2026-05-10T15:10:20+02:00	fixed_freq	pos	bert	1491879	3039644	2.90
2026-05-10T15:10:30+02:00	fixed_freq	pos	bert	1491879	3039644	2.90
2026-05-10T15:10:40+02:00	fixed_freq	pos	bert	1491879	3059772	2.92
2026-05-10T15:10:50+02:00	fixed_freq	pos	bert	1491879	3053628	2.91
2026-05-10T15:11:00+02:00	fixed_freq	pos	bert	1491879	3086448	2.94
2026-05-10T15:11:10+02:00	fixed_freq	pos	bert	1491879	3039644	2.90
2026-05-10T15:11:20+02:00	fixed_freq	pos	bert	1491879	3053628	2.91
2026-05-10T15:11:30+02:00	fixed_freq	pos	bert	1491879	3039644	2.90
2026-05-10T15:11:40+02:00	fixed_freq	pos	bert	1491879	3086548	2.94
2026-05-10T15:11:50+02:00	fixed_freq	pos	bert	1491879	3039744	2.90
2026-05-10T15:12:00+02:00	fixed_freq	pos	bert	1491879	3039744	2.90
2026-05-10T15:12:10+02:00	fixed_freq	pos	bert	1491879	3039744	2.90
2026-05-10T15:12:20+02:00	fixed_freq	pos	bert	1491879	3039744	2.90
2026-05-10T15:12:30+02:00	fixed_freq	pos	bert	1491879	3039744	2.90
2026-05-10T15:12:40+02:00	fixed_freq	pos	bert	1491879	3039744	2.90
2026-05-10T15:12:50+02:00	fixed_freq	pos	bert	1491879	3053728	2.91
2026-05-10T15:13:00+02:00	fixed_freq	pos	bert	1491879	3059872	2.92
2026-05-10T15:13:10+02:00	fixed_freq	pos	bert	1491879	3086548	2.94
2026-05-10T15:13:20+02:00	fixed_freq	pos	bert	1491879	3039744	2.90
2026-05-10T15:13:30+02:00	fixed_freq	pos	bert	1491879	3039744	2.90
2026-05-10T15:13:40+02:00	fixed_freq	pos	bert	1491879	3053728	2.91
2026-05-10T15:13:50+02:00	fixed_freq	pos	bert	1491879	3033100	2.89
2026-05-10T15:14:00+02:00	fixed_freq	pos	bert	1491879	3053204	2.91
2026-05-10T15:14:10+02:00	fixed_freq	pos	bert	1491879	3086548	2.94
2026-05-10T15:14:20+02:00	fixed_freq	pos	bert	1491879	3039744	2.90
2026-05-10T15:14:30+02:00	fixed_freq	pos	bert	1491879	3086548	2.94
2026-05-10T15:14:40+02:00	fixed_freq	pos	bert	1491879	3039744	2.90
2026-05-10T15:14:50+02:00	fixed_freq	pos	bert	1491879	3039744	2.90
2026-05-10T15:15:00+02:00	fixed_freq	pos	bert	1491879	3053728	2.91
2026-05-10T15:15:10+02:00	fixed_freq	pos	bert	1491879	3059872	2.92
2026-05-10T15:15:20+02:00	fixed_freq	pos	bert	1491879	3055776	2.91
2026-05-10T15:15:30+02:00	fixed_freq	pos	bert	1491879	3053728	2.91
2026-05-10T15:15:40+02:00	fixed_freq	pos	bert	1491879	3053204	2.91
2026-05-10T15:15:50+02:00	fixed_freq	pos	bert	1491879	3053204	2.91
2026-05-10T15:16:00+02:00	fixed_freq	pos	bert	1491879	3039744	2.90
2026-05-10T15:16:10+02:00	fixed_freq	pos	bert	1491879	3053728	2.91
2026-05-10T15:16:20+02:00	fixed_freq	pos	bert	1491879	3039744	2.90
2026-05-10T15:16:30+02:00	fixed_freq	pos	bert	1491879	3053204	2.91
2026-05-10T15:16:40+02:00	fixed_freq	pos	bert	1491879	3086548	2.94
2026-05-10T15:16:50+02:00	fixed_freq	pos	bert	1491879	3039744	2.90
2026-05-10T15:17:00+02:00	fixed_freq	pos	bert	1491879	3039744	2.90
2026-05-10T15:17:10+02:00	fixed_freq	pos	bert	1491879	3039744	2.90
2026-05-10T15:17:20+02:00	fixed_freq	pos	bert	1491879	3039744	2.90
2026-05-10T15:17:30+02:00	fixed_freq	pos	bert	1491879	3039744	2.90
2026-05-10T15:17:40+02:00	fixed_freq	pos	bert	1491879	3039744	2.90
2026-05-10T15:17:50+02:00	fixed_freq	pos	bert	1491879	3039744	2.90
2026-05-10T15:18:00+02:00	fixed_freq	pos	bert	1491879	3039744	2.90
2026-05-10T15:18:10+02:00	fixed_freq	pos	bert	1491879	3039744	2.90
2026-05-10T15:18:20+02:00	fixed_freq	pos	bert	1491879	3039744	2.90
2026-05-10T15:18:30+02:00	fixed_freq	pos	bert	1491879	3039744	2.90
2026-05-10T15:18:40+02:00	fixed_freq	pos	bert	1491879	3039744	2.90
2026-05-10T15:18:50+02:00	fixed_freq	pos	bert	1491879	3039744	2.90
2026-05-10T15:19:00+02:00	fixed_freq	pos	bert	1491879	3039744	2.90
2026-05-10T15:19:10+02:00	fixed_freq	pos	bert	1491879	3039744	2.90
2026-05-10T15:19:20+02:00	fixed_freq	pos	bert	1491879	3039744	2.90
2026-05-10T15:19:31+02:00	fixed_freq	pos	bert	1491879	3039744	2.90
2026-05-10T15:19:41+02:00	fixed_freq	pos	bert	1491879	3039744	2.90
2026-05-10T15:19:51+02:00	fixed_freq	pos	bert	1491879	3039744	2.90
2026-05-10T15:20:01+02:00	fixed_freq	pos	bert	1491879	3039744	2.90
2026-05-10T15:20:11+02:00	fixed_freq	pos	bert	1491879	3039744	2.90
2026-05-10T15:20:21+02:00	fixed_freq	pos	bert	1491879	3039744	2.90
2026-05-10T15:20:31+02:00	fixed_freq	pos	bert	1491879	3039744	2.90
2026-05-10T15:20:41+02:00	fixed_freq	pos	bert	1491879	3039744	2.90
2026-05-10T15:20:51+02:00	fixed_freq	pos	bert	1491879	3039744	2.90
2026-05-10T15:21:01+02:00	fixed_freq	pos	bert	1491879	3039744	2.90
2026-05-10T15:21:11+02:00	fixed_freq	pos	bert	1491879	3039744	2.90
2026-05-10T15:21:21+02:00	fixed_freq	pos	bert	1491879	3039744	2.90
2026-05-10T15:21:31+02:00	fixed_freq	pos	bert	1491879	3039744	2.90
2026-05-10T15:21:41+02:00	fixed_freq	pos	bert	1491879	3039744	2.90
2026-05-10T15:21:51+02:00	fixed_freq	pos	bert	1491879	3039744	2.90
2026-05-10T15:22:01+02:00	fixed_freq	pos	bert	1491879	3039744	2.90
2026-05-10T15:22:11+02:00	fixed_freq	pos	bert	1491879	3039744	2.90
2026-05-10T15:22:21+02:00	fixed_freq	pos	bert	1491879	3039744	2.90
2026-05-10T15:22:31+02:00	fixed_freq	pos	bert	1491879	3039744	2.90
2026-05-10T15:22:41+02:00	fixed_freq	pos	bert	1491879	3039744	2.90
2026-05-10T15:22:51+02:00	fixed_freq	pos	bert	1491879	3039744	2.90
2026-05-10T15:23:01+02:00	fixed_freq	pos	bert	1491879	3039744	2.90
2026-05-10T15:23:11+02:00	fixed_freq	pos	bert	1491879	3066672	2.92
2026-05-10T15:23:21+02:00	fixed_freq	pos	bert	1491879	3098332	2.95
2026-05-10T15:23:31+02:00	fixed_freq	pos	bert	1491879	3055504	2.91
2026-05-10T15:23:41+02:00	fixed_freq	pos	bert	1491879	3055460	2.91
2026-05-10T15:23:51+02:00	fixed_freq	pos	bert	1491879	3055684	2.91
2026-05-10T15:24:01+02:00	fixed_freq	pos	bert	1491879	3055396	2.91
2026-05-10T15:24:11+02:00	fixed_freq	pos	bert	1491879	3037616	2.90
2026-05-10T15:24:21+02:00	fixed_freq	pos	bert	1491879	3084048	2.94
2026-05-10T15:24:31+02:00	fixed_freq	pos	bert	1491879	3084016	2.94
2026-05-10T15:24:41+02:00	fixed_freq	pos	bert	1491879	3059924	2.92
2026-05-10T15:24:51+02:00	fixed_freq	pos	bert	1491879	3055620	2.91
2026-05-10T15:25:01+02:00	fixed_freq	pos	bert	1491879	3096532	2.95
2026-05-10T15:25:11+02:00	fixed_freq	pos	bert	1491879	3098320	2.95
2026-05-10T15:25:21+02:00	fixed_freq	pos	bert	1491879	3098540	2.95
2026-05-10T15:25:31+02:00	fixed_freq	pos	bert	1491879	3098236	2.95
2026-05-10T15:25:41+02:00	fixed_freq	pos	bert	1491879	3060108	2.92
2026-05-10T15:25:51+02:00	fixed_freq	pos	bert	1491879	3060032	2.92
2026-05-10T15:26:01+02:00	fixed_freq	pos	bert	1491879	3055244	2.91
2026-05-10T15:26:11+02:00	fixed_freq	pos	bert	1491879	3055680	2.91
2026-05-10T15:26:21+02:00	fixed_freq	pos	bert	1491879	3060172	2.92
2026-05-10T15:26:31+02:00	fixed_freq	pos	bert	1491879	3060160	2.92
2026-05-10T15:26:41+02:00	fixed_freq	pos	bert	1491879	3057424	2.92
2026-05-10T15:26:51+02:00	fixed_freq	pos	bert	1491879	3000288	2.86
2026-05-10T15:27:01+02:00	fixed_freq	pos	bert	1491879	3071640	2.93
2026-05-10T15:27:11+02:00	fixed_freq	pos	bert	1491879	3083968	2.94
2026-05-10T15:27:21+02:00	fixed_freq	pos	bert	1491879	3055668	2.91
2026-05-10T15:27:31+02:00	fixed_freq	pos	bert	1491879	3120496	2.98
2026-05-10T15:27:41+02:00	fixed_freq	pos	bert	1491879	3120200	2.98
2026-05-10T15:27:51+02:00	fixed_freq	pos	bert	1491879	3060332	2.92
2026-05-10T15:28:01+02:00	fixed_freq	pos	bert	1491879	3060244	2.92
2026-05-10T15:28:11+02:00	fixed_freq	pos	bert	1491879	3055192	2.91
2026-05-10T15:28:21+02:00	fixed_freq	pos	bert	1491879	3055464	2.91
2026-05-10T15:28:31+02:00	fixed_freq	pos	bert	1491879	3055648	2.91
2026-05-10T15:28:41+02:00	fixed_freq	pos	bert	1491879	3055664	2.91
2026-05-10T15:28:51+02:00	fixed_freq	pos	bert	1491879	3083920	2.94
2026-05-10T15:29:01+02:00	fixed_freq	pos	bert	1491879	3120368	2.98
2026-05-10T15:29:11+02:00	fixed_freq	pos	bert	1491879	3016572	2.88
2026-05-10T15:29:21+02:00	fixed_freq	pos	bert	1491879	3055560	2.91
2026-05-10T15:29:31+02:00	fixed_freq	pos	bert	1491879	3087728	2.94
2026-05-10T15:29:41+02:00	fixed_freq	pos	bert	1491879	3098228	2.95
2026-05-10T15:29:51+02:00	fixed_freq	pos	bert	1491879	3099816	2.96
2026-05-10T15:30:01+02:00	fixed_freq	pos	bert	1491879	3098480	2.95
2026-05-10T15:30:11+02:00	fixed_freq	pos	bert	1491879	3050368	2.91
2026-05-10T15:30:21+02:00	fixed_freq	pos	bert	1491879	3000352	2.86
2026-05-10T15:30:31+02:00	fixed_freq	pos	bert	1491879	3060004	2.92
2026-05-10T15:30:41+02:00	fixed_freq	pos	bert	1491879	3075244	2.93
2026-05-10T15:30:51+02:00	fixed_freq	pos	bert	1491879	3120520	2.98
2026-05-10T15:31:01+02:00	fixed_freq	pos	bert	1491879	3060104	2.92
2026-05-10T15:31:11+02:00	fixed_freq	pos	bert	1491879	3084064	2.94
2026-05-10T15:31:21+02:00	fixed_freq	pos	bert	1491879	3084008	2.94
2026-05-10T15:31:31+02:00	fixed_freq	pos	bert	1491879	3008424	2.87
2026-05-10T15:31:41+02:00	fixed_freq	pos	bert	1491879	3060148	2.92
2026-05-10T15:31:51+02:00	fixed_freq	pos	bert	1491879	3060108	2.92
2026-05-10T15:32:01+02:00	fixed_freq	pos	bert	1491879	3098632	2.96
2026-05-10T15:32:11+02:00	fixed_freq	pos	bert	1491879	3060268	2.92
2026-05-10T15:32:21+02:00	fixed_freq	pos	bert	1491879	3060284	2.92
2026-05-10T15:32:31+02:00	fixed_freq	pos	bert	1491879	3072396	2.93
2026-05-10T15:32:41+02:00	fixed_freq	pos	bert	1491879	3060184	2.92
2026-05-10T15:32:51+02:00	fixed_freq	pos	bert	1491879	3035024	2.89
2026-05-10T15:33:01+02:00	fixed_freq	pos	bert	1491879	3045520	2.90
2026-05-10T15:33:11+02:00	fixed_freq	pos	bert	1491879	3074528	2.93
2026-05-10T15:33:21+02:00	fixed_freq	pos	bert	1491879	3060236	2.92
2026-05-10T15:33:31+02:00	fixed_freq	pos	bert	1491879	3060360	2.92
2026-05-10T15:33:41+02:00	fixed_freq	pos	bert	1491879	3120472	2.98
2026-05-10T15:33:51+02:00	fixed_freq	pos	bert	1491879	3055560	2.91
2026-05-10T15:34:01+02:00	fixed_freq	pos	bert	1491879	3055512	2.91
2026-05-10T15:34:11+02:00	fixed_freq	pos	bert	1491879	3060216	2.92
2026-05-10T15:34:21+02:00	fixed_freq	pos	bert	1491879	3098396	2.95
2026-05-10T15:34:31+02:00	fixed_freq	pos	bert	1491879	3055580	2.91
2026-05-10T15:34:41+02:00	fixed_freq	pos	bert	1491879	3060000	2.92
2026-05-10T15:34:51+02:00	fixed_freq	pos	bert	1491879	3059964	2.92
2026-05-10T15:35:01+02:00	fixed_freq	pos	bert	1491879	3055436	2.91
2026-05-10T15:35:11+02:00	fixed_freq	pos	bert	1491879	3055596	2.91
2026-05-10T15:35:21+02:00	fixed_freq	pos	bert	1491879	3055268	2.91
2026-05-10T15:35:31+02:00	fixed_freq	pos	bert	1491879	3084024	2.94
2026-05-10T15:35:41+02:00	fixed_freq	pos	bert	1491879	3055432	2.91
2026-05-10T15:35:51+02:00	fixed_freq	pos	bert	1491879	3055616	2.91
2026-05-10T15:36:01+02:00	fixed_freq	pos	bert	1491879	3083876	2.94
2026-05-10T15:36:11+02:00	fixed_freq	pos	bert	1491879	3060312	2.92
2026-05-10T15:36:21+02:00	fixed_freq	pos	bert	1491879	3055184	2.91
2026-05-10T15:36:31+02:00	fixed_freq	pos	bert	1491879	3059932	2.92
2026-05-10T15:36:41+02:00	fixed_freq	pos	bert	1491879	3063060	2.92
2026-05-10T15:36:51+02:00	fixed_freq	pos	bert	1491879	3055632	2.91
2026-05-10T15:37:01+02:00	fixed_freq	pos	bert	1491879	3060040	2.92
2026-05-10T15:37:11+02:00	fixed_freq	pos	bert	1491879	3060264	2.92
2026-05-10T15:37:21+02:00	fixed_freq	pos	bert	1491879	3055496	2.91
2026-05-10T15:37:31+02:00	fixed_freq	pos	bert	1491879	3055684	2.91
2026-05-10T15:37:41+02:00	fixed_freq	pos	bert	1491879	3084144	2.94
2026-05-10T15:37:51+02:00	fixed_freq	pos	bert	1491879	3033168	2.89
2026-05-10T15:38:01+02:00	fixed_freq	pos	bert	1491879	3055260	2.91
2026-05-10T15:38:11+02:00	fixed_freq	pos	bert	1491879	3059972	2.92
2026-05-10T15:38:21+02:00	fixed_freq	pos	bert	1491879	3055472	2.91
2026-05-10T15:38:31+02:00	fixed_freq	pos	bert	1491879	3082616	2.94
2026-05-10T15:38:41+02:00	fixed_freq	pos	bert	1491879	3060140	2.92
2026-05-10T15:38:51+02:00	fixed_freq	pos	bert	1491879	3055592	2.91
2026-05-10T15:39:01+02:00	fixed_freq	pos	bert	1491879	3098336	2.95
2026-05-10T15:39:11+02:00	fixed_freq	pos	bert	1491879	3098276	2.95
2026-05-10T15:39:21+02:00	fixed_freq	pos	bert	1491879	3080252	2.94
2026-05-10T15:39:31+02:00	fixed_freq	pos	bert	1491879	3060100	2.92
2026-05-10T15:39:41+02:00	fixed_freq	pos	bert	1491879	3109940	2.97
2026-05-10T15:39:51+02:00	fixed_freq	pos	bert	1491879	3055500	2.91
2026-05-10T15:40:01+02:00	fixed_freq	pos	bert	1491879	3055368	2.91
2026-05-10T15:40:11+02:00	fixed_freq	pos	bert	1491879	3072524	2.93
2026-05-10T15:40:21+02:00	fixed_freq	pos	bert	1491879	3055628	2.91
2026-05-10T15:40:31+02:00	fixed_freq	pos	bert	1491879	3060044	2.92
2026-05-10T15:40:41+02:00	fixed_freq	pos	bert	1491879	3055504	2.91
2026-05-10T15:40:51+02:00	fixed_freq	pos	bert	1491879	3060020	2.92
2026-05-10T15:41:01+02:00	fixed_freq	pos	bert	1491879	3060044	2.92
2026-05-10T15:41:11+02:00	fixed_freq	pos	bert	1491879	3055520	2.91
2026-05-10T15:41:21+02:00	fixed_freq	pos	bert	1491879	3055192	2.91
2026-05-10T15:41:31+02:00	fixed_freq	pos	bert	1491879	3059952	2.92
2026-05-10T15:41:41+02:00	fixed_freq	pos	bert	1491879	3060416	2.92
2026-05-10T15:41:51+02:00	fixed_freq	pos	bert	1491879	3055620	2.91
2026-05-10T15:42:01+02:00	fixed_freq	pos	bert	1491879	3060136	2.92
2026-05-10T15:42:11+02:00	fixed_freq	pos	bert	1491879	3060380	2.92
2026-05-10T15:42:21+02:00	fixed_freq	pos	bert	1491879	3024128	2.88
2026-05-10T15:42:31+02:00	fixed_freq	pos	bert	1491879	3024128	2.88
2026-05-10T15:42:41+02:00	fixed_freq	pos	bert	1491879	3024128	2.88
2026-05-10T15:42:51+02:00	fixed_freq	pos	bert	1491879	3024128	2.88
2026-05-10T15:43:01+02:00	fixed_freq	pos	bert	1491879	3024128	2.88
2026-05-10T15:43:11+02:00	fixed_freq	pos	bert	1491879	3024128	2.88
2026-05-10T15:43:21+02:00	fixed_freq	pos	bert	1491879	3024128	2.88
2026-05-10T15:43:31+02:00	fixed_freq	pos	bert	1491879	3024128	2.88
2026-05-10T15:43:41+02:00	fixed_freq	pos	bert	1491879	3024128	2.88
2026-05-10T15:43:51+02:00	fixed_freq	pos	bert	1491879	3024128	2.88
2026-05-10T15:44:01+02:00	fixed_freq	pos	bert	1491879	3024128	2.88
2026-05-10T15:44:11+02:00	fixed_freq	pos	bert	1491879	3024128	2.88
2026-05-10T15:44:21+02:00	fixed_freq	pos	bert	1491879	3024128	2.88
2026-05-10T15:44:31+02:00	fixed_freq	pos	bert	1491879	3024128	2.88
2026-05-10T15:44:41+02:00	fixed_freq	pos	bert	1491879	3024128	2.88
2026-05-10T15:44:51+02:00	fixed_freq	pos	bert	1491879	3024128	2.88
2026-05-10T15:45:01+02:00	fixed_freq	pos	bert	1491879	3024128	2.88
2026-05-10T15:45:11+02:00	fixed_freq	pos	bert	1491879	3024128	2.88
2026-05-10T15:45:21+02:00	fixed_freq	pos	bert	1491879	3024128	2.88
2026-05-10T15:45:31+02:00	fixed_freq	pos	bert	1491879	3024128	2.88
2026-05-10T15:45:41+02:00	fixed_freq	pos	bert	1491879	3024128	2.88
2026-05-10T15:45:51+02:00	fixed_freq	pos	bert	1491879	3024128	2.88
2026-05-10T15:46:01+02:00	fixed_freq	pos	bert	1491879	3024128	2.88
2026-05-10T15:46:11+02:00	fixed_freq	pos	bert	1491879	3024128	2.88
2026-05-10T15:46:21+02:00	fixed_freq	pos	bert	1491879	3024128	2.88
2026-05-10T15:46:31+02:00	fixed_freq	pos	bert	1491879	3024128	2.88
2026-05-10T15:46:41+02:00	fixed_freq	pos	bert	1491879	3024128	2.88
2026-05-10T15:46:51+02:00	fixed_freq	pos	bert	1491879	3024128	2.88
2026-05-10T15:47:01+02:00	fixed_freq	pos	bert	1491879	3024128	2.88
2026-05-10T15:47:11+02:00	fixed_freq	pos	bert	1491879	3024128	2.88
2026-05-10T15:47:21+02:00	fixed_freq	pos	bert	1491879	3024128	2.88
2026-05-10T15:47:31+02:00	fixed_freq	pos	bert	1491879	3024128	2.88
2026-05-10T15:47:41+02:00	fixed_freq	pos	bert	1491879	3024128	2.88
2026-05-10T15:47:51+02:00	fixed_freq	pos	bert	1491879	3024128	2.88
2026-05-10T15:48:01+02:00	fixed_freq	pos	bert	1491879	3024128	2.88
2026-05-10T15:48:11+02:00	fixed_freq	pos	bert	1491879	3024128	2.88
2026-05-10T15:48:21+02:00	fixed_freq	pos	bert	1491879	3024128	2.88
2026-05-10T15:48:31+02:00	fixed_freq	pos	bert	1491879	3024128	2.88
2026-05-10T15:48:41+02:00	fixed_freq	pos	bert	1491879	3024128	2.88
2026-05-10T15:48:51+02:00	fixed_freq	pos	bert	1491879	3024128	2.88
2026-05-10T15:49:01+02:00	fixed_freq	pos	bert	1491879	3024128	2.88
2026-05-10T15:49:11+02:00	fixed_freq	pos	bert	1491879	3024128	2.88
2026-05-10T15:49:21+02:00	fixed_freq	pos	bert	1491879	3024128	2.88
2026-05-10T15:49:31+02:00	fixed_freq	pos	bert	1491879	3024128	2.88
2026-05-10T15:49:41+02:00	fixed_freq	pos	bert	1491879	3024128	2.88
2026-05-10T15:49:51+02:00	fixed_freq	pos	bert	1491879	3024128	2.88
2026-05-10T15:50:01+02:00	fixed_freq	pos	bert	1491879	3024128	2.88
2026-05-10T15:50:11+02:00	fixed_freq	pos	bert	1491879	3024128	2.88
2026-05-10T15:50:21+02:00	fixed_freq	pos	bert	1491879	3024128	2.88
2026-05-10T15:50:31+02:00	fixed_freq	pos	bert	1491879	3024128	2.88
2026-05-10T15:50:41+02:00	fixed_freq	pos	bert	1491879	3024128	2.88
2026-05-10T15:50:51+02:00	fixed_freq	pos	bert	1491879	3024128	2.88
2026-05-10T15:51:01+02:00	fixed_freq	pos	bert	1491879	3024128	2.88
2026-05-10T15:51:11+02:00	fixed_freq	pos	bert	1491879	3024128	2.88
2026-05-10T15:51:21+02:00	fixed_freq	pos	bert	1491879	3024128	2.88
2026-05-10T15:51:31+02:00	fixed_freq	pos	bert	1491879	3024128	2.88
2026-05-10T15:51:41+02:00	fixed_freq	pos	bert	1491879	3024128	2.88
2026-05-10T15:51:51+02:00	fixed_freq	pos	bert	1491879	3024128	2.88
2026-05-10T15:52:01+02:00	fixed_freq	pos	bert	1491879	3024128	2.88
2026-05-10T15:52:11+02:00	fixed_freq	pos	bert	1491879	3024128	2.88
2026-05-10T15:52:21+02:00	fixed_freq	pos	bert	1491879	3024128	2.88
2026-05-10T15:52:31+02:00	fixed_freq	pos	bert	1491879	3024128	2.88
2026-05-10T15:52:41+02:00	fixed_freq	pos	bert	1491879	3024128	2.88
2026-05-10T15:52:51+02:00	fixed_freq	pos	bert	1491879	3024128	2.88
2026-05-10T15:53:01+02:00	fixed_freq	pos	bert	1491879	3024128	2.88
2026-05-10T15:53:11+02:00	fixed_freq	pos	bert	1491879	3024128	2.88
2026-05-10T15:53:21+02:00	fixed_freq	pos	bert	1491879	3024128	2.88
2026-05-10T15:53:31+02:00	fixed_freq	pos	bert	1491879	3024128	2.88
2026-05-10T15:53:41+02:00	fixed_freq	pos	bert	1491879	3024128	2.88
2026-05-10T15:53:51+02:00	fixed_freq	pos	bert	1491879	3024128	2.88
2026-05-10T15:54:01+02:00	fixed_freq	pos	bert	1491879	3024128	2.88
2026-05-10T15:54:11+02:00	fixed_freq	pos	bert	1491879	3024128	2.88
2026-05-10T15:54:21+02:00	fixed_freq	pos	bert	1491879	3024128	2.88
2026-05-10T15:54:31+02:00	fixed_freq	pos	bert	1491879	3024128	2.88
2026-05-10T15:54:41+02:00	fixed_freq	pos	bert	1491879	3024128	2.88
2026-05-10T15:54:51+02:00	fixed_freq	pos	bert	1491879	3024128	2.88
2026-05-10T15:55:01+02:00	fixed_freq	pos	bert	1491879	3024128	2.88
2026-05-10T15:55:11+02:00	fixed_freq	pos	bert	1491879	3024128	2.88
2026-05-10T15:55:21+02:00	fixed_freq	pos	bert	1491879	3024128	2.88
2026-05-10T15:55:31+02:00	fixed_freq	pos	bert	1491879	3024128	2.88
2026-05-10T15:55:41+02:00	fixed_freq	pos	bert	1491879	3024128	2.88
2026-05-10T15:55:51+02:00	fixed_freq	pos	bert	1491879	3024128	2.88
2026-05-10T15:56:01+02:00	fixed_freq	pos	bert	1491879	3024128	2.88
2026-05-10T15:56:11+02:00	fixed_freq	pos	bert	1491879	3024128	2.88
2026-05-10T15:56:21+02:00	fixed_freq	pos	bert	1491879	3024128	2.88
2026-05-10T15:56:31+02:00	fixed_freq	pos	bert	1491879	3024128	2.88
2026-05-10T15:56:41+02:00	fixed_freq	pos	bert	1491879	3024128	2.88
2026-05-10T15:56:51+02:00	fixed_freq	pos	bert	1491879	3024128	2.88
2026-05-10T15:57:01+02:00	fixed_freq	pos	bert	1491879	3024128	2.88
2026-05-10T15:57:11+02:00	fixed_freq	pos	bert	1491879	3024128	2.88
2026-05-10T15:57:21+02:00	fixed_freq	pos	bert	1491879	3024128	2.88
2026-05-10T15:57:31+02:00	fixed_freq	pos	bert	1491879	3024128	2.88
2026-05-10T15:57:41+02:00	fixed_freq	pos	bert	1491879	3024128	2.88
2026-05-10T15:57:51+02:00	fixed_freq	pos	bert	1491879	3024128	2.88
2026-05-10T15:58:01+02:00	fixed_freq	pos	bert	1491879	3024128	2.88
2026-05-10T15:58:11+02:00	fixed_freq	pos	bert	1491879	3024128	2.88
2026-05-10T15:58:21+02:00	fixed_freq	pos	bert	1491879	3024128	2.88
2026-05-10T15:58:31+02:00	fixed_freq	pos	bert	1491879	3024128	2.88
2026-05-10T15:58:41+02:00	fixed_freq	pos	bert	1491879	3024128	2.88
2026-05-10T15:58:51+02:00	fixed_freq	pos	bert	1491879	3024128	2.88
2026-05-10T15:59:01+02:00	fixed_freq	pos	bert	1491879	3024128	2.88
2026-05-10T15:59:11+02:00	fixed_freq	pos	bert	1491879	3024128	2.88
2026-05-10T15:59:21+02:00	fixed_freq	pos	bert	1491879	3024128	2.88
2026-05-10T15:59:31+02:00	fixed_freq	pos	bert	1491879	3024128	2.88
2026-05-10T15:59:41+02:00	fixed_freq	pos	bert	1491879	3024128	2.88
2026-05-10T15:59:51+02:00	fixed_freq	pos	bert	1491879	3024128	2.88
2026-05-10T16:00:01+02:00	fixed_freq	pos	bert	1491879	3024128	2.88
2026-05-10T16:00:11+02:00	fixed_freq	pos	bert	1491879	3024128	2.88
2026-05-10T16:00:21+02:00	fixed_freq	pos	bert	1491879	3024128	2.88
2026-05-10T16:00:31+02:00	fixed_freq	pos	bert	1491879	3024128	2.88
2026-05-10T16:00:41+02:00	fixed_freq	pos	bert	1491879	3024128	2.88
2026-05-10T16:00:51+02:00	fixed_freq	pos	bert	1491879	3024128	2.88
2026-05-10T16:01:01+02:00	fixed_freq	pos	bert	1491879	3024128	2.88
2026-05-10T16:01:11+02:00	fixed_freq	pos	bert	1491879	3024128	2.88
2026-05-10T16:01:21+02:00	fixed_freq	pos	bert	1491879	3024128	2.88
2026-05-10T16:01:31+02:00	fixed_freq	pos	bert	1491879	3024128	2.88
2026-05-10T16:01:41+02:00	fixed_freq	pos	bert	1491879	3024128	2.88
2026-05-10T16:01:51+02:00	fixed_freq	pos	bert	1491879	3024128	2.88
2026-05-10T16:02:01+02:00	fixed_freq	pos	bert	1491879	3024128	2.88
2026-05-10T16:02:11+02:00	fixed_freq	pos	bert	1491879	3024128	2.88
2026-05-10T16:02:21+02:00	fixed_freq	pos	bert	1491879	3024128	2.88
2026-05-10T16:02:31+02:00	fixed_freq	pos	bert	1491879	3024128	2.88
2026-05-10T16:02:41+02:00	fixed_freq	pos	bert	1491879	3024128	2.88
2026-05-10T16:02:51+02:00	fixed_freq	pos	bert	1491879	3024128	2.88
2026-05-10T16:03:01+02:00	fixed_freq	pos	bert	1491879	3024128	2.88
2026-05-10T16:03:11+02:00	fixed_freq	pos	bert	1491879	3024128	2.88
2026-05-10T16:03:21+02:00	fixed_freq	pos	bert	1491879	3024128	2.88
2026-05-10T16:03:31+02:00	fixed_freq	pos	bert	1491879	3024128	2.88
2026-05-10T16:03:41+02:00	fixed_freq	pos	bert	1491879	3024128	2.88
2026-05-10T16:03:51+02:00	fixed_freq	pos	bert	1491879	3024128	2.88
2026-05-10T16:04:01+02:00	fixed_freq	pos	bert	1491879	3024128	2.88
2026-05-10T16:04:11+02:00	fixed_freq	pos	bert	1491879	3024128	2.88
2026-05-10T16:04:21+02:00	fixed_freq	pos	bert	1491879	3024128	2.88
2026-05-10T16:04:31+02:00	fixed_freq	pos	bert	1491879	3024128	2.88
2026-05-10T16:04:41+02:00	fixed_freq	pos	bert	1491879	3024128	2.88
2026-05-10T16:04:51+02:00	fixed_freq	pos	bert	1491879	3024128	2.88
2026-05-10T16:05:01+02:00	fixed_freq	pos	bert	1491879	3024128	2.88
2026-05-10T16:05:11+02:00	fixed_freq	pos	bert	1491879	3024128	2.88
2026-05-10T16:05:21+02:00	fixed_freq	pos	bert	1491879	3024128	2.88
2026-05-10T16:05:32+02:00	fixed_freq	pos	bert	1491879	3024128	2.88
2026-05-10T16:05:42+02:00	fixed_freq	pos	bert	1491879	3024128	2.88
2026-05-10T16:05:52+02:00	fixed_freq	pos	bert	1491879	3024128	2.88
2026-05-10T16:06:02+02:00	fixed_freq	pos	bert	1491879	3024128	2.88
2026-05-10T16:06:12+02:00	fixed_freq	pos	bert	1491879	3024128	2.88
2026-05-10T16:06:22+02:00	fixed_freq	pos	bert	1491879	3024128	2.88
2026-05-10T16:06:32+02:00	fixed_freq	pos	bert	1491879	3024128	2.88
2026-05-10T16:06:42+02:00	fixed_freq	pos	bert	1491879	3024128	2.88
2026-05-10T16:06:52+02:00	fixed_freq	pos	bert	1491879	3024128	2.88
2026-05-10T16:07:02+02:00	fixed_freq	pos	bert	1491879	3024128	2.88
2026-05-10T16:07:12+02:00	fixed_freq	pos	bert	1491879	3024128	2.88
2026-05-10T16:07:22+02:00	fixed_freq	pos	bert	1491879	3024128	2.88
2026-05-10T16:07:32+02:00	fixed_freq	pos	bert	1491879	3024128	2.88
2026-05-10T16:07:42+02:00	fixed_freq	pos	bert	1491879	3024128	2.88
2026-05-10T16:07:52+02:00	fixed_freq	pos	bert	1491879	3024128	2.88
2026-05-10T16:08:02+02:00	fixed_freq	pos	bert	1491879	3024128	2.88
2026-05-10T16:08:12+02:00	fixed_freq	pos	bert	1491879	3024128	2.88
2026-05-10T16:08:22+02:00	fixed_freq	pos	bert	1491879	3024128	2.88
2026-05-10T16:08:32+02:00	fixed_freq	pos	bert	1491879	3024128	2.88
2026-05-10T16:08:42+02:00	fixed_freq	pos	bert	1491879	3024128	2.88
2026-05-10T16:08:52+02:00	fixed_freq	pos	bert	1491879	3024128	2.88
2026-05-10T16:09:02+02:00	fixed_freq	pos	bert	1491879	3024128	2.88
2026-05-10T16:09:12+02:00	fixed_freq	pos	bert	1491879	3024128	2.88
2026-05-10T16:09:22+02:00	fixed_freq	pos	bert	1491879	3024128	2.88
2026-05-10T16:09:32+02:00	fixed_freq	pos	bert	1491879	3024128	2.88
2026-05-10T16:09:42+02:00	fixed_freq	pos	bert	1491879	3024128	2.88
2026-05-10T16:09:52+02:00	fixed_freq	pos	gpt2	1516278	4396	0.00
2026-05-10T16:10:02+02:00	fixed_freq	pos	gpt2	1516278	2081604	1.99
2026-05-10T16:10:12+02:00	fixed_freq	pos	gpt2	1516278	2482620	2.37
2026-05-10T16:10:22+02:00	fixed_freq	pos	gpt2	1516278	2728932	2.60
2026-05-10T16:10:32+02:00	fixed_freq	pos	gpt2	1516278	2862252	2.73
2026-05-10T16:10:42+02:00	fixed_freq	pos	gpt2	1516278	2927460	2.79
2026-05-10T16:10:52+02:00	fixed_freq	pos	gpt2	1516278	2956764	2.82
2026-05-10T16:11:02+02:00	fixed_freq	pos	gpt2	1516278	2967852	2.83
2026-05-10T16:11:12+02:00	fixed_freq	pos	gpt2	1516278	2971020	2.83
2026-05-10T16:11:22+02:00	fixed_freq	pos	gpt2	1516278	2971548	2.83
2026-05-10T16:11:32+02:00	fixed_freq	pos	gpt2	1516278	3036232	2.90
2026-05-10T16:11:42+02:00	fixed_freq	pos	gpt2	1516278	3036200	2.90
2026-05-10T16:11:52+02:00	fixed_freq	pos	gpt2	1516278	3048568	2.91
2026-05-10T16:12:02+02:00	fixed_freq	pos	gpt2	1516278	3051180	2.91
2026-05-10T16:12:12+02:00	fixed_freq	pos	gpt2	1516278	3036120	2.90
2026-05-10T16:12:22+02:00	fixed_freq	pos	gpt2	1516278	3036348	2.90
2026-05-10T16:12:32+02:00	fixed_freq	pos	gpt2	1516278	3031552	2.89
2026-05-10T16:12:42+02:00	fixed_freq	pos	gpt2	1516278	3031248	2.89
2026-05-10T16:12:52+02:00	fixed_freq	pos	gpt2	1516278	3036324	2.90
2026-05-10T16:13:02+02:00	fixed_freq	pos	gpt2	1516278	3036284	2.90
2026-05-10T16:13:12+02:00	fixed_freq	pos	gpt2	1516278	3074020	2.93
2026-05-10T16:13:22+02:00	fixed_freq	pos	gpt2	1516278	3031196	2.89
2026-05-10T16:13:32+02:00	fixed_freq	pos	gpt2	1516278	3031448	2.89
2026-05-10T16:13:42+02:00	fixed_freq	pos	gpt2	1516278	3036228	2.90
2026-05-10T16:13:52+02:00	fixed_freq	pos	gpt2	1516278	3031688	2.89
2026-05-10T16:14:02+02:00	fixed_freq	pos	gpt2	1516278	3074472	2.93
2026-05-10T16:14:12+02:00	fixed_freq	pos	gpt2	1516278	3031428	2.89
2026-05-10T16:14:22+02:00	fixed_freq	pos	gpt2	1516278	3031652	2.89
2026-05-10T16:14:32+02:00	fixed_freq	pos	gpt2	1516278	3031628	2.89
2026-05-10T16:14:42+02:00	fixed_freq	pos	gpt2	1516278	3036376	2.90
2026-05-10T16:14:52+02:00	fixed_freq	pos	gpt2	1516278	3031572	2.89
2026-05-10T16:15:02+02:00	fixed_freq	pos	gpt2	1516278	3074608	2.93
2026-05-10T16:15:12+02:00	fixed_freq	pos	gpt2	1516278	3031292	2.89
2026-05-10T16:15:22+02:00	fixed_freq	pos	gpt2	1516278	3031528	2.89
2026-05-10T16:15:32+02:00	fixed_freq	pos	gpt2	1516278	3074368	2.93
2026-05-10T16:15:42+02:00	fixed_freq	pos	gpt2	1516278	3031564	2.89
2026-05-10T16:15:52+02:00	fixed_freq	pos	gpt2	1516278	3031528	2.89
2026-05-10T16:16:02+02:00	fixed_freq	pos	gpt2	1516278	3031468	2.89
2026-05-10T16:16:12+02:00	fixed_freq	pos	gpt2	1516278	3036220	2.90
2026-05-10T16:16:22+02:00	fixed_freq	pos	gpt2	1516278	3036440	2.90
2026-05-10T16:16:32+02:00	fixed_freq	pos	gpt2	1516278	3036404	2.90
2026-05-10T16:16:42+02:00	fixed_freq	pos	gpt2	1516278	3009448	2.87
2026-05-10T16:16:52+02:00	fixed_freq	pos	gpt2	1516278	3096496	2.95
2026-05-10T16:17:02+02:00	fixed_freq	pos	gpt2	1516278	3017360	2.88
2026-05-10T16:17:12+02:00	fixed_freq	pos	gpt2	1516278	3016904	2.88
2026-05-10T16:17:22+02:00	fixed_freq	pos	gpt2	1516278	3049552	2.91
2026-05-10T16:17:32+02:00	fixed_freq	pos	gpt2	1516278	3031496	2.89
2026-05-10T16:17:42+02:00	fixed_freq	pos	gpt2	1516278	3060008	2.92
2026-05-10T16:17:52+02:00	fixed_freq	pos	gpt2	1516278	3031468	2.89
2026-05-10T16:18:02+02:00	fixed_freq	pos	gpt2	1516278	3036432	2.90
2026-05-10T16:18:12+02:00	fixed_freq	pos	gpt2	1516278	3036404	2.90
2026-05-10T16:18:22+02:00	fixed_freq	pos	gpt2	1516278	3060164	2.92
2026-05-10T16:18:32+02:00	fixed_freq	pos	gpt2	1516278	3057652	2.92
2026-05-10T16:18:42+02:00	fixed_freq	pos	gpt2	1516278	3031580	2.89
2026-05-10T16:18:52+02:00	fixed_freq	pos	gpt2	1516278	3036284	2.90
2026-05-10T16:19:02+02:00	fixed_freq	pos	gpt2	1516278	3060052	2.92
2026-05-10T16:19:12+02:00	fixed_freq	pos	gpt2	1516278	3059992	2.92
2026-05-10T16:19:22+02:00	fixed_freq	pos	gpt2	1516278	3036184	2.90
2026-05-10T16:19:32+02:00	fixed_freq	pos	gpt2	1516278	3060464	2.92
2026-05-10T16:19:42+02:00	fixed_freq	pos	gpt2	1516278	3074456	2.93
2026-05-10T16:19:52+02:00	fixed_freq	pos	gpt2	1516278	3035888	2.90
2026-05-10T16:20:02+02:00	fixed_freq	pos	gpt2	1516278	3036384	2.90
2026-05-10T16:20:12+02:00	fixed_freq	pos	gpt2	1516278	3036384	2.90
2026-05-10T16:20:22+02:00	fixed_freq	pos	gpt2	1516278	3025272	2.89
2026-05-10T16:20:32+02:00	fixed_freq	pos	gpt2	1516278	3096472	2.95
2026-05-10T16:20:42+02:00	fixed_freq	pos	gpt2	1516278	3031588	2.89
2026-05-10T16:20:52+02:00	fixed_freq	pos	gpt2	1516278	3031600	2.89
2026-05-10T16:21:02+02:00	fixed_freq	pos	gpt2	1516278	3031612	2.89
2026-05-10T16:21:12+02:00	fixed_freq	pos	gpt2	1516278	3074132	2.93
2026-05-10T16:21:22+02:00	fixed_freq	pos	gpt2	1516278	3000692	2.86
2026-05-10T16:21:32+02:00	fixed_freq	pos	gpt2	1516278	3031604	2.89
2026-05-10T16:21:42+02:00	fixed_freq	pos	gpt2	1516278	3036372	2.90
2026-05-10T16:21:52+02:00	fixed_freq	pos	gpt2	1516278	3036328	2.90
2026-05-10T16:22:02+02:00	fixed_freq	pos	gpt2	1516278	3036304	2.90
2026-05-10T16:22:12+02:00	fixed_freq	pos	gpt2	1516278	3031528	2.89
2026-05-10T16:22:22+02:00	fixed_freq	pos	gpt2	1516278	3015692	2.88
2026-05-10T16:22:32+02:00	fixed_freq	pos	gpt2	1516278	3074312	2.93
2026-05-10T16:22:42+02:00	fixed_freq	pos	gpt2	1516278	3048696	2.91
2026-05-10T16:22:52+02:00	fixed_freq	pos	gpt2	1516278	3036244	2.90
2026-05-10T16:23:02+02:00	fixed_freq	pos	gpt2	1516278	3036208	2.90
2026-05-10T16:23:12+02:00	fixed_freq	pos	gpt2	1516278	3031656	2.89
2026-05-10T16:23:22+02:00	fixed_freq	pos	gpt2	1516278	3031624	2.89
2026-05-10T16:23:32+02:00	fixed_freq	pos	gpt2	1516278	3096236	2.95
2026-05-10T16:23:42+02:00	fixed_freq	pos	gpt2	1516278	3031568	2.89
2026-05-10T16:23:52+02:00	fixed_freq	pos	gpt2	1516278	3036332	2.90
2026-05-10T16:24:02+02:00	fixed_freq	pos	gpt2	1516278	3031560	2.89
2026-05-10T16:24:12+02:00	fixed_freq	pos	gpt2	1516278	3036288	2.90
2026-05-10T16:24:22+02:00	fixed_freq	pos	gpt2	1516278	3036252	2.90
2026-05-10T16:24:32+02:00	fixed_freq	pos	gpt2	1516278	3031448	2.89
2026-05-10T16:24:42+02:00	fixed_freq	pos	gpt2	1516278	3096584	2.95
2026-05-10T16:24:52+02:00	fixed_freq	pos	gpt2	1516278	3096560	2.95
2026-05-10T16:25:02+02:00	fixed_freq	pos	gpt2	1516278	3096260	2.95
2026-05-10T16:25:12+02:00	fixed_freq	pos	gpt2	1516278	3031620	2.89
2026-05-10T16:25:22+02:00	fixed_freq	pos	gpt2	1516278	3036376	2.90
2026-05-10T16:25:32+02:00	fixed_freq	pos	gpt2	1516278	3036332	2.90
2026-05-10T16:25:42+02:00	fixed_freq	pos	gpt2	1516278	3048784	2.91
2026-05-10T16:25:52+02:00	fixed_freq	pos	gpt2	1516278	3031596	2.89
2026-05-10T16:26:02+02:00	fixed_freq	pos	gpt2	1516278	3096716	2.95
2026-05-10T16:26:12+02:00	fixed_freq	pos	gpt2	1516278	3060048	2.92
2026-05-10T16:26:22+02:00	fixed_freq	pos	gpt2	1516278	3031504	2.89
2026-05-10T16:26:32+02:00	fixed_freq	pos	gpt2	1516278	3067160	2.93
2026-05-10T16:26:42+02:00	fixed_freq	pos	gpt2	1516278	3036256	2.90
2026-05-10T16:26:52+02:00	fixed_freq	pos	gpt2	1516278	3031488	2.89
2026-05-10T16:27:02+02:00	fixed_freq	pos	gpt2	1516278	3030928	2.89
2026-05-10T16:27:12+02:00	fixed_freq	pos	gpt2	1516278	3031672	2.89
2026-05-10T16:27:22+02:00	fixed_freq	pos	gpt2	1516278	3048832	2.91
2026-05-10T16:27:32+02:00	fixed_freq	pos	gpt2	1516278	3074736	2.93
2026-05-10T16:27:42+02:00	fixed_freq	pos	gpt2	1516278	3031648	2.89
2026-05-10T16:27:52+02:00	fixed_freq	pos	gpt2	1516278	3036408	2.90
2026-05-10T16:28:02+02:00	fixed_freq	pos	gpt2	1516278	3031620	2.89
2026-05-10T16:28:12+02:00	fixed_freq	pos	gpt2	1516278	3031600	2.89
2026-05-10T16:28:22+02:00	fixed_freq	pos	gpt2	1516278	3036356	2.90
2026-05-10T16:28:32+02:00	fixed_freq	pos	gpt2	1516278	3036328	2.90
2026-05-10T16:28:42+02:00	fixed_freq	pos	gpt2	1516278	3060076	2.92
2026-05-10T16:28:52+02:00	fixed_freq	pos	gpt2	1516278	3096120	2.95
2026-05-10T16:29:02+02:00	fixed_freq	pos	gpt2	1516278	3048668	2.91
2026-05-10T16:29:12+02:00	fixed_freq	pos	gpt2	1516278	3060268	2.92
2026-05-10T16:29:22+02:00	fixed_freq	pos	gpt2	1516278	3036180	2.90
2026-05-10T16:29:32+02:00	fixed_freq	pos	gpt2	1516278	3031660	2.89
2026-05-10T16:29:42+02:00	fixed_freq	pos	gpt2	1516278	3036424	2.90
2026-05-10T16:29:52+02:00	fixed_freq	pos	gpt2	1516278	3031644	2.89
2026-05-10T16:30:02+02:00	fixed_freq	pos	gpt2	1516278	3036388	2.90
2026-05-10T16:30:12+02:00	fixed_freq	pos	gpt2	1516278	3036360	2.90
2026-05-10T16:30:22+02:00	fixed_freq	pos	gpt2	1516278	3060376	2.92
2026-05-10T16:30:32+02:00	fixed_freq	pos	gpt2	1516278	3031584	2.89
2026-05-10T16:30:42+02:00	fixed_freq	pos	gpt2	1516278	3027956	2.89
2026-05-10T16:30:52+02:00	fixed_freq	pos	gpt2	1516278	3032052	2.89
2026-05-10T16:31:02+02:00	fixed_freq	pos	gpt2	1516278	3027956	2.89
2026-05-10T16:31:12+02:00	fixed_freq	pos	gpt2	1516278	3027956	2.89
2026-05-10T16:31:22+02:00	fixed_freq	pos	gpt2	1516278	2987988	2.85
2026-05-10T16:31:32+02:00	fixed_freq	pos	gpt2	1516278	3027888	2.89
2026-05-10T16:31:42+02:00	fixed_freq	pos	gpt2	1516278	3026112	2.89
2026-05-10T16:31:52+02:00	fixed_freq	pos	gpt2	1516278	3027956	2.89
2026-05-10T16:32:02+02:00	fixed_freq	pos	gpt2	1516278	3027956	2.89
2026-05-10T16:32:12+02:00	fixed_freq	pos	gpt2	1516278	3024064	2.88
2026-05-10T16:32:22+02:00	fixed_freq	pos	gpt2	1516278	3032052	2.89
2026-05-10T16:32:32+02:00	fixed_freq	pos	gpt2	1516278	2987988	2.85
2026-05-10T16:32:42+02:00	fixed_freq	pos	gpt2	1516278	3032052	2.89
2026-05-10T16:32:52+02:00	fixed_freq	pos	gpt2	1516278	3027956	2.89
2026-05-10T16:33:02+02:00	fixed_freq	pos	gpt2	1516278	2987988	2.85
2026-05-10T16:33:12+02:00	fixed_freq	pos	gpt2	1516278	3027956	2.89
2026-05-10T16:33:22+02:00	fixed_freq	pos	gpt2	1516278	2987988	2.85
2026-05-10T16:33:32+02:00	fixed_freq	pos	gpt2	1516278	3027956	2.89
2026-05-10T16:33:42+02:00	fixed_freq	pos	gpt2	1516278	3026112	2.89
2026-05-10T16:33:52+02:00	fixed_freq	pos	gpt2	1516278	2993140	2.85
2026-05-10T16:34:02+02:00	fixed_freq	pos	gpt2	1516278	3032052	2.89
2026-05-10T16:34:12+02:00	fixed_freq	pos	gpt2	1516278	3032052	2.89
2026-05-10T16:34:22+02:00	fixed_freq	pos	gpt2	1516278	3032052	2.89
2026-05-10T16:34:32+02:00	fixed_freq	pos	gpt2	1516278	3031984	2.89
2026-05-10T16:34:42+02:00	fixed_freq	pos	gpt2	1516278	2995188	2.86
2026-05-10T16:34:52+02:00	fixed_freq	pos	gpt2	1516278	3009624	2.87
2026-05-10T16:35:02+02:00	fixed_freq	pos	gpt2	1516278	3032052	2.89
2026-05-10T16:35:12+02:00	fixed_freq	pos	gpt2	1516278	3032052	2.89
2026-05-10T16:35:22+02:00	fixed_freq	pos	gpt2	1516278	2987988	2.85
2026-05-10T16:35:32+02:00	fixed_freq	pos	gpt2	1516278	3027956	2.89
2026-05-10T16:35:42+02:00	fixed_freq	pos	gpt2	1516278	3006060	2.87
2026-05-10T16:35:52+02:00	fixed_freq	pos	gpt2	1516278	2987988	2.85
2026-05-10T16:36:02+02:00	fixed_freq	pos	gpt2	1516278	3031984	2.89
2026-05-10T16:36:12+02:00	fixed_freq	pos	gpt2	1516278	3032052	2.89
2026-05-10T16:36:22+02:00	fixed_freq	pos	gpt2	1516278	3026112	2.89
2026-05-10T16:36:32+02:00	fixed_freq	pos	gpt2	1516278	3027956	2.89
2026-05-10T16:36:42+02:00	fixed_freq	pos	gpt2	1516278	2987988	2.85
2026-05-10T16:36:52+02:00	fixed_freq	pos	gpt2	1516278	3027956	2.89
2026-05-10T16:37:02+02:00	fixed_freq	pos	gpt2	1516278	2979220	2.84
2026-05-10T16:37:12+02:00	fixed_freq	pos	gpt2	1516278	2986944	2.85
2026-05-10T16:37:22+02:00	fixed_freq	pos	gpt2	1516278	2987988	2.85
2026-05-10T16:37:32+02:00	fixed_freq	pos	gpt2	1516278	3027956	2.89
2026-05-10T16:37:42+02:00	fixed_freq	pos	gpt2	1516278	3026112	2.89
2026-05-10T16:37:52+02:00	fixed_freq	pos	gpt2	1516278	2987988	2.85
2026-05-10T16:38:02+02:00	fixed_freq	pos	gpt2	1516278	3032052	2.89
2026-05-10T16:38:12+02:00	fixed_freq	pos	gpt2	1516278	3027956	2.89
2026-05-10T16:38:22+02:00	fixed_freq	pos	gpt2	1516278	3027956	2.89
2026-05-10T16:38:32+02:00	fixed_freq	pos	gpt2	1516278	3027956	2.89
2026-05-10T16:38:42+02:00	fixed_freq	pos	gpt2	1516278	2993924	2.86
2026-05-10T16:38:52+02:00	fixed_freq	pos	gpt2	1516278	2993660	2.85
2026-05-10T16:39:02+02:00	fixed_freq	pos	gpt2	1516278	3027956	2.89
2026-05-10T16:39:12+02:00	fixed_freq	pos	gpt2	1516278	2979220	2.84
2026-05-10T16:39:22+02:00	fixed_freq	pos	gpt2	1516278	2996036	2.86
2026-05-10T16:39:32+02:00	fixed_freq	pos	gpt2	1516278	3027956	2.89
2026-05-10T16:39:42+02:00	fixed_freq	pos	gpt2	1516278	2993924	2.86
2026-05-10T16:39:52+02:00	fixed_freq	pos	gpt2	1516278	2987988	2.85
2026-05-10T16:40:02+02:00	fixed_freq	pos	gpt2	1516278	2987988	2.85
2026-05-10T16:40:12+02:00	fixed_freq	pos	gpt2	1516278	3006324	2.87
2026-05-10T16:40:22+02:00	fixed_freq	pos	gpt2	1516278	2984896	2.85
2026-05-10T16:40:32+02:00	fixed_freq	pos	gpt2	1516278	3027888	2.89
2026-05-10T16:40:42+02:00	fixed_freq	pos	gpt2	1516278	2986944	2.85
2026-05-10T16:40:52+02:00	fixed_freq	pos	gpt2	1516278	2982848	2.84
2026-05-10T16:41:02+02:00	fixed_freq	pos	gpt2	1516278	2993140	2.85
2026-05-10T16:41:12+02:00	fixed_freq	pos	gpt2	1516278	2995244	2.86
2026-05-10T16:41:22+02:00	fixed_freq	pos	gpt2	1516278	3027956	2.89
2026-05-10T16:41:32+02:00	fixed_freq	pos	gpt2	1516278	3026112	2.89
2026-05-10T16:41:42+02:00	fixed_freq	pos	gpt2	1516278	2979220	2.84
2026-05-10T16:41:52+02:00	fixed_freq	pos	gpt2	1516278	2979220	2.84
2026-05-10T16:42:02+02:00	fixed_freq	pos	gpt2	1516278	3026060	2.89
2026-05-10T16:42:12+02:00	fixed_freq	pos	gpt2	1516278	3005992	2.87
2026-05-10T16:42:22+02:00	fixed_freq	pos	gpt2	1516278	3027956	2.89
2026-05-10T16:42:32+02:00	fixed_freq	pos	gpt2	1516278	3027956	2.89
2026-05-10T16:42:42+02:00	fixed_freq	pos	gpt2	1516278	3008572	2.87
2026-05-10T16:42:52+02:00	fixed_freq	pos	gpt2	1516278	3008572	2.87
2026-05-10T16:43:02+02:00	fixed_freq	pos	gpt2	1516278	3008572	2.87
2026-05-10T16:43:12+02:00	fixed_freq	pos	gpt2	1516278	3008572	2.87
2026-05-10T16:43:22+02:00	fixed_freq	pos	gpt2	1516278	3008572	2.87
2026-05-10T16:43:32+02:00	fixed_freq	pos	gpt2	1516278	3008572	2.87
2026-05-10T16:43:42+02:00	fixed_freq	pos	gpt2	1516278	3008572	2.87
2026-05-10T16:43:52+02:00	fixed_freq	pos	gpt2	1516278	3008572	2.87
2026-05-10T16:44:02+02:00	fixed_freq	pos	gpt2	1516278	3008572	2.87
2026-05-10T16:44:12+02:00	fixed_freq	pos	gpt2	1516278	3008572	2.87
2026-05-10T16:44:22+02:00	fixed_freq	pos	gpt2	1516278	3008572	2.87
2026-05-10T16:44:32+02:00	fixed_freq	pos	gpt2	1516278	3008572	2.87
2026-05-10T16:44:42+02:00	fixed_freq	pos	gpt2	1516278	3008572	2.87
2026-05-10T16:44:52+02:00	fixed_freq	pos	gpt2	1516278	3008572	2.87
2026-05-10T16:45:02+02:00	fixed_freq	pos	gpt2	1516278	3008572	2.87
2026-05-10T16:45:12+02:00	fixed_freq	pos	gpt2	1516278	3008572	2.87
2026-05-10T16:45:22+02:00	fixed_freq	pos	gpt2	1516278	3008572	2.87
2026-05-10T16:45:32+02:00	fixed_freq	pos	gpt2	1516278	3008572	2.87
2026-05-10T16:45:42+02:00	fixed_freq	pos	gpt2	1516278	3008572	2.87
2026-05-10T16:45:52+02:00	fixed_freq	pos	gpt2	1516278	3008572	2.87
2026-05-10T16:46:02+02:00	fixed_freq	pos	gpt2	1516278	3008572	2.87
2026-05-10T16:46:12+02:00	fixed_freq	pos	gpt2	1516278	3008572	2.87
2026-05-10T16:46:22+02:00	fixed_freq	pos	gpt2	1516278	3008572	2.87
2026-05-10T16:46:32+02:00	fixed_freq	pos	gpt2	1516278	3008572	2.87
2026-05-10T16:46:42+02:00	fixed_freq	pos	gpt2	1516278	3008572	2.87
2026-05-10T16:46:52+02:00	fixed_freq	pos	gpt2	1516278	3008572	2.87
2026-05-10T16:47:02+02:00	fixed_freq	pos	gpt2	1516278	3008572	2.87
2026-05-10T16:47:12+02:00	fixed_freq	pos	gpt2	1516278	3008572	2.87
2026-05-10T16:47:22+02:00	fixed_freq	pos	gpt2	1516278	3008572	2.87
2026-05-10T16:47:32+02:00	fixed_freq	pos	gpt2	1516278	3008572	2.87
2026-05-10T16:47:42+02:00	fixed_freq	pos	gpt2	1516278	3008572	2.87
2026-05-10T16:47:52+02:00	fixed_freq	pos	gpt2	1516278	3008572	2.87
2026-05-10T16:48:02+02:00	fixed_freq	pos	gpt2	1516278	3008572	2.87
2026-05-10T16:48:12+02:00	fixed_freq	pos	gpt2	1516278	3008572	2.87
2026-05-10T16:48:22+02:00	fixed_freq	pos	gpt2	1516278	3008572	2.87
2026-05-10T16:48:32+02:00	fixed_freq	pos	gpt2	1516278	3008712	2.87
2026-05-10T16:48:42+02:00	fixed_freq	pos	gpt2	1516278	3008712	2.87
2026-05-10T16:48:52+02:00	fixed_freq	pos	gpt2	1516278	3008712	2.87
2026-05-10T16:49:02+02:00	fixed_freq	pos	gpt2	1516278	3008712	2.87
2026-05-10T16:49:12+02:00	fixed_freq	pos	gpt2	1516278	3008712	2.87
2026-05-10T16:49:22+02:00	fixed_freq	pos	gpt2	1516278	3025340	2.89
2026-05-10T16:49:32+02:00	fixed_freq	pos	gpt2	1516278	3043772	2.90
2026-05-10T16:49:43+02:00	fixed_freq	pos	gpt2	1516278	3008712	2.87
2026-05-10T16:49:53+02:00	fixed_freq	pos	gpt2	1516278	3017148	2.88
2026-05-10T16:50:03+02:00	fixed_freq	pos	gpt2	1516278	3008712	2.87
2026-05-10T16:50:13+02:00	fixed_freq	pos	gpt2	1516278	3008712	2.87
2026-05-10T16:50:23+02:00	fixed_freq	pos	gpt2	1516278	3017148	2.88
2026-05-10T16:50:33+02:00	fixed_freq	pos	gpt2	1516278	3008712	2.87
2026-05-10T16:50:43+02:00	fixed_freq	pos	gpt2	1516278	3043772	2.90
2026-05-10T16:50:53+02:00	fixed_freq	pos	gpt2	1516278	3008712	2.87
2026-05-10T16:51:03+02:00	fixed_freq	pos	gpt2	1516278	3008712	2.87
2026-05-10T16:51:13+02:00	fixed_freq	pos	gpt2	1516278	3008712	2.87
2026-05-10T16:51:23+02:00	fixed_freq	pos	gpt2	1516278	3039676	2.90
2026-05-10T16:51:33+02:00	fixed_freq	pos	gpt2	1516278	3031484	2.89
2026-05-10T16:51:43+02:00	fixed_freq	pos	gpt2	1516278	3008712	2.87
2026-05-10T16:51:53+02:00	fixed_freq	pos	gpt2	1516278	3008712	2.87
2026-05-10T16:52:03+02:00	fixed_freq	pos	gpt2	1516278	3017148	2.88
2026-05-10T16:52:13+02:00	fixed_freq	pos	gpt2	1516278	3008712	2.87
2026-05-10T16:52:23+02:00	fixed_freq	pos	gpt2	1516278	3008712	2.87
2026-05-10T16:52:33+02:00	fixed_freq	pos	gpt2	1516278	3008712	2.87
2026-05-10T16:52:43+02:00	fixed_freq	pos	gpt2	1516278	3008712	2.87
2026-05-10T16:52:53+02:00	fixed_freq	pos	gpt2	1516278	3008712	2.87
2026-05-10T16:53:03+02:00	fixed_freq	pos	gpt2	1516278	3008712	2.87
2026-05-10T16:53:13+02:00	fixed_freq	pos	gpt2	1516278	3008712	2.87
2026-05-10T16:53:23+02:00	fixed_freq	pos	gpt2	1516278	3025340	2.89
2026-05-10T16:53:33+02:00	fixed_freq	pos	gpt2	1516278	3008712	2.87
2026-05-10T16:53:43+02:00	fixed_freq	pos	gpt2	1516278	3008712	2.87
2026-05-10T16:53:53+02:00	fixed_freq	pos	gpt2	1516278	3008712	2.87
2026-05-10T16:54:03+02:00	fixed_freq	pos	gpt2	1516278	3008712	2.87
2026-05-10T16:54:13+02:00	fixed_freq	pos	gpt2	1516278	3008712	2.87
2026-05-10T16:54:23+02:00	fixed_freq	pos	gpt2	1516278	3008712	2.87
2026-05-10T16:54:33+02:00	fixed_freq	pos	gpt2	1516278	3008712	2.87
2026-05-10T16:54:43+02:00	fixed_freq	pos	gpt2	1516278	3008712	2.87
2026-05-10T16:54:53+02:00	fixed_freq	pos	gpt2	1516278	3008712	2.87
2026-05-10T16:55:03+02:00	fixed_freq	pos	gpt2	1516278	3008712	2.87
2026-05-10T16:55:13+02:00	fixed_freq	pos	gpt2	1516278	3031484	2.89
2026-05-10T16:55:23+02:00	fixed_freq	pos	gpt2	1516278	3008712	2.87
2026-05-10T16:55:33+02:00	fixed_freq	pos	gpt2	1516278	3025340	2.89
2026-05-10T16:55:43+02:00	fixed_freq	pos	gpt2	1516278	3008712	2.87
2026-05-10T16:55:53+02:00	fixed_freq	pos	gpt2	1516278	3043772	2.90
2026-05-10T16:56:03+02:00	fixed_freq	pos	gpt2	1516278	3008712	2.87
2026-05-10T16:56:13+02:00	fixed_freq	pos	gpt2	1516278	3008712	2.87
2026-05-10T16:56:23+02:00	fixed_freq	pos	gpt2	1516278	3008712	2.87
2026-05-10T16:56:33+02:00	fixed_freq	pos	gpt2	1516278	3008712	2.87
2026-05-10T16:56:43+02:00	fixed_freq	pos	gpt2	1516278	3017148	2.88
2026-05-10T16:56:53+02:00	fixed_freq	pos	gpt2	1516278	3025340	2.89
2026-05-10T16:57:03+02:00	fixed_freq	pos	gpt2	1516278	3194812	3.05
2026-05-10T16:57:13+02:00	fixed_freq	pos	gpt2	1516278	3147792	3.00
2026-05-10T16:57:23+02:00	fixed_freq	pos	gpt2	1516278	3184816	3.04
2026-05-10T16:57:33+02:00	fixed_freq	pos	gpt2	1516278	3168380	3.02
2026-05-10T16:57:43+02:00	fixed_freq	pos	gpt2	1516278	3162236	3.02
2026-05-10T16:57:53+02:00	fixed_freq	pos	gpt2	1516278	3088480	2.95
2026-05-10T16:58:03+02:00	fixed_freq	pos	gpt2	1516278	3074036	2.93
2026-05-10T16:58:13+02:00	fixed_freq	pos	gpt2	1516278	3074036	2.93
2026-05-10T16:58:23+02:00	fixed_freq	pos	gpt2	1516278	3074036	2.93
2026-05-10T16:58:33+02:00	fixed_freq	pos	gpt2	1516278	3074036	2.93
2026-05-10T16:58:43+02:00	fixed_freq	pos	gpt2	1516278	3120792	2.98
2026-05-10T16:58:53+02:00	fixed_freq	pos	gpt2	1516278	3088480	2.95
2026-05-10T16:59:03+02:00	fixed_freq	pos	gpt2	1516278	3093360	2.95
2026-05-10T16:59:13+02:00	fixed_freq	pos	gpt2	1516278	3088480	2.95
2026-05-10T16:59:23+02:00	fixed_freq	pos	gpt2	1516278	3088480	2.95
2026-05-10T16:59:33+02:00	fixed_freq	pos	gpt2	1516278	3074036	2.93
2026-05-10T16:59:43+02:00	fixed_freq	pos	gpt2	1516278	3074036	2.93
2026-05-10T16:59:53+02:00	fixed_freq	pos	gpt2	1516278	3076348	2.93
2026-05-10T17:00:03+02:00	fixed_freq	pos	gpt2	1516278	3120792	2.98
2026-05-10T17:00:13+02:00	fixed_freq	pos	gpt2	1516278	3093360	2.95
2026-05-10T17:00:23+02:00	fixed_freq	pos	gpt2	1516278	3074036	2.93
2026-05-10T17:00:33+02:00	fixed_freq	pos	gpt2	1516278	3074036	2.93
2026-05-10T17:00:43+02:00	fixed_freq	pos	gpt2	1516278	3088480	2.95
2026-05-10T17:00:53+02:00	fixed_freq	pos	gpt2	1516278	3093888	2.95
2026-05-10T17:01:03+02:00	fixed_freq	pos	gpt2	1516278	3074036	2.93
2026-05-10T17:01:13+02:00	fixed_freq	pos	gpt2	1516278	3088480	2.95
2026-05-10T17:01:23+02:00	fixed_freq	pos	gpt2	1516278	3120792	2.98
2026-05-10T17:01:33+02:00	fixed_freq	pos	gpt2	1516278	3074036	2.93
2026-05-10T17:01:43+02:00	fixed_freq	pos	gpt2	1516278	3092576	2.95
2026-05-10T17:01:53+02:00	fixed_freq	pos	gpt2	1516278	3120792	2.98
2026-05-10T17:02:03+02:00	fixed_freq	pos	gpt2	1516278	3120792	2.98
2026-05-10T17:02:13+02:00	fixed_freq	pos	gpt2	1516278	3074036	2.93
2026-05-10T17:02:23+02:00	fixed_freq	pos	gpt2	1516278	3074036	2.93
2026-05-10T17:02:33+02:00	fixed_freq	pos	gpt2	1516278	3074036	2.93
2026-05-10T17:02:43+02:00	fixed_freq	pos	gpt2	1516278	3074036	2.93
2026-05-10T17:02:53+02:00	fixed_freq	pos	gpt2	1516278	3074036	2.93
2026-05-10T17:03:03+02:00	fixed_freq	pos	gpt2	1516278	3120792	2.98
2026-05-10T17:03:13+02:00	fixed_freq	pos	gpt2	1516278	3120792	2.98
2026-05-10T17:03:23+02:00	fixed_freq	pos	gpt2	1516278	3120792	2.98
2026-05-10T17:03:33+02:00	fixed_freq	pos	gpt2	1516278	3092576	2.95
2026-05-10T17:03:43+02:00	fixed_freq	pos	gpt2	1516278	3074036	2.93
2026-05-10T17:03:53+02:00	fixed_freq	pos	gpt2	1516278	3093096	2.95
2026-05-10T17:04:03+02:00	fixed_freq	pos	gpt2	1516278	3070164	2.93
2026-05-10T17:04:13+02:00	fixed_freq	pos	gpt2	1516278	3088480	2.95
2026-05-10T17:04:23+02:00	fixed_freq	pos	gpt2	1516278	3120792	2.98
2026-05-10T17:04:33+02:00	fixed_freq	pos	gpt2	1516278	3093360	2.95
2026-05-10T17:04:43+02:00	fixed_freq	pos	gpt2	1516278	3074036	2.93
2026-05-10T17:04:53+02:00	fixed_freq	pos	gpt2	1516278	3074036	2.93
2026-05-10T17:05:03+02:00	fixed_freq	pos	gpt2	1516278	3074036	2.93
2026-05-10T17:05:13+02:00	fixed_freq	pos	gpt2	1516278	3074036	2.93
2026-05-10T17:05:23+02:00	fixed_freq	pos	gpt2	1516278	3074036	2.93
2026-05-10T17:05:33+02:00	fixed_freq	pos	gpt2	1516278	3120792	2.98
2026-05-10T17:05:43+02:00	fixed_freq	pos	gpt2	1516278	3088480	2.95
2026-05-10T17:05:53+02:00	fixed_freq	pos	gpt2	1516278	3088480	2.95
2026-05-10T17:06:03+02:00	fixed_freq	pos	gpt2	1516278	3088480	2.95
2026-05-10T17:06:13+02:00	fixed_freq	pos	gpt2	1516278	3087428	2.94
2026-05-10T17:06:23+02:00	fixed_freq	pos	gpt2	1516278	3074036	2.93
2026-05-10T17:06:33+02:00	fixed_freq	pos	gpt2	1516278	3074036	2.93
2026-05-10T17:06:43+02:00	fixed_freq	pos	gpt2	1516278	3088480	2.95
2026-05-10T17:06:53+02:00	fixed_freq	pos	gpt2	1516278	3074036	2.93
2026-05-10T17:07:03+02:00	fixed_freq	pos	gpt2	1516278	3088480	2.95
2026-05-10T17:07:13+02:00	fixed_freq	pos	gpt2	1516278	3074036	2.93
2026-05-10T17:07:23+02:00	fixed_freq	pos	gpt2	1516278	3074036	2.93
2026-05-10T17:07:33+02:00	fixed_freq	pos	gpt2	1516278	3074036	2.93
2026-05-10T17:07:43+02:00	fixed_freq	pos	gpt2	1516278	3074036	2.93
2026-05-10T17:07:53+02:00	fixed_freq	pos	gpt2	1516278	3074036	2.93
2026-05-10T17:08:03+02:00	fixed_freq	pos	gpt2	1516278	3074036	2.93
2026-05-10T17:08:13+02:00	fixed_freq	pos	gpt2	1516278	3074036	2.93
2026-05-10T17:08:23+02:00	fixed_freq	pos	gpt2	1516278	3074036	2.93
2026-05-10T17:08:33+02:00	fixed_freq	pos	gpt2	1516278	3074036	2.93
2026-05-10T17:08:43+02:00	fixed_freq	pos	gpt2	1516278	3074036	2.93
2026-05-10T17:08:53+02:00	fixed_freq	pos	gpt2	1516278	3074036	2.93
2026-05-10T17:09:03+02:00	fixed_freq	pos	gpt2	1516278	3074036	2.93
2026-05-10T17:09:13+02:00	fixed_freq	pos	gpt2	1516278	3074036	2.93
2026-05-10T17:09:23+02:00	fixed_freq	pos	gpt2	1516278	3074036	2.93
2026-05-10T17:09:33+02:00	fixed_freq	pos	gpt2	1516278	3074036	2.93
2026-05-10T17:09:43+02:00	fixed_freq	pos	gpt2	1516278	3074036	2.93
2026-05-10T17:09:53+02:00	fixed_freq	pos	gpt2	1516278	3074036	2.93
2026-05-10T17:10:03+02:00	fixed_freq	pos	gpt2	1516278	3074036	2.93
2026-05-10T17:10:13+02:00	fixed_freq	pos	gpt2	1516278	3074036	2.93
2026-05-10T17:10:23+02:00	fixed_freq	pos	gpt2	1516278	3074036	2.93
2026-05-10T17:10:33+02:00	fixed_freq	pos	gpt2	1516278	3074036	2.93
2026-05-10T17:10:43+02:00	fixed_freq	pos	gpt2	1516278	3074036	2.93
2026-05-10T17:10:53+02:00	fixed_freq	pos	gpt2	1516278	3074036	2.93
2026-05-10T17:11:03+02:00	fixed_freq	pos	gpt2	1516278	3074036	2.93
2026-05-10T17:11:13+02:00	fixed_freq	pos	gpt2	1516278	3074036	2.93
2026-05-10T17:11:23+02:00	fixed_freq	pos	gpt2	1516278	3074036	2.93
2026-05-10T17:11:33+02:00	fixed_freq	pos	gpt2	1516278	3074036	2.93
2026-05-10T17:11:43+02:00	fixed_freq	pos	gpt2	1516278	3074036	2.93
2026-05-10T17:11:53+02:00	fixed_freq	pos	gpt2	1516278	3074036	2.93
2026-05-10T17:12:03+02:00	fixed_freq	pos	gpt2	1516278	3074036	2.93
2026-05-10T17:12:13+02:00	fixed_freq	pos	gpt2	1516278	3074036	2.93
2026-05-10T17:12:23+02:00	fixed_freq	pos	gpt2	1516278	3074036	2.93
2026-05-10T17:12:33+02:00	fixed_freq	pos	gpt2	1516278	3074036	2.93
2026-05-10T17:12:43+02:00	fixed_freq	pos	gpt2	1516278	3074036	2.93
2026-05-10T17:12:53+02:00	fixed_freq	pos	gpt2	1516278	3074036	2.93
2026-05-10T17:13:03+02:00	fixed_freq	pos	gpt2	1516278	3074036	2.93
2026-05-10T17:13:13+02:00	fixed_freq	pos	gpt2	1516278	3074036	2.93
2026-05-10T17:13:23+02:00	fixed_freq	pos	gpt2	1516278	3074036	2.93
2026-05-10T17:13:33+02:00	fixed_freq	pos	gpt2	1516278	3074036	2.93
2026-05-10T17:13:43+02:00	fixed_freq	pos	gpt2	1516278	3074036	2.93
2026-05-10T17:13:53+02:00	fixed_freq	pos	gpt2	1516278	3117276	2.97
2026-05-10T17:14:03+02:00	fixed_freq	pos	gpt2	1516278	3088484	2.95
2026-05-10T17:14:13+02:00	fixed_freq	pos	gpt2	1516278	3088516	2.95
2026-05-10T17:14:23+02:00	fixed_freq	pos	gpt2	1516278	3088520	2.95
2026-05-10T17:14:33+02:00	fixed_freq	pos	gpt2	1516278	3111552	2.97
2026-05-10T17:14:43+02:00	fixed_freq	pos	gpt2	1516278	3098120	2.95
2026-05-10T17:14:53+02:00	fixed_freq	pos	gpt2	1516278	3117188	2.97
2026-05-10T17:15:03+02:00	fixed_freq	pos	gpt2	1516278	3117472	2.97
2026-05-10T17:15:13+02:00	fixed_freq	pos	gpt2	1516278	3093240	2.95
2026-05-10T17:15:23+02:00	fixed_freq	pos	gpt2	1516278	3093260	2.95
2026-05-10T17:15:33+02:00	fixed_freq	pos	gpt2	1516278	3088268	2.95
2026-05-10T17:15:43+02:00	fixed_freq	pos	gpt2	1516278	3088608	2.95
2026-05-10T17:15:53+02:00	fixed_freq	pos	gpt2	1516278	3088688	2.95
2026-05-10T17:16:03+02:00	fixed_freq	pos	gpt2	1516278	3114636	2.97
2026-05-10T17:16:13+02:00	fixed_freq	pos	gpt2	1516278	3088512	2.95
2026-05-10T17:16:23+02:00	fixed_freq	pos	gpt2	1516278	3093260	2.95
2026-05-10T17:16:33+02:00	fixed_freq	pos	gpt2	1516278	3093472	2.95
2026-05-10T17:16:43+02:00	fixed_freq	pos	gpt2	1516278	3088500	2.95
2026-05-10T17:16:53+02:00	fixed_freq	pos	gpt2	1516278	3088568	2.95
2026-05-10T17:17:03+02:00	fixed_freq	pos	gpt2	1516278	3093384	2.95
2026-05-10T17:17:13+02:00	fixed_freq	pos	gpt2	1516278	3093408	2.95
2026-05-10T17:17:23+02:00	fixed_freq	pos	gpt2	1516278	3093464	2.95
2026-05-10T17:17:33+02:00	fixed_freq	pos	gpt2	1516278	3098288	2.95
2026-05-10T17:17:43+02:00	fixed_freq	pos	gpt2	1516278	3093288	2.95
2026-05-10T17:17:53+02:00	fixed_freq	pos	gpt2	1516278	3151856	3.01
2026-05-10T17:18:03+02:00	fixed_freq	pos	gpt2	1516278	3093364	2.95
2026-05-10T17:18:13+02:00	fixed_freq	pos	gpt2	1516278	3053676	2.91
2026-05-10T17:18:23+02:00	fixed_freq	pos	gpt2	1516278	3102920	2.96
2026-05-10T17:18:33+02:00	fixed_freq	pos	gpt2	1516278	3117232	2.97
2026-05-10T17:18:43+02:00	fixed_freq	pos	gpt2	1516278	3128580	2.98
2026-05-10T17:18:53+02:00	fixed_freq	pos	gpt2	1516278	3088480	2.95
2026-05-10T17:19:03+02:00	fixed_freq	pos	gpt2	1516278	3088508	2.95
2026-05-10T17:19:13+02:00	fixed_freq	pos	gpt2	1516278	3093328	2.95
2026-05-10T17:19:23+02:00	fixed_freq	pos	gpt2	1516278	3152436	3.01
2026-05-10T17:19:33+02:00	fixed_freq	pos	gpt2	1516278	3088656	2.95
2026-05-10T17:19:43+02:00	fixed_freq	pos	gpt2	1516278	3093468	2.95
2026-05-10T17:19:53+02:00	fixed_freq	pos	gpt2	1516278	3088728	2.95
2026-05-10T17:20:03+02:00	fixed_freq	pos	gpt2	1516278	3117024	2.97
2026-05-10T17:20:13+02:00	fixed_freq	pos	gpt2	1516278	3153412	3.01
2026-05-10T17:20:23+02:00	fixed_freq	pos	gpt2	1516278	3131348	2.99
2026-05-10T17:20:33+02:00	fixed_freq	pos	gpt2	1516278	3093336	2.95
2026-05-10T17:20:43+02:00	fixed_freq	pos	gpt2	1516278	3093376	2.95
2026-05-10T17:20:53+02:00	fixed_freq	pos	gpt2	1516278	3093432	2.95
2026-05-10T17:21:03+02:00	fixed_freq	pos	gpt2	1516278	3114820	2.97
2026-05-10T17:21:13+02:00	fixed_freq	pos	gpt2	1516278	3117252	2.97
2026-05-10T17:21:23+02:00	fixed_freq	pos	gpt2	1516278	3093244	2.95
2026-05-10T17:21:33+02:00	fixed_freq	pos	gpt2	1516278	3116796	2.97
2026-05-10T17:21:43+02:00	fixed_freq	pos	gpt2	1516278	3117340	2.97
2026-05-10T17:21:53+02:00	fixed_freq	pos	gpt2	1516278	3145020	3.00
2026-05-10T17:22:03+02:00	fixed_freq	pos	gpt2	1516278	3093384	2.95
2026-05-10T17:22:13+02:00	fixed_freq	pos	gpt2	1516278	3088692	2.95
2026-05-10T17:22:23+02:00	fixed_freq	pos	gpt2	1516278	3088732	2.95
2026-05-10T17:22:33+02:00	fixed_freq	pos	gpt2	1516278	3153652	3.01
2026-05-10T17:22:43+02:00	fixed_freq	pos	gpt2	1516278	3131884	2.99
2026-05-10T17:22:53+02:00	fixed_freq	pos	gpt2	1516278	3117420	2.97
2026-05-10T17:23:03+02:00	fixed_freq	pos	gpt2	1516278	3093408	2.95
2026-05-10T17:23:13+02:00	fixed_freq	pos	gpt2	1516278	3131732	2.99
2026-05-10T17:23:23+02:00	fixed_freq	pos	gpt2	1516278	3033716	2.89
2026-05-10T17:23:33+02:00	fixed_freq	pos	gpt2	1516278	3083496	2.94
2026-05-10T17:23:43+02:00	fixed_freq	pos	gpt2	1516278	3088536	2.95
2026-05-10T17:23:53+02:00	fixed_freq	pos	gpt2	1516278	3093344	2.95
2026-05-10T17:24:03+02:00	fixed_freq	pos	gpt2	1516278	3088592	2.95
2026-05-10T17:24:13+02:00	fixed_freq	pos	gpt2	1516278	3088616	2.95
2026-05-10T17:24:23+02:00	fixed_freq	pos	gpt2	1516278	3093428	2.95
2026-05-10T17:24:33+02:00	fixed_freq	pos	gpt2	1516278	3093440	2.95
2026-05-10T17:24:43+02:00	fixed_freq	pos	gpt2	1516278	3093440	2.95
2026-05-10T17:24:53+02:00	fixed_freq	pos	gpt2	1516278	3131288	2.99
2026-05-10T17:25:03+02:00	fixed_freq	pos	gpt2	1516278	3088736	2.95
2026-05-10T17:25:13+02:00	fixed_freq	pos	gpt2	1516278	3093256	2.95
2026-05-10T17:25:23+02:00	fixed_freq	pos	gpt2	1516278	3076632	2.93
2026-05-10T17:25:33+02:00	fixed_freq	pos	gpt2	1516278	3088528	2.95
2026-05-10T17:25:43+02:00	fixed_freq	pos	gpt2	1516278	3093332	2.95
2026-05-10T17:25:53+02:00	fixed_freq	pos	gpt2	1516278	3093332	2.95
2026-05-10T17:26:03+02:00	fixed_freq	pos	gpt2	1516278	3153480	3.01
2026-05-10T17:26:13+02:00	fixed_freq	pos	gpt2	1516278	3088636	2.95
2026-05-10T17:26:23+02:00	fixed_freq	pos	gpt2	1516278	3105640	2.96
2026-05-10T17:26:33+02:00	fixed_freq	pos	gpt2	1516278	3117052	2.97
2026-05-10T17:26:43+02:00	fixed_freq	pos	gpt2	1516278	3131612	2.99
2026-05-10T17:26:53+02:00	fixed_freq	pos	gpt2	1516278	3131356	2.99
2026-05-10T17:27:03+02:00	fixed_freq	pos	gpt2	1516278	3088600	2.95
2026-05-10T17:27:13+02:00	fixed_freq	pos	gpt2	1516278	3093412	2.95
2026-05-10T17:27:23+02:00	fixed_freq	pos	gpt2	1516278	3088680	2.95
2026-05-10T17:27:33+02:00	fixed_freq	pos	gpt2	1516278	3088736	2.95
2026-05-10T17:27:43+02:00	fixed_freq	pos	gpt2	1516278	3131340	2.99
2026-05-10T17:27:53+02:00	fixed_freq	pos	gpt2	1516278	3117364	2.97
2026-05-10T17:28:03+02:00	fixed_freq	pos	gpt2	1516278	3088600	2.95
2026-05-10T17:28:13+02:00	fixed_freq	pos	gpt2	1516278	3088656	2.95
2026-05-10T17:28:23+02:00	fixed_freq	pos	gpt2	1516278	3088716	2.95
2026-05-10T17:28:33+02:00	fixed_freq	pos	gpt2	1516278	3133144	2.99
2026-05-10T17:28:43+02:00	fixed_freq	pos	gpt2	1516278	3117300	2.97
2026-05-10T17:28:53+02:00	fixed_freq	pos	gpt2	1516278	3105964	2.96
2026-05-10T17:29:03+02:00	fixed_freq	pos	gpt2	1516278	3106288	2.96
2026-05-10T17:29:13+02:00	fixed_freq	pos	gpt2	1516278	3105788	2.96
2026-05-10T17:29:23+02:00	fixed_freq	pos	gpt2	1516278	3117188	2.97
2026-05-10T17:29:33+02:00	fixed_freq	pos	gpt2	1516278	3101596	2.96
2026-05-10T17:29:43+02:00	fixed_freq	pos	gpt2	1516278	3131472	2.99
2026-05-10T17:29:53+02:00	fixed_freq	pos	gpt2	1516278	3117220	2.97
2026-05-10T17:30:03+02:00	fixed_freq	pos	gpt2	1516278	3134648	2.99
2026-05-10T17:30:13+02:00	fixed_freq	pos	gpt2	1516278	3088512	2.95
2026-05-10T17:30:23+02:00	fixed_freq	pos	gpt2	1516278	3093316	2.95
2026-05-10T17:30:33+02:00	fixed_freq	pos	gpt2	1516278	3088596	2.95
2026-05-10T17:30:43+02:00	fixed_freq	pos	gpt2	1516278	3093404	2.95
2026-05-10T17:30:53+02:00	fixed_freq	pos	gpt2	1516278	3093448	2.95
2026-05-10T17:31:03+02:00	fixed_freq	pos	gpt2	1516278	3106412	2.96
2026-05-10T17:31:13+02:00	fixed_freq	pos	gpt2	1516278	3114660	2.97
2026-05-10T17:31:23+02:00	fixed_freq	pos	gpt2	1516278	3106236	2.96
2026-05-10T17:31:33+02:00	fixed_freq	pos	gpt2	1516278	3088576	2.95
2026-05-10T17:31:43+02:00	fixed_freq	pos	gpt2	1516278	3093380	2.95
2026-05-10T17:31:53+02:00	fixed_freq	pos	gpt2	1516278	3131704	2.99
2026-05-10T17:32:03+02:00	fixed_freq	pos	gpt2	1516278	3061924	2.92
2026-05-10T17:32:13+02:00	fixed_freq	pos	gpt2	1516278	3088228	2.95
2026-05-10T17:32:23+02:00	fixed_freq	pos	gpt2	1516278	3108336	2.96
2026-05-10T17:32:33+02:00	fixed_freq	pos	gpt2	1516278	3098088	2.95
2026-05-10T17:32:43+02:00	fixed_freq	pos	gpt2	1516278	3093348	2.95
2026-05-10T17:32:53+02:00	fixed_freq	pos	gpt2	1516278	3093404	2.95
2026-05-10T17:33:03+02:00	fixed_freq	pos	gpt2	1516278	3093408	2.95
2026-05-10T17:33:13+02:00	fixed_freq	pos	gpt2	1516278	3058432	2.92
2026-05-10T17:33:23+02:00	fixed_freq	pos	gpt2	1516278	3058432	2.92
2026-05-10T17:33:33+02:00	fixed_freq	pos	gpt2	1516278	3058432	2.92
2026-05-10T17:33:44+02:00	fixed_freq	pos	gpt2	1516278	3058432	2.92
2026-05-10T17:33:54+02:00	fixed_freq	pos	gpt2	1516278	3058432	2.92
2026-05-10T17:34:04+02:00	fixed_freq	pos	gpt2	1516278	3058432	2.92
2026-05-10T17:34:14+02:00	fixed_freq	pos	gpt2	1516278	3058432	2.92
2026-05-10T17:34:24+02:00	fixed_freq	pos	gpt2	1516278	3058432	2.92
2026-05-10T17:34:34+02:00	fixed_freq	pos	gpt2	1516278	3058432	2.92
2026-05-10T17:34:44+02:00	fixed_freq	pos	gpt2	1516278	3058432	2.92
2026-05-10T17:34:54+02:00	fixed_freq	pos	gpt2	1516278	3058432	2.92
2026-05-10T17:35:04+02:00	fixed_freq	pos	gpt2	1516278	3058432	2.92
2026-05-10T17:35:14+02:00	fixed_freq	pos	gpt2	1516278	3058432	2.92
2026-05-10T17:35:24+02:00	fixed_freq	pos	gpt2	1516278	3058432	2.92
2026-05-10T17:35:34+02:00	fixed_freq	pos	gpt2	1516278	3058432	2.92
2026-05-10T17:35:44+02:00	fixed_freq	pos	gpt2	1516278	3058432	2.92
2026-05-10T17:35:54+02:00	fixed_freq	pos	gpt2	1516278	3058432	2.92
2026-05-10T17:36:04+02:00	fixed_freq	pos	gpt2	1516278	3058432	2.92
2026-05-10T17:36:14+02:00	fixed_freq	pos	gpt2	1516278	3058432	2.92
2026-05-10T17:36:24+02:00	fixed_freq	pos	gpt2	1516278	3058432	2.92
2026-05-10T17:36:34+02:00	fixed_freq	pos	gpt2	1516278	3058432	2.92
2026-05-10T17:36:44+02:00	fixed_freq	pos	gpt2	1516278	3058432	2.92
2026-05-10T17:36:54+02:00	fixed_freq	pos	gpt2	1516278	3058432	2.92
2026-05-10T17:37:04+02:00	fixed_freq	pos	gpt2	1516278	3058432	2.92
2026-05-10T17:37:14+02:00	fixed_freq	pos	gpt2	1516278	3058432	2.92
2026-05-10T17:37:24+02:00	fixed_freq	pos	gpt2	1516278	3058432	2.92
2026-05-10T17:37:34+02:00	fixed_freq	pos	gpt2	1516278	3058432	2.92
2026-05-10T17:37:44+02:00	fixed_freq	pos	gpt2	1516278	3058432	2.92
2026-05-10T17:37:54+02:00	fixed_freq	pos	gpt2	1516278	3058432	2.92
2026-05-10T17:38:04+02:00	fixed_freq	pos	gpt2	1516278	3058432	2.92
2026-05-10T17:38:14+02:00	fixed_freq	pos	gpt2	1516278	3058432	2.92
2026-05-10T17:38:24+02:00	fixed_freq	pos	gpt2	1516278	3058432	2.92
2026-05-10T17:38:34+02:00	fixed_freq	pos	gpt2	1516278	3058432	2.92
2026-05-10T17:38:44+02:00	fixed_freq	pos	gpt2	1516278	3058432	2.92
2026-05-10T17:38:54+02:00	fixed_freq	pos	gpt2	1516278	3058432	2.92
2026-05-10T17:39:04+02:00	fixed_freq	pos	gpt2	1516278	3058432	2.92
2026-05-10T17:39:14+02:00	fixed_freq	pos	gpt2	1516278	3058432	2.92
2026-05-10T17:39:24+02:00	fixed_freq	pos	gpt2	1516278	3058432	2.92
2026-05-10T17:39:34+02:00	fixed_freq	pos	gpt2	1516278	3058432	2.92
2026-05-10T17:39:44+02:00	fixed_freq	pos	gpt2	1516278	3058432	2.92
2026-05-10T17:39:54+02:00	fixed_freq	pos	gpt2	1516278	3058432	2.92
2026-05-10T17:40:04+02:00	fixed_freq	pos	gpt2	1516278	3058432	2.92
2026-05-10T17:40:14+02:00	fixed_freq	pos	gpt2	1516278	3058432	2.92
2026-05-10T17:40:24+02:00	fixed_freq	pos	gpt2	1516278	3058432	2.92
2026-05-10T17:40:34+02:00	fixed_freq	pos	gpt2	1516278	3058432	2.92
2026-05-10T17:40:44+02:00	fixed_freq	pos	gpt2	1516278	3058432	2.92
2026-05-10T17:40:54+02:00	fixed_freq	pos	gpt2	1516278	3058432	2.92
2026-05-10T17:41:04+02:00	fixed_freq	pos	gpt2	1516278	3058432	2.92
2026-05-10T17:41:14+02:00	fixed_freq	pos	gpt2	1516278	3058432	2.92
2026-05-10T17:41:24+02:00	fixed_freq	pos	gpt2	1516278	3058432	2.92
2026-05-10T17:41:34+02:00	fixed_freq	pos	gpt2	1516278	3058432	2.92
2026-05-10T17:41:44+02:00	fixed_freq	pos	gpt2	1516278	3058432	2.92
2026-05-10T17:41:54+02:00	fixed_freq	pos	gpt2	1516278	3058432	2.92
2026-05-10T17:42:04+02:00	fixed_freq	pos	gpt2	1516278	3058432	2.92
2026-05-10T17:42:14+02:00	fixed_freq	pos	gpt2	1516278	3058432	2.92
2026-05-10T17:42:24+02:00	fixed_freq	pos	gpt2	1516278	3058432	2.92
2026-05-10T17:42:34+02:00	fixed_freq	pos	gpt2	1516278	3058432	2.92
2026-05-10T17:42:44+02:00	fixed_freq	pos	gpt2	1516278	3058432	2.92
2026-05-10T17:42:54+02:00	fixed_freq	pos	gpt2	1516278	3058432	2.92
2026-05-10T17:43:04+02:00	fixed_freq	pos	gpt2	1516278	3058432	2.92
2026-05-10T17:43:14+02:00	fixed_freq	pos	gpt2	1516278	3058432	2.92
2026-05-10T17:43:24+02:00	fixed_freq	pos	gpt2	1516278	3058432	2.92
2026-05-10T17:43:34+02:00	fixed_freq	pos	gpt2	1516278	3058432	2.92
2026-05-10T17:43:44+02:00	fixed_freq	pos	gpt2	1516278	3058432	2.92
2026-05-10T17:43:54+02:00	fixed_freq	pos	gpt2	1516278	3058432	2.92
2026-05-10T17:44:04+02:00	fixed_freq	pos	gpt2	1516278	3058432	2.92
2026-05-10T17:44:14+02:00	fixed_freq	pos	gpt2	1516278	3058432	2.92
2026-05-10T17:44:24+02:00	fixed_freq	pos	gpt2	1516278	3058432	2.92
2026-05-10T17:44:34+02:00	fixed_freq	pos	gpt2	1516278	3058432	2.92
2026-05-10T17:44:44+02:00	fixed_freq	pos	gpt2	1516278	3058432	2.92
2026-05-10T17:44:54+02:00	fixed_freq	pos	gpt2	1516278	3058432	2.92
2026-05-10T17:45:04+02:00	fixed_freq	pos	gpt2	1516278	3058432	2.92
2026-05-10T17:45:14+02:00	fixed_freq	pos	gpt2	1516278	3058432	2.92
2026-05-10T17:45:24+02:00	fixed_freq	pos	gpt2	1516278	3058432	2.92
2026-05-10T17:45:34+02:00	fixed_freq	pos	gpt2	1516278	3058432	2.92
2026-05-10T17:45:44+02:00	fixed_freq	pos	gpt2	1516278	3058432	2.92
2026-05-10T17:45:54+02:00	fixed_freq	pos	gpt2	1516278	3058432	2.92
2026-05-10T17:46:04+02:00	fixed_freq	pos	gpt2	1516278	3058432	2.92
2026-05-10T17:46:14+02:00	fixed_freq	pos	gpt2	1516278	3058432	2.92
2026-05-10T17:46:24+02:00	fixed_freq	pos	gpt2	1516278	3058432	2.92
2026-05-10T17:46:34+02:00	fixed_freq	pos	gpt2	1516278	3058432	2.92
2026-05-10T17:46:44+02:00	fixed_freq	pos	gpt2	1516278	3058432	2.92
2026-05-10T17:46:54+02:00	fixed_freq	pos	gpt2	1516278	3058432	2.92
2026-05-10T17:47:04+02:00	fixed_freq	pos	gpt2	1516278	3058432	2.92
2026-05-10T17:47:14+02:00	fixed_freq	pos	gpt2	1516278	3058432	2.92
2026-05-10T17:47:24+02:00	fixed_freq	pos	gpt2	1516278	3058432	2.92
2026-05-10T17:47:34+02:00	fixed_freq	pos	gpt2	1516278	3058432	2.92
2026-05-10T17:47:44+02:00	fixed_freq	pos	gpt2	1516278	3058432	2.92
2026-05-10T17:47:54+02:00	fixed_freq	pos	gpt2	1516278	3058432	2.92
2026-05-10T17:48:04+02:00	fixed_freq	pos	gpt2	1516278	3058432	2.92
2026-05-10T17:48:14+02:00	fixed_freq	pos	gpt2	1516278	3058432	2.92
2026-05-10T17:48:24+02:00	fixed_freq	pos	gpt2	1516278	3058432	2.92
2026-05-10T17:48:34+02:00	fixed_freq	pos	gpt2	1516278	3058432	2.92
2026-05-10T17:48:44+02:00	fixed_freq	pos	gpt2	1516278	3058432	2.92
2026-05-10T17:48:54+02:00	fixed_freq	pos	gpt2	1516278	3058432	2.92
2026-05-10T17:49:04+02:00	fixed_freq	pos	gpt2	1516278	3058432	2.92
2026-05-10T17:49:14+02:00	fixed_freq	pos	gpt2	1516278	3058432	2.92
2026-05-10T17:49:24+02:00	fixed_freq	pos	gpt2	1516278	3058432	2.92
2026-05-10T17:49:34+02:00	fixed_freq	pos	gpt2	1516278	3058432	2.92
2026-05-10T17:49:44+02:00	fixed_freq	pos	gpt2	1516278	3058432	2.92
2026-05-10T17:49:54+02:00	fixed_freq	pos	gpt2	1516278	3058432	2.92
2026-05-10T17:50:04+02:00	fixed_freq	pos	gpt2	1516278	3058432	2.92
2026-05-10T17:50:14+02:00	fixed_freq	pos	gpt2	1516278	3058432	2.92
2026-05-10T17:50:24+02:00	fixed_freq	pos	gpt2	1516278	3058432	2.92
2026-05-10T17:50:34+02:00	fixed_freq	pos	gpt2	1516278	3058432	2.92
2026-05-10T17:50:44+02:00	fixed_freq	pos	gpt2	1516278	3058432	2.92
2026-05-10T17:50:54+02:00	fixed_freq	pos	gpt2	1516278	3058432	2.92
2026-05-10T17:51:04+02:00	fixed_freq	pos	gpt2	1516278	3058432	2.92
2026-05-10T17:51:14+02:00	fixed_freq	pos	gpt2	1516278	3058432	2.92
2026-05-10T17:51:24+02:00	fixed_freq	pos	gpt2	1516278	3058432	2.92
2026-05-10T17:51:34+02:00	fixed_freq	pos	gpt2	1516278	3058432	2.92
2026-05-10T17:51:44+02:00	fixed_freq	pos	gpt2	1516278	3058432	2.92
2026-05-10T17:51:54+02:00	fixed_freq	pos	gpt2	1516278	3058432	2.92
2026-05-10T17:52:04+02:00	fixed_freq	pos	gpt2	1516278	3058432	2.92
2026-05-10T17:52:14+02:00	fixed_freq	pos	gpt2	1516278	3058432	2.92
2026-05-10T17:52:24+02:00	fixed_freq	pos	gpt2	1516278	3058432	2.92
2026-05-10T17:52:34+02:00	fixed_freq	pos	gpt2	1516278	3058432	2.92
2026-05-10T17:52:44+02:00	fixed_freq	pos	gpt2	1516278	3058432	2.92
2026-05-10T17:52:54+02:00	fixed_freq	pos	gpt2	1516278	3058432	2.92
2026-05-10T17:53:04+02:00	fixed_freq	pos	gpt2	1516278	3058432	2.92
2026-05-10T17:53:14+02:00	fixed_freq	pos	gpt2	1516278	3058432	2.92
2026-05-10T17:53:24+02:00	fixed_freq	pos	gpt2	1516278	3058432	2.92
2026-05-10T17:53:34+02:00	fixed_freq	pos	gpt2	1516278	3058432	2.92
2026-05-10T17:53:44+02:00	fixed_freq	pos	gpt2	1516278	3058432	2.92
2026-05-10T17:53:54+02:00	fixed_freq	pos	gpt2	1516278	3058432	2.92
2026-05-10T17:54:04+02:00	fixed_freq	pos	gpt2	1516278	3058432	2.92
2026-05-10T17:54:14+02:00	fixed_freq	pos	gpt2	1516278	3058432	2.92
2026-05-10T17:54:24+02:00	fixed_freq	pos	gpt2	1516278	3058432	2.92
2026-05-10T17:54:34+02:00	fixed_freq	pos	gpt2	1516278	3058432	2.92
2026-05-10T17:54:44+02:00	fixed_freq	pos	gpt2	1516278	3058432	2.92
2026-05-10T17:54:54+02:00	fixed_freq	pos	gpt2	1516278	3058432	2.92
2026-05-10T17:55:04+02:00	fixed_freq	pos	gpt2	1516278	3058432	2.92
2026-05-10T17:55:14+02:00	fixed_freq	pos	gpt2	1516278	3058432	2.92
2026-05-10T17:55:24+02:00	fixed_freq	pos	gpt2	1516278	3058432	2.92
2026-05-10T17:55:34+02:00	fixed_freq	pos	gpt2	1516278	3058432	2.92
2026-05-10T17:55:44+02:00	fixed_freq	pos	gpt2	1516278	3058432	2.92
2026-05-10T17:55:54+02:00	fixed_freq	pos	gpt2	1516278	3058432	2.92
2026-05-10T17:56:04+02:00	fixed_freq	pos	gpt2	1516278	3058432	2.92
2026-05-10T17:56:14+02:00	fixed_freq	pos	gpt2	1516278	3058432	2.92
2026-05-10T17:56:24+02:00	fixed_freq	pos	gpt2	1516278	3058432	2.92
2026-05-10T17:56:34+02:00	fixed_freq	pos	gpt2	1516278	3058432	2.92
2026-05-10T17:56:44+02:00	fixed_freq	pos	gpt2	1516278	3058432	2.92
2026-05-10T17:56:54+02:00	fixed_freq	pos	gpt2	1516278	3058432	2.92
2026-05-10T17:57:04+02:00	fixed_freq	pos	gpt2	1516278	3058432	2.92
2026-05-10T17:57:14+02:00	fixed_freq	pos	gpt2	1516278	3058432	2.92
2026-05-10T17:57:24+02:00	fixed_freq	pos	gpt2	1516278	3058432	2.92
2026-05-10T17:57:34+02:00	fixed_freq	pos	gpt2	1516278	3058432	2.92
2026-05-10T17:57:44+02:00	fixed_freq	pos	gpt2	1516278	3058432	2.92
2026-05-10T17:57:54+02:00	fixed_freq	pos	gpt2	1516278	3058432	2.92
2026-05-10T17:58:04+02:00	fixed_freq	pos	gpt2	1516278	3058432	2.92
2026-05-10T17:58:14+02:00	fixed_freq	pos	gpt2	1516278	3058432	2.92
2026-05-10T17:58:24+02:00	fixed_freq	pos	gpt2	1516278	3058432	2.92
2026-05-10T17:58:34+02:00	fixed_freq	length	bert	1521586	4496	0.00
2026-05-10T17:58:44+02:00	fixed_freq	length	bert	1521586	2152508	2.05
2026-05-10T17:58:54+02:00	fixed_freq	length	bert	1521586	2583356	2.46
2026-05-10T17:59:04+02:00	fixed_freq	length	bert	1521586	2823068	2.69
2026-05-10T17:59:14+02:00	fixed_freq	length	bert	1521586	2936588	2.80
2026-05-10T17:59:24+02:00	fixed_freq	length	bert	1521586	2985692	2.85
2026-05-10T17:59:34+02:00	fixed_freq	length	bert	1521586	3002324	2.86
2026-05-10T17:59:44+02:00	fixed_freq	length	bert	1521586	3006020	2.87
2026-05-10T17:59:54+02:00	fixed_freq	length	bert	1521586	3006548	2.87
2026-05-10T18:00:04+02:00	fixed_freq	length	bert	1521586	3063988	2.92
2026-05-10T18:00:14+02:00	fixed_freq	length	bert	1521586	3025796	2.89
2026-05-10T18:00:24+02:00	fixed_freq	length	bert	1521586	3019268	2.88
2026-05-10T18:00:34+02:00	fixed_freq	length	bert	1521586	3070256	2.93
2026-05-10T18:00:44+02:00	fixed_freq	length	bert	1521586	3070256	2.93
2026-05-10T18:00:54+02:00	fixed_freq	length	bert	1521586	3070256	2.93
2026-05-10T18:01:04+02:00	fixed_freq	length	bert	1521586	3066160	2.92
2026-05-10T18:01:14+02:00	fixed_freq	length	bert	1521586	3070256	2.93
2026-05-10T18:01:24+02:00	fixed_freq	length	bert	1521586	3032912	2.89
2026-05-10T18:01:34+02:00	fixed_freq	length	bert	1521586	3064112	2.92
2026-05-10T18:01:44+02:00	fixed_freq	length	bert	1521586	3070256	2.93
2026-05-10T18:01:54+02:00	fixed_freq	length	bert	1521586	3025920	2.89
2026-05-10T18:02:04+02:00	fixed_freq	length	bert	1521586	3064112	2.92
2026-05-10T18:02:14+02:00	fixed_freq	length	bert	1521586	3032912	2.89
2026-05-10T18:02:24+02:00	fixed_freq	length	bert	1521586	3062064	2.92
2026-05-10T18:02:34+02:00	fixed_freq	length	bert	1521586	3070256	2.93
2026-05-10T18:02:44+02:00	fixed_freq	length	bert	1521586	3025920	2.89
2026-05-10T18:02:54+02:00	fixed_freq	length	bert	1521586	3032912	2.89
2026-05-10T18:03:04+02:00	fixed_freq	length	bert	1521586	3070256	2.93
2026-05-10T18:03:14+02:00	fixed_freq	length	bert	1521586	3066160	2.92
2026-05-10T18:03:24+02:00	fixed_freq	length	bert	1521586	3070256	2.93
2026-05-10T18:03:34+02:00	fixed_freq	length	bert	1521586	3025920	2.89
2026-05-10T18:03:44+02:00	fixed_freq	length	bert	1521586	3032912	2.89
2026-05-10T18:03:54+02:00	fixed_freq	length	bert	1521586	3070256	2.93
2026-05-10T18:04:04+02:00	fixed_freq	length	bert	1521586	3066160	2.92
2026-05-10T18:04:14+02:00	fixed_freq	length	gpt2	1521812	4412	0.00
2026-05-10T18:04:24+02:00	fixed_freq	length	gpt2	1521812	2148752	2.05
2026-05-10T18:04:34+02:00	fixed_freq	length	gpt2	1521812	2556368	2.44
2026-05-10T18:04:44+02:00	fixed_freq	length	gpt2	1521812	2808488	2.68
2026-05-10T18:04:54+02:00	fixed_freq	length	gpt2	1521812	2942072	2.81
2026-05-10T18:05:04+02:00	fixed_freq	length	gpt2	1521812	3008336	2.87
2026-05-10T18:05:14+02:00	fixed_freq	length	gpt2	1521812	3037904	2.90
2026-05-10T18:05:24+02:00	fixed_freq	length	gpt2	1521812	3047672	2.91
2026-05-10T18:05:34+02:00	fixed_freq	length	gpt2	1521812	3050312	2.91
2026-05-10T18:05:44+02:00	fixed_freq	length	gpt2	1521812	3050840	2.91
2026-05-10T18:05:54+02:00	fixed_freq	length	gpt2	1521812	3105868	2.96
2026-05-10T18:06:04+02:00	fixed_freq	length	gpt2	1521812	3106920	2.96
2026-05-10T18:06:14+02:00	fixed_freq	length	gpt2	1521812	3074476	2.93
2026-05-10T18:06:24+02:00	fixed_freq	length	gpt2	1521812	3111872	2.97
2026-05-10T18:06:34+02:00	fixed_freq	length	gpt2	1521812	3106992	2.96
2026-05-10T18:06:44+02:00	fixed_freq	length	gpt2	1521812	3106996	2.96
2026-05-10T18:06:54+02:00	fixed_freq	length	gpt2	1521812	3076328	2.93
2026-05-10T18:07:04+02:00	fixed_freq	length	gpt2	1521812	3074480	2.93
2026-05-10T18:07:14+02:00	fixed_freq	length	gpt2	1521812	3111876	2.97
2026-05-10T18:07:24+02:00	fixed_freq	length	gpt2	1521812	3111876	2.97
2026-05-10T18:07:34+02:00	fixed_freq	length	gpt2	1521812	3085892	2.94
2026-05-10T18:07:44+02:00	fixed_freq	length	gpt2	1521812	3105944	2.96
2026-05-10T18:07:54+02:00	fixed_freq	length	gpt2	1521812	3106996	2.96
2026-05-10T18:08:04+02:00	fixed_freq	length	gpt2	1521812	3074744	2.93
2026-05-10T18:08:14+02:00	fixed_freq	length	gpt2	1521812	3106996	2.96
2026-05-10T18:08:24+02:00	fixed_freq	length	gpt2	1521812	3063936	2.92
2026-05-10T18:08:34+02:00	fixed_freq	length	gpt2	1521812	3074228	2.93
2026-05-10T18:08:44+02:00	fixed_freq	length	gpt2	1521812	3106996	2.96
2026-05-10T18:08:54+02:00	fixed_freq	length	gpt2	1521812	3106996	2.96
2026-05-10T18:09:04+02:00	fixed_freq	length	gpt2	1521812	3105944	2.96
2026-05-10T18:09:14+02:00	fixed_freq	length	gpt2	1521812	3070132	2.93
2026-05-10T18:09:24+02:00	fixed_freq	length	gpt2	1521812	3106996	2.96
2026-05-10T18:09:34+02:00	fixed_freq	length	gpt2	1521812	3106996	2.96
2026-05-10T18:09:44+02:00	fixed_freq	length	gpt2	1521812	3106996	2.96
2026-05-10T18:09:54+02:00	fixed_freq	length	gpt2	1521812	3106996	2.96
2026-05-10T18:10:04+02:00	fixed_freq	index	bert	1522044	4524	0.00
2026-05-10T18:10:14+02:00	fixed_freq	index	bert	1522044	2183720	2.08
2026-05-10T18:10:24+02:00	fixed_freq	index	bert	1522044	2757656	2.63
2026-05-10T18:10:34+02:00	fixed_freq	index	bert	1522044	3140984	3.00
2026-05-10T18:10:44+02:00	fixed_freq	index	bert	1522044	3387824	3.23
2026-05-10T18:10:54+02:00	fixed_freq	index	bert	1522044	3531176	3.37
2026-05-10T18:11:04+02:00	fixed_freq	index	bert	1522044	3602192	3.44
2026-05-10T18:11:14+02:00	fixed_freq	index	bert	1522044	3628856	3.46
2026-05-10T18:11:24+02:00	fixed_freq	index	bert	1522044	3634664	3.47
2026-05-10T18:11:34+02:00	fixed_freq	index	bert	1522044	3694104	3.52
2026-05-10T18:11:44+02:00	fixed_freq	index	bert	1522044	3694104	3.52
2026-05-10T18:11:54+02:00	fixed_freq	index	bert	1522044	3690064	3.52
2026-05-10T18:12:04+02:00	fixed_freq	index	bert	1522044	3690072	3.52
2026-05-10T18:12:14+02:00	fixed_freq	index	bert	1522044	3690072	3.52
2026-05-10T18:12:24+02:00	fixed_freq	index	bert	1522044	3657616	3.49
2026-05-10T18:12:34+02:00	fixed_freq	index	bert	1522044	3657352	3.49
2026-05-10T18:12:44+02:00	fixed_freq	index	bert	1522044	3688024	3.52
2026-05-10T18:12:54+02:00	fixed_freq	index	bert	1522044	3657616	3.49
2026-05-10T18:13:04+02:00	fixed_freq	index	bert	1522044	3688024	3.52
2026-05-10T18:13:14+02:00	fixed_freq	index	bert	1522044	3649636	3.48
2026-05-10T18:13:24+02:00	fixed_freq	index	bert	1522044	3649900	3.48
2026-05-10T18:13:34+02:00	fixed_freq	index	bert	1522044	3649900	3.48
2026-05-10T18:13:44+02:00	fixed_freq	index	bert	1522044	3694168	3.52
2026-05-10T18:13:54+02:00	fixed_freq	index	bert	1522044	3694168	3.52
2026-05-10T18:14:04+02:00	fixed_freq	index	bert	1522044	3685976	3.52
2026-05-10T18:14:14+02:00	fixed_freq	index	bert	1522044	3653004	3.48
2026-05-10T18:14:24+02:00	fixed_freq	index	bert	1522044	3650164	3.48
2026-05-10T18:14:34+02:00	fixed_freq	index	bert	1522044	3694168	3.52
2026-05-10T18:14:44+02:00	fixed_freq	index	bert	1522044	3690072	3.52
2026-05-10T18:14:54+02:00	fixed_freq	index	bert	1522044	3690072	3.52
2026-05-10T18:15:04+02:00	fixed_freq	index	bert	1522044	3690072	3.52
2026-05-10T18:15:14+02:00	fixed_freq	index	bert	1522044	3690072	3.52
2026-05-10T18:15:24+02:00	fixed_freq	index	bert	1522044	3694168	3.52
2026-05-10T18:15:34+02:00	fixed_freq	index	bert	1522044	3649900	3.48
2026-05-10T18:15:44+02:00	fixed_freq	index	gpt2	1522270	4592	0.00
2026-05-10T18:15:54+02:00	fixed_freq	index	gpt2	1522270	2178836	2.08
2026-05-10T18:16:04+02:00	fixed_freq	index	gpt2	1522270	2709476	2.58
2026-05-10T18:16:14+02:00	fixed_freq	index	gpt2	1522270	3083564	2.94
2026-05-10T18:16:24+02:00	fixed_freq	index	gpt2	1522270	3335684	3.18
2026-05-10T18:16:34+02:00	fixed_freq	index	gpt2	1522270	3506492	3.34
2026-05-10T18:16:44+02:00	fixed_freq	index	gpt2	1522270	3601796	3.43
2026-05-10T18:16:54+02:00	fixed_freq	index	gpt2	1522270	3648524	3.48
2026-05-10T18:17:05+02:00	fixed_freq	index	gpt2	1522270	3667532	3.50
2026-05-10T18:17:15+02:00	fixed_freq	index	gpt2	1522270	3671228	3.50
2026-05-10T18:17:25+02:00	fixed_freq	index	gpt2	1522270	3678096	3.51
2026-05-10T18:17:35+02:00	fixed_freq	index	gpt2	1522270	3678096	3.51
2026-05-10T18:17:45+02:00	fixed_freq	index	gpt2	1522270	3718528	3.55
2026-05-10T18:17:55+02:00	fixed_freq	index	gpt2	1522270	3718728	3.55
2026-05-10T18:18:05+02:00	fixed_freq	index	gpt2	1522270	3696300	3.53
2026-05-10T18:18:15+02:00	fixed_freq	index	gpt2	1522270	3722824	3.55
2026-05-10T18:18:25+02:00	fixed_freq	index	gpt2	1522270	3714372	3.54
2026-05-10T18:18:35+02:00	fixed_freq	index	gpt2	1522270	3694004	3.52
2026-05-10T18:18:45+02:00	fixed_freq	index	gpt2	1522270	3718728	3.55
2026-05-10T18:18:55+02:00	fixed_freq	index	gpt2	1522270	3678228	3.51
2026-05-10T18:19:05+02:00	fixed_freq	index	gpt2	1522270	3716420	3.54
2026-05-10T18:19:15+02:00	fixed_freq	index	gpt2	1522270	3722756	3.55
2026-05-10T18:19:25+02:00	fixed_freq	index	gpt2	1522270	3716420	3.54
2026-05-10T18:19:35+02:00	fixed_freq	index	gpt2	1522270	3722756	3.55
2026-05-10T18:19:45+02:00	fixed_freq	index	gpt2	1522270	3716420	3.54
2026-05-10T18:19:55+02:00	fixed_freq	index	gpt2	1522270	3669528	3.50
2026-05-10T18:20:05+02:00	fixed_freq	index	gpt2	1522270	3687792	3.52
2026-05-10T18:20:15+02:00	fixed_freq	index	gpt2	1522270	3718728	3.55
2026-05-10T18:20:25+02:00	fixed_freq	index	gpt2	1522270	3716352	3.54
2026-05-10T18:20:35+02:00	fixed_freq	index	gpt2	1522270	3722824	3.55
2026-05-10T18:20:45+02:00	fixed_freq	index	gpt2	1522270	3714372	3.54
2026-05-10T18:20:55+02:00	fixed_freq	index	gpt2	1522270	3718660	3.55
2026-05-10T18:21:05+02:00	fixed_freq	index	gpt2	1522270	3673624	3.50
2026-05-10T18:21:15+02:00	fixed_freq	index	gpt2	1522270	3718660	3.55
2026-05-10T18:21:25+02:00	fixed_freq	index	gpt2	1522270	3718660	3.55
2026-05-10T18:21:35+02:00	fixed_freq	index	gpt2	1522270	1985448	1.89
2026-05-10T18:21:45+02:00	fixed_freq	arity	bert	1522516	4468	0.00
2026-05-10T18:21:55+02:00	fixed_freq	arity	bert	1522516	2199908	2.10
2026-05-10T18:22:05+02:00	fixed_freq	arity	bert	1522516	2727908	2.60
2026-05-10T18:22:15+02:00	fixed_freq	arity	bert	1522516	3012236	2.87
2026-05-10T18:22:25+02:00	fixed_freq	arity	bert	1522516	3159020	3.01
2026-05-10T18:22:35+02:00	fixed_freq	arity	bert	1522516	3220532	3.07
2026-05-10T18:22:45+02:00	fixed_freq	arity	bert	1522516	3246404	3.10
2026-05-10T18:22:55+02:00	fixed_freq	arity	bert	1522516	3252740	3.10
2026-05-10T18:23:05+02:00	fixed_freq	arity	bert	1522516	3253532	3.10
2026-05-10T18:23:15+02:00	fixed_freq	arity	bert	1522516	3279980	3.13
2026-05-10T18:23:25+02:00	fixed_freq	arity	bert	1522516	3311900	3.16
2026-05-10T18:23:35+02:00	fixed_freq	arity	bert	1522516	3311712	3.16
2026-05-10T18:23:45+02:00	fixed_freq	arity	bert	1522516	3277220	3.13
2026-05-10T18:23:55+02:00	fixed_freq	arity	bert	1522516	3316064	3.16
2026-05-10T18:24:05+02:00	fixed_freq	arity	bert	1522516	3311712	3.16
2026-05-10T18:24:15+02:00	fixed_freq	arity	bert	1522516	3311968	3.16
2026-05-10T18:24:25+02:00	fixed_freq	arity	bert	1522516	3311712	3.16
2026-05-10T18:24:35+02:00	fixed_freq	arity	bert	1522516	3311968	3.16
2026-05-10T18:24:45+02:00	fixed_freq	arity	bert	1522516	3307616	3.15
2026-05-10T18:24:55+02:00	fixed_freq	arity	bert	1522516	3311712	3.16
2026-05-10T18:25:05+02:00	fixed_freq	arity	bert	1522516	3316064	3.16
2026-05-10T18:25:15+02:00	fixed_freq	arity	gpt2	1523528	4524	0.00
2026-05-10T18:25:25+02:00	fixed_freq	arity	gpt2	1523528	2192272	2.09
2026-05-10T18:25:35+02:00	fixed_freq	arity	gpt2	1523528	2681200	2.56
2026-05-10T18:25:45+02:00	fixed_freq	arity	gpt2	1523528	2965264	2.83
2026-05-10T18:25:55+02:00	fixed_freq	arity	gpt2	1523528	3139240	2.99
2026-05-10T18:26:05+02:00	fixed_freq	arity	gpt2	1523528	3223456	3.07
2026-05-10T18:26:15+02:00	fixed_freq	arity	gpt2	1523528	3265696	3.11
2026-05-10T18:26:25+02:00	fixed_freq	arity	gpt2	1523528	3282592	3.13
2026-05-10T18:26:35+02:00	fixed_freq	arity	gpt2	1523528	3288136	3.14
2026-05-10T18:26:45+02:00	fixed_freq	arity	gpt2	1523528	3288928	3.14
2026-05-10T18:26:55+02:00	fixed_freq	arity	gpt2	1523528	3342740	3.19
2026-05-10T18:27:05+02:00	fixed_freq	arity	gpt2	1523528	3342740	3.19
2026-05-10T18:27:15+02:00	fixed_freq	arity	gpt2	1523528	3310616	3.16
2026-05-10T18:27:25+02:00	fixed_freq	arity	gpt2	1523528	3342808	3.19
2026-05-10T18:27:35+02:00	fixed_freq	arity	gpt2	1523528	3346904	3.19
2026-05-10T18:27:45+02:00	fixed_freq	arity	gpt2	1523528	3342808	3.19
2026-05-10T18:27:55+02:00	fixed_freq	arity	gpt2	1523528	3346904	3.19
2026-05-10T18:28:05+02:00	fixed_freq	arity	gpt2	1523528	3342808	3.19
2026-05-10T18:28:15+02:00	fixed_freq	arity	gpt2	1523528	3293868	3.14
2026-05-10T18:28:25+02:00	fixed_freq	arity	gpt2	1523528	3310616	3.16
2026-05-10T18:28:35+02:00	fixed_freq	arity	gpt2	1523528	3346904	3.19
2026-05-10T18:28:45+02:00	fixed_freq	arity	gpt2	1523528	3310616	3.16
2026-05-10T18:28:55+02:00	fixed_freq	head_dist	bert	1523746	4472	0.00
2026-05-10T18:29:05+02:00	fixed_freq	head_dist	bert	1523746	2083500	1.99
2026-05-10T18:29:15+02:00	fixed_freq	head_dist	bert	1523746	2394492	2.28
2026-05-10T18:29:25+02:00	fixed_freq	head_dist	bert	1523746	2562924	2.44
2026-05-10T18:29:35+02:00	fixed_freq	head_dist	bert	1523746	2641596	2.52
2026-05-10T18:29:45+02:00	fixed_freq	head_dist	bert	1523746	2672748	2.55
2026-05-10T18:29:55+02:00	fixed_freq	head_dist	bert	1523746	2682252	2.56
2026-05-10T18:30:05+02:00	fixed_freq	head_dist	bert	1523746	2684364	2.56
2026-05-10T18:30:15+02:00	fixed_freq	head_dist	bert	1523746	2742208	2.62
2026-05-10T18:30:25+02:00	fixed_freq	head_dist	bert	1523746	2707644	2.58
2026-05-10T18:30:35+02:00	fixed_freq	head_dist	bert	1523746	2739900	2.61
2026-05-10T18:30:45+02:00	fixed_freq	head_dist	bert	1523746	2701836	2.58
2026-05-10T18:30:55+02:00	fixed_freq	head_dist	bert	1523746	2693136	2.57
2026-05-10T18:31:05+02:00	fixed_freq	head_dist	bert	1523746	2742336	2.62
2026-05-10T18:31:15+02:00	fixed_freq	head_dist	bert	1523746	2701836	2.58
2026-05-10T18:31:25+02:00	fixed_freq	head_dist	bert	1523746	2737980	2.61
2026-05-10T18:31:35+02:00	fixed_freq	head_dist	bert	1523746	2701836	2.58
2026-05-10T18:31:45+02:00	fixed_freq	head_dist	bert	1523746	2707772	2.58
2026-05-10T18:31:55+02:00	fixed_freq	head_dist	bert	1523746	2709356	2.58
2026-05-10T18:32:05+02:00	fixed_freq	head_dist	bert	1523746	2701836	2.58
2026-05-10T18:32:15+02:00	fixed_freq	head_dist	bert	1523746	2742336	2.62
2026-05-10T18:32:25+02:00	fixed_freq	head_dist	bert	1523746	2746436	2.62
2026-05-10T18:32:35+02:00	fixed_freq	head_dist	bert	1523746	2740292	2.61
2026-05-10T18:32:45+02:00	fixed_freq	head_dist	bert	1523746	2728352	2.60
2026-05-10T18:32:55+02:00	fixed_freq	head_dist	bert	1523746	2701840	2.58
2026-05-10T18:33:05+02:00	fixed_freq	head_dist	bert	1523746	2740292	2.61
2026-05-10T18:33:15+02:00	fixed_freq	head_dist	bert	1523746	2742340	2.62
2026-05-10T18:33:25+02:00	fixed_freq	head_dist	bert	1523746	2707520	2.58
2026-05-10T18:33:35+02:00	fixed_freq	head_dist	bert	1523746	2746436	2.62
2026-05-10T18:33:45+02:00	fixed_freq	head_dist	bert	1523746	2707776	2.58
2026-05-10T18:33:55+02:00	fixed_freq	head_dist	bert	1523746	2719928	2.59
2026-05-10T18:34:05+02:00	fixed_freq	head_dist	bert	1523746	2737984	2.61
2026-05-10T18:34:15+02:00	fixed_freq	head_dist	bert	1523746	2701840	2.58
2026-05-10T18:34:25+02:00	fixed_freq	head_dist	bert	1523746	2742340	2.62
2026-05-10T18:34:35+02:00	fixed_freq	head_dist	bert	1523746	2742340	2.62
2026-05-10T18:34:45+02:00	fixed_freq	head_dist	bert	1523746	2740032	2.61
2026-05-10T18:34:55+02:00	fixed_freq	head_dist	bert	1523746	2746436	2.62
2026-05-10T18:35:05+02:00	fixed_freq	head_dist	bert	1523746	2740292	2.61
2026-05-10T18:35:15+02:00	fixed_freq	head_dist	bert	1523746	2707776	2.58
2026-05-10T18:35:25+02:00	fixed_freq	head_dist	gpt2	1524109	4560	0.00
2026-05-10T18:35:35+02:00	fixed_freq	head_dist	gpt2	1524109	2087568	1.99
2026-05-10T18:35:45+02:00	fixed_freq	head_dist	gpt2	1524109	2389320	2.28
2026-05-10T18:35:55+02:00	fixed_freq	head_dist	gpt2	1524109	2559864	2.44
2026-05-10T18:36:05+02:00	fixed_freq	head_dist	gpt2	1524109	2653320	2.53
2026-05-10T18:36:15+02:00	fixed_freq	head_dist	gpt2	1524109	2697936	2.57
2026-05-10T18:36:25+02:00	fixed_freq	head_dist	gpt2	1524109	2715888	2.59
2026-05-10T18:36:35+02:00	fixed_freq	head_dist	gpt2	1524109	2721432	2.60
2026-05-10T18:36:45+02:00	fixed_freq	head_dist	gpt2	1524109	2723016	2.60
2026-05-10T18:36:55+02:00	fixed_freq	head_dist	gpt2	1524109	2781984	2.65
2026-05-10T18:37:05+02:00	fixed_freq	head_dist	gpt2	1524109	2745440	2.62
2026-05-10T18:37:15+02:00	fixed_freq	head_dist	gpt2	1524109	2775056	2.65
2026-05-10T18:37:25+02:00	fixed_freq	head_dist	gpt2	1524109	2755080	2.63
2026-05-10T18:37:35+02:00	fixed_freq	head_dist	gpt2	1524109	2775852	2.65
2026-05-10T18:37:45+02:00	fixed_freq	head_dist	gpt2	1524109	2775656	2.65
2026-05-10T18:37:55+02:00	fixed_freq	head_dist	gpt2	1524109	2742944	2.62
2026-05-10T18:38:05+02:00	fixed_freq	head_dist	gpt2	1524109	2775656	2.65
2026-05-10T18:38:15+02:00	fixed_freq	head_dist	gpt2	1524109	2736956	2.61
2026-05-10T18:38:25+02:00	fixed_freq	head_dist	gpt2	1524109	2775656	2.65
2026-05-10T18:38:35+02:00	fixed_freq	head_dist	gpt2	1524109	2775064	2.65
2026-05-10T18:38:45+02:00	fixed_freq	head_dist	gpt2	1524109	2782060	2.65
2026-05-10T18:38:55+02:00	fixed_freq	head_dist	gpt2	1524109	2775656	2.65
2026-05-10T18:39:05+02:00	fixed_freq	head_dist	gpt2	1524109	2773084	2.64
2026-05-10T18:39:15+02:00	fixed_freq	head_dist	gpt2	1524109	2775656	2.65
2026-05-10T18:39:25+02:00	fixed_freq	head_dist	gpt2	1524109	2782060	2.65
2026-05-10T18:39:35+02:00	fixed_freq	head_dist	gpt2	1524109	2775656	2.65
2026-05-10T18:39:45+02:00	fixed_freq	head_dist	gpt2	1524109	2775656	2.65
2026-05-10T18:39:55+02:00	fixed_freq	head_dist	gpt2	1524109	2781996	2.65
2026-05-10T18:40:05+02:00	fixed_freq	head_dist	gpt2	1524109	2734908	2.61
2026-05-10T18:40:15+02:00	fixed_freq	head_dist	gpt2	1524109	2782060	2.65
2026-05-10T18:40:25+02:00	fixed_freq	head_dist	gpt2	1524109	2728240	2.60
2026-05-10T18:40:35+02:00	fixed_freq	head_dist	gpt2	1524109	2775852	2.65
2026-05-10T18:40:45+02:00	fixed_freq	head_dist	gpt2	1524109	2781996	2.65
2026-05-10T18:40:55+02:00	fixed_freq	head_dist	gpt2	1524109	2736956	2.61
2026-05-10T18:41:05+02:00	fixed_freq	head_dist	gpt2	1524109	2742680	2.62
2026-05-10T18:41:15+02:00	fixed_freq	head_dist	gpt2	1524109	2782000	2.65
2026-05-10T18:41:25+02:00	fixed_freq	head_dist	gpt2	1524109	2743152	2.62
2026-05-10T18:41:35+02:00	fixed_freq	head_dist	gpt2	1524109	2736960	2.61
2026-05-10T18:41:45+02:00	fixed_freq	head_dist	gpt2	1524109	2736960	2.61
2026-05-10T18:41:55+02:00	fixed_freq	head_dist	gpt2	1524109	2736960	2.61
2026-05-10T18:42:05+02:00	fixed_freq	relation_type	bert	1524377	4444	0.00
2026-05-10T18:42:15+02:00	fixed_freq	relation_type	bert	1524377	2214160	2.11
2026-05-10T18:42:25+02:00	fixed_freq	relation_type	bert	1524377	2780968	2.65
2026-05-10T18:42:35+02:00	fixed_freq	relation_type	bert	1524377	3101200	2.96
2026-05-10T18:42:45+02:00	fixed_freq	relation_type	bert	1524377	3277288	3.13
2026-05-10T18:42:55+02:00	fixed_freq	relation_type	bert	1524377	3359920	3.20
2026-05-10T18:43:05+02:00	fixed_freq	relation_type	bert	1524377	3393976	3.24
2026-05-10T18:43:15+02:00	fixed_freq	relation_type	bert	1524377	3402952	3.25
2026-05-10T18:43:25+02:00	fixed_freq	relation_type	bert	1524377	3404272	3.25
2026-05-10T18:43:35+02:00	fixed_freq	relation_type	bert	1524377	3431012	3.27
2026-05-10T18:43:45+02:00	fixed_freq	relation_type	bert	1524377	3459636	3.30
2026-05-10T18:43:55+02:00	fixed_freq	relation_type	bert	1524377	3463060	3.30
2026-05-10T18:44:05+02:00	fixed_freq	relation_type	bert	1524377	3463060	3.30
2026-05-10T18:44:15+02:00	fixed_freq	relation_type	bert	1524377	3463060	3.30
2026-05-10T18:44:25+02:00	fixed_freq	relation_type	bert	1524377	3461676	3.30
2026-05-10T18:44:35+02:00	fixed_freq	relation_type	bert	1524377	3414852	3.26
2026-05-10T18:44:45+02:00	fixed_freq	relation_type	bert	1524377	3467940	3.31
2026-05-10T18:44:55+02:00	fixed_freq	relation_type	bert	1524377	3467676	3.31
2026-05-10T18:45:05+02:00	fixed_freq	relation_type	bert	1524377	3467940	3.31
2026-05-10T18:45:15+02:00	fixed_freq	relation_type	bert	1524377	3467676	3.31
2026-05-10T18:45:25+02:00	fixed_freq	relation_type	bert	1524377	3467676	3.31
2026-05-10T18:45:35+02:00	fixed_freq	relation_type	bert	1524377	3467680	3.31
2026-05-10T18:45:45+02:00	fixed_freq	relation_type	bert	1524377	3467680	3.31
2026-05-10T18:45:55+02:00	fixed_freq	relation_type	bert	1524377	3467680	3.31
2026-05-10T18:46:05+02:00	fixed_freq	relation_type	bert	1524377	3423624	3.27
2026-05-10T18:46:15+02:00	fixed_freq	relation_type	bert	1524377	3422304	3.26
2026-05-10T18:46:25+02:00	fixed_freq	relation_type	bert	1524377	3431868	3.27
2026-05-10T18:46:35+02:00	fixed_freq	relation_type	bert	1524377	3463064	3.30
2026-05-10T18:46:45+02:00	fixed_freq	relation_type	bert	1524377	3423360	3.26
2026-05-10T18:46:55+02:00	fixed_freq	relation_type	bert	1524377	3423624	3.27
2026-05-10T18:47:05+02:00	fixed_freq	relation_type	bert	1524377	3430812	3.27
2026-05-10T18:47:15+02:00	fixed_freq	relation_type	bert	1524377	3465112	3.30
2026-05-10T18:47:25+02:00	fixed_freq	relation_type	bert	1524377	3463064	3.30
2026-05-10T18:47:35+02:00	fixed_freq	relation_type	bert	1524377	3467680	3.31
2026-05-10T18:47:45+02:00	fixed_freq	relation_type	gpt2	1525264	4528	0.00
2026-05-10T18:47:55+02:00	fixed_freq	relation_type	gpt2	1525264	2203844	2.10
2026-05-10T18:48:05+02:00	fixed_freq	relation_type	gpt2	1525264	2754020	2.63
2026-05-10T18:48:15+02:00	fixed_freq	relation_type	gpt2	1525264	3077948	2.94
2026-05-10T18:48:25+02:00	fixed_freq	relation_type	gpt2	1525264	3270404	3.12
2026-05-10T18:48:35+02:00	fixed_freq	relation_type	gpt2	1525264	3372308	3.22
2026-05-10T18:48:45+02:00	fixed_freq	relation_type	gpt2	1525264	3420620	3.26
2026-05-10T18:48:55+02:00	fixed_freq	relation_type	gpt2	1525264	3439628	3.28
2026-05-10T18:49:05+02:00	fixed_freq	relation_type	gpt2	1525264	3444644	3.29
2026-05-10T18:49:15+02:00	fixed_freq	relation_type	gpt2	1525264	3445436	3.29
2026-05-10T18:49:25+02:00	fixed_freq	relation_type	gpt2	1525264	3598444	3.43
2026-05-10T18:49:35+02:00	fixed_freq	relation_type	gpt2	1525264	3593800	3.43
2026-05-10T18:49:45+02:00	fixed_freq	relation_type	gpt2	1525264	3598476	3.43
2026-05-10T18:49:55+02:00	fixed_freq	relation_type	gpt2	1525264	3598640	3.43
2026-05-10T18:50:05+02:00	fixed_freq	relation_type	gpt2	1525264	3593736	3.43
2026-05-10T18:50:15+02:00	fixed_freq	relation_type	gpt2	1525264	3593936	3.43
2026-05-10T18:50:25+02:00	fixed_freq	relation_type	gpt2	1525264	3598596	3.43
2026-05-10T18:50:35+02:00	fixed_freq	relation_type	gpt2	1525264	3660032	3.49
2026-05-10T18:50:45+02:00	fixed_freq	relation_type	gpt2	1525264	3705244	3.53
2026-05-10T18:50:55+02:00	fixed_freq	relation_type	gpt2	1525264	3568980	3.40
2026-05-10T18:51:05+02:00	fixed_freq	relation_type	gpt2	1525264	3593728	3.43
2026-05-10T18:51:15+02:00	fixed_freq	relation_type	gpt2	1525264	3593908	3.43
2026-05-10T18:51:25+02:00	fixed_freq	relation_type	gpt2	1525264	3598596	3.43
2026-05-10T18:51:35+02:00	fixed_freq	relation_type	gpt2	1525264	3598508	3.43
2026-05-10T18:51:45+02:00	fixed_freq	relation_type	gpt2	1525264	3627836	3.46
2026-05-10T18:51:55+02:00	fixed_freq	relation_type	gpt2	1525264	3634304	3.47
2026-05-10T18:52:05+02:00	fixed_freq	relation_type	gpt2	1525264	3660088	3.49
2026-05-10T18:52:15+02:00	fixed_freq	relation_type	gpt2	1525264	3704764	3.53
2026-05-10T18:52:25+02:00	fixed_freq	relation_type	gpt2	1525264	3492228	3.33
2026-05-10T18:52:35+02:00	fixed_freq	relation_type	gpt2	1525264	3593784	3.43
2026-05-10T18:52:45+02:00	fixed_freq	relation_type	gpt2	1525264	3593964	3.43
2026-05-10T18:52:55+02:00	fixed_freq	relation_type	gpt2	1525264	3593904	3.43
2026-05-10T18:53:05+02:00	fixed_freq	relation_type	gpt2	1525264	3593824	3.43
2026-05-10T18:53:15+02:00	fixed_freq	relation_type	gpt2	1525264	3598732	3.43
2026-05-10T18:53:25+02:00	fixed_freq	relation_type	gpt2	1525264	3598652	3.43
2026-05-10T18:53:35+02:00	fixed_freq	relation_type	gpt2	1525264	3598564	3.43
2026-05-10T18:53:45+02:00	fixed_freq	relation_type	gpt2	1525264	3660260	3.49
2026-05-10T18:53:55+02:00	fixed_freq	relation_type	gpt2	1525264	3593828	3.43
2026-05-10T18:54:05+02:00	fixed_freq	relation_type	gpt2	1525264	3598740	3.43
2026-05-10T18:54:15+02:00	fixed_freq	relation_type	gpt2	1525264	3598668	3.43
2026-05-10T18:54:25+02:00	fixed_freq	relation_type	gpt2	1525264	3593832	3.43
2026-05-10T18:54:35+02:00	fixed_freq	relation_type	gpt2	1525264	3598768	3.43
2026-05-10T18:54:45+02:00	fixed_freq	relation_type	gpt2	1525264	3598692	3.43
2026-05-10T18:54:55+02:00	fixed_freq	relation_type	gpt2	1525264	3611020	3.44
2026-05-10T18:55:05+02:00	fixed_freq	relation_type	gpt2	1525264	3660308	3.49
2026-05-10T18:55:15+02:00	fixed_freq	relation_type	gpt2	1525264	3705488	3.53
2026-05-10T18:55:25+02:00	fixed_freq	relation_type	gpt2	1525264	3588492	3.42
2026-05-10T18:55:35+02:00	fixed_freq	relation_type	gpt2	1525264	3593944	3.43
2026-05-10T18:55:45+02:00	fixed_freq	relation_type	gpt2	1525264	3593872	3.43
2026-05-10T18:55:55+02:00	fixed_freq	relation_type	gpt2	1525264	3598540	3.43
2026-05-10T18:56:05+02:00	fixed_freq	relation_type	gpt2	1525264	3599008	3.43
2026-05-10T18:56:15+02:00	fixed_freq	relation_type	gpt2	1525264	3581960	3.42
2026-05-10T18:56:25+02:00	fixed_freq	relation_type	gpt2	1525264	3598532	3.43
2026-05-10T18:56:35+02:00	fixed_freq	relation_type	gpt2	1525264	3660236	3.49
2026-05-10T18:56:45+02:00	fixed_freq	relation_type	gpt2	1525264	3565020	3.40
2026-05-10T18:56:55+02:00	fixed_freq	relation_type	gpt2	1525264	3660864	3.49
2026-05-10T18:57:05+02:00	fixed_freq	relation_type	gpt2	1525264	3660508	3.49
2026-05-10T18:57:15+02:00	fixed_freq	relation_type	gpt2	1525264	3705712	3.53
2026-05-10T18:57:25+02:00	fixed_freq	relation_type	gpt2	1525264	3480808	3.32
2026-05-10T18:57:35+02:00	fixed_freq	relation_type	gpt2	1525264	3593900	3.43
2026-05-10T18:57:46+02:00	fixed_freq	relation_type	gpt2	1525264	3598852	3.43
2026-05-10T18:57:56+02:00	fixed_freq	relation_type	gpt2	1525264	3660272	3.49
2026-05-10T18:58:06+02:00	fixed_freq	relation_type	gpt2	1525264	3660192	3.49
2026-05-10T18:58:16+02:00	fixed_freq	relation_type	gpt2	1525264	3598544	3.43
2026-05-10T18:58:26+02:00	fixed_freq	relation_type	gpt2	1525264	3598756	3.43
2026-05-10T18:58:36+02:00	fixed_freq	relation_type	gpt2	1525264	3660172	3.49
2026-05-10T18:58:46+02:00	fixed_freq	relation_type	gpt2	1525264	3593756	3.43
2026-05-10T18:58:56+02:00	fixed_freq	relation_type	gpt2	1525264	3598664	3.43
2026-05-10T18:59:06+02:00	fixed_freq	relation_type	gpt2	1525264	3598556	3.43
2026-05-10T18:59:16+02:00	fixed_freq	relation_type	gpt2	1525264	3598768	3.43
2026-05-10T18:59:26+02:00	fixed_freq	relation_type	gpt2	1525264	3598680	3.43
2026-05-10T18:59:36+02:00	fixed_freq	relation_type	gpt2	1525264	3598576	3.43
2026-05-10T18:59:46+02:00	fixed_freq	relation_type	gpt2	1525264	3598764	3.43
2026-05-10T18:59:56+02:00	fixed_freq	relation_type	gpt2	1525264	3619288	3.45
2026-05-10T19:00:06+02:00	fixed_freq	relation_type	gpt2	1525264	3593792	3.43
2026-05-10T19:00:16+02:00	fixed_freq	relation_type	gpt2	1525264	3622496	3.45
2026-05-10T19:00:26+02:00	fixed_freq	relation_type	gpt2	1525264	3480660	3.32
2026-05-10T19:00:36+02:00	fixed_freq	relation_type	gpt2	1525264	3593764	3.43
2026-05-10T19:00:46+02:00	fixed_freq	relation_type	gpt2	1525264	3593952	3.43
2026-05-10T19:00:56+02:00	fixed_freq	relation_type	gpt2	1525264	3598640	3.43
2026-05-10T19:01:06+02:00	fixed_freq	relation_type	gpt2	1525264	3598820	3.43
2026-05-10T19:01:16+02:00	fixed_freq	relation_type	gpt2	1525264	3593940	3.43
2026-05-10T19:01:26+02:00	fixed_freq	relation_type	gpt2	1525264	3593868	3.43
2026-05-10T19:01:36+02:00	fixed_freq	relation_type	gpt2	1525264	3598528	3.43
2026-05-10T19:01:46+02:00	fixed_freq	relation_type	gpt2	1525264	3660236	3.49
2026-05-10T19:01:56+02:00	fixed_freq	relation_type	gpt2	1525264	3593832	3.43
2026-05-10T19:02:06+02:00	fixed_freq	relation_type	gpt2	1525264	3704860	3.53
2026-05-10T19:02:16+02:00	fixed_freq	relation_type	gpt2	1525264	3558848	3.39
2026-05-10T19:02:26+02:00	fixed_freq	relation_type	gpt2	1525264	3593884	3.43
2026-05-10T19:02:36+02:00	fixed_freq	relation_type	gpt2	1525264	3593780	3.43
2026-05-10T19:02:46+02:00	fixed_freq	relation_type	gpt2	1525264	3598712	3.43
2026-05-10T19:02:56+02:00	fixed_freq	relation_type	gpt2	1525264	3598624	3.43
2026-05-10T19:03:06+02:00	fixed_freq	relation_type	gpt2	1525264	3660340	3.49
2026-05-10T19:03:16+02:00	fixed_freq	relation_type	gpt2	1525264	3593940	3.43
2026-05-10T19:03:26+02:00	fixed_freq	relation_type	gpt2	1525264	3598636	3.43
2026-05-10T19:03:36+02:00	fixed_freq	relation_type	gpt2	1525264	3598552	3.43
2026-05-10T19:03:46+02:00	fixed_freq	relation_type	gpt2	1525264	3660228	3.49
2026-05-10T19:03:56+02:00	fixed_freq	relation_type	gpt2	1525264	3593784	3.43
2026-05-10T19:04:06+02:00	fixed_freq	relation_type	gpt2	1525264	3598704	3.43
2026-05-10T19:04:16+02:00	fixed_freq	relation_type	gpt2	1525264	3598608	3.43
2026-05-10T19:04:26+02:00	fixed_freq	relation_type	gpt2	1525264	3705848	3.53
2026-05-10T19:04:36+02:00	fixed_freq	relation_type	gpt2	1525264	3659128	3.49
2026-05-10T19:04:46+02:00	fixed_freq	relation_type	gpt2	1525264	3502396	3.34
2026-05-10T19:04:56+02:00	fixed_freq	relation_type	gpt2	1525264	3593964	3.43
2026-05-10T19:05:06+02:00	fixed_freq	relation_type	gpt2	1525264	3598640	3.43
2026-05-10T19:05:16+02:00	fixed_freq	relation_type	gpt2	1525264	3705620	3.53
2026-05-10T19:05:26+02:00	fixed_freq	relation_type	gpt2	1525264	3598676	3.43
2026-05-10T19:05:36+02:00	fixed_freq	relation_type	gpt2	1525264	3660352	3.49
2026-05-10T19:05:46+02:00	fixed_freq	relation_type	gpt2	1525264	3565004	3.40
2026-05-10T19:05:56+02:00	fixed_freq	relation_type	gpt2	1525264	3579564	3.41
2026-05-10T19:06:06+02:00	fixed_freq	relation_type	gpt2	1525264	3598736	3.43
2026-05-10T19:06:16+02:00	fixed_freq	relation_type	gpt2	1525264	3598652	3.43
2026-05-10T19:06:26+02:00	fixed_freq	relation_type	gpt2	1525264	3593756	3.43
2026-05-10T19:06:36+02:00	fixed_freq	relation_type	gpt2	1525264	3593928	3.43
2026-05-10T19:06:46+02:00	fixed_freq	relation_type	gpt2	1525264	3593840	3.43
2026-05-10T19:06:56+02:00	fixed_freq	relation_type	gpt2	1525264	3598764	3.43
2026-05-10T19:07:06+02:00	fixed_freq	relation_type	gpt2	1525264	3593924	3.43
2026-05-10T19:07:16+02:00	fixed_freq	relation_type	gpt2	1525264	3593828	3.43
2026-05-10T19:07:26+02:00	fixed_freq	relation_type	gpt2	1525264	3598760	3.43
2026-05-10T19:07:36+02:00	fixed_freq	relation_type	gpt2	1525264	3598648	3.43
2026-05-10T19:07:46+02:00	fixed_freq	relation_type	gpt2	1525264	3622832	3.46
2026-05-10T19:07:56+02:00	fixed_freq	relation_type	gpt2	1525264	3484100	3.32
2026-05-10T19:08:06+02:00	fixed_freq	relation_type	gpt2	1525264	3598604	3.43
2026-05-10T19:08:16+02:00	fixed_freq	relation_type	gpt2	1525264	3598796	3.43
2026-05-10T19:08:26+02:00	fixed_freq	relation_type	gpt2	1525264	3593344	3.43
2026-05-10T19:08:36+02:00	fixed_freq	relation_type	gpt2	1525264	3593784	3.43
2026-05-10T19:08:46+02:00	fixed_freq	relation_type	gpt2	1525264	3598716	3.43
2026-05-10T19:08:56+02:00	fixed_freq	relation_type	gpt2	1525264	3598644	3.43
2026-05-10T19:09:06+02:00	fixed_freq	relation_type	gpt2	1525264	3660568	3.49
2026-05-10T19:09:16+02:00	fixed_freq	relation_type	gpt2	1525264	3555844	3.39
2026-05-10T19:09:26+02:00	fixed_freq	relation_type	gpt2	1525264	3598520	3.43
2026-05-10T19:09:36+02:00	fixed_freq	relation_type	gpt2	1525264	3598688	3.43
2026-05-10T19:09:46+02:00	fixed_freq	relation_type	gpt2	1525264	3598600	3.43
2026-05-10T19:09:56+02:00	fixed_freq	relation_type	gpt2	1525264	3600364	3.43
2026-05-10T19:10:06+02:00	fixed_freq	relation_type	gpt2	1525264	3660220	3.49
2026-05-10T19:10:16+02:00	fixed_freq	relation_type	gpt2	1525264	3593820	3.43
2026-05-10T19:10:26+02:00	fixed_freq	relation_type	gpt2	1525264	3598744	3.43
2026-05-10T19:10:36+02:00	fixed_freq	relation_type	gpt2	1525264	3598940	3.43
2026-05-10T19:10:46+02:00	fixed_freq	relation_type	gpt2	1525264	3492364	3.33
2026-05-10T19:10:56+02:00	fixed_freq	relation_type	gpt2	1525264	3593904	3.43
2026-05-10T19:11:06+02:00	fixed_freq	relation_type	gpt2	1525264	3598600	3.43
2026-05-10T19:11:16+02:00	fixed_freq	relation_type	gpt2	1525264	3598508	3.43
2026-05-10T19:11:26+02:00	fixed_freq	relation_type	gpt2	1525264	3622448	3.45
2026-05-10T19:11:36+02:00	fixed_freq	relation_type	gpt2	1525264	3660132	3.49
2026-05-10T19:11:46+02:00	fixed_freq	relation_type	gpt2	1525264	3598752	3.43
2026-05-10T19:11:56+02:00	fixed_freq	relation_type	gpt2	1525264	3598708	3.43
2026-05-10T19:12:06+02:00	fixed_freq	relation_type	gpt2	1525264	3598636	3.43
2026-05-10T19:12:16+02:00	fixed_freq	relation_type	gpt2	1525264	3598556	3.43
2026-05-10T19:12:26+02:00	fixed_freq	relation_type	gpt2	1525264	3598696	3.43
2026-05-10T19:12:36+02:00	fixed_freq	relation_type	gpt2	1525264	3598600	3.43
2026-05-10T19:12:46+02:00	fixed_freq	relation_type	gpt2	1525264	3598528	3.43
2026-05-10T19:12:56+02:00	fixed_freq	relation_type	gpt2	1525264	3705764	3.53
2026-05-10T19:13:06+02:00	fixed_freq	relation_type	gpt2	1525264	3704636	3.53
2026-05-10T19:13:16+02:00	fixed_freq	relation_type	gpt2	1525264	3594004	3.43
2026-05-10T19:13:26+02:00	fixed_freq	relation_type	gpt2	1525264	3660228	3.49
2026-05-10T19:13:36+02:00	fixed_freq	relation_type	gpt2	1525264	3593860	3.43
2026-05-10T19:13:46+02:00	fixed_freq	relation_type	gpt2	1525264	3593776	3.43
2026-05-10T19:13:56+02:00	fixed_freq	relation_type	gpt2	1525264	3593944	3.43
2026-05-10T19:14:06+02:00	fixed_freq	relation_type	gpt2	1525264	3593884	3.43
2026-05-10T19:14:16+02:00	fixed_freq	relation_type	gpt2	1525264	3598548	3.43
2026-05-10T19:14:26+02:00	fixed_freq	relation_type	gpt2	1525264	3598732	3.43
2026-05-10T19:14:36+02:00	fixed_freq	relation_type	gpt2	1525264	3507132	3.34
2026-05-10T19:14:46+02:00	fixed_freq	relation_type	gpt2	1525264	3507132	3.34
2026-05-10T19:14:56+02:00	fixed_freq	relation_type	gpt2	1525264	3463068	3.30
2026-05-10T19:15:06+02:00	fixed_freq	relation_type	gpt2	1525264	3507328	3.34
2026-05-10T19:15:16+02:00	fixed_freq	relation_type	gpt2	1525264	3457928	3.30
2026-05-10T19:15:26+02:00	fixed_freq	relation_type	gpt2	1525264	3454300	3.29
2026-05-10T19:15:36+02:00	fixed_freq	relation_type	gpt2	1525264	3502968	3.34
2026-05-10T19:15:46+02:00	fixed_freq	relation_type	gpt2	1525264	3502968	3.34
2026-05-10T19:15:56+02:00	fixed_freq	relation_type	gpt2	1525264	3494800	3.33
2026-05-10T19:16:06+02:00	fixed_freq	relation_type	gpt2	1525264	3502968	3.34
2026-05-10T19:16:16+02:00	fixed_freq	relation_type	gpt2	1525264	3501192	3.34
2026-05-10T19:16:26+02:00	fixed_freq	relation_type	gpt2	1525264	3507132	3.34
2026-05-10T19:16:36+02:00	fixed_freq	relation_type	gpt2	1525264	3503036	3.34
2026-05-10T19:16:46+02:00	fixed_freq	relation_type	gpt2	1525264	3459976	3.30
2026-05-10T19:16:56+02:00	fixed_freq	relation_type	gpt2	1525264	3503036	3.34
2026-05-10T19:17:06+02:00	fixed_freq	relation_type	gpt2	1525264	3501192	3.34
2026-05-10T19:17:16+02:00	fixed_freq	relation_type	gpt2	1525264	3501140	3.34
2026-05-10T19:17:26+02:00	fixed_freq	relation_type	gpt2	1525264	3502968	3.34
2026-05-10T19:17:36+02:00	fixed_freq	relation_type	gpt2	1525264	3502968	3.34
2026-05-10T19:17:46+02:00	fixed_freq	relation_type	gpt2	1525264	3466172	3.31
2026-05-10T19:17:56+02:00	fixed_freq	relation_type	gpt2	1525264	3463068	3.30
2026-05-10T19:18:06+02:00	fixed_freq	relation_type	gpt2	1525264	3501140	3.34
2026-05-10T19:18:16+02:00	fixed_freq	relation_type	gpt2	1525264	3470520	3.31
2026-05-10T19:18:26+02:00	fixed_freq	relation_type	gpt2	1525264	3470060	3.31
2026-05-10T19:18:36+02:00	fixed_freq	relation_type	gpt2	1525264	3501192	3.34
2026-05-10T19:18:46+02:00	fixed_freq	relation_type	gpt2	1525264	3466968	3.31
2026-05-10T19:18:56+02:00	fixed_freq	relation_type	gpt2	1525264	3507132	3.34
2026-05-10T19:19:06+02:00	fixed_freq	relation_type	gpt2	1525264	3463596	3.30
2026-05-10T19:19:16+02:00	fixed_freq	relation_type	gpt2	1525264	3501140	3.34
2026-05-10T19:19:26+02:00	fixed_freq	relation_type	gpt2	1525264	3502968	3.34
2026-05-10T19:19:36+02:00	fixed_freq	relation_type	gpt2	1525264	3502968	3.34
2026-05-10T19:19:46+02:00	fixed_freq	relation_type	gpt2	1525264	3463068	3.30
2026-05-10T19:19:56+02:00	fixed_freq	relation_type	gpt2	1525264	3502968	3.34
2026-05-10T19:20:06+02:00	fixed_freq	relation_type	gpt2	1525264	3463068	3.30
2026-05-10T19:20:16+02:00	fixed_freq	relation_type	gpt2	1525264	3507328	3.34
2026-05-10T19:20:26+02:00	fixed_freq	relation_type	gpt2	1525264	3507132	3.34
2026-05-10T19:20:36+02:00	fixed_freq	relation_type	gpt2	1525264	3503036	3.34
2026-05-10T19:20:46+02:00	fixed_freq	relation_type	gpt2	1525264	3503036	3.34
2026-05-10T19:20:56+02:00	fixed_freq	relation_type	gpt2	1525264	3463068	3.30
2026-05-10T19:21:06+02:00	fixed_freq	relation_type	gpt2	1525264	3501192	3.34
2026-05-10T19:21:16+02:00	fixed_freq	relation_type	gpt2	1525264	3507132	3.34
2026-05-10T19:21:26+02:00	fixed_freq	relation_type	gpt2	1525264	3502968	3.34
2026-05-10T19:21:36+02:00	fixed_freq	relation_type	gpt2	1525264	3507388	3.34
2026-05-10T19:21:46+02:00	fixed_freq	relation_type	gpt2	1525264	3470268	3.31
2026-05-10T19:21:56+02:00	fixed_freq	relation_type	gpt2	1525264	3502968	3.34
2026-05-10T19:22:06+02:00	fixed_freq	relation_type	gpt2	1525264	3501140	3.34
2026-05-10T19:22:16+02:00	fixed_freq	relation_type	gpt2	1525264	3454300	3.29
2026-05-10T19:22:26+02:00	fixed_freq	relation_type	gpt2	1525264	3502968	3.34
2026-05-10T19:22:36+02:00	fixed_freq	relation_type	gpt2	1525264	3454300	3.29
2026-05-10T19:22:46+02:00	fixed_freq	relation_type	gpt2	1525264	3499144	3.34
2026-05-10T19:22:56+02:00	fixed_freq	relation_type	gpt2	1525264	3474484	3.31
2026-05-10T19:23:06+02:00	fixed_freq	relation_type	gpt2	1525264	3484868	3.32
2026-05-10T19:23:16+02:00	fixed_freq	relation_type	gpt2	1525264	3484868	3.32
2026-05-10T19:23:26+02:00	fixed_freq	relation_type	gpt2	1525264	3484868	3.32
2026-05-10T19:23:36+02:00	fixed_freq	relation_type	gpt2	1525264	3484868	3.32
2026-05-10T19:23:46+02:00	fixed_freq	relation_type	gpt2	1525264	3484868	3.32
2026-05-10T19:23:56+02:00	fixed_freq	relation_type	gpt2	1525264	3484868	3.32
2026-05-10T19:24:06+02:00	fixed_freq	relation_type	gpt2	1525264	3484868	3.32
2026-05-10T19:24:16+02:00	fixed_freq	relation_type	gpt2	1525264	3484868	3.32
2026-05-10T19:24:26+02:00	fixed_freq	relation_type	gpt2	1525264	3484868	3.32
2026-05-10T19:24:36+02:00	fixed_freq	relation_type	gpt2	1525264	3484868	3.32
2026-05-10T19:24:46+02:00	fixed_freq	relation_type	gpt2	1525264	3484868	3.32
2026-05-10T19:24:56+02:00	fixed_freq	relation_type	gpt2	1525264	3484868	3.32
2026-05-10T19:25:06+02:00	fixed_freq	relation_type	gpt2	1525264	3484868	3.32
2026-05-10T19:25:16+02:00	fixed_freq	relation_type	gpt2	1525264	3484868	3.32
2026-05-10T19:25:26+02:00	fixed_freq	relation_type	gpt2	1525264	3484868	3.32
2026-05-10T19:25:36+02:00	fixed_freq	relation_type	gpt2	1525264	3484868	3.32
2026-05-10T19:25:46+02:00	fixed_freq	relation_type	gpt2	1525264	3484868	3.32
2026-05-10T19:25:56+02:00	fixed_freq	relation_type	gpt2	1525264	3484868	3.32
2026-05-10T19:26:06+02:00	fixed_freq	relation_type	gpt2	1525264	3484868	3.32
2026-05-10T19:26:16+02:00	fixed_freq	relation_type	gpt2	1525264	3484868	3.32
2026-05-10T19:26:26+02:00	fixed_freq	relation_type	gpt2	1525264	3484868	3.32
2026-05-10T19:26:36+02:00	fixed_freq	relation_type	gpt2	1525264	3484868	3.32
2026-05-10T19:26:46+02:00	fixed_freq	relation_type	gpt2	1525264	3484868	3.32
2026-05-10T19:26:56+02:00	fixed_freq	relation_type	gpt2	1525264	3484868	3.32
2026-05-10T19:27:06+02:00	fixed_freq	relation_type	gpt2	1525264	3493512	3.33
2026-05-10T19:27:16+02:00	fixed_freq	relation_type	gpt2	1525264	3501704	3.34
2026-05-10T19:27:26+02:00	fixed_freq	relation_type	gpt2	1525264	3485076	3.32
2026-05-10T19:27:36+02:00	fixed_freq	relation_type	gpt2	1525264	3485076	3.32
2026-05-10T19:27:46+02:00	fixed_freq	relation_type	gpt2	1525264	3507848	3.35
2026-05-10T19:27:56+02:00	fixed_freq	relation_type	gpt2	1525264	3493512	3.33
2026-05-10T19:28:06+02:00	fixed_freq	relation_type	gpt2	1525264	3485076	3.32
2026-05-10T19:28:16+02:00	fixed_freq	relation_type	gpt2	1525264	3485076	3.32
2026-05-10T19:28:26+02:00	fixed_freq	relation_type	gpt2	1525264	3493268	3.33
2026-05-10T19:28:36+02:00	fixed_freq	relation_type	gpt2	1525264	3501704	3.34
2026-05-10T19:28:46+02:00	fixed_freq	relation_type	gpt2	1525264	3485076	3.32
2026-05-10T19:28:56+02:00	fixed_freq	relation_type	gpt2	1525264	3485076	3.32
2026-05-10T19:29:06+02:00	fixed_freq	relation_type	gpt2	1525264	3485076	3.32
2026-05-10T19:29:16+02:00	fixed_freq	relation_type	gpt2	1525264	3485076	3.32
2026-05-10T19:29:26+02:00	fixed_freq	relation_type	gpt2	1525264	3485076	3.32
2026-05-10T19:29:36+02:00	fixed_freq	relation_type	gpt2	1525264	3485076	3.32
2026-05-10T19:29:46+02:00	fixed_freq	relation_type	gpt2	1525264	3485076	3.32
2026-05-10T19:29:56+02:00	fixed_freq	relation_type	gpt2	1525264	3485076	3.32
2026-05-10T19:30:06+02:00	fixed_freq	relation_type	gpt2	1525264	3485076	3.32
2026-05-10T19:30:16+02:00	fixed_freq	relation_type	gpt2	1525264	3520136	3.36
2026-05-10T19:30:26+02:00	fixed_freq	relation_type	gpt2	1525264	3485076	3.32
2026-05-10T19:30:36+02:00	fixed_freq	relation_type	gpt2	1525264	3485076	3.32
2026-05-10T19:30:46+02:00	fixed_freq	relation_type	gpt2	1525264	3501704	3.34
2026-05-10T19:30:56+02:00	fixed_freq	relation_type	gpt2	1525264	3485076	3.32
2026-05-10T19:31:06+02:00	fixed_freq	relation_type	gpt2	1525264	3493512	3.33
2026-05-10T19:31:16+02:00	fixed_freq	relation_type	gpt2	1525264	3485076	3.32
2026-05-10T19:31:26+02:00	fixed_freq	relation_type	gpt2	1525264	3507848	3.35
2026-05-10T19:31:36+02:00	fixed_freq	relation_type	gpt2	1525264	3485076	3.32
2026-05-10T19:31:46+02:00	fixed_freq	relation_type	gpt2	1525264	3493512	3.33
2026-05-10T19:31:56+02:00	fixed_freq	relation_type	gpt2	1525264	3485076	3.32
2026-05-10T19:32:06+02:00	fixed_freq	relation_type	gpt2	1525264	3507848	3.35
2026-05-10T19:32:16+02:00	fixed_freq	relation_type	gpt2	1525264	3485076	3.32
2026-05-10T19:32:26+02:00	fixed_freq	relation_type	gpt2	1525264	3485076	3.32
2026-05-10T19:32:36+02:00	fixed_freq	relation_type	gpt2	1525264	3493268	3.33
2026-05-10T19:32:46+02:00	fixed_freq	relation_type	gpt2	1525264	3520136	3.36
2026-05-10T19:32:56+02:00	fixed_freq	relation_type	gpt2	1525264	3557080	3.39
2026-05-10T19:33:06+02:00	fixed_freq	relation_type	gpt2	1525264	3635432	3.47
2026-05-10T19:33:16+02:00	fixed_freq	relation_type	gpt2	1525264	3612276	3.44
2026-05-10T19:33:26+02:00	fixed_freq	relation_type	gpt2	1525264	3668008	3.50
2026-05-10T19:33:36+02:00	fixed_freq	relation_type	gpt2	1525264	3620988	3.45
2026-05-10T19:33:46+02:00	fixed_freq	relation_type	gpt2	1525264	3560624	3.40
2026-05-10T19:33:56+02:00	fixed_freq	relation_type	gpt2	1525264	3547232	3.38
2026-05-10T19:34:06+02:00	fixed_freq	relation_type	gpt2	1525264	3560624	3.40
2026-05-10T19:34:16+02:00	fixed_freq	relation_type	gpt2	1525264	3560624	3.40
2026-05-10T19:34:26+02:00	fixed_freq	relation_type	gpt2	1525264	3561676	3.40
2026-05-10T19:34:36+02:00	fixed_freq	relation_type	gpt2	1525264	3547232	3.38
2026-05-10T19:34:46+02:00	fixed_freq	relation_type	gpt2	1525264	3561676	3.40
2026-05-10T19:34:56+02:00	fixed_freq	relation_type	gpt2	1525264	3565772	3.40
2026-05-10T19:35:06+02:00	fixed_freq	relation_type	gpt2	1525264	3566556	3.40
2026-05-10T19:35:16+02:00	fixed_freq	relation_type	gpt2	1525264	3561676	3.40
2026-05-10T19:35:26+02:00	fixed_freq	relation_type	gpt2	1525264	3547232	3.38
2026-05-10T19:35:36+02:00	fixed_freq	relation_type	gpt2	1525264	3565772	3.40
2026-05-10T19:35:46+02:00	fixed_freq	relation_type	gpt2	1525264	3547232	3.38
2026-05-10T19:35:56+02:00	fixed_freq	relation_type	gpt2	1525264	3593988	3.43
2026-05-10T19:36:06+02:00	fixed_freq	relation_type	gpt2	1525264	3561676	3.40
2026-05-10T19:36:16+02:00	fixed_freq	relation_type	gpt2	1525264	3547232	3.38
2026-05-10T19:36:26+02:00	fixed_freq	relation_type	gpt2	1525264	3593988	3.43
2026-05-10T19:36:36+02:00	fixed_freq	relation_type	gpt2	1525264	3547232	3.38
2026-05-10T19:36:46+02:00	fixed_freq	relation_type	gpt2	1525264	3593988	3.43
2026-05-10T19:36:56+02:00	fixed_freq	relation_type	gpt2	1525264	3593988	3.43
2026-05-10T19:37:06+02:00	fixed_freq	relation_type	gpt2	1525264	3547232	3.38
2026-05-10T19:37:16+02:00	fixed_freq	relation_type	gpt2	1525264	3547232	3.38
2026-05-10T19:37:26+02:00	fixed_freq	relation_type	gpt2	1525264	3547232	3.38
2026-05-10T19:37:36+02:00	fixed_freq	relation_type	gpt2	1525264	3547232	3.38
2026-05-10T19:37:46+02:00	fixed_freq	relation_type	gpt2	1525264	3547232	3.38
2026-05-10T19:37:56+02:00	fixed_freq	relation_type	gpt2	1525264	3561676	3.40
2026-05-10T19:38:06+02:00	fixed_freq	relation_type	gpt2	1525264	3547232	3.38
2026-05-10T19:38:16+02:00	fixed_freq	relation_type	gpt2	1525264	3547232	3.38
2026-05-10T19:38:26+02:00	fixed_freq	relation_type	gpt2	1525264	3593988	3.43
2026-05-10T19:38:36+02:00	fixed_freq	relation_type	gpt2	1525264	3547232	3.38
2026-05-10T19:38:46+02:00	fixed_freq	relation_type	gpt2	1525264	3566820	3.40
2026-05-10T19:38:56+02:00	fixed_freq	relation_type	gpt2	1525264	3547232	3.38
2026-05-10T19:39:06+02:00	fixed_freq	relation_type	gpt2	1525264	3588356	3.42
2026-05-10T19:39:16+02:00	fixed_freq	relation_type	gpt2	1525264	3547232	3.38
2026-05-10T19:39:26+02:00	fixed_freq	relation_type	gpt2	1525264	3547232	3.38
2026-05-10T19:39:36+02:00	fixed_freq	relation_type	gpt2	1525264	3547232	3.38
2026-05-10T19:39:46+02:00	fixed_freq	relation_type	gpt2	1525264	3560624	3.40
2026-05-10T19:39:56+02:00	fixed_freq	relation_type	gpt2	1525264	3561676	3.40
2026-05-10T19:40:06+02:00	fixed_freq	relation_type	gpt2	1525264	3566556	3.40
2026-05-10T19:40:16+02:00	fixed_freq	relation_type	gpt2	1525264	3547232	3.38
2026-05-10T19:40:26+02:00	fixed_freq	relation_type	gpt2	1525264	3593988	3.43
2026-05-10T19:40:36+02:00	fixed_freq	relation_type	gpt2	1525264	3560624	3.40
2026-05-10T19:40:46+02:00	fixed_freq	relation_type	gpt2	1525264	3547232	3.38
2026-05-10T19:40:56+02:00	fixed_freq	relation_type	gpt2	1525264	3547232	3.38
2026-05-10T19:41:07+02:00	fixed_freq	relation_type	gpt2	1525264	3547232	3.38
2026-05-10T19:41:17+02:00	fixed_freq	relation_type	gpt2	1525264	3547232	3.38
2026-05-10T19:41:27+02:00	fixed_freq	relation_type	gpt2	1525264	3547232	3.38
2026-05-10T19:41:37+02:00	fixed_freq	relation_type	gpt2	1525264	3547232	3.38
2026-05-10T19:41:47+02:00	fixed_freq	relation_type	gpt2	1525264	3547232	3.38
2026-05-10T19:41:57+02:00	fixed_freq	relation_type	gpt2	1525264	3547232	3.38
2026-05-10T19:42:07+02:00	fixed_freq	relation_type	gpt2	1525264	3547232	3.38
2026-05-10T19:42:17+02:00	fixed_freq	relation_type	gpt2	1525264	3547232	3.38
2026-05-10T19:42:27+02:00	fixed_freq	relation_type	gpt2	1525264	3547232	3.38
2026-05-10T19:42:37+02:00	fixed_freq	relation_type	gpt2	1525264	3547232	3.38
2026-05-10T19:42:47+02:00	fixed_freq	relation_type	gpt2	1525264	3547232	3.38
2026-05-10T19:42:57+02:00	fixed_freq	relation_type	gpt2	1525264	3547232	3.38
2026-05-10T19:43:07+02:00	fixed_freq	relation_type	gpt2	1525264	3547232	3.38
2026-05-10T19:43:17+02:00	fixed_freq	relation_type	gpt2	1525264	3547232	3.38
2026-05-10T19:43:27+02:00	fixed_freq	relation_type	gpt2	1525264	3547232	3.38
2026-05-10T19:43:37+02:00	fixed_freq	relation_type	gpt2	1525264	3547232	3.38
2026-05-10T19:43:47+02:00	fixed_freq	relation_type	gpt2	1525264	3547232	3.38
2026-05-10T19:43:57+02:00	fixed_freq	relation_type	gpt2	1525264	3547232	3.38
2026-05-10T19:44:07+02:00	fixed_freq	relation_type	gpt2	1525264	3547232	3.38
2026-05-10T19:44:17+02:00	fixed_freq	relation_type	gpt2	1525264	3547232	3.38
2026-05-10T19:44:27+02:00	fixed_freq	relation_type	gpt2	1525264	3547232	3.38
2026-05-10T19:44:37+02:00	fixed_freq	relation_type	gpt2	1525264	3547232	3.38
2026-05-10T19:44:47+02:00	fixed_freq	relation_type	gpt2	1525264	3547232	3.38
2026-05-10T19:44:57+02:00	fixed_freq	relation_type	gpt2	1525264	3547232	3.38
2026-05-10T19:45:07+02:00	fixed_freq	relation_type	gpt2	1525264	3547232	3.38
2026-05-10T19:45:17+02:00	fixed_freq	relation_type	gpt2	1525264	3547232	3.38
2026-05-10T19:45:27+02:00	fixed_freq	relation_type	gpt2	1525264	3647940	3.48
2026-05-10T19:45:37+02:00	fixed_freq	relation_type	gpt2	1525264	3648052	3.48
2026-05-10T19:45:47+02:00	fixed_freq	relation_type	gpt2	1525264	3643168	3.47
2026-05-10T19:45:57+02:00	fixed_freq	relation_type	gpt2	1525264	3754928	3.58
2026-05-10T19:46:07+02:00	fixed_freq	relation_type	gpt2	1525264	3643212	3.47
2026-05-10T19:46:17+02:00	fixed_freq	relation_type	gpt2	1525264	3754684	3.58
2026-05-10T19:46:27+02:00	fixed_freq	relation_type	gpt2	1525264	3658596	3.49
2026-05-10T19:46:37+02:00	fixed_freq	relation_type	gpt2	1525264	3583244	3.42
2026-05-10T19:46:47+02:00	fixed_freq	relation_type	gpt2	1525264	3662108	3.49
2026-05-10T19:46:57+02:00	fixed_freq	relation_type	gpt2	1525264	3647940	3.48
2026-05-10T19:47:07+02:00	fixed_freq	relation_type	gpt2	1525264	3754684	3.58
2026-05-10T19:47:17+02:00	fixed_freq	relation_type	gpt2	1525264	3647996	3.48
2026-05-10T19:47:27+02:00	fixed_freq	relation_type	gpt2	1525264	3709136	3.54
2026-05-10T19:47:37+02:00	fixed_freq	relation_type	gpt2	1525264	3643272	3.47
2026-05-10T19:47:47+02:00	fixed_freq	relation_type	gpt2	1525264	3647952	3.48
2026-05-10T19:47:57+02:00	fixed_freq	relation_type	gpt2	1525264	3647896	3.48
2026-05-10T19:48:07+02:00	fixed_freq	relation_type	gpt2	1525264	3709344	3.54
2026-05-10T19:48:17+02:00	fixed_freq	relation_type	gpt2	1525264	3647952	3.48
2026-05-10T19:48:27+02:00	fixed_freq	relation_type	gpt2	1525264	3643308	3.47
2026-05-10T19:48:37+02:00	fixed_freq	relation_type	gpt2	1525264	3647976	3.48
2026-05-10T19:48:47+02:00	fixed_freq	relation_type	gpt2	1525264	3643100	3.47
2026-05-10T19:48:57+02:00	fixed_freq	relation_type	gpt2	1525264	3648044	3.48
2026-05-10T19:49:07+02:00	fixed_freq	relation_type	gpt2	1525264	3643120	3.47
2026-05-10T19:49:17+02:00	fixed_freq	relation_type	gpt2	1525264	3648052	3.48
2026-05-10T19:49:27+02:00	fixed_freq	relation_type	gpt2	1525264	3612560	3.45
2026-05-10T19:49:37+02:00	fixed_freq	relation_type	gpt2	1525264	3647856	3.48
2026-05-10T19:49:47+02:00	fixed_freq	relation_type	gpt2	1525264	3709588	3.54
2026-05-10T19:49:57+02:00	fixed_freq	relation_type	gpt2	1525264	3643184	3.47
2026-05-10T19:50:07+02:00	fixed_freq	relation_type	gpt2	1525264	3647836	3.48
2026-05-10T19:50:17+02:00	fixed_freq	relation_type	gpt2	1525264	3614304	3.45
2026-05-10T19:50:27+02:00	fixed_freq	relation_type	gpt2	1525264	3643136	3.47
2026-05-10T19:50:37+02:00	fixed_freq	relation_type	gpt2	1525264	3647820	3.48
2026-05-10T19:50:47+02:00	fixed_freq	relation_type	gpt2	1525264	3607316	3.44
2026-05-10T19:50:57+02:00	fixed_freq	relation_type	gpt2	1525264	3643144	3.47
2026-05-10T19:51:07+02:00	fixed_freq	relation_type	gpt2	1525264	3647812	3.48
2026-05-10T19:51:17+02:00	fixed_freq	relation_type	gpt2	1525264	3643188	3.47
2026-05-10T19:51:27+02:00	fixed_freq	relation_type	gpt2	1525264	3647844	3.48
2026-05-10T19:51:37+02:00	fixed_freq	relation_type	gpt2	1525264	3709532	3.54
2026-05-10T19:51:47+02:00	fixed_freq	relation_type	gpt2	1525264	3647888	3.48
2026-05-10T19:51:57+02:00	fixed_freq	relation_type	gpt2	1525264	3671556	3.50
2026-05-10T19:52:07+02:00	fixed_freq	relation_type	gpt2	1525264	3643176	3.47
2026-05-10T19:52:17+02:00	fixed_freq	relation_type	gpt2	1525264	3669224	3.50
2026-05-10T19:52:27+02:00	fixed_freq	relation_type	gpt2	1525264	3516980	3.35
2026-05-10T19:52:37+02:00	fixed_freq	relation_type	gpt2	1525264	3643112	3.47
2026-05-10T19:52:47+02:00	fixed_freq	relation_type	gpt2	1525264	3663360	3.49
2026-05-10T19:52:57+02:00	fixed_freq	relation_type	gpt2	1525264	3709484	3.54
2026-05-10T19:53:07+02:00	fixed_freq	relation_type	gpt2	1525264	3642836	3.47
2026-05-10T19:53:17+02:00	fixed_freq	relation_type	gpt2	1525264	3648036	3.48
2026-05-10T19:53:27+02:00	fixed_freq	relation_type	gpt2	1525264	3754772	3.58
2026-05-10T19:53:37+02:00	fixed_freq	relation_type	gpt2	1525264	3643076	3.47
2026-05-10T19:53:47+02:00	fixed_freq	relation_type	gpt2	1525264	3648028	3.48
2026-05-10T19:53:57+02:00	fixed_freq	relation_type	gpt2	1525264	3701796	3.53
2026-05-10T19:54:07+02:00	fixed_freq	relation_type	gpt2	1525264	3647828	3.48
2026-05-10T19:54:17+02:00	fixed_freq	relation_type	gpt2	1525264	3672068	3.50
2026-05-10T19:54:27+02:00	fixed_freq	relation_type	gpt2	1525264	3647904	3.48
2026-05-10T19:54:37+02:00	fixed_freq	relation_type	gpt2	1525264	3672068	3.50
2026-05-10T19:54:47+02:00	fixed_freq	relation_type	gpt2	1525264	3647892	3.48
2026-05-10T19:54:57+02:00	fixed_freq	relation_type	gpt2	1525264	3648056	3.48
2026-05-10T19:55:07+02:00	fixed_freq	relation_type	gpt2	1525264	3709488	3.54
2026-05-10T19:55:17+02:00	fixed_freq	relation_type	gpt2	1525264	3643080	3.47
2026-05-10T19:55:27+02:00	fixed_freq	relation_type	gpt2	1525264	3648004	3.48
2026-05-10T19:55:37+02:00	fixed_freq	relation_type	gpt2	1525264	3709456	3.54
2026-05-10T19:55:47+02:00	fixed_freq	relation_type	gpt2	1525264	3647812	3.48
2026-05-10T19:55:57+02:00	fixed_freq	relation_type	gpt2	1525264	3754552	3.58
2026-05-10T19:56:07+02:00	fixed_freq	relation_type	gpt2	1525264	3643116	3.47
2026-05-10T19:56:17+02:00	fixed_freq	relation_type	gpt2	1525264	3648048	3.48
2026-05-10T19:56:27+02:00	fixed_freq	relation_type	gpt2	1525264	3643152	3.47
2026-05-10T19:56:37+02:00	fixed_freq	relation_type	gpt2	1525264	3647832	3.48
2026-05-10T19:56:47+02:00	fixed_freq	relation_type	gpt2	1525264	3602292	3.44
2026-05-10T19:56:57+02:00	fixed_freq	relation_type	gpt2	1525264	3662944	3.49
2026-05-10T19:57:07+02:00	fixed_freq	relation_type	gpt2	1525264	3754892	3.58
2026-05-10T19:57:17+02:00	fixed_freq	relation_type	gpt2	1525264	3647952	3.48
2026-05-10T19:57:27+02:00	fixed_freq	relation_type	gpt2	1525264	3643296	3.47
2026-05-10T19:57:37+02:00	fixed_freq	relation_type	gpt2	1525264	3754780	3.58
2026-05-10T19:57:47+02:00	fixed_freq	relation_type	gpt2	1525264	3643056	3.47
2026-05-10T19:57:57+02:00	fixed_freq	relation_type	gpt2	1525264	3647984	3.48
2026-05-10T19:58:07+02:00	fixed_freq	relation_type	gpt2	1525264	3667712	3.50
2026-05-10T19:58:17+02:00	fixed_freq	relation_type	gpt2	1525264	3643256	3.47
2026-05-10T19:58:27+02:00	fixed_freq	relation_type	gpt2	1525264	3671940	3.50
2026-05-10T19:58:37+02:00	fixed_freq	relation_type	gpt2	1525264	3547780	3.38
2026-05-10T19:58:47+02:00	fixed_freq	relation_type	gpt2	1525264	3643192	3.47
2026-05-10T19:58:57+02:00	fixed_freq	relation_type	gpt2	1525264	3647852	3.48
2026-05-10T19:59:07+02:00	fixed_freq	relation_type	gpt2	1525264	3643220	3.47
2026-05-10T19:59:17+02:00	fixed_freq	relation_type	gpt2	1525264	3647908	3.48
2026-05-10T19:59:27+02:00	fixed_freq	relation_type	gpt2	1525264	3643272	3.47
2026-05-10T19:59:37+02:00	fixed_freq	relation_type	gpt2	1525264	3647964	3.48
2026-05-10T19:59:47+02:00	fixed_freq	relation_type	gpt2	1525264	3667956	3.50
2026-05-10T19:59:57+02:00	fixed_freq	relation_type	gpt2	1525264	3754880	3.58
2026-05-10T20:00:07+02:00	fixed_freq	relation_type	gpt2	1525264	3647920	3.48
2026-05-10T20:00:17+02:00	fixed_freq	relation_type	gpt2	1525264	3647844	3.48
2026-05-10T20:00:27+02:00	fixed_freq	relation_type	gpt2	1525264	3709532	3.54
2026-05-10T20:00:37+02:00	fixed_freq	relation_type	gpt2	1525264	3621756	3.45
2026-05-10T20:00:47+02:00	fixed_freq	relation_type	gpt2	1525264	3643104	3.47
2026-05-10T20:00:57+02:00	fixed_freq	relation_type	gpt2	1525264	3648052	3.48
2026-05-10T20:01:07+02:00	fixed_freq	relation_type	gpt2	1525264	3643164	3.47
2026-05-10T20:01:17+02:00	fixed_freq	relation_type	gpt2	1525264	3647852	3.48
2026-05-10T20:01:27+02:00	fixed_freq	relation_type	gpt2	1525264	3643224	3.47
2026-05-10T20:01:37+02:00	fixed_freq	relation_type	gpt2	1525264	3647896	3.48
2026-05-10T20:01:47+02:00	fixed_freq	relation_type	gpt2	1525264	3647816	3.48
2026-05-10T20:01:57+02:00	fixed_freq	relation_type	gpt2	1525264	3754268	3.58
2026-05-10T20:02:07+02:00	fixed_freq	relation_type	gpt2	1525264	3643092	3.47
2026-05-10T20:02:17+02:00	fixed_freq	relation_type	gpt2	1525264	3647804	3.48
2026-05-10T20:02:27+02:00	fixed_freq	relation_type	gpt2	1525264	3672032	3.50
2026-05-10T20:02:37+02:00	fixed_freq	relation_type	gpt2	1525264	3647876	3.48
2026-05-10T20:02:47+02:00	fixed_freq	relation_type	gpt2	1525264	3648064	3.48
2026-05-10T20:02:57+02:00	fixed_freq	relation_type	gpt2	1525264	3754772	3.58
2026-05-10T20:03:07+02:00	fixed_freq	relation_type	gpt2	1525264	3643088	3.47
2026-05-10T20:03:17+02:00	fixed_freq	relation_type	gpt2	1525264	3648024	3.48
2026-05-10T20:03:27+02:00	fixed_freq	relation_type	gpt2	1525264	3671964	3.50
2026-05-10T20:03:37+02:00	fixed_freq	relation_type	gpt2	1525264	3635144	3.47
2026-05-10T20:03:47+02:00	fixed_freq	relation_type	gpt2	1525264	3648008	3.48
2026-05-10T20:03:57+02:00	fixed_freq	relation_type	gpt2	1525264	3643088	3.47
2026-05-10T20:04:07+02:00	fixed_freq	relation_type	gpt2	1525264	3648024	3.48
2026-05-10T20:04:17+02:00	fixed_freq	relation_type	gpt2	1525264	3671976	3.50
2026-05-10T20:04:27+02:00	fixed_freq	relation_type	gpt2	1525264	3614224	3.45
2026-05-10T20:04:37+02:00	fixed_freq	relation_type	gpt2	1525264	3643296	3.47
2026-05-10T20:04:47+02:00	fixed_freq	relation_type	gpt2	1525264	3647976	3.48
2026-05-10T20:04:57+02:00	fixed_freq	relation_type	gpt2	1525264	3709392	3.54
2026-05-10T20:05:07+02:00	fixed_freq	relation_type	gpt2	1525264	3643284	3.47
2026-05-10T20:05:17+02:00	fixed_freq	relation_type	gpt2	1525264	3647936	3.48
2026-05-10T20:05:27+02:00	fixed_freq	relation_type	gpt2	1525264	3620860	3.45
2026-05-10T20:05:37+02:00	fixed_freq	relation_type	gpt2	1525264	3643216	3.47
2026-05-10T20:05:47+02:00	fixed_freq	relation_type	gpt2	1525264	3660824	3.49
2026-05-10T20:05:57+02:00	fixed_freq	relation_type	gpt2	1525264	3648020	3.48
2026-05-10T20:06:07+02:00	fixed_freq	relation_type	gpt2	1525264	3647960	3.48
2026-05-10T20:06:17+02:00	fixed_freq	relation_type	gpt2	1525264	3754676	3.58
2026-05-10T20:06:27+02:00	fixed_freq	relation_type	gpt2	1525264	3648008	3.48
2026-05-10T20:06:37+02:00	fixed_freq	relation_type	gpt2	1525264	3709428	3.54
2026-05-10T20:06:47+02:00	fixed_freq	relation_type	gpt2	1525264	3648012	3.48
2026-05-10T20:06:57+02:00	fixed_freq	relation_type	gpt2	1525264	3709428	3.54
2026-05-10T20:07:07+02:00	fixed_freq	relation_type	gpt2	1525264	3648052	3.48
2026-05-10T20:07:17+02:00	fixed_freq	relation_type	gpt2	1525264	3617784	3.45
2026-05-10T20:07:27+02:00	fixed_freq	relation_type	gpt2	1525264	3658356	3.49
2026-05-10T20:07:37+02:00	fixed_freq	relation_type	gpt2	1525264	3754028	3.58
2026-05-10T20:07:47+02:00	fixed_freq	relation_type	gpt2	1525264	3754736	3.58
2026-05-10T20:07:57+02:00	fixed_freq	relation_type	gpt2	1525264	3643060	3.47
2026-05-10T20:08:07+02:00	fixed_freq	relation_type	gpt2	1525264	3709532	3.54
2026-05-10T20:08:17+02:00	fixed_freq	relation_type	gpt2	1525264	3643112	3.47
2026-05-10T20:08:27+02:00	fixed_freq	relation_type	gpt2	1525264	3709568	3.54
2026-05-10T20:08:37+02:00	fixed_freq	relation_type	gpt2	1525264	3642912	3.47
2026-05-10T20:08:47+02:00	fixed_freq	relation_type	gpt2	1525264	3647860	3.48
2026-05-10T20:08:57+02:00	fixed_freq	relation_type	gpt2	1525264	3648036	3.48
2026-05-10T20:09:07+02:00	fixed_freq	relation_type	gpt2	1525264	3709476	3.54
2026-05-10T20:09:17+02:00	fixed_freq	relation_type	gpt2	1525264	3648056	3.48
2026-05-10T20:09:27+02:00	fixed_freq	relation_type	gpt2	1525264	3709492	3.54
2026-05-10T20:09:37+02:00	fixed_freq	relation_type	gpt2	1525264	3647852	3.48
2026-05-10T20:09:47+02:00	fixed_freq	relation_type	gpt2	1525264	3709556	3.54
2026-05-10T20:09:57+02:00	fixed_freq	relation_type	gpt2	1525264	3647880	3.48
2026-05-10T20:10:07+02:00	fixed_freq	relation_type	gpt2	1525264	3671824	3.50
2026-05-10T20:10:17+02:00	fixed_freq	relation_type	gpt2	1525264	3531732	3.37
2026-05-10T20:10:27+02:00	fixed_freq	relation_type	gpt2	1525264	3531732	3.37
2026-05-10T20:10:37+02:00	fixed_freq	relation_type	gpt2	1525264	3531732	3.37
2026-05-10T20:10:47+02:00	fixed_freq	relation_type	gpt2	1525264	3531732	3.37
2026-05-10T20:10:57+02:00	fixed_freq	relation_type	gpt2	1525264	3531732	3.37
2026-05-10T20:11:07+02:00	fixed_freq	relation_type	gpt2	1525264	3531732	3.37
2026-05-10T20:11:17+02:00	fixed_freq	relation_type	gpt2	1525264	3531732	3.37
2026-05-10T20:11:27+02:00	fixed_freq	relation_type	gpt2	1525264	3531732	3.37
2026-05-10T20:11:37+02:00	fixed_freq	relation_type	gpt2	1525264	3531732	3.37
2026-05-10T20:11:47+02:00	fixed_freq	relation_type	gpt2	1525264	3531732	3.37
2026-05-10T20:11:57+02:00	fixed_freq	relation_type	gpt2	1525264	3531732	3.37
2026-05-10T20:12:07+02:00	fixed_freq	relation_type	gpt2	1525264	3531732	3.37
2026-05-10T20:12:17+02:00	fixed_freq	relation_type	gpt2	1525264	3531732	3.37
2026-05-10T20:12:27+02:00	fixed_freq	relation_type	gpt2	1525264	3531732	3.37
2026-05-10T20:12:37+02:00	fixed_freq	relation_type	gpt2	1525264	3531732	3.37
2026-05-10T20:12:47+02:00	fixed_freq	relation_type	gpt2	1525264	3531732	3.37
2026-05-10T20:12:57+02:00	fixed_freq	relation_type	gpt2	1525264	3531732	3.37
2026-05-10T20:13:07+02:00	fixed_freq	relation_type	gpt2	1525264	3531732	3.37
2026-05-10T20:13:17+02:00	fixed_freq	relation_type	gpt2	1525264	3531732	3.37
2026-05-10T20:13:27+02:00	fixed_freq	relation_type	gpt2	1525264	3531732	3.37
2026-05-10T20:13:37+02:00	fixed_freq	relation_type	gpt2	1525264	3531732	3.37
2026-05-10T20:13:47+02:00	fixed_freq	relation_type	gpt2	1525264	3531732	3.37
2026-05-10T20:13:57+02:00	fixed_freq	relation_type	gpt2	1525264	3531732	3.37
2026-05-10T20:14:07+02:00	fixed_freq	relation_type	gpt2	1525264	3531732	3.37
2026-05-10T20:14:17+02:00	fixed_freq	relation_type	gpt2	1525264	3531732	3.37
2026-05-10T20:14:27+02:00	fixed_freq	relation_type	gpt2	1525264	3531732	3.37
2026-05-10T20:14:37+02:00	fixed_freq	relation_type	gpt2	1525264	3531732	3.37
2026-05-10T20:14:47+02:00	fixed_freq	relation_type	gpt2	1525264	3531732	3.37
2026-05-10T20:14:57+02:00	fixed_freq	relation_type	gpt2	1525264	3531732	3.37
2026-05-10T20:15:07+02:00	fixed_freq	relation_type	gpt2	1525264	3531732	3.37
2026-05-10T20:15:17+02:00	fixed_freq	relation_type	gpt2	1525264	3531732	3.37
2026-05-10T20:15:27+02:00	fixed_freq	relation_type	gpt2	1525264	3531732	3.37
2026-05-10T20:15:37+02:00	fixed_freq	relation_type	gpt2	1525264	3531732	3.37
2026-05-10T20:15:47+02:00	fixed_freq	relation_type	gpt2	1525264	3531732	3.37
2026-05-10T20:15:57+02:00	fixed_freq	relation_type	gpt2	1525264	3531732	3.37
2026-05-10T20:16:07+02:00	fixed_freq	relation_type	gpt2	1525264	3531732	3.37
2026-05-10T20:16:17+02:00	fixed_freq	relation_type	gpt2	1525264	3531732	3.37
2026-05-10T20:16:27+02:00	fixed_freq	relation_type	gpt2	1525264	3531732	3.37
2026-05-10T20:16:37+02:00	fixed_freq	relation_type	gpt2	1525264	3531732	3.37
2026-05-10T20:16:47+02:00	fixed_freq	relation_type	gpt2	1525264	3531732	3.37
2026-05-10T20:16:57+02:00	fixed_freq	relation_type	gpt2	1525264	3531732	3.37
2026-05-10T20:17:07+02:00	fixed_freq	relation_type	gpt2	1525264	3531732	3.37
2026-05-10T20:17:17+02:00	fixed_freq	relation_type	gpt2	1525264	3531732	3.37
2026-05-10T20:17:27+02:00	fixed_freq	relation_type	gpt2	1525264	3531732	3.37
2026-05-10T20:17:37+02:00	fixed_freq	relation_type	gpt2	1525264	3531732	3.37
2026-05-10T20:17:47+02:00	fixed_freq	relation_type	gpt2	1525264	3531732	3.37
2026-05-10T20:17:57+02:00	fixed_freq	relation_type	gpt2	1525264	3531732	3.37
2026-05-10T20:18:07+02:00	fixed_freq	relation_type	gpt2	1525264	3531732	3.37
2026-05-10T20:18:17+02:00	fixed_freq	relation_type	gpt2	1525264	3531732	3.37
2026-05-10T20:18:27+02:00	fixed_freq	relation_type	gpt2	1525264	3531732	3.37
2026-05-10T20:18:37+02:00	fixed_freq	relation_type	gpt2	1525264	3531732	3.37
2026-05-10T20:18:47+02:00	fixed_freq	relation_type	gpt2	1525264	3531732	3.37
2026-05-10T20:18:57+02:00	fixed_freq	relation_type	gpt2	1525264	3531732	3.37
2026-05-10T20:19:07+02:00	fixed_freq	relation_type	gpt2	1525264	3531732	3.37
2026-05-10T20:19:17+02:00	fixed_freq	relation_type	gpt2	1525264	3531732	3.37
2026-05-10T20:19:27+02:00	fixed_freq	relation_type	gpt2	1525264	3531732	3.37
2026-05-10T20:19:37+02:00	fixed_freq	relation_type	gpt2	1525264	3531732	3.37
2026-05-10T20:19:47+02:00	fixed_freq	relation_type	gpt2	1525264	3531732	3.37
2026-05-10T20:19:57+02:00	fixed_freq	relation_type	gpt2	1525264	3531732	3.37
2026-05-10T20:20:07+02:00	fixed_freq	relation_type	gpt2	1525264	3531732	3.37
2026-05-10T20:20:17+02:00	fixed_freq	relation_type	gpt2	1525264	3531732	3.37
2026-05-10T20:20:27+02:00	fixed_freq	relation_type	gpt2	1525264	3531732	3.37
2026-05-10T20:20:37+02:00	fixed_freq	relation_type	gpt2	1525264	3531732	3.37
2026-05-10T20:20:47+02:00	fixed_freq	relation_type	gpt2	1525264	3531732	3.37
2026-05-10T20:20:57+02:00	fixed_freq	relation_type	gpt2	1525264	3531732	3.37
2026-05-10T20:21:07+02:00	fixed_freq	relation_type	gpt2	1525264	3531732	3.37
2026-05-10T20:21:17+02:00	fixed_freq	relation_type	gpt2	1525264	3531732	3.37
2026-05-10T20:21:27+02:00	fixed_freq	relation_type	gpt2	1525264	3531732	3.37
2026-05-10T20:21:37+02:00	fixed_freq	relation_type	gpt2	1525264	3531732	3.37
2026-05-10T20:21:47+02:00	fixed_freq	relation_type	gpt2	1525264	3531732	3.37
2026-05-10T20:21:57+02:00	fixed_freq	relation_type	gpt2	1525264	3531732	3.37
2026-05-10T20:22:07+02:00	fixed_freq	relation_type	gpt2	1525264	3531732	3.37
2026-05-10T20:22:17+02:00	fixed_freq	relation_type	gpt2	1525264	3531732	3.37
2026-05-10T20:22:27+02:00	fixed_freq	relation_type	gpt2	1525264	3531732	3.37
2026-05-10T20:22:37+02:00	fixed_freq	relation_type	gpt2	1525264	3531732	3.37
2026-05-10T20:22:47+02:00	fixed_freq	relation_type	gpt2	1525264	3531732	3.37
2026-05-10T20:22:57+02:00	fixed_freq	relation_type	gpt2	1525264	3531732	3.37
2026-05-10T20:23:07+02:00	fixed_freq	relation_type	gpt2	1525264	3531732	3.37
2026-05-10T20:23:17+02:00	fixed_freq	relation_type	gpt2	1525264	3531732	3.37
2026-05-10T20:23:27+02:00	fixed_freq	relation_type	gpt2	1525264	3531732	3.37
2026-05-10T20:23:37+02:00	fixed_freq	relation_type	gpt2	1525264	3531732	3.37
2026-05-10T20:23:47+02:00	fixed_freq	relation_type	gpt2	1525264	3531732	3.37
2026-05-10T20:23:57+02:00	fixed_freq	relation_type	gpt2	1525264	3531732	3.37
2026-05-10T20:24:07+02:00	fixed_freq	relation_type	gpt2	1525264	3531732	3.37
2026-05-10T20:24:17+02:00	fixed_freq	relation_type	gpt2	1525264	3531732	3.37
2026-05-10T20:24:27+02:00	fixed_freq	relation_type	gpt2	1525264	3531732	3.37
2026-05-10T20:24:38+02:00	fixed_freq	relation_type	gpt2	1525264	3531732	3.37
2026-05-10T20:24:48+02:00	fixed_freq	relation_type	gpt2	1525264	3531732	3.37
2026-05-10T20:24:58+02:00	fixed_freq	relation_type	gpt2	1525264	3531732	3.37
2026-05-10T20:25:08+02:00	fixed_freq	relation_type	gpt2	1525264	3531732	3.37
2026-05-10T20:25:18+02:00	fixed_freq	relation_type	gpt2	1525264	3531732	3.37
2026-05-10T20:25:28+02:00	fixed_freq	relation_type	gpt2	1525264	3531732	3.37
2026-05-10T20:25:38+02:00	fixed_freq	relation_type	gpt2	1525264	3531732	3.37
2026-05-10T20:25:48+02:00	fixed_freq	relation_type	gpt2	1525264	3531732	3.37
2026-05-10T20:25:58+02:00	fixed_freq	relation_type	gpt2	1525264	3531732	3.37
2026-05-10T20:26:08+02:00	fixed_freq	relation_type	gpt2	1525264	3531732	3.37
2026-05-10T20:26:18+02:00	fixed_freq	relation_type	gpt2	1525264	3531732	3.37
2026-05-10T20:26:28+02:00	fixed_freq	relation_type	gpt2	1525264	3531732	3.37
2026-05-10T20:26:38+02:00	fixed_freq	relation_type	gpt2	1525264	3531732	3.37
2026-05-10T20:26:48+02:00	fixed_freq	relation_type	gpt2	1525264	3531732	3.37
2026-05-10T20:26:58+02:00	fixed_freq	relation_type	gpt2	1525264	3531732	3.37
2026-05-10T20:27:08+02:00	fixed_freq	relation_type	gpt2	1525264	3531732	3.37
2026-05-10T20:27:18+02:00	fixed_freq	relation_type	gpt2	1525264	3531732	3.37
2026-05-10T20:27:28+02:00	fixed_freq	relation_type	gpt2	1525264	3531732	3.37
2026-05-10T20:27:38+02:00	fixed_freq	relation_type	gpt2	1525264	3531732	3.37
2026-05-10T20:27:48+02:00	fixed_freq	relation_type	gpt2	1525264	3531732	3.37
2026-05-10T20:27:58+02:00	fixed_type	pos	bert	1529701	4532	0.00
2026-05-10T20:28:08+02:00	fixed_type	pos	gpt2	1529722	4536	0.00
2026-05-10T20:28:18+02:00	fixed_type	length	bert	1529746	4532	0.00
2026-05-10T20:28:28+02:00	fixed_type	length	bert	1529746	951260	0.91
2026-05-10T20:28:38+02:00	fixed_type	length	bert	1529746	1968020	1.88
2026-05-10T20:28:48+02:00	fixed_type	length	bert	1529746	2072564	1.98
2026-05-10T20:28:58+02:00	fixed_type	length	bert	1529746	2114804	2.02
2026-05-10T20:29:08+02:00	fixed_type	length	bert	1529746	2129060	2.03
2026-05-10T20:29:18+02:00	fixed_type	length	bert	1529746	2133020	2.03
2026-05-10T20:29:28+02:00	fixed_type	length	bert	1529746	2162296	2.06
2026-05-10T20:29:38+02:00	fixed_type	length	bert	1529746	2166764	2.07
2026-05-10T20:29:48+02:00	fixed_type	length	bert	1529746	2166764	2.07
2026-05-10T20:29:58+02:00	fixed_type	length	bert	1529746	2162668	2.06
2026-05-10T20:30:08+02:00	fixed_type	length	bert	1529746	2166764	2.07
2026-05-10T20:30:18+02:00	fixed_type	length	bert	1529746	2162668	2.06
2026-05-10T20:30:28+02:00	fixed_type	length	bert	1529746	2139776	2.04
2026-05-10T20:30:38+02:00	fixed_type	length	bert	1529746	2162668	2.06
2026-05-10T20:30:48+02:00	fixed_type	length	bert	1529746	2142680	2.04
2026-05-10T20:30:58+02:00	fixed_type	length	bert	1529746	2166764	2.07
2026-05-10T20:31:08+02:00	fixed_type	length	bert	1529746	2142680	2.04
2026-05-10T20:31:18+02:00	fixed_type	length	bert	1529746	2166764	2.07
2026-05-10T20:31:28+02:00	fixed_type	length	bert	1529746	2141912	2.04
2026-05-10T20:31:38+02:00	fixed_type	length	bert	1529746	2162180	2.06
2026-05-10T20:31:48+02:00	fixed_type	length	bert	1529746	2144416	2.05
2026-05-10T20:31:58+02:00	fixed_type	length	bert	1529746	2137952	2.04
2026-05-10T20:32:08+02:00	fixed_type	length	bert	1529746	2142428	2.04
2026-05-10T20:32:18+02:00	fixed_type	length	bert	1529746	2151760	2.05
2026-05-10T20:32:28+02:00	fixed_type	length	bert	1529746	2141896	2.04
2026-05-10T20:32:38+02:00	fixed_type	length	bert	1529746	2151788	2.05
2026-05-10T20:32:48+02:00	fixed_type	length	bert	1529746	2137972	2.04
2026-05-10T20:32:58+02:00	fixed_type	length	bert	1529746	2141152	2.04
2026-05-10T20:33:08+02:00	fixed_type	length	bert	1529746	2260068	2.16
2026-05-10T20:33:18+02:00	fixed_type	length	bert	1529746	2255716	2.15
2026-05-10T20:33:28+02:00	fixed_type	length	bert	1529746	2220992	2.12
2026-05-10T20:33:38+02:00	fixed_type	length	bert	1529746	2220976	2.12
2026-05-10T20:33:48+02:00	fixed_type	length	bert	1529746	2217892	2.12
2026-05-10T20:33:58+02:00	fixed_type	length	bert	1529746	2221004	2.12
2026-05-10T20:34:08+02:00	fixed_type	length	bert	1529746	2220992	2.12
2026-05-10T20:34:18+02:00	fixed_type	length	bert	1529746	2220992	2.12
2026-05-10T20:34:28+02:00	fixed_type	length	bert	1529746	2210992	2.11
2026-05-10T20:34:38+02:00	fixed_type	length	bert	1529746	2244072	2.14
2026-05-10T20:34:48+02:00	fixed_type	length	bert	1529746	2209172	2.11
2026-05-10T20:34:58+02:00	fixed_type	length	bert	1529746	2244208	2.14
2026-05-10T20:35:08+02:00	fixed_type	length	bert	1529746	2244072	2.14
2026-05-10T20:35:18+02:00	fixed_type	length	bert	1529746	2248184	2.14
2026-05-10T20:35:28+02:00	fixed_type	length	bert	1529746	2246332	2.14
2026-05-10T20:35:38+02:00	fixed_type	length	bert	1529746	2244072	2.14
2026-05-10T20:35:48+02:00	fixed_type	length	bert	1529746	2244072	2.14
2026-05-10T20:35:58+02:00	fixed_type	length	bert	1529746	2214204	2.11
2026-05-10T20:36:08+02:00	fixed_type	length	bert	1529746	2214204	2.11
2026-05-10T20:36:18+02:00	fixed_type	length	bert	1529746	2214204	2.11
2026-05-10T20:36:28+02:00	fixed_type	length	bert	1529746	2214204	2.11
2026-05-10T20:36:38+02:00	fixed_type	length	bert	1529746	2214204	2.11
2026-05-10T20:36:48+02:00	fixed_type	length	bert	1529746	2214204	2.11
2026-05-10T20:36:58+02:00	fixed_type	length	bert	1529746	2214204	2.11
2026-05-10T20:37:08+02:00	fixed_type	length	bert	1529746	2214204	2.11
2026-05-10T20:37:18+02:00	fixed_type	length	bert	1529746	2215048	2.11
2026-05-10T20:37:28+02:00	fixed_type	length	bert	1529746	2243308	2.14
2026-05-10T20:37:38+02:00	fixed_type	length	bert	1529746	2234324	2.13
2026-05-10T20:37:48+02:00	fixed_type	length	bert	1529746	2221908	2.12
2026-05-10T20:37:58+02:00	fixed_type	length	bert	1529746	2221900	2.12
2026-05-10T20:38:08+02:00	fixed_type	length	bert	1529746	2245956	2.14
2026-05-10T20:38:18+02:00	fixed_type	length	bert	1529746	2238108	2.13
2026-05-10T20:38:28+02:00	fixed_type	length	bert	1529746	2221996	2.12
2026-05-10T20:38:38+02:00	fixed_type	length	bert	1529746	2222028	2.12
2026-05-10T20:38:48+02:00	fixed_type	length	bert	1529746	2217004	2.11
2026-05-10T20:38:58+02:00	fixed_type	length	bert	1529746	2247700	2.14
2026-05-10T20:39:08+02:00	fixed_type	length	bert	1529746	2217372	2.11
2026-05-10T20:39:18+02:00	fixed_type	length	bert	1529746	2217404	2.11
2026-05-10T20:39:28+02:00	fixed_type	length	bert	1529746	2234860	2.13
2026-05-10T20:39:38+02:00	fixed_type	length	bert	1529746	2234364	2.13
2026-05-10T20:39:48+02:00	fixed_type	length	bert	1529746	2234924	2.13
2026-05-10T20:39:58+02:00	fixed_type	length	bert	1529746	2217268	2.11
2026-05-10T20:40:08+02:00	fixed_type	length	bert	1529746	2246076	2.14
2026-05-10T20:40:18+02:00	fixed_type	length	bert	1529746	2246108	2.14
2026-05-10T20:40:28+02:00	fixed_type	length	bert	1529746	2217364	2.11
2026-05-10T20:40:38+02:00	fixed_type	length	bert	1529746	2247756	2.14
2026-05-10T20:40:48+02:00	fixed_type	length	bert	1529746	2245980	2.14
2026-05-10T20:40:58+02:00	fixed_type	length	bert	1529746	2236996	2.13
2026-05-10T20:41:08+02:00	fixed_type	length	bert	1529746	2216964	2.11
2026-05-10T20:41:18+02:00	fixed_type	length	bert	1529746	2246076	2.14
2026-05-10T20:41:28+02:00	fixed_type	length	bert	1529746	2222044	2.12
2026-05-10T20:41:38+02:00	fixed_type	length	bert	1529746	2246180	2.14
2026-05-10T20:41:48+02:00	fixed_type	length	bert	1529746	2222148	2.12
2026-05-10T20:41:58+02:00	fixed_type	length	bert	1529746	2205552	2.10
2026-05-10T20:42:08+02:00	fixed_type	length	bert	1529746	2247556	2.14
2026-05-10T20:42:18+02:00	fixed_type	length	bert	1529746	2238044	2.13
2026-05-10T20:42:28+02:00	fixed_type	length	bert	1529746	2217260	2.11
2026-05-10T20:42:38+02:00	fixed_type	length	bert	1529746	2224088	2.12
2026-05-10T20:42:48+02:00	fixed_type	length	bert	1529746	2222036	2.12
2026-05-10T20:42:58+02:00	fixed_type	length	bert	1529746	2222068	2.12
2026-05-10T20:43:08+02:00	fixed_type	length	bert	1529746	2217308	2.11
2026-05-10T20:43:18+02:00	fixed_type	length	bert	1529746	2215724	2.11
2026-05-10T20:43:28+02:00	fixed_type	length	bert	1529746	2215724	2.11
2026-05-10T20:43:38+02:00	fixed_type	length	bert	1529746	2215724	2.11
2026-05-10T20:43:48+02:00	fixed_type	length	bert	1529746	2215724	2.11
2026-05-10T20:43:58+02:00	fixed_type	length	bert	1529746	2215724	2.11
2026-05-10T20:44:08+02:00	fixed_type	length	bert	1529746	2215724	2.11
2026-05-10T20:44:18+02:00	fixed_type	length	bert	1529746	2215724	2.11
2026-05-10T20:44:28+02:00	fixed_type	length	bert	1529746	2215724	2.11
2026-05-10T20:44:38+02:00	fixed_type	length	bert	1529746	2215724	2.11
2026-05-10T20:44:48+02:00	fixed_type	length	bert	1529746	2215724	2.11
2026-05-10T20:44:58+02:00	fixed_type	length	bert	1529746	2215724	2.11
2026-05-10T20:45:08+02:00	fixed_type	length	bert	1529746	2215724	2.11
2026-05-10T20:45:18+02:00	fixed_type	length	bert	1529746	2215724	2.11
2026-05-10T20:45:28+02:00	fixed_type	length	bert	1529746	2215724	2.11
2026-05-10T20:45:38+02:00	fixed_type	length	bert	1529746	2215724	2.11
2026-05-10T20:45:48+02:00	fixed_type	length	bert	1529746	2215724	2.11
2026-05-10T20:45:58+02:00	fixed_type	length	bert	1529746	2215724	2.11
2026-05-10T20:46:08+02:00	fixed_type	length	bert	1529746	2215724	2.11
2026-05-10T20:46:18+02:00	fixed_type	length	bert	1529746	2215724	2.11
2026-05-10T20:46:28+02:00	fixed_type	length	bert	1529746	2215724	2.11
2026-05-10T20:46:38+02:00	fixed_type	length	bert	1529746	2215724	2.11
2026-05-10T20:46:48+02:00	fixed_type	length	bert	1529746	2215724	2.11
2026-05-10T20:46:58+02:00	fixed_type	length	bert	1529746	2215724	2.11
2026-05-10T20:47:08+02:00	fixed_type	length	bert	1529746	2215724	2.11
2026-05-10T20:47:18+02:00	fixed_type	length	bert	1529746	2215724	2.11
2026-05-10T20:47:28+02:00	fixed_type	length	bert	1529746	2215724	2.11
2026-05-10T20:47:38+02:00	fixed_type	length	bert	1529746	2215724	2.11
2026-05-10T20:47:48+02:00	fixed_type	length	bert	1529746	2215724	2.11
2026-05-10T20:47:58+02:00	fixed_type	length	bert	1529746	2215724	2.11
2026-05-10T20:48:08+02:00	fixed_type	length	bert	1529746	2215724	2.11
2026-05-10T20:48:18+02:00	fixed_type	length	bert	1529746	2215724	2.11
2026-05-10T20:48:28+02:00	fixed_type	length	bert	1529746	2215724	2.11
2026-05-10T20:48:38+02:00	fixed_type	length	bert	1529746	2215724	2.11
2026-05-10T20:48:48+02:00	fixed_type	length	bert	1529746	2215724	2.11
2026-05-10T20:48:58+02:00	fixed_type	length	bert	1529746	2215724	2.11
2026-05-10T20:49:08+02:00	fixed_type	length	bert	1529746	2215724	2.11
2026-05-10T20:49:18+02:00	fixed_type	length	bert	1529746	2215724	2.11
2026-05-10T20:49:28+02:00	fixed_type	length	bert	1529746	2215724	2.11
2026-05-10T20:49:38+02:00	fixed_type	length	bert	1529746	2215724	2.11
2026-05-10T20:49:48+02:00	fixed_type	length	bert	1529746	2215724	2.11
2026-05-10T20:49:58+02:00	fixed_type	length	gpt2	1530577	4588	0.00
2026-05-10T20:50:08+02:00	fixed_type	index	bert	1530598	4460	0.00
2026-05-10T20:50:18+02:00	fixed_type	index	bert	1530598	959544	0.92
2026-05-10T20:50:28+02:00	fixed_type	index	bert	1530598	953076	0.91
2026-05-10T20:50:38+02:00	fixed_type	index	bert	1530598	2011432	1.92
2026-05-10T20:50:48+02:00	fixed_type	index	bert	1530598	2126536	2.03
2026-05-10T20:50:58+02:00	fixed_type	index	bert	1530598	2181712	2.08
2026-05-10T20:51:08+02:00	fixed_type	index	bert	1530598	2213920	2.11
2026-05-10T20:51:18+02:00	fixed_type	index	bert	1530598	2227912	2.12
2026-05-10T20:51:28+02:00	fixed_type	index	bert	1530598	2231872	2.13
2026-05-10T20:51:38+02:00	fixed_type	index	bert	1530598	2262248	2.16
2026-05-10T20:51:48+02:00	fixed_type	index	bert	1530598	2266476	2.16
2026-05-10T20:51:58+02:00	fixed_type	index	bert	1530598	2266428	2.16
2026-05-10T20:52:08+02:00	fixed_type	index	bert	1530598	2290212	2.18
2026-05-10T20:52:18+02:00	fixed_type	index	bert	1530598	2278884	2.17
2026-05-10T20:52:28+02:00	fixed_type	index	bert	1530598	2290376	2.18
2026-05-10T20:52:38+02:00	fixed_type	index	bert	1530598	2261624	2.16
2026-05-10T20:52:48+02:00	fixed_type	index	bert	1530598	2266400	2.16
2026-05-10T20:52:58+02:00	fixed_type	index	bert	1530598	2266424	2.16
2026-05-10T20:53:08+02:00	fixed_type	index	bert	1530598	2283416	2.18
2026-05-10T20:53:18+02:00	fixed_type	index	bert	1530598	2261552	2.16
2026-05-10T20:53:28+02:00	fixed_type	index	bert	1530598	2261576	2.16
2026-05-10T20:53:38+02:00	fixed_type	index	bert	1530598	2273816	2.17
2026-05-10T20:53:48+02:00	fixed_type	index	bert	1530598	2285792	2.18
2026-05-10T20:53:58+02:00	fixed_type	index	bert	1530598	2297688	2.19
2026-05-10T20:54:08+02:00	fixed_type	index	bert	1530598	2285648	2.18
2026-05-10T20:54:18+02:00	fixed_type	index	bert	1530598	2301508	2.19
2026-05-10T20:54:28+02:00	fixed_type	index	bert	1530598	2261480	2.16
2026-05-10T20:54:38+02:00	fixed_type	index	bert	1530598	2261576	2.16
2026-05-10T20:54:48+02:00	fixed_type	index	bert	1530598	2284112	2.18
2026-05-10T20:54:58+02:00	fixed_type	index	bert	1530598	2256944	2.15
2026-05-10T20:55:08+02:00	fixed_type	index	bert	1530598	2261792	2.16
2026-05-10T20:55:18+02:00	fixed_type	index	bert	1530598	2261288	2.16
2026-05-10T20:55:28+02:00	fixed_type	index	bert	1530598	2242376	2.14
2026-05-10T20:55:38+02:00	fixed_type	index	bert	1530598	2261408	2.16
2026-05-10T20:55:48+02:00	fixed_type	index	bert	1530598	2261768	2.16
2026-05-10T20:55:58+02:00	fixed_type	index	bert	1530598	2287012	2.18
2026-05-10T20:56:08+02:00	fixed_type	index	bert	1530598	2256944	2.15
2026-05-10T20:56:18+02:00	fixed_type	index	bert	1530598	2261528	2.16
2026-05-10T20:56:28+02:00	fixed_type	index	bert	1530598	2287496	2.18
2026-05-10T20:56:38+02:00	fixed_type	index	bert	1530598	2261576	2.16
2026-05-10T20:56:48+02:00	fixed_type	index	bert	1530598	2256920	2.15
2026-05-10T20:56:58+02:00	fixed_type	index	bert	1530598	2261768	2.16
2026-05-10T20:57:08+02:00	fixed_type	index	bert	1530598	2274464	2.17
2026-05-10T20:57:18+02:00	fixed_type	index	bert	1530598	2285648	2.18
2026-05-10T20:57:28+02:00	fixed_type	index	bert	1530598	2297088	2.19
2026-05-10T20:57:38+02:00	fixed_type	index	bert	1530598	2261480	2.16
2026-05-10T20:57:48+02:00	fixed_type	index	bert	1530598	2287712	2.18
2026-05-10T20:57:58+02:00	fixed_type	index	bert	1530598	2256848	2.15
2026-05-10T20:58:08+02:00	fixed_type	index	bert	1530598	2274032	2.17
2026-05-10T20:58:18+02:00	fixed_type	index	bert	1530598	2261384	2.16
2026-05-10T20:58:28+02:00	fixed_type	index	bert	1530598	2281352	2.18
2026-05-10T20:58:38+02:00	fixed_type	index	bert	1530598	2285672	2.18
2026-05-10T20:58:48+02:00	fixed_type	index	bert	1530598	2256848	2.15
2026-05-10T20:58:58+02:00	fixed_type	index	bert	1530598	2261696	2.16
2026-05-10T20:59:08+02:00	fixed_type	index	bert	1530598	2261792	2.16
2026-05-10T20:59:18+02:00	fixed_type	index	bert	1530598	2261624	2.16
2026-05-10T20:59:28+02:00	fixed_type	index	bert	1530598	2256824	2.15
2026-05-10T20:59:38+02:00	fixed_type	index	bert	1530598	2275928	2.17
2026-05-10T20:59:48+02:00	fixed_type	index	bert	1530598	2285720	2.18
2026-05-10T20:59:58+02:00	fixed_type	index	bert	1530598	2256968	2.15
2026-05-10T21:00:08+02:00	fixed_type	index	bert	1530598	2269496	2.16
2026-05-10T21:00:18+02:00	fixed_type	index	bert	1530598	2269496	2.16
2026-05-10T21:00:28+02:00	fixed_type	index	bert	1530598	2269496	2.16
2026-05-10T21:00:38+02:00	fixed_type	index	bert	1530598	2269496	2.16
2026-05-10T21:00:48+02:00	fixed_type	index	bert	1530598	2269496	2.16
2026-05-10T21:00:58+02:00	fixed_type	index	bert	1530598	2269496	2.16
2026-05-10T21:01:08+02:00	fixed_type	index	bert	1530598	2269496	2.16
2026-05-10T21:01:18+02:00	fixed_type	index	bert	1530598	2269496	2.16
2026-05-10T21:01:28+02:00	fixed_type	index	bert	1530598	2269496	2.16
2026-05-10T21:01:38+02:00	fixed_type	index	bert	1530598	2269496	2.16
2026-05-10T21:01:48+02:00	fixed_type	index	bert	1530598	2269496	2.16
2026-05-10T21:01:58+02:00	fixed_type	index	bert	1530598	2269496	2.16
2026-05-10T21:02:08+02:00	fixed_type	index	bert	1530598	2269496	2.16
2026-05-10T21:02:18+02:00	fixed_type	index	bert	1530598	2269496	2.16
2026-05-10T21:02:28+02:00	fixed_type	index	bert	1530598	2269496	2.16
2026-05-10T21:02:38+02:00	fixed_type	index	bert	1530598	2269496	2.16
2026-05-10T21:02:48+02:00	fixed_type	index	bert	1530598	2269496	2.16
2026-05-10T21:02:58+02:00	fixed_type	index	bert	1530598	2269496	2.16
2026-05-10T21:03:08+02:00	fixed_type	index	bert	1530598	2269496	2.16
2026-05-10T21:03:18+02:00	fixed_type	index	bert	1530598	2269496	2.16
2026-05-10T21:03:28+02:00	fixed_type	index	bert	1530598	2269496	2.16
2026-05-10T21:03:38+02:00	fixed_type	index	bert	1530598	2269496	2.16
2026-05-10T21:03:48+02:00	fixed_type	index	bert	1530598	2269496	2.16
2026-05-10T21:03:58+02:00	fixed_type	index	bert	1530598	2269496	2.16
2026-05-10T21:04:08+02:00	fixed_type	index	bert	1530598	2269496	2.16
2026-05-10T21:04:18+02:00	fixed_type	index	bert	1530598	2269496	2.16
2026-05-10T21:04:28+02:00	fixed_type	index	bert	1530598	2269496	2.16
2026-05-10T21:04:38+02:00	fixed_type	index	bert	1530598	2269496	2.16
2026-05-10T21:04:48+02:00	fixed_type	index	bert	1530598	2269496	2.16
2026-05-10T21:04:58+02:00	fixed_type	index	bert	1530598	2269496	2.16
2026-05-10T21:05:08+02:00	fixed_type	index	bert	1530598	2269496	2.16
2026-05-10T21:05:18+02:00	fixed_type	index	bert	1530598	2269496	2.16
2026-05-10T21:05:28+02:00	fixed_type	index	bert	1530598	2269496	2.16
2026-05-10T21:05:38+02:00	fixed_type	index	bert	1530598	2270824	2.17
2026-05-10T21:05:48+02:00	fixed_type	index	bert	1530598	2270824	2.17
2026-05-10T21:05:58+02:00	fixed_type	index	bert	1530598	2270824	2.17
2026-05-10T21:06:09+02:00	fixed_type	index	bert	1530598	2270824	2.17
2026-05-10T21:06:19+02:00	fixed_type	index	bert	1530598	2270824	2.17
2026-05-10T21:06:29+02:00	fixed_type	index	bert	1530598	2270824	2.17
2026-05-10T21:06:39+02:00	fixed_type	index	bert	1530598	2270824	2.17
2026-05-10T21:06:49+02:00	fixed_type	index	bert	1530598	2270824	2.17
2026-05-10T21:06:59+02:00	fixed_type	index	bert	1530598	2270824	2.17
2026-05-10T21:07:09+02:00	fixed_type	index	bert	1530598	2270824	2.17
2026-05-10T21:07:19+02:00	fixed_type	index	bert	1530598	2270824	2.17
2026-05-10T21:07:29+02:00	fixed_type	index	bert	1530598	2270824	2.17
2026-05-10T21:07:39+02:00	fixed_type	index	bert	1530598	2270824	2.17
2026-05-10T21:07:49+02:00	fixed_type	index	bert	1530598	2270824	2.17
2026-05-10T21:07:59+02:00	fixed_type	index	bert	1530598	2270824	2.17
2026-05-10T21:08:09+02:00	fixed_type	index	bert	1530598	2270824	2.17
2026-05-10T21:08:19+02:00	fixed_type	index	bert	1530598	2270824	2.17
2026-05-10T21:08:29+02:00	fixed_type	index	bert	1530598	2270824	2.17
2026-05-10T21:08:39+02:00	fixed_type	index	bert	1530598	2270824	2.17
2026-05-10T21:08:49+02:00	fixed_type	index	bert	1530598	2270824	2.17
2026-05-10T21:08:59+02:00	fixed_type	index	bert	1530598	2270824	2.17
2026-05-10T21:09:09+02:00	fixed_type	index	bert	1530598	2270824	2.17
2026-05-10T21:09:19+02:00	fixed_type	index	bert	1530598	2270824	2.17
2026-05-10T21:09:29+02:00	fixed_type	index	bert	1530598	2270824	2.17
2026-05-10T21:09:39+02:00	fixed_type	index	bert	1530598	2270824	2.17
2026-05-10T21:09:49+02:00	fixed_type	index	bert	1530598	2270824	2.17
2026-05-10T21:09:59+02:00	fixed_type	index	bert	1530598	2331124	2.22
2026-05-10T21:10:09+02:00	fixed_type	index	bert	1530598	2331124	2.22
2026-05-10T21:10:19+02:00	fixed_type	index	bert	1530598	2380916	2.27
2026-05-10T21:10:29+02:00	fixed_type	index	bert	1530598	2329904	2.22
2026-05-10T21:10:39+02:00	fixed_type	index	bert	1530598	2321452	2.21
2026-05-10T21:10:49+02:00	fixed_type	index	bert	1530598	2300080	2.19
2026-05-10T21:10:59+02:00	fixed_type	index	bert	1530598	2329904	2.22
2026-05-10T21:11:09+02:00	fixed_type	index	bert	1530598	2353964	2.24
2026-05-10T21:11:19+02:00	fixed_type	index	bert	1530598	2353988	2.24
2026-05-10T21:11:29+02:00	fixed_type	index	bert	1530598	2325808	2.22
2026-05-10T21:11:39+02:00	fixed_type	index	bert	1530598	2354160	2.25
2026-05-10T21:11:49+02:00	fixed_type	index	bert	1530598	2329856	2.22
2026-05-10T21:11:59+02:00	fixed_type	index	bert	1530598	2351108	2.24
2026-05-10T21:12:09+02:00	fixed_type	index	bert	1530598	2349940	2.24
2026-05-10T21:12:19+02:00	fixed_type	index	bert	1530598	2313604	2.21
2026-05-10T21:12:29+02:00	fixed_type	index	bert	1530598	2325808	2.22
2026-05-10T21:12:39+02:00	fixed_type	index	bert	1530598	2349940	2.24
2026-05-10T21:12:49+02:00	fixed_type	index	bert	1530598	2323760	2.22
2026-05-10T21:12:59+02:00	fixed_type	index	bert	1530598	2352324	2.24
2026-05-10T21:13:09+02:00	fixed_type	index	bert	1530598	2325808	2.22
2026-05-10T21:13:19+02:00	fixed_type	index	bert	1530598	2352292	2.24
2026-05-10T21:13:29+02:00	fixed_type	index	bert	1530598	2329904	2.22
2026-05-10T21:13:39+02:00	fixed_type	index	bert	1530598	2352284	2.24
2026-05-10T21:13:49+02:00	fixed_type	index	bert	1530598	2323760	2.22
2026-05-10T21:13:59+02:00	fixed_type	index	bert	1530598	2329904	2.22
2026-05-10T21:14:09+02:00	fixed_type	index	bert	1530598	2300080	2.19
2026-05-10T21:14:19+02:00	fixed_type	index	bert	1530598	2300080	2.19
2026-05-10T21:14:29+02:00	fixed_type	index	bert	1530598	2316972	2.21
2026-05-10T21:14:39+02:00	fixed_type	index	bert	1530598	2316972	2.21
2026-05-10T21:14:49+02:00	fixed_type	index	bert	1530598	2316972	2.21
2026-05-10T21:14:59+02:00	fixed_type	index	bert	1530598	2316972	2.21
2026-05-10T21:15:09+02:00	fixed_type	index	bert	1530598	2316972	2.21
2026-05-10T21:15:19+02:00	fixed_type	index	bert	1530598	2316972	2.21
2026-05-10T21:15:29+02:00	fixed_type	index	bert	1530598	2316972	2.21
2026-05-10T21:15:39+02:00	fixed_type	index	bert	1530598	2316972	2.21
2026-05-10T21:15:49+02:00	fixed_type	index	bert	1530598	2316972	2.21
2026-05-10T21:15:59+02:00	fixed_type	index	bert	1530598	2316972	2.21
2026-05-10T21:16:09+02:00	fixed_type	index	bert	1530598	2316972	2.21
2026-05-10T21:16:19+02:00	fixed_type	index	bert	1530598	2317812	2.21
2026-05-10T21:16:29+02:00	fixed_type	index	bert	1530598	2317812	2.21
2026-05-10T21:16:39+02:00	fixed_type	index	bert	1530598	2347920	2.24
2026-05-10T21:16:49+02:00	fixed_type	index	bert	1530598	2324064	2.22
2026-05-10T21:16:59+02:00	fixed_type	index	bert	1530598	2348152	2.24
2026-05-10T21:17:09+02:00	fixed_type	index	bert	1530598	2339032	2.23
2026-05-10T21:17:19+02:00	fixed_type	index	bert	1530598	2307256	2.20
2026-05-10T21:17:29+02:00	fixed_type	index	bert	1530598	2319204	2.21
2026-05-10T21:17:39+02:00	fixed_type	index	bert	1530598	2319276	2.21
2026-05-10T21:17:49+02:00	fixed_type	index	bert	1530598	2310900	2.20
2026-05-10T21:17:59+02:00	fixed_type	index	bert	1530598	2307016	2.20
2026-05-10T21:18:09+02:00	fixed_type	index	bert	1530598	2359028	2.25
2026-05-10T21:18:19+02:00	fixed_type	index	bert	1530598	2364000	2.25
2026-05-10T21:18:29+02:00	fixed_type	index	bert	1530598	2348092	2.24
2026-05-10T21:18:39+02:00	fixed_type	index	bert	1530598	2323924	2.22
2026-05-10T21:18:49+02:00	fixed_type	index	bert	1530598	2323732	2.22
2026-05-10T21:18:59+02:00	fixed_type	index	bert	1530598	2319316	2.21
2026-05-10T21:19:09+02:00	fixed_type	index	bert	1530598	2319388	2.21
2026-05-10T21:19:19+02:00	fixed_type	index	bert	1530598	2323944	2.22
2026-05-10T21:19:29+02:00	fixed_type	index	bert	1530598	2364332	2.25
2026-05-10T21:19:39+02:00	fixed_type	index	bert	1530598	2324136	2.22
2026-05-10T21:19:49+02:00	fixed_type	index	bert	1530598	2323680	2.22
2026-05-10T21:19:59+02:00	fixed_type	index	bert	1530598	2323704	2.22
2026-05-10T21:20:09+02:00	fixed_type	index	bert	1530598	2323776	2.22
2026-05-10T21:20:19+02:00	fixed_type	index	bert	1530598	2323848	2.22
2026-05-10T21:20:29+02:00	fixed_type	index	bert	1530598	2319168	2.21
2026-05-10T21:20:39+02:00	fixed_type	index	bert	1530598	2319240	2.21
2026-05-10T21:20:49+02:00	fixed_type	index	bert	1530598	2331144	2.22
2026-05-10T21:20:59+02:00	fixed_type	index	bert	1530598	2336540	2.23
2026-05-10T21:21:09+02:00	fixed_type	index	bert	1530598	2323940	2.22
2026-05-10T21:21:19+02:00	fixed_type	index	bert	1530598	2324008	2.22
2026-05-10T21:21:29+02:00	fixed_type	index	bert	1530598	2324076	2.22
2026-05-10T21:21:39+02:00	fixed_type	index	bert	1530598	2336508	2.23
2026-05-10T21:21:49+02:00	fixed_type	index	bert	1530598	2323956	2.22
2026-05-10T21:21:59+02:00	fixed_type	index	bert	1530598	2324028	2.22
2026-05-10T21:22:09+02:00	fixed_type	index	bert	1530598	2324096	2.22
2026-05-10T21:22:19+02:00	fixed_type	index	bert	1530598	2323904	2.22
2026-05-10T21:22:29+02:00	fixed_type	index	bert	1530598	2323928	2.22
2026-05-10T21:22:39+02:00	fixed_type	index	bert	1530598	2324000	2.22
2026-05-10T21:22:49+02:00	fixed_type	index	bert	1530598	2324072	2.22
2026-05-10T21:22:59+02:00	fixed_type	index	bert	1530598	2324136	2.22
2026-05-10T21:23:09+02:00	fixed_type	index	bert	1530598	2323680	2.22
2026-05-10T21:23:19+02:00	fixed_type	index	bert	1530598	2323968	2.22
2026-05-10T21:23:29+02:00	fixed_type	index	bert	1530598	2323776	2.22
2026-05-10T21:23:39+02:00	fixed_type	index	bert	1530598	2323848	2.22
2026-05-10T21:23:49+02:00	fixed_type	index	bert	1530598	2319168	2.21
2026-05-10T21:23:59+02:00	fixed_type	index	bert	1530598	2324040	2.22
2026-05-10T21:24:09+02:00	fixed_type	index	bert	1530598	2319144	2.21
2026-05-10T21:24:19+02:00	fixed_type	index	bert	1530598	2323648	2.22
2026-05-10T21:24:29+02:00	fixed_type	index	bert	1530598	2323720	2.22
2026-05-10T21:24:39+02:00	fixed_type	index	bert	1530598	2319304	2.21
2026-05-10T21:24:49+02:00	fixed_type	index	bert	1530598	2324128	2.22
2026-05-10T21:24:59+02:00	fixed_type	index	bert	1530598	2348004	2.24
2026-05-10T21:25:09+02:00	fixed_type	index	bert	1530598	2316876	2.21
2026-05-10T21:25:19+02:00	fixed_type	index	bert	1530598	2316876	2.21
2026-05-10T21:25:29+02:00	fixed_type	index	bert	1530598	2316876	2.21
2026-05-10T21:25:39+02:00	fixed_type	index	bert	1530598	2316876	2.21
2026-05-10T21:25:49+02:00	fixed_type	index	bert	1530598	2316876	2.21
2026-05-10T21:25:59+02:00	fixed_type	index	bert	1530598	2316876	2.21
2026-05-10T21:26:09+02:00	fixed_type	index	bert	1530598	2316876	2.21
2026-05-10T21:26:19+02:00	fixed_type	index	bert	1530598	2316876	2.21
2026-05-10T21:26:29+02:00	fixed_type	index	bert	1530598	2316876	2.21
2026-05-10T21:26:39+02:00	fixed_type	index	bert	1530598	2316876	2.21
2026-05-10T21:26:49+02:00	fixed_type	index	bert	1530598	2316876	2.21
2026-05-10T21:26:59+02:00	fixed_type	index	bert	1530598	2316876	2.21
2026-05-10T21:27:09+02:00	fixed_type	index	bert	1530598	2316876	2.21
2026-05-10T21:27:19+02:00	fixed_type	index	bert	1530598	2316876	2.21
2026-05-10T21:27:29+02:00	fixed_type	index	bert	1530598	2316876	2.21
2026-05-10T21:27:39+02:00	fixed_type	index	bert	1530598	2316876	2.21
2026-05-10T21:27:49+02:00	fixed_type	index	bert	1530598	2316876	2.21
2026-05-10T21:27:59+02:00	fixed_type	index	bert	1530598	2316876	2.21
2026-05-10T21:28:09+02:00	fixed_type	index	bert	1530598	2316876	2.21
2026-05-10T21:28:19+02:00	fixed_type	index	bert	1530598	2316876	2.21
2026-05-10T21:28:29+02:00	fixed_type	index	bert	1530598	2316876	2.21
2026-05-10T21:28:39+02:00	fixed_type	index	bert	1530598	2316876	2.21
2026-05-10T21:28:49+02:00	fixed_type	index	bert	1530598	2316876	2.21
2026-05-10T21:28:59+02:00	fixed_type	index	bert	1530598	2316876	2.21
2026-05-10T21:29:09+02:00	fixed_type	index	bert	1530598	2316876	2.21
2026-05-10T21:29:19+02:00	fixed_type	index	bert	1530598	2316876	2.21
2026-05-10T21:29:29+02:00	fixed_type	index	bert	1530598	2316876	2.21
2026-05-10T21:29:39+02:00	fixed_type	index	bert	1530598	2316876	2.21
2026-05-10T21:29:49+02:00	fixed_type	index	bert	1530598	2316876	2.21
2026-05-10T21:29:59+02:00	fixed_type	index	bert	1530598	2316876	2.21
2026-05-10T21:30:09+02:00	fixed_type	index	bert	1530598	2316876	2.21
2026-05-10T21:30:19+02:00	fixed_type	index	bert	1530598	2316876	2.21
2026-05-10T21:30:29+02:00	fixed_type	index	bert	1530598	2316876	2.21
2026-05-10T21:30:39+02:00	fixed_type	index	bert	1530598	2316876	2.21
2026-05-10T21:30:49+02:00	fixed_type	index	bert	1530598	2316876	2.21
2026-05-10T21:30:59+02:00	fixed_type	index	bert	1530598	2316876	2.21
2026-05-10T21:31:09+02:00	fixed_type	index	bert	1530598	2316876	2.21
2026-05-10T21:31:19+02:00	fixed_type	index	bert	1530598	2316876	2.21
2026-05-10T21:31:29+02:00	fixed_type	index	bert	1530598	2316876	2.21
2026-05-10T21:31:39+02:00	fixed_type	index	bert	1530598	2316876	2.21
2026-05-10T21:31:49+02:00	fixed_type	index	bert	1530598	2316876	2.21
2026-05-10T21:31:59+02:00	fixed_type	index	bert	1530598	2316876	2.21
2026-05-10T21:32:09+02:00	fixed_type	index	bert	1530598	2316876	2.21
2026-05-10T21:32:19+02:00	fixed_type	index	bert	1530598	2316876	2.21
2026-05-10T21:32:29+02:00	fixed_type	index	bert	1530598	2316876	2.21
2026-05-10T21:32:39+02:00	fixed_type	index	bert	1530598	2316876	2.21
2026-05-10T21:32:49+02:00	fixed_type	index	bert	1530598	2316876	2.21
2026-05-10T21:32:59+02:00	fixed_type	index	bert	1530598	2316876	2.21
2026-05-10T21:33:09+02:00	fixed_type	index	bert	1530598	2316876	2.21
2026-05-10T21:33:19+02:00	fixed_type	index	bert	1530598	2316876	2.21
2026-05-10T21:33:29+02:00	fixed_type	index	bert	1530598	2316876	2.21
2026-05-10T21:33:39+02:00	fixed_type	index	bert	1530598	2316876	2.21
2026-05-10T21:33:49+02:00	fixed_type	index	bert	1530598	2316876	2.21
2026-05-10T21:33:59+02:00	fixed_type	index	bert	1530598	2316876	2.21
2026-05-10T21:34:09+02:00	fixed_type	index	bert	1530598	2316876	2.21
2026-05-10T21:34:19+02:00	fixed_type	index	bert	1530598	2316876	2.21
2026-05-10T21:34:29+02:00	fixed_type	index	bert	1530598	2316876	2.21
2026-05-10T21:34:39+02:00	fixed_type	index	bert	1530598	2316876	2.21
2026-05-10T21:34:49+02:00	fixed_type	index	gpt2	1533213	4604	0.00
2026-05-10T21:34:59+02:00	fixed_type	index	gpt2	1533213	959880	0.92
2026-05-10T21:35:09+02:00	fixed_type	index	gpt2	1533213	953356	0.91
2026-05-10T21:35:19+02:00	fixed_type	index	gpt2	1533213	2024288	1.93
2026-05-10T21:35:29+02:00	fixed_type	index	gpt2	1533213	2135960	2.04
2026-05-10T21:35:39+02:00	fixed_type	index	gpt2	1533213	2199056	2.10
2026-05-10T21:35:49+02:00	fixed_type	index	gpt2	1533213	2237336	2.13
2026-05-10T21:35:59+02:00	fixed_type	index	gpt2	1533213	2256872	2.15
2026-05-10T21:36:09+02:00	fixed_type	index	gpt2	1533213	2265320	2.16
2026-05-10T21:36:19+02:00	fixed_type	index	gpt2	1533213	2268488	2.16
2026-05-10T21:36:29+02:00	fixed_type	index	gpt2	1533213	2299740	2.19
2026-05-10T21:36:39+02:00	fixed_type	index	gpt2	1533213	2299472	2.19
2026-05-10T21:36:49+02:00	fixed_type	index	gpt2	1533213	2299952	2.19
2026-05-10T21:36:59+02:00	fixed_type	index	gpt2	1533213	2323136	2.22
2026-05-10T21:37:09+02:00	fixed_type	index	gpt2	1533213	2323884	2.22
2026-05-10T21:37:19+02:00	fixed_type	index	gpt2	1533213	2299808	2.19
2026-05-10T21:37:29+02:00	fixed_type	index	gpt2	1533213	2295224	2.19
2026-05-10T21:37:39+02:00	fixed_type	index	gpt2	1533213	2285392	2.18
2026-05-10T21:37:49+02:00	fixed_type	index	gpt2	1533213	2325384	2.22
2026-05-10T21:37:59+02:00	fixed_type	index	gpt2	1533213	2299692	2.19
2026-05-10T21:38:09+02:00	fixed_type	index	gpt2	1533213	2324068	2.22
2026-05-10T21:38:19+02:00	fixed_type	index	gpt2	1533213	2325804	2.22
2026-05-10T21:38:29+02:00	fixed_type	index	gpt2	1533213	2323864	2.22
2026-05-10T21:38:39+02:00	fixed_type	index	gpt2	1533213	2325620	2.22
2026-05-10T21:38:49+02:00	fixed_type	index	gpt2	1533213	2313912	2.21
2026-05-10T21:38:59+02:00	fixed_type	index	gpt2	1533213	2339928	2.23
2026-05-10T21:39:09+02:00	fixed_type	index	gpt2	1533213	2299728	2.19
2026-05-10T21:39:19+02:00	fixed_type	index	gpt2	1533213	2326012	2.22
2026-05-10T21:39:29+02:00	fixed_type	index	gpt2	1533213	2315008	2.21
2026-05-10T21:39:39+02:00	fixed_type	index	gpt2	1533213	2323792	2.22
2026-05-10T21:39:49+02:00	fixed_type	index	gpt2	1533213	2299828	2.19
2026-05-10T21:39:59+02:00	fixed_type	index	gpt2	1533213	2323704	2.22
2026-05-10T21:40:09+02:00	fixed_type	index	gpt2	1533213	2325880	2.22
2026-05-10T21:40:19+02:00	fixed_type	index	gpt2	1533213	2295108	2.19
2026-05-10T21:40:29+02:00	fixed_type	index	gpt2	1533213	2299924	2.19
2026-05-10T21:40:39+02:00	fixed_type	index	gpt2	1533213	2323704	2.22
2026-05-10T21:40:49+02:00	fixed_type	index	gpt2	1533213	2299836	2.19
2026-05-10T21:40:59+02:00	fixed_type	index	gpt2	1533213	2295204	2.19
2026-05-10T21:41:09+02:00	fixed_type	index	gpt2	1533213	2300024	2.19
2026-05-10T21:41:19+02:00	fixed_type	index	gpt2	1533213	2309068	2.20
2026-05-10T21:41:29+02:00	fixed_type	index	gpt2	1533213	2299628	2.19
2026-05-10T21:41:39+02:00	fixed_type	index	gpt2	1533213	2300004	2.19
2026-05-10T21:41:49+02:00	fixed_type	index	gpt2	1533213	2280704	2.18
2026-05-10T21:41:59+02:00	fixed_type	index	gpt2	1533213	2322408	2.21
2026-05-10T21:42:09+02:00	fixed_type	index	gpt2	1533213	2325648	2.22
2026-05-10T21:42:19+02:00	fixed_type	index	gpt2	1533213	2299580	2.19
2026-05-10T21:42:29+02:00	fixed_type	index	gpt2	1533213	2315000	2.21
2026-05-10T21:42:39+02:00	fixed_type	index	gpt2	1533213	2323820	2.22
2026-05-10T21:42:49+02:00	fixed_type	index	gpt2	1533213	2323892	2.22
2026-05-10T21:42:59+02:00	fixed_type	index	gpt2	1533213	2325860	2.22
2026-05-10T21:43:09+02:00	fixed_type	index	gpt2	1533213	2324076	2.22
2026-05-10T21:43:19+02:00	fixed_type	index	gpt2	1533213	2325720	2.22
2026-05-10T21:43:29+02:00	fixed_type	index	gpt2	1533213	2295204	2.19
2026-05-10T21:43:39+02:00	fixed_type	index	gpt2	1533213	2300024	2.19
2026-05-10T21:43:49+02:00	fixed_type	index	gpt2	1533213	2299916	2.19
2026-05-10T21:43:59+02:00	fixed_type	index	gpt2	1533213	2299988	2.19
2026-05-10T21:44:09+02:00	fixed_type	index	gpt2	1533213	2295084	2.19
2026-05-10T21:44:19+02:00	fixed_type	index	gpt2	1533213	2299692	2.19
2026-05-10T21:44:29+02:00	fixed_type	index	gpt2	1533213	2300020	2.19
2026-05-10T21:44:39+02:00	fixed_type	index	gpt2	1533213	2323368	2.22
2026-05-10T21:44:49+02:00	fixed_type	index	gpt2	1533213	2307436	2.20
2026-05-10T21:44:59+02:00	fixed_type	index	gpt2	1533213	2307436	2.20
2026-05-10T21:45:09+02:00	fixed_type	index	gpt2	1533213	2307740	2.20
2026-05-10T21:45:19+02:00	fixed_type	index	gpt2	1533213	2307740	2.20
2026-05-10T21:45:29+02:00	fixed_type	index	gpt2	1533213	2307740	2.20
2026-05-10T21:45:39+02:00	fixed_type	index	gpt2	1533213	2307740	2.20
2026-05-10T21:45:49+02:00	fixed_type	index	gpt2	1533213	2307740	2.20
2026-05-10T21:45:59+02:00	fixed_type	index	gpt2	1533213	2307740	2.20
2026-05-10T21:46:09+02:00	fixed_type	index	gpt2	1533213	2307740	2.20
2026-05-10T21:46:19+02:00	fixed_type	index	gpt2	1533213	2307740	2.20
2026-05-10T21:46:29+02:00	fixed_type	index	gpt2	1533213	2307740	2.20
2026-05-10T21:46:39+02:00	fixed_type	index	gpt2	1533213	2307740	2.20
2026-05-10T21:46:49+02:00	fixed_type	index	gpt2	1533213	2307740	2.20
2026-05-10T21:46:59+02:00	fixed_type	index	gpt2	1533213	2307740	2.20
2026-05-10T21:47:09+02:00	fixed_type	index	gpt2	1533213	2307740	2.20
2026-05-10T21:47:19+02:00	fixed_type	index	gpt2	1533213	2307740	2.20
2026-05-10T21:47:29+02:00	fixed_type	index	gpt2	1533213	2307740	2.20
2026-05-10T21:47:39+02:00	fixed_type	index	gpt2	1533213	2307740	2.20
2026-05-10T21:47:49+02:00	fixed_type	index	gpt2	1533213	2307740	2.20
2026-05-10T21:47:59+02:00	fixed_type	index	gpt2	1533213	2307740	2.20
2026-05-10T21:48:09+02:00	fixed_type	index	gpt2	1533213	2307740	2.20
2026-05-10T21:48:19+02:00	fixed_type	index	gpt2	1533213	2307740	2.20
2026-05-10T21:48:29+02:00	fixed_type	index	gpt2	1533213	2307740	2.20
2026-05-10T21:48:39+02:00	fixed_type	index	gpt2	1533213	2307740	2.20
2026-05-10T21:48:49+02:00	fixed_type	index	gpt2	1533213	2307740	2.20
2026-05-10T21:48:59+02:00	fixed_type	index	gpt2	1533213	2307740	2.20
2026-05-10T21:49:09+02:00	fixed_type	index	gpt2	1533213	2307740	2.20
2026-05-10T21:49:19+02:00	fixed_type	index	gpt2	1533213	2307740	2.20
2026-05-10T21:49:29+02:00	fixed_type	index	gpt2	1533213	2307740	2.20
2026-05-10T21:49:39+02:00	fixed_type	index	gpt2	1533213	2307740	2.20
2026-05-10T21:49:49+02:00	fixed_type	index	gpt2	1533213	2307740	2.20
2026-05-10T21:49:59+02:00	fixed_type	index	gpt2	1533213	2307740	2.20
2026-05-10T21:50:09+02:00	fixed_type	index	gpt2	1533213	2307740	2.20
2026-05-10T21:50:20+02:00	fixed_type	index	gpt2	1533213	2307740	2.20
2026-05-10T21:50:30+02:00	fixed_type	index	gpt2	1533213	2311272	2.20
2026-05-10T21:50:40+02:00	fixed_type	index	gpt2	1533213	2311272	2.20
2026-05-10T21:50:50+02:00	fixed_type	index	gpt2	1533213	2311272	2.20
2026-05-10T21:51:00+02:00	fixed_type	index	gpt2	1533213	2311272	2.20
2026-05-10T21:51:10+02:00	fixed_type	index	gpt2	1533213	2311272	2.20
2026-05-10T21:51:20+02:00	fixed_type	index	gpt2	1533213	2311272	2.20
2026-05-10T21:51:30+02:00	fixed_type	index	gpt2	1533213	2311272	2.20
2026-05-10T21:51:40+02:00	fixed_type	index	gpt2	1533213	2311272	2.20
2026-05-10T21:51:50+02:00	fixed_type	index	gpt2	1533213	2311272	2.20
2026-05-10T21:52:00+02:00	fixed_type	index	gpt2	1533213	2311272	2.20
2026-05-10T21:52:10+02:00	fixed_type	index	gpt2	1533213	2311272	2.20
2026-05-10T21:52:20+02:00	fixed_type	index	gpt2	1533213	2311272	2.20
2026-05-10T21:52:30+02:00	fixed_type	index	gpt2	1533213	2311560	2.20
2026-05-10T21:52:40+02:00	fixed_type	index	gpt2	1533213	2311560	2.20
2026-05-10T21:52:50+02:00	fixed_type	index	gpt2	1533213	2311560	2.20
2026-05-10T21:53:00+02:00	fixed_type	index	gpt2	1533213	2311560	2.20
2026-05-10T21:53:10+02:00	fixed_type	index	gpt2	1533213	2311560	2.20
2026-05-10T21:53:20+02:00	fixed_type	index	gpt2	1533213	2311560	2.20
2026-05-10T21:53:30+02:00	fixed_type	index	gpt2	1533213	2311560	2.20
2026-05-10T21:53:40+02:00	fixed_type	index	gpt2	1533213	2311560	2.20
2026-05-10T21:53:50+02:00	fixed_type	index	gpt2	1533213	2311560	2.20
2026-05-10T21:54:00+02:00	fixed_type	index	gpt2	1533213	2311560	2.20
2026-05-10T21:54:10+02:00	fixed_type	index	gpt2	1533213	2311560	2.20
2026-05-10T21:54:20+02:00	fixed_type	index	gpt2	1533213	2311560	2.20
2026-05-10T21:54:30+02:00	fixed_type	index	gpt2	1533213	2311560	2.20
2026-05-10T21:54:40+02:00	fixed_type	index	gpt2	1533213	2311560	2.20
2026-05-10T21:54:50+02:00	fixed_type	index	gpt2	1533213	2397924	2.29
2026-05-10T21:55:00+02:00	fixed_type	index	gpt2	1533213	2430164	2.32
2026-05-10T21:55:10+02:00	fixed_type	index	gpt2	1533213	2396344	2.29
2026-05-10T21:55:20+02:00	fixed_type	index	gpt2	1533213	2396344	2.29
2026-05-10T21:55:30+02:00	fixed_type	index	gpt2	1533213	2369976	2.26
2026-05-10T21:55:40+02:00	fixed_type	index	gpt2	1533213	2368796	2.26
2026-05-10T21:55:50+02:00	fixed_type	index	gpt2	1533213	2362788	2.25
2026-05-10T21:56:00+02:00	fixed_type	index	gpt2	1533213	2363576	2.25
2026-05-10T21:56:10+02:00	fixed_type	index	gpt2	1533213	2396344	2.29
2026-05-10T21:56:20+02:00	fixed_type	index	gpt2	1533213	2346496	2.24
2026-05-10T21:56:30+02:00	fixed_type	index	gpt2	1533213	2363576	2.25
2026-05-10T21:56:40+02:00	fixed_type	index	gpt2	1533213	2369976	2.26
2026-05-10T21:56:50+02:00	fixed_type	index	gpt2	1533213	2369976	2.26
2026-05-10T21:57:00+02:00	fixed_type	index	gpt2	1533213	2346496	2.24
2026-05-10T21:57:10+02:00	fixed_type	index	gpt2	1533213	2362788	2.25
2026-05-10T21:57:20+02:00	fixed_type	index	gpt2	1533213	2363576	2.25
2026-05-10T21:57:30+02:00	fixed_type	index	gpt2	1533213	2392124	2.28
2026-05-10T21:57:40+02:00	fixed_type	index	gpt2	1533213	2392912	2.28
2026-05-10T21:57:50+02:00	fixed_type	index	gpt2	1533213	2346496	2.24
2026-05-10T21:58:00+02:00	fixed_type	index	gpt2	1533213	2396344	2.29
2026-05-10T21:58:10+02:00	fixed_type	index	gpt2	1533213	2396344	2.29
2026-05-10T21:58:20+02:00	fixed_type	index	gpt2	1533213	2363576	2.25
2026-05-10T21:58:30+02:00	fixed_type	index	gpt2	1533213	2363576	2.25
2026-05-10T21:58:40+02:00	fixed_type	index	gpt2	1533213	2363576	2.25
2026-05-10T21:58:50+02:00	fixed_type	index	gpt2	1533213	2392648	2.28
2026-05-10T21:59:00+02:00	fixed_type	index	gpt2	1533213	2396344	2.29
2026-05-10T21:59:10+02:00	fixed_type	index	gpt2	1533213	2349244	2.24
2026-05-10T21:59:20+02:00	fixed_type	index	gpt2	1533213	2349244	2.24
2026-05-10T21:59:30+02:00	fixed_type	index	gpt2	1533213	2349244	2.24
2026-05-10T21:59:40+02:00	fixed_type	index	gpt2	1533213	2349244	2.24
2026-05-10T21:59:50+02:00	fixed_type	index	gpt2	1533213	2349244	2.24
2026-05-10T22:00:00+02:00	fixed_type	index	gpt2	1533213	2349244	2.24
2026-05-10T22:00:10+02:00	fixed_type	index	gpt2	1533213	2349244	2.24
2026-05-10T22:00:20+02:00	fixed_type	index	gpt2	1533213	2349244	2.24
2026-05-10T22:00:30+02:00	fixed_type	index	gpt2	1533213	2349244	2.24
2026-05-10T22:00:40+02:00	fixed_type	index	gpt2	1533213	2349244	2.24
2026-05-10T22:00:50+02:00	fixed_type	index	gpt2	1533213	2349244	2.24
2026-05-10T22:01:00+02:00	fixed_type	index	gpt2	1533213	2349244	2.24
2026-05-10T22:01:10+02:00	fixed_type	index	gpt2	1533213	2350300	2.24
2026-05-10T22:01:20+02:00	fixed_type	index	gpt2	1533213	2350300	2.24
2026-05-10T22:01:30+02:00	fixed_type	index	gpt2	1533213	2361028	2.25
2026-05-10T22:01:40+02:00	fixed_type	index	gpt2	1533213	2384952	2.27
2026-05-10T22:01:50+02:00	fixed_type	index	gpt2	1533213	2386968	2.28
2026-05-10T22:02:00+02:00	fixed_type	index	gpt2	1533213	2356556	2.25
2026-05-10T22:02:10+02:00	fixed_type	index	gpt2	1533213	2360900	2.25
2026-05-10T22:02:20+02:00	fixed_type	index	gpt2	1533213	2356484	2.25
2026-05-10T22:02:30+02:00	fixed_type	index	gpt2	1533213	2371100	2.26
2026-05-10T22:02:40+02:00	fixed_type	index	gpt2	1533213	2387060	2.28
2026-05-10T22:02:50+02:00	fixed_type	index	gpt2	1533213	2356616	2.25
2026-05-10T22:03:00+02:00	fixed_type	index	gpt2	1533213	2376260	2.27
2026-05-10T22:03:10+02:00	fixed_type	index	gpt2	1533213	2361284	2.25
2026-05-10T22:03:20+02:00	fixed_type	index	gpt2	1533213	2385112	2.27
2026-05-10T22:03:30+02:00	fixed_type	index	gpt2	1533213	2350120	2.24
2026-05-10T22:03:40+02:00	fixed_type	index	gpt2	1533213	2385084	2.27
2026-05-10T22:03:50+02:00	fixed_type	index	gpt2	1533213	2361216	2.25
2026-05-10T22:04:00+02:00	fixed_type	index	gpt2	1533213	2397128	2.29
2026-05-10T22:04:10+02:00	fixed_type	index	gpt2	1533213	2361392	2.25
2026-05-10T22:04:20+02:00	fixed_type	index	gpt2	1533213	2356272	2.25
2026-05-10T22:04:30+02:00	fixed_type	index	gpt2	1533213	2361096	2.25
2026-05-10T22:04:40+02:00	fixed_type	index	gpt2	1533213	2400164	2.29
2026-05-10T22:04:50+02:00	fixed_type	index	gpt2	1533213	2396656	2.29
2026-05-10T22:05:00+02:00	fixed_type	index	gpt2	1533213	2356432	2.25
2026-05-10T22:05:10+02:00	fixed_type	index	gpt2	1533213	2377612	2.27
2026-05-10T22:05:20+02:00	fixed_type	index	gpt2	1533213	2385124	2.27
2026-05-10T22:05:30+02:00	fixed_type	index	gpt2	1533213	2360996	2.25
2026-05-10T22:05:40+02:00	fixed_type	index	gpt2	1533213	2352076	2.24
2026-05-10T22:05:50+02:00	fixed_type	index	gpt2	1533213	2361124	2.25
2026-05-10T22:06:00+02:00	fixed_type	index	gpt2	1533213	2356484	2.25
2026-05-10T22:06:10+02:00	fixed_type	index	gpt2	1533213	2387168	2.28
2026-05-10T22:06:20+02:00	fixed_type	index	gpt2	1533213	2374076	2.26
2026-05-10T22:06:30+02:00	fixed_type	index	gpt2	1533213	2360988	2.25
2026-05-10T22:06:40+02:00	fixed_type	index	gpt2	1533213	2361100	2.25
2026-05-10T22:06:50+02:00	fixed_type	index	gpt2	1533213	2353820	2.24
2026-05-10T22:07:00+02:00	fixed_type	index	gpt2	1533213	2361016	2.25
2026-05-10T22:07:10+02:00	fixed_type	index	gpt2	1533213	2361352	2.25
2026-05-10T22:07:20+02:00	fixed_type	index	gpt2	1533213	2356456	2.25
2026-05-10T22:07:30+02:00	fixed_type	index	gpt2	1533213	2361052	2.25
2026-05-10T22:07:40+02:00	fixed_type	index	gpt2	1533213	2361172	2.25
2026-05-10T22:07:50+02:00	fixed_type	index	gpt2	1533213	2385264	2.27
2026-05-10T22:08:00+02:00	fixed_type	index	gpt2	1533213	2375920	2.27
2026-05-10T22:08:10+02:00	fixed_type	index	gpt2	1533213	2384920	2.27
2026-05-10T22:08:20+02:00	fixed_type	index	gpt2	1533213	2351552	2.24
2026-05-10T22:08:30+02:00	fixed_type	index	gpt2	1533213	2360908	2.25
2026-05-10T22:08:40+02:00	fixed_type	index	gpt2	1533213	2382888	2.27
2026-05-10T22:08:50+02:00	fixed_type	index	gpt2	1533213	2387220	2.28
2026-05-10T22:09:00+02:00	fixed_type	index	gpt2	1533213	2360940	2.25
2026-05-10T22:09:10+02:00	fixed_type	index	gpt2	1533213	2385076	2.27
2026-05-10T22:09:20+02:00	fixed_type	index	gpt2	1533213	2341968	2.23
2026-05-10T22:09:30+02:00	fixed_type	index	gpt2	1533213	2384988	2.27
2026-05-10T22:09:40+02:00	fixed_type	index	gpt2	1533213	2342188	2.23
2026-05-10T22:09:50+02:00	fixed_type	index	gpt2	1533213	2349116	2.24
2026-05-10T22:10:00+02:00	fixed_type	index	gpt2	1533213	2349116	2.24
2026-05-10T22:10:10+02:00	fixed_type	index	gpt2	1533213	2349116	2.24
2026-05-10T22:10:20+02:00	fixed_type	index	gpt2	1533213	2349116	2.24
2026-05-10T22:10:30+02:00	fixed_type	index	gpt2	1533213	2349116	2.24
2026-05-10T22:10:40+02:00	fixed_type	index	gpt2	1533213	2349116	2.24
2026-05-10T22:10:50+02:00	fixed_type	index	gpt2	1533213	2349116	2.24
2026-05-10T22:11:00+02:00	fixed_type	index	gpt2	1533213	2349116	2.24
2026-05-10T22:11:10+02:00	fixed_type	index	gpt2	1533213	2349116	2.24
2026-05-10T22:11:20+02:00	fixed_type	index	gpt2	1533213	2349116	2.24
2026-05-10T22:11:30+02:00	fixed_type	index	gpt2	1533213	2349116	2.24
2026-05-10T22:11:40+02:00	fixed_type	index	gpt2	1533213	2349116	2.24
2026-05-10T22:11:50+02:00	fixed_type	index	gpt2	1533213	2349116	2.24
2026-05-10T22:12:00+02:00	fixed_type	index	gpt2	1533213	2349116	2.24
2026-05-10T22:12:10+02:00	fixed_type	index	gpt2	1533213	2349116	2.24
2026-05-10T22:12:20+02:00	fixed_type	index	gpt2	1533213	2349116	2.24
2026-05-10T22:12:30+02:00	fixed_type	index	gpt2	1533213	2349116	2.24
2026-05-10T22:12:40+02:00	fixed_type	index	gpt2	1533213	2349116	2.24
2026-05-10T22:12:50+02:00	fixed_type	index	gpt2	1533213	2349116	2.24
2026-05-10T22:13:00+02:00	fixed_type	index	gpt2	1533213	2349116	2.24
2026-05-10T22:13:10+02:00	fixed_type	index	gpt2	1533213	2349116	2.24
2026-05-10T22:13:20+02:00	fixed_type	index	gpt2	1533213	2349116	2.24
2026-05-10T22:13:30+02:00	fixed_type	index	gpt2	1533213	2349116	2.24
2026-05-10T22:13:40+02:00	fixed_type	index	gpt2	1533213	2349116	2.24
2026-05-10T22:13:50+02:00	fixed_type	index	gpt2	1533213	2349116	2.24
2026-05-10T22:14:00+02:00	fixed_type	index	gpt2	1533213	2349116	2.24
2026-05-10T22:14:10+02:00	fixed_type	index	gpt2	1533213	2349116	2.24
2026-05-10T22:14:20+02:00	fixed_type	index	gpt2	1533213	2349116	2.24
2026-05-10T22:14:30+02:00	fixed_type	index	gpt2	1533213	2349116	2.24
2026-05-10T22:14:40+02:00	fixed_type	index	gpt2	1533213	2349116	2.24
2026-05-10T22:14:50+02:00	fixed_type	index	gpt2	1533213	2349116	2.24
2026-05-10T22:15:00+02:00	fixed_type	index	gpt2	1533213	2349116	2.24
2026-05-10T22:15:10+02:00	fixed_type	index	gpt2	1533213	2349116	2.24
2026-05-10T22:15:20+02:00	fixed_type	index	gpt2	1533213	2349116	2.24
2026-05-10T22:15:30+02:00	fixed_type	index	gpt2	1533213	2349116	2.24
2026-05-10T22:15:40+02:00	fixed_type	index	gpt2	1533213	2349116	2.24
2026-05-10T22:15:50+02:00	fixed_type	index	gpt2	1533213	2349116	2.24
2026-05-10T22:16:00+02:00	fixed_type	index	gpt2	1533213	2349116	2.24
2026-05-10T22:16:10+02:00	fixed_type	index	gpt2	1533213	2349116	2.24
2026-05-10T22:16:20+02:00	fixed_type	index	gpt2	1533213	2349116	2.24
2026-05-10T22:16:30+02:00	fixed_type	index	gpt2	1533213	2349116	2.24
2026-05-10T22:16:40+02:00	fixed_type	index	gpt2	1533213	2349116	2.24
2026-05-10T22:16:50+02:00	fixed_type	index	gpt2	1533213	2349116	2.24
2026-05-10T22:17:00+02:00	fixed_type	index	gpt2	1533213	2349116	2.24
2026-05-10T22:17:10+02:00	fixed_type	index	gpt2	1533213	2349116	2.24
2026-05-10T22:17:20+02:00	fixed_type	index	gpt2	1533213	2349116	2.24
2026-05-10T22:17:30+02:00	fixed_type	index	gpt2	1533213	2349116	2.24
2026-05-10T22:17:40+02:00	fixed_type	index	gpt2	1533213	2349116	2.24
2026-05-10T22:17:50+02:00	fixed_type	index	gpt2	1533213	2349116	2.24
2026-05-10T22:18:00+02:00	fixed_type	index	gpt2	1533213	2349116	2.24
2026-05-10T22:18:10+02:00	fixed_type	index	gpt2	1533213	2349116	2.24
2026-05-10T22:18:20+02:00	fixed_type	index	gpt2	1533213	2349116	2.24
2026-05-10T22:18:30+02:00	fixed_type	index	gpt2	1533213	2349116	2.24
2026-05-10T22:18:40+02:00	fixed_type	index	gpt2	1533213	2349116	2.24
2026-05-10T22:18:50+02:00	fixed_type	index	gpt2	1533213	2349116	2.24
2026-05-10T22:19:00+02:00	fixed_type	index	gpt2	1533213	2349116	2.24
2026-05-10T22:19:10+02:00	fixed_type	index	gpt2	1533213	2349116	2.24
2026-05-10T22:19:20+02:00	fixed_type	index	gpt2	1533213	2349116	2.24
2026-05-10T22:19:30+02:00	fixed_type	index	gpt2	1533213	2349116	2.24
2026-05-10T22:19:40+02:00	fixed_type	arity	bert	1534888	4608	0.00
2026-05-10T22:19:50+02:00	fixed_type	arity	bert	1534888	955144	0.91
2026-05-10T22:20:00+02:00	fixed_type	arity	bert	1534888	955144	0.91
2026-05-10T22:20:10+02:00	fixed_type	arity	bert	1534888	976484	0.93
2026-05-10T22:20:20+02:00	fixed_type	arity	bert	1534888	977536	0.93
2026-05-10T22:20:30+02:00	fixed_type	arity	bert	1534888	2089996	1.99
2026-05-10T22:20:40+02:00	fixed_type	arity	bert	1534888	2240476	2.14
2026-05-10T22:20:50+02:00	fixed_type	arity	bert	1534888	2315452	2.21
2026-05-10T22:21:00+02:00	fixed_type	arity	bert	1534888	2346076	2.24
2026-05-10T22:21:10+02:00	fixed_type	arity	bert	1534888	2357692	2.25
2026-05-10T22:21:20+02:00	fixed_type	arity	bert	1534888	2361124	2.25
2026-05-10T22:21:30+02:00	fixed_type	arity	bert	1534888	2387700	2.28
2026-05-10T22:21:40+02:00	fixed_type	arity	bert	1534888	2397460	2.29
2026-05-10T22:21:50+02:00	fixed_type	arity	bert	1534888	2371936	2.26
2026-05-10T22:22:00+02:00	fixed_type	arity	bert	1534888	2393104	2.28
2026-05-10T22:22:10+02:00	fixed_type	arity	bert	1534888	2393104	2.28
2026-05-10T22:22:20+02:00	fixed_type	arity	bert	1534888	2375032	2.27
2026-05-10T22:22:30+02:00	fixed_type	arity	bert	1534888	2393104	2.28
2026-05-10T22:22:40+02:00	fixed_type	arity	bert	1534888	2393104	2.28
2026-05-10T22:22:50+02:00	fixed_type	arity	bert	1534888	2393104	2.28
2026-05-10T22:23:00+02:00	fixed_type	arity	bert	1534888	2393104	2.28
2026-05-10T22:23:10+02:00	fixed_type	arity	bert	1534888	2393104	2.28
2026-05-10T22:23:20+02:00	fixed_type	arity	bert	1534888	2393104	2.28
2026-05-10T22:23:30+02:00	fixed_type	arity	bert	1534888	2393104	2.28
2026-05-10T22:23:40+02:00	fixed_type	arity	gpt2	1566475	4460	0.00
2026-05-10T22:23:50+02:00	fixed_type	arity	gpt2	1566475	955052	0.91
2026-05-10T22:24:00+02:00	fixed_type	arity	gpt2	1566475	955052	0.91
2026-05-10T22:24:10+02:00	fixed_type	arity	gpt2	1566475	973756	0.93
2026-05-10T22:24:20+02:00	fixed_type	arity	gpt2	1566475	977648	0.93
2026-05-10T22:24:30+02:00	fixed_type	arity	gpt2	1566475	2012108	1.92
2026-05-10T22:24:40+02:00	fixed_type	arity	gpt2	1566475	2191892	2.09
2026-05-10T22:24:50+02:00	fixed_type	arity	gpt2	1566475	2303036	2.20
2026-05-10T22:25:00+02:00	fixed_type	arity	gpt2	1566475	2356892	2.25
2026-05-10T22:25:10+02:00	fixed_type	arity	gpt2	1566475	2384084	2.27
2026-05-10T22:25:20+02:00	fixed_type	arity	gpt2	1566475	2395436	2.28
2026-05-10T22:25:30+02:00	fixed_type	arity	gpt2	1566475	2399924	2.29
2026-05-10T22:25:40+02:00	fixed_type	arity	gpt2	1566475	2400716	2.29
2026-05-10T22:25:50+02:00	fixed_type	arity	gpt2	1566475	2408072	2.30
2026-05-10T22:26:00+02:00	fixed_type	arity	gpt2	1566475	2421720	2.31
2026-05-10T22:26:10+02:00	fixed_type	arity	gpt2	1566475	2415060	2.30
2026-05-10T22:26:20+02:00	fixed_type	arity	gpt2	1566475	2415060	2.30
2026-05-10T22:26:30+02:00	fixed_type	arity	gpt2	1566475	2433132	2.32
2026-05-10T22:26:40+02:00	fixed_type	arity	gpt2	1566475	2433132	2.32
2026-05-10T22:26:50+02:00	fixed_type	arity	gpt2	1566475	2433132	2.32
2026-05-10T22:27:00+02:00	fixed_type	arity	gpt2	1566475	2433132	2.32
2026-05-10T22:27:10+02:00	fixed_type	arity	gpt2	1566475	2433132	2.32
2026-05-10T22:27:20+02:00	fixed_type	arity	gpt2	1566475	2421788	2.31
2026-05-10T22:27:30+02:00	fixed_type	arity	gpt2	1566475	2415060	2.30
2026-05-10T22:27:40+02:00	fixed_type	arity	gpt2	1566475	2433132	2.32
2026-05-10T22:27:50+02:00	fixed_type	arity	gpt2	1566475	2433132	2.32
2026-05-10T22:28:00+02:00	fixed_type	head_dist	bert	1583142	4480	0.00
2026-05-10T22:28:10+02:00	fixed_type	head_dist	gpt2	1583163	4572	0.00
2026-05-10T22:28:20+02:00	fixed_type	relation_type	bert	1583187	4604	0.00
2026-05-10T22:28:30+02:00	fixed_type	relation_type	gpt2	1583208	4412	0.00
2026-05-10T22:28:40+02:00	fixed_type	relation_type	gpt2	1583229	4448	0.00
