sentence_id,word_id,word,word_lower,pos,head_dist,abs_head_dist,direction,token_frequency,log_token_frequency,token_length,sentence_position,relation_type,token_length_bin,sentence_position_bin,abs_head_dist_bin,frequency_bin,matched_stratum_id
weblog-blogspot.com_alaindewitt_20040929103700_ENG_20040929_103700-0038,2,time,time,NOUN,4,4,Before Head,397,5.986452005284438,4,3,obl,3-4,1-5,3-4,"(4.22, 8.54]",372
answers-20111108091609AAHOFa6_ans-0003,32,school,school,NOUN,1,1,Before Head,56,4.04305126783455,6,33,nsubj,5-6,31-35,1-2,"(3.497, 4.22]",169
answers-20111108103930AA7FPhc_ans-0006,3,things,things,NOUN,-2,2,After Head,85,4.454347296253507,6,4,nsubj,5-6,1-5,1-2,"(4.22, 8.54]",130
newsgroup-groups.google.com_GayMarriage_0ccbb50b41a5830b_ENG_20050321_181500-0014,3,lists,lists,NOUN,3,3,Before Head,13,2.639057329615259,5,4,nsubj,5-6,1-5,3-4,"(2.197, 2.833]",125
reviews-332105-0001,16,years,years,NOUN,-6,6,After Head,150,5.017279836814924,5,17,obl,5-6,16-20,5-6,"(4.22, 8.54]",440
email-enronsent42_01-0064,4,settlement,settlement,NOUN,-4,4,After Head,26,3.295836866004329,10,5,nsubj:pass,9-10,1-5,3-4,"(2.833, 3.497]",66
email-enronsent43_01-0108,4,Description,description,NOUN,-4,4,After Head,7,2.0794415416798357,11,5,nsubj,11-12,1-5,3-4,"(1.386, 2.197]",69
reviews-351561-0025,4,yelling,yelling,NOUN,4,4,Before Head,3,1.3862943611198906,7,5,obl,7-8,1-5,3-4,"(0.692, 1.386]",463
answers-20111108102445AA5mfrq_ans-0008,4,money,money,NOUN,3,3,Before Head,91,4.5217885770490405,5,5,obj,5-6,1-5,3-4,"(4.22, 8.54]",279
newsgroup-groups.google.com_IdeaStockExchange_c6ea783ac3f043ba_ENG_20041120_243700-0015,9,firm,firm,NOUN,2,2,Before Head,15,2.772588722239781,4,11,nsubj,3-4,11-15,1-2,"(2.197, 2.833]",92
answers-20111108092321AAK0Eqp_ans-0014,8,rates,rates,NOUN,4,4,Before Head,20,3.044522437723423,5,9,nsubj,5-6,6-10,3-4,"(2.833, 3.497]",182
newsgroup-groups.google.com_alt.animals.bears_1125853b1f13cff6_ENG_20040126_171100-0059,8,Title,title,NOUN,-2,2,After Head,7,2.0794415416798357,5,9,obl,5-6,6-10,1-2,"(1.386, 2.197]",450
weblog-blogspot.com_dakbangla_20050210141134_ENG_20050210_141134-0069,4,end,end,NOUN,-4,4,After Head,83,4.430816798843313,3,5,obl,3-4,1-5,3-4,"(4.22, 8.54]",372
newsgroup-groups.google.com_misc.consumers_a534e32067078b08_ENG_20060116_030800-0015,1,essence,essence,NOUN,4,4,Before Head,4,1.6094379124341003,7,2,obl,7-8,1-5,3-4,"(1.386, 2.197]",465
weblog-blogspot.com_alaindewitt_20040929103700_ENG_20040929_103700-0031,13,periods,periods,NOUN,-3,3,After Head,6,1.9459101490553132,7,14,nsubj,7-8,11-15,3-4,"(1.386, 2.197]",202
answers-20111108110437AA5JNkr_ans-0005,13,reins,reins,NOUN,-2,2,After Head,4,1.6094379124341003,5,14,nsubj,5-6,11-15,1-2,"(1.386, 2.197]",134
reviews-231203-0007,12,cases,cases,NOUN,6,6,Before Head,12,2.5649493574615367,5,13,obl,5-6,11-15,5-6,"(2.197, 2.833]",426
weblog-blogspot.com_healingiraq_20050121235804_ENG_20050121_235804-0002,3,streets,streets,NOUN,4,4,Before Head,4,1.6094379124341003,7,4,nsubj,7-8,1-5,3-4,"(1.386, 2.197]",193
weblog-blogspot.com_dakbangla_20050210141134_ENG_20050210_141134-0062,8,cover,cover,NOUN,6,6,Before Head,23,3.1780538303479458,5,9,obl,5-6,6-10,5-6,"(2.833, 3.497]",456
reviews-181748-0001,6,Guy,guy,NOUN,-3,3,After Head,37,3.6375861597263857,3,7,nsubj,3-4,6-10,3-4,"(3.497, 4.22]",117
email-enronsent35_01-0100,11,lawyers,lawyers,NOUN,1,1,Before Head,9,2.302585092994046,7,13,nsubj,7-8,11-15,1-2,"(2.197, 2.833]",204
weblog-typepad.com_ripples_20040407125600_ENG_20040407_125600-0020,3,lot,lot,NOUN,-2,2,After Head,89,4.499809670330265,3,4,nsubj,3-4,1-5,1-2,"(4.22, 8.54]",89
reviews-229623-0003,15,staff,staff,NOUN,3,3,Before Head,81,4.406719247264253,5,17,nsubj,5-6,16-20,3-4,"(4.22, 8.54]",155
email-enronsent44_01-0063,18,time,time,NOUN,-3,3,After Head,397,5.986452005284438,4,19,nmod:unmarked,3-4,16-20,3-4,"(4.22, 8.54]",27
email-enronsent16_01-0020,6,extent,extent,NOUN,2,2,Before Head,5,1.791759469228055,6,7,obl,5-6,6-10,1-2,"(1.386, 2.197]",450
answers-20111108110012AAK8Azy_ans-0019,9,fact,fact,NOUN,6,6,Before Head,53,3.9889840465642745,4,10,obl,3-4,6-10,5-6,"(3.497, 4.22]",407
answers-20111107175720AAlb2TB_ans-0011,4,rain,rain,NOUN,-2,2,After Head,6,1.9459101490553132,4,6,nsubj,3-4,6-10,1-2,"(1.386, 2.197]",113
answers-20111108105029AARU1Lf_ans-0013,21,urine,urine,NOUN,-2,2,After Head,5,1.791759469228055,5,22,nmod,5-6,21-25,1-2,"(1.386, 2.197]",41
reviews-364454-0002,5,customer,customer,NOUN,4,4,Before Head,47,3.8712010109078907,8,6,obl,7-8,6-10,3-4,"(3.497, 4.22]",497
email-enronsent37_01-0102,1,class,class,NOUN,2,2,Before Head,17,2.8903717578961645,5,2,obl,5-6,1-5,1-2,"(2.833, 3.497]",417
reviews-376320-0007,11,out,out,NOUN,2,2,Before Head,442,6.093569770045136,3,12,obl,3-4,11-15,1-2,"(4.22, 8.54]",377
answers-20111108094927AA5NjHj_ans-0006,12,disciplines,disciplines,NOUN,5,5,Before Head,1,0.6931471805599453,11,13,obj,11-12,11-15,5-6,"(0.692, 1.386]",265
reviews-086839-0005,15,week,week,NOUN,1,1,Before Head,89,4.499809670330265,4,16,obl:unmarked,3-4,16-20,1-2,"(4.22, 8.54]",307
weblog-juancole.com_juancole_20040823064025_ENG_20040823_064025-0029,13,incident,incident,NOUN,3,3,Before Head,6,1.9459101490553132,8,14,obl,7-8,11-15,3-4,"(1.386, 2.197]",472
answers-20111107194805AAdINwt_ans-0018,5,driver,driver,NOUN,-5,5,After Head,8,2.1972245773362196,6,6,obl,5-6,6-10,5-6,"(1.386, 2.197]",452
weblog-blogspot.com_rigorousintuition_20060511134300_ENG_20060511_134300-0272,8,fans,fans,NOUN,-4,4,After Head,3,1.3862943611198906,4,10,nsubj,3-4,6-10,3-4,"(0.692, 1.386]",112
answers-20111107144339AA0qw5S_ans-0015,18,spite,spite,NOUN,6,6,Before Head,5,1.791759469228055,5,19,obl,5-6,16-20,5-6,"(1.386, 2.197]",433
answers-20111108073322AA27tkh_ans-0009,3,period,period,NOUN,3,3,Before Head,34,3.5553480614894135,6,4,nsubj:pass,5-6,1-5,3-4,"(3.497, 4.22]",57
email-enronsent01_02-0016,4,mother,mother,NOUN,-4,4,After Head,10,2.3978952727983707,6,5,obl,5-6,1-5,3-4,"(2.197, 2.833]",416
reviews-127252-0006,15,needs,needs,NOUN,4,4,Before Head,53,3.9889840465642745,5,17,obl,5-6,16-20,3-4,"(3.497, 4.22]",438
reviews-049766-0004,6,fact,fact,NOUN,5,5,Before Head,53,3.9889840465642745,4,7,obl,3-4,6-10,5-6,"(3.497, 4.22]",407
reviews-361348-0005,3,cheese,cheese,NOUN,-2,2,After Head,11,2.4849066497880004,6,4,nsubj,5-6,1-5,1-2,"(2.197, 2.833]",124
reviews-192713-0004,1,owners,owners,NOUN,2,2,Before Head,15,2.772588722239781,6,2,nsubj,5-6,1-5,1-2,"(2.197, 2.833]",124
weblog-blogspot.com_alaindewitt_20060924104100_ENG_20060924_104100-0149,29,extent,extent,NOUN,3,3,Before Head,5,1.791759469228055,6,30,nmod,5-6,26-30,3-4,"(1.386, 2.197]",42
email-enronsent34_01-0037,21,case,case,NOUN,3,3,Before Head,56,4.04305126783455,4,22,nmod,3-4,21-25,3-4,"(3.497, 4.22]",35
answers-20111106035951AADq0Qg_ans-0009,9,example,example,NOUN,5,5,Before Head,23,3.1780538303479458,7,11,obl,7-8,11-15,5-6,"(2.833, 3.497]",476
reviews-305187-0002,7,group,group,NOUN,-6,6,After Head,75,4.330733340286331,5,8,obl,5-6,6-10,5-6,"(4.22, 8.54]",461
weblog-blogspot.com_rigorousintuition_20050518101500_ENG_20050518_101500-0003,7,lot,lot,NOUN,-2,2,After Head,89,4.499809670330265,3,8,obl:unmarked,3-4,6-10,1-2,"(4.22, 8.54]",320
email-enronsent35_01-0138,8,agreements,agreements,NOUN,6,6,Before Head,4,1.6094379124341003,10,9,nsubj:pass,9-10,6-10,5-6,"(1.386, 2.197]",67
answers-20111108065616AAKtL2c_ans-0069,1,waiter,waiter,NOUN,2,2,Before Head,5,1.791759469228055,6,2,nsubj,5-6,1-5,1-2,"(1.386, 2.197]",122
reviews-187266-0012,13,time,time,NOUN,5,5,Before Head,397,5.986452005284438,4,14,obl:unmarked,3-4,11-15,5-6,"(4.22, 8.54]",305
weblog-blogspot.com_dakbangla_20050311135387_ENG_20050311_135387-0167,1,media,media,NOUN,2,2,Before Head,27,3.332204510175204,5,2,nsubj,5-6,1-5,1-2,"(2.833, 3.497]",126
weblog-blogspot.com_alaindewitt_20060924104100_ENG_20060924_104100-0162,6,habits,habits,NOUN,-5,5,After Head,3,1.3862943611198906,6,7,nsubj,5-6,6-10,5-6,"(0.692, 1.386]",175
email-enronsent37_01-0127,1,addition,addition,NOUN,4,4,Before Head,15,2.772588722239781,8,2,obl,7-8,1-5,3-4,"(2.197, 2.833]",467
answers-20111108091921AAaLK4e_ans-0016,5,week,week,NOUN,-2,2,After Head,89,4.499809670330265,4,6,obl:unmarked,3-4,6-10,1-2,"(4.22, 8.54]",320
weblog-blogspot.com_dakbangla_20041016151002_ENG_20041016_151002-0060,4,presence,presence,NOUN,1,1,Before Head,11,2.4849066497880004,8,5,nsubj,7-8,1-5,1-2,"(2.197, 2.833]",194
reviews-192713-0008,7,thanks,thanks,NOUN,6,6,Before Head,45,3.828641396489095,6,8,obl:unmarked,5-6,6-10,5-6,"(3.497, 4.22]",341
answers-20111108104551AAVAVQR_ans-0007,13,hope,hope,NOUN,-1,1,After Head,66,4.204692619390966,4,14,nsubj,3-4,11-15,1-2,"(3.497, 4.22]",93
answers-20111108103957AAcF3iZ_ans-0015,7,beats,beats,NOUN,-2,2,After Head,3,1.3862943611198906,5,9,obl:unmarked,5-6,6-10,1-2,"(0.692, 1.386]",338
reviews-358702-0002,4,locations,locations,NOUN,-3,3,After Head,7,2.0794415416798357,9,5,nsubj,9-10,1-5,3-4,"(1.386, 2.197]",242
email-enronsent41_01-0075,17,month,month,NOUN,2,2,Before Head,52,3.970291913552122,5,18,obl:unmarked,5-6,16-20,1-2,"(3.497, 4.22]",332
reviews-063963-0006,3,reason,reason,NOUN,4,4,Before Head,39,3.6888794541139363,6,4,obl,5-6,1-5,3-4,"(3.497, 4.22]",420
weblog-blogspot.com_dakbangla_20041119231111_ENG_20041119_231111-0016,26,talks,talks,NOUN,-3,3,After Head,7,2.0794415416798357,5,28,obj,5-6,26-30,3-4,"(1.386, 2.197]",285
email-enronsent38_01-0030,24,language,language,NOUN,3,3,Before Head,35,3.58351893845611,8,25,nsubj,7-8,21-25,3-4,"(3.497, 4.22]",221
reviews-292841-0004,1,rooms,rooms,NOUN,3,3,Before Head,16,2.833213344056216,5,2,nsubj,5-6,1-5,3-4,"(2.197, 2.833]",125
newsgroup-groups.google.com_alt.animals.cat_01ff709c4bf2c60c_ENG_20040418_040100-0005,9,demons,demons,NOUN,3,3,Before Head,2,1.0986122886681096,6,10,nsubj,5-6,6-10,3-4,"(0.692, 1.386]",174
newsgroup-groups.google.com_humanities.lit.authors.shakespeare_0018a7697318f71f_ENG_20031006_163200-0080,12,curate,curate,NOUN,-2,2,After Head,1,0.6931471805599453,6,13,nsubj,5-6,11-15,1-2,"(0.692, 1.386]",132
answers-20111108110437AA5JNkr_ans-0009,3,horses,horses,NOUN,-2,2,After Head,21,3.091042453358316,6,5,obl,5-6,1-5,1-2,"(2.833, 3.497]",417
reviews-071650-0015,3,places,places,NOUN,-2,2,After Head,49,3.912023005428146,6,4,nsubj,5-6,1-5,1-2,"(3.497, 4.22]",128
email-enronsent02_01-0044,23,Q1,q1,NOUN,-1,1,After Head,9,2.302585092994046,2,24,nmod:unmarked,1-2,21-25,1-2,"(2.197, 2.833]",22
answers-20111107175720AAlb2TB_ans-0003,4,spring,spring,NOUN,-3,3,After Head,18,2.9444389791664403,6,5,obl,5-6,1-5,3-4,"(2.833, 3.497]",418
answers-20111108100918AATaSIx_ans-0010,12,dempsey,dempsey,NOUN,5,5,Before Head,3,1.3862943611198906,7,13,nsubj,7-8,11-15,5-6,"(0.692, 1.386]",201
reviews-239035-0003,4,week,week,NOUN,-3,3,After Head,89,4.499809670330265,4,5,obl:unmarked,3-4,1-5,3-4,"(4.22, 8.54]",300
answers-20111108110012AAK8Azy_ans-0036,3,heat,heat,NOUN,4,4,Before Head,21,3.091042453358316,4,4,obl,3-4,1-5,3-4,"(2.833, 3.497]",368
weblog-blogspot.com_dakbangla_20050210141134_ENG_20050210_141134-0069,6,end,end,NOUN,-6,6,After Head,83,4.430816798843313,3,7,obl,3-4,6-10,5-6,"(4.22, 8.54]",410
newsgroup-groups.google.com_humanities.lit.authors.shakespeare_0018a7697318f71f_ENG_20031006_163200-0031,24,time,time,NOUN,2,2,Before Head,397,5.986452005284438,4,25,obl,3-4,21-25,1-2,"(4.22, 8.54]",390
newsgroup-groups.google.com_alt.animals.bear_395d998336aec581_ENG_20031225_105300-0023,12,kilometres,kilometres,NOUN,-2,2,After Head,3,1.3862943611198906,10,13,obl:unmarked,9-10,11-15,1-2,"(0.692, 1.386]",356
reviews-165018-0007,4,ounce,ounce,NOUN,-3,3,After Head,1,0.6931471805599453,5,5,nsubj,5-6,1-5,3-4,"(0.692, 1.386]",121
answers-20111108105520AA73Axw_ans-0047,6,level,level,NOUN,-3,3,After Head,36,3.6109179126442243,5,7,nsubj,5-6,6-10,3-4,"(3.497, 4.22]",184
newsgroup-groups.google.com_INTPunderground_b2c62e87877e4a22_ENG_20050906_165900-0047,3,lot,lot,NOUN,-2,2,After Head,89,4.499809670330265,3,4,nsubj,3-4,1-5,1-2,"(4.22, 8.54]",89
reviews-280340-0002,6,restaurant,restaurant,NOUN,3,3,Before Head,43,3.784189633918261,10,7,nsubj,9-10,6-10,3-4,"(3.497, 4.22]",262
reviews-112579-0003,26,week,week,NOUN,-2,2,After Head,89,4.499809670330265,4,28,obl:unmarked,3-4,26-30,1-2,"(4.22, 8.54]",313
reviews-009970-0003,10,renovation,renovation,NOUN,6,6,Before Head,2,1.0986122886681096,10,11,obl,9-10,11-15,5-6,"(0.692, 1.386]",505
newsgroup-groups.google.com_IdeaStockExchange_c6ea783ac3f043ba_ENG_20041120_243700-0026,17,hostilities,hostilities,NOUN,1,1,Before Head,1,0.6931471805599453,11,18,nsubj,11-12,16-20,1-2,"(0.692, 1.386]",72
email-enronsent24_01-0095,11,problems,problems,NOUN,-2,2,After Head,46,3.8501476017100584,8,12,nsubj,7-8,11-15,1-2,"(3.497, 4.22]",207
answers-20111107152509AA78ktV_ans-0008,5,press,press,NOUN,-3,3,After Head,27,3.332204510175204,5,6,nsubj,5-6,6-10,3-4,"(2.833, 3.497]",182
answers-20111108105029AARU1Lf_ans-0021,2,meantime,meantime,NOUN,1,1,Before Head,4,1.6094379124341003,8,3,obl,7-8,1-5,1-2,"(1.386, 2.197]",464
answers-20111108111128AAwfype_ans-0016,3,link,link,NOUN,-3,3,After Head,19,2.995732273553991,4,4,nsubj,3-4,1-5,3-4,"(2.833, 3.497]",86
email-enronsent42_01-0022,8,sales,sales,NOUN,6,6,Before Head,21,3.091042453358316,5,9,obl,5-6,6-10,5-6,"(2.833, 3.497]",456
reviews-366946-0003,1,beers,beers,NOUN,2,2,Before Head,5,1.791759469228055,5,2,nsubj,5-6,1-5,1-2,"(1.386, 2.197]",122
weblog-blogspot.com_alaindewitt_20060924104100_ENG_20060924_104100-0016,6,year,year,NOUN,2,2,Before Head,172,5.153291594497779,4,7,obl:unmarked,3-4,6-10,1-2,"(4.22, 8.54]",320
answers-20111108092321AAK0Eqp_ans-0024,1,parents,parents,NOUN,3,3,Before Head,28,3.367295829986474,7,2,nsubj,7-8,1-5,3-4,"(2.833, 3.497]",196
weblog-blogspot.com_rigorousintuition_20060511134300_ENG_20060511_134300-0277,5,system,system,NOUN,6,6,Before Head,52,3.970291913552122,6,6,nsubj,5-6,6-10,5-6,"(3.497, 4.22]",185
email-enronsent07_01-0027,37,generators,generators,NOUN,2,2,Before Head,14,2.70805020110221,10,38,nsubj,9-10,36-40,1-2,"(2.197, 2.833]",254
reviews-039856-0005,11,people,people,NOUN,-2,2,After Head,233,5.455321115357702,6,12,obl,5-6,11-15,1-2,"(4.22, 8.54]",430
answers-20111108101850AAhNuvz_ans-0004,30,run,run,NOUN,-5,5,After Head,47,3.8712010109078907,3,31,obl,3-4,31-35,5-6,"(3.497, 4.22]",396
weblog-juancole.com_juancole_20040823064025_ENG_20040823_064025-0078,25,night,night,NOUN,-2,2,After Head,83,4.430816798843313,5,27,obl:unmarked,5-6,26-30,1-2,"(4.22, 8.54]",337
newsgroup-groups.google.com_Meditation20052_06390a5f75b2e1f2_ENG_20050316_091700-0038,15,earth,earth,NOUN,-2,2,After Head,13,2.639057329615259,5,16,nmod,5-6,16-20,1-2,"(2.197, 2.833]",39
reviews-229410-0008,20,design,design,NOUN,-3,3,After Head,19,2.995732273553991,6,21,nsubj,5-6,21-25,3-4,"(2.833, 3.497]",161
reviews-374604-0003,12,day,day,NOUN,-2,2,After Head,171,5.147494476813453,3,13,nsubj,3-4,11-15,1-2,"(4.22, 8.54]",95
newsgroup-groups.google.com_INTPunderground_b2c62e87877e4a22_ENG_20050906_165900-0094,7,families,families,NOUN,-3,3,After Head,21,3.091042453358316,8,8,nsubj,7-8,6-10,3-4,"(2.833, 3.497]",235
weblog-typepad.com_ripples_20040407125600_ENG_20040407_125600-0002,16,versions,versions,NOUN,-3,3,After Head,3,1.3862943611198906,8,17,nsubj,7-8,16-20,3-4,"(0.692, 1.386]",211
answers-20111108104352AASs5OZ_ans-0031,5,thing,thing,NOUN,-5,5,After Head,82,4.418840607796598,5,6,ccomp,5-6,6-10,5-6,"(4.22, 8.54]",13
email-enronsent43_01-0024,21,date,date,NOUN,-6,6,After Head,63,4.1588830833596715,4,22,nsubj,3-4,21-25,5-6,"(3.497, 4.22]",103
email-enronsent05_02-0023,18,users,users,NOUN,1,1,Before Head,6,1.9459101490553132,5,19,nsubj,5-6,16-20,1-2,"(1.386, 2.197]",146
answers-20111108092643AAXe4lD_ans-0018,1,couple,couple,NOUN,3,3,Before Head,51,3.9512437185814275,6,2,obl:unmarked,5-6,1-5,3-4,"(3.497, 4.22]",325
answers-20111108104015AAGxHNm_ans-0006,4,difference,difference,NOUN,-2,2,After Head,20,3.044522437723423,10,6,nsubj,9-10,6-10,1-2,"(2.833, 3.497]",261
reviews-103952-0003,4,time,time,NOUN,-2,2,After Head,397,5.986452005284438,4,5,obl:unmarked,3-4,1-5,1-2,"(4.22, 8.54]",299
newsgroup-groups.google.com_alt.animals_0e65f540816d780c_ENG_20041116_124800-0020,6,species,species,NOUN,-3,3,After Head,22,3.1354942159291497,7,7,obl,7-8,6-10,3-4,"(2.833, 3.497]",494
answers-20111108082831AAco5PI_ans-0034,19,rules,rules,NOUN,1,1,Before Head,18,2.9444389791664403,5,22,nsubj,5-6,21-25,1-2,"(2.833, 3.497]",160
reviews-317594-0005,9,wife,wife,NOUN,3,3,Before Head,26,3.295836866004329,4,10,nsubj,3-4,6-10,3-4,"(2.833, 3.497]",115
email-enronsent25_01-0012,15,way,way,NOUN,-2,2,After Head,204,5.3230099791384085,3,16,obl:unmarked,3-4,16-20,1-2,"(4.22, 8.54]",307
answers-20111108101300AAIAKXN_ans-0013,4,tournament,tournament,NOUN,-4,4,After Head,2,1.0986122886681096,10,5,obl,9-10,1-5,3-4,"(0.692, 1.386]",499
reviews-062167-0002,6,Coach,coach,NOUN,-5,5,After Head,2,1.0986122886681096,5,7,obl,5-6,6-10,5-6,"(0.692, 1.386]",449
reviews-156953-0003,3,school,school,NOUN,-2,2,After Head,56,4.04305126783455,6,4,obl,5-6,1-5,1-2,"(3.497, 4.22]",419
answers-20111108102810AAfCh1W_ans-0001,9,humans,humans,NOUN,1,1,Before Head,12,2.5649493574615367,6,10,nsubj,5-6,6-10,1-2,"(2.197, 2.833]",178
answers-20111108075853AAUIKRQ_ans-0014,4,order,order,NOUN,-4,4,After Head,76,4.343805421853684,5,5,obl,5-6,1-5,3-4,"(4.22, 8.54]",422
email-enronsent19_01-0002,7,list,list,NOUN,-3,3,After Head,59,4.0943445622221,4,8,obl,3-4,6-10,3-4,"(3.497, 4.22]",406
reviews-011257-0004,7,time,time,NOUN,-2,2,After Head,397,5.986452005284438,4,8,obl,3-4,6-10,1-2,"(4.22, 8.54]",408
weblog-blogspot.com_dakbangla_20050210141134_ENG_20050210_141134-0047,7,vessel,vessel,NOUN,1,1,Before Head,1,0.6931471805599453,6,8,nsubj,5-6,6-10,1-2,"(0.692, 1.386]",173
reviews-154157-0003,17,work,work,NOUN,3,3,Before Head,213,5.365976015021851,4,18,nsubj,3-4,16-20,3-4,"(4.22, 8.54]",101
email-enronsent37_01-0125,9,morning,morning,NOUN,6,6,Before Head,41,3.7376696182833684,7,10,nmod:unmarked,7-8,6-10,5-6,"(3.497, 4.22]",30
email-enronsent07_01-0051,4,place,place,NOUN,-2,2,After Head,186,5.231108616854587,5,5,obl,5-6,1-5,1-2,"(4.22, 8.54]",421
answers-20111108090524AAofoXT_ans-0002,19,hours,hours,NOUN,1,1,Before Head,51,3.9512437185814275,5,20,obl:unmarked,5-6,16-20,1-2,"(3.497, 4.22]",332
email-enronsent34_01-0011,12,lot,lot,NOUN,1,1,Before Head,89,4.499809670330265,3,14,obl:unmarked,3-4,11-15,1-2,"(4.22, 8.54]",303
email-enronsent06_01-0061,3,review,review,NOUN,-3,3,After Head,61,4.127134385045092,6,4,obl,5-6,1-5,3-4,"(3.497, 4.22]",420
email-enronsent38_01-0012,5,line,line,NOUN,4,4,Before Head,56,4.04305126783455,4,6,obl,3-4,6-10,3-4,"(3.497, 4.22]",406
newsgroup-groups.google.com_alt.animals_02c2d614bfbf6b20_ENG_20050223_232900-0019,13,wolves,wolves,NOUN,-4,4,After Head,19,2.995732273553991,6,14,nsubj,5-6,11-15,3-4,"(2.833, 3.497]",140
email-enronsent15_01-0005,19,times,times,NOUN,3,3,Before Head,69,4.248495242049359,5,20,obl,5-6,16-20,3-4,"(4.22, 8.54]",439
reviews-181748-0008,13,test,test,NOUN,1,1,Before Head,38,3.6635616461296463,4,14,obl:unmarked,3-4,11-15,1-2,"(3.497, 4.22]",301
email-enronsent40_01-0072,8,proposal,proposal,NOUN,-2,2,After Head,7,2.0794415416798357,8,9,nsubj,7-8,6-10,1-2,"(1.386, 2.197]",228
reviews-063963-0003,9,year,year,NOUN,1,1,Before Head,172,5.153291594497779,4,10,obl:unmarked,3-4,6-10,1-2,"(4.22, 8.54]",320
answers-20111108091921AAaLK4e_ans-0057,34,date,date,NOUN,-5,5,After Head,63,4.1588830833596715,4,35,obl,3-4,31-35,5-6,"(3.497, 4.22]",396
newsgroup-groups.google.com_alt.animals.bears_1125853b1f13cff6_ENG_20040126_171100-0007,2,days,days,NOUN,3,3,Before Head,106,4.672828834461906,4,3,obl,3-4,1-5,3-4,"(4.22, 8.54]",372
newsgroup-groups.google.com_herpesnation_c74170a0fcfdc880_ENG_20051125_075200-0006,3,life,life,NOUN,-3,3,After Head,80,4.394449154672439,4,4,obl,3-4,1-5,3-4,"(4.22, 8.54]",372
email-enronsent06_01-0069,14,week,week,NOUN,-3,3,After Head,89,4.499809670330265,4,15,nmod:unmarked,3-4,11-15,3-4,"(4.22, 8.54]",26
newsgroup-groups.google.com_alt.animals_0084bdc731bfc8d8_ENG_20040905_212000-0064,10,duties,duties,NOUN,-4,4,After Head,2,1.0986122886681096,6,11,obl,5-6,11-15,3-4,"(0.692, 1.386]",423
weblog-juancole.com_juancole_20030911085700_ENG_20030911_085700-0023,10,means,means,NOUN,-3,3,After Head,47,3.8712010109078907,5,12,obl,5-6,11-15,3-4,"(3.497, 4.22]",428
email-enronsent24_01-0075,4,machine,machine,NOUN,-3,3,After Head,8,2.1972245773362196,7,5,obj,7-8,1-5,3-4,"(1.386, 2.197]",290
weblog-blogspot.com_dakbangla_20050311135387_ENG_20050311_135387-0119,7,children,children,NOUN,-3,3,After Head,43,3.784189633918261,8,8,obl,7-8,6-10,3-4,"(3.497, 4.22]",497
weblog-blogspot.com_dakbangla_20050311135387_ENG_20050311_135387-0152,2,members,members,NOUN,3,3,Before Head,42,3.7612001156935624,7,3,nsubj,7-8,1-5,3-4,"(3.497, 4.22]",198
reviews-165143-0005,1,decor,decor,NOUN,1,1,Before Head,7,2.0794415416798357,5,2,nsubj,5-6,1-5,1-2,"(1.386, 2.197]",122
answers-20111108105749AABv7vx_ans-0004,7,years,years,NOUN,-5,5,After Head,150,5.017279836814924,5,8,obl,5-6,6-10,5-6,"(4.22, 8.54]",461
weblog-blogspot.com_dakbangla_20050311135387_ENG_20050311_135387-0052,5,officials,officials,NOUN,6,6,Before Head,30,3.4339872044851463,9,6,obl,9-10,6-10,5-6,"(2.833, 3.497]",514
email-enronsent14_01-0018,3,resume,resume,NOUN,-3,3,After Head,7,2.0794415416798357,6,4,nsubj:pass,5-6,1-5,3-4,"(1.386, 2.197]",56
answers-20111107175720AAlb2TB_ans-0001,4,time,time,NOUN,-4,4,After Head,397,5.986452005284438,4,5,nsubj,3-4,1-5,3-4,"(4.22, 8.54]",90
weblog-blogspot.com_alaindewitt_20060924104100_ENG_20060924_104100-0133,12,day,day,NOUN,-2,2,After Head,171,5.147494476813453,3,13,obl:unmarked,3-4,11-15,1-2,"(4.22, 8.54]",303
email-enronsent11_01-0065,8,shares,shares,NOUN,-2,2,After Head,3,1.3862943611198906,6,9,nsubj,5-6,6-10,1-2,"(0.692, 1.386]",173
answers-20111108105029AARU1Lf_ans-0014,3,blood,blood,NOUN,-1,1,After Head,19,2.995732273553991,5,4,nsubj,5-6,1-5,1-2,"(2.833, 3.497]",126
email-enronsent00_01-0014,5,long,long,NOUN,5,5,Before Head,114,4.74493212836325,4,6,obl,3-4,6-10,5-6,"(4.22, 8.54]",410
email-enronsent24_01-0063,3,form,form,NOUN,4,4,Before Head,40,3.713572066704308,4,4,nsubj,3-4,1-5,3-4,"(3.497, 4.22]",88
reviews-278775-0005,7,strategies,strategies,NOUN,-5,5,After Head,4,1.6094379124341003,10,8,obl,9-10,6-10,5-6,"(1.386, 2.197]",511
email-enronsent24_01-0088,9,language,language,NOUN,-6,6,After Head,35,3.58351893845611,8,10,obl,7-8,6-10,5-6,"(3.497, 4.22]",498
reviews-128168-0009,5,mins.,mins.,NOUN,-2,2,After Head,1,0.6931471805599453,5,6,obl:unmarked,5-6,6-10,1-2,"(0.692, 1.386]",338
weblog-blogspot.com_alaindewitt_20060924104100_ENG_20060924_104100-0204,5,moment,moment,NOUN,3,3,Before Head,14,2.70805020110221,6,6,obl,5-6,6-10,3-4,"(2.197, 2.833]",453
reviews-170650-0003,2,age,age,NOUN,4,4,Before Head,19,2.995732273553991,3,3,obl,3-4,1-5,3-4,"(2.833, 3.497]",368
answers-20111107193815AAhaJjy_ans-0017,4,time,time,NOUN,-4,4,After Head,397,5.986452005284438,4,5,nsubj,3-4,1-5,3-4,"(4.22, 8.54]",90
email-enronsent35_01-0144,5,country,country,NOUN,3,3,Before Head,58,4.07753744390572,7,6,obl:unmarked,7-8,6-10,3-4,"(3.497, 4.22]",355
reviews-310032-0001,3,change,change,NOUN,-3,3,After Head,91,4.5217885770490405,6,4,obl,5-6,1-5,3-4,"(4.22, 8.54]",422
email-enronsent44_01-0070,1,draft,draft,NOUN,1,1,Before Head,41,3.7376696182833684,5,2,nsubj,5-6,1-5,1-2,"(3.497, 4.22]",128
reviews-278775-0008,9,months,months,NOUN,-5,5,After Head,59,4.0943445622221,6,10,obl,5-6,6-10,5-6,"(3.497, 4.22]",459
reviews-341397-0004,9,garage,garage,NOUN,1,1,Before Head,11,2.4849066497880004,6,11,nsubj,5-6,11-15,1-2,"(2.197, 2.833]",136
reviews-382257-0005,12,one,one,NOUN,3,3,Before Head,473,6.161207321695077,3,13,nsubj,3-4,11-15,3-4,"(4.22, 8.54]",96
answers-20111108105400AASqPIh_ans-0015,7,surgeons,surgeons,NOUN,4,4,Before Head,4,1.6094379124341003,8,8,nsubj,7-8,6-10,3-4,"(1.386, 2.197]",229
email-enronsent16_01-0042,8,changes,changes,NOUN,-2,2,After Head,36,3.6109179126442243,7,9,nsubj,7-8,6-10,1-2,"(3.497, 4.22]",236
answers-20111108104724AAuBUR7_ans-0011,11,problems,problems,NOUN,-3,3,After Head,46,3.8501476017100584,8,12,nsubj,7-8,11-15,3-4,"(3.497, 4.22]",208
email-enronsent12_01-0053,8,woman,woman,NOUN,-3,3,After Head,16,2.833213344056216,5,9,nsubj,5-6,6-10,3-4,"(2.197, 2.833]",179
reviews-043020-0005,2,week,week,NOUN,2,2,Before Head,89,4.499809670330265,4,3,obl,3-4,1-5,1-2,"(4.22, 8.54]",371
answers-20111108104724AAuBUR7_ans-0043,11,owner,owner,NOUN,4,4,Before Head,29,3.4011973816621555,5,12,nsubj,5-6,11-15,3-4,"(2.833, 3.497]",140
weblog-blogspot.com_rigorousintuition_20060511134300_ENG_20060511_134300-0212,8,result,result,NOUN,-3,3,After Head,23,3.1780538303479458,6,9,obl,5-6,6-10,3-4,"(2.833, 3.497]",455
email-enronsent35_01-0038,8,call,call,NOUN,-4,4,After Head,150,5.017279836814924,4,9,obl,3-4,6-10,3-4,"(4.22, 8.54]",409
reviews-217359-0007,15,glitch,glitch,NOUN,-2,2,After Head,1,0.6931471805599453,6,16,nsubj,5-6,16-20,1-2,"(0.692, 1.386]",144
reviews-311987-0004,3,week,week,NOUN,3,3,Before Head,89,4.499809670330265,4,4,obl:unmarked,3-4,1-5,3-4,"(4.22, 8.54]",300
reviews-310032-0009,3,website,website,NOUN,-3,3,After Head,32,3.4965075614664802,7,4,obl,7-8,1-5,3-4,"(2.833, 3.497]",469
answers-20111108110329AAxl1pb_ans-0024,11,room,room,NOUN,2,2,Before Head,79,4.382026634673881,4,12,nsubj,3-4,11-15,1-2,"(4.22, 8.54]",95
weblog-blogspot.com_rigorousintuition_20060511134300_ENG_20060511_134300-0194,20,hell,hell,NOUN,-6,6,After Head,10,2.3978952727983707,4,21,ccomp,3-4,21-25,5-6,"(2.197, 2.833]",11
email-enronsent39_01-0077,11,games,games,NOUN,-1,1,After Head,11,2.4849066497880004,5,12,nsubj,5-6,11-15,1-2,"(2.197, 2.833]",136
answers-20111108083754AAEw5Xc_ans-0010,13,cabin,cabin,NOUN,-3,3,After Head,6,1.9459101490553132,5,14,nmod,5-6,11-15,3-4,"(1.386, 2.197]",38
weblog-blogspot.com_dakbangla_20041028153019_ENG_20041028_153019-0017,4,years,years,NOUN,1,1,Before Head,150,5.017279836814924,5,5,obl,5-6,1-5,1-2,"(4.22, 8.54]",421
answers-20111108110437AA5JNkr_ans-0006,3,kids,kids,NOUN,-3,3,After Head,38,3.6635616461296463,4,4,obl,3-4,1-5,3-4,"(3.497, 4.22]",370
newsgroup-groups.google.com_alt.animals_02c2d614bfbf6b20_ENG_20050223_232900-0032,3,lot,lot,NOUN,-2,2,After Head,89,4.499809670330265,3,5,nsubj,3-4,1-5,1-2,"(4.22, 8.54]",89
answers-20111108110012AAK8Azy_ans-0010,4,time,time,NOUN,-4,4,After Head,397,5.986452005284438,4,5,obl,3-4,1-5,3-4,"(4.22, 8.54]",372
reviews-037794-0004,8,food,food,NOUN,-2,2,After Head,167,5.123963979403259,4,9,nsubj,3-4,6-10,1-2,"(4.22, 8.54]",118
newsgroup-groups.google.com_magicworld_04c89d43ff4fd6ea_ENG_20050104_152000-0042,2,life,life,NOUN,3,3,Before Head,80,4.394449154672439,4,3,nsubj,3-4,1-5,3-4,"(4.22, 8.54]",90
newsgroup-groups.google.com_misc.consumers_a534e32067078b08_ENG_20060116_030800-0088,17,showdown,showdown,NOUN,6,6,Before Head,1,0.6931471805599453,8,18,obl,7-8,16-20,5-6,"(0.692, 1.386]",479
answers-20111108080100AAJHNUK_ans-0002,4,programs,programs,NOUN,-4,4,After Head,10,2.3978952727983707,8,5,nsubj,7-8,1-5,3-4,"(2.197, 2.833]",195
answers-20111108110012AAK8Azy_ans-0032,4,light,light,NOUN,1,1,Before Head,33,3.5263605246161616,5,5,nsubj,5-6,1-5,1-2,"(3.497, 4.22]",128
answers-20111107175720AAlb2TB_ans-0035,4,countryside,countryside,NOUN,-3,3,After Head,4,1.6094379124341003,11,5,obj,11-12,1-5,3-4,"(1.386, 2.197]",264
email-enronsent07_01-0063,4,belief,belief,NOUN,-2,2,After Head,6,1.9459101490553132,6,5,obl,5-6,1-5,1-2,"(1.386, 2.197]",413
email-enronsent38_01-0006,12,sentence,sentence,NOUN,6,6,Before Head,4,1.6094379124341003,8,14,nsubj,7-8,11-15,5-6,"(1.386, 2.197]",203
answers-20111107194805AAdINwt_ans-0005,3,transfers,transfers,NOUN,3,3,Before Head,2,1.0986122886681096,9,4,obl,9-10,1-5,3-4,"(0.692, 1.386]",499
email-enronsent02_01-0049,5,Q1,q1,NOUN,1,1,Before Head,9,2.302585092994046,2,6,nmod:unmarked,1-2,6-10,1-2,"(2.197, 2.833]",23
answers-20111108092029AAsHTYP_ans-0018,2,Chicks,chicks,NOUN,3,3,Before Head,5,1.791759469228055,6,3,nsubj,5-6,1-5,3-4,"(1.386, 2.197]",123
reviews-006970-0003,6,today,today,NOUN,-2,2,After Head,65,4.189654742026425,5,8,obl:unmarked,5-6,6-10,1-2,"(3.497, 4.22]",339
answers-20111108072912AAccket_ans-0002,13,month,month,NOUN,-2,2,After Head,52,3.970291913552122,5,14,obl:unmarked,5-6,11-15,1-2,"(3.497, 4.22]",328
newsgroup-groups.google.com_humanities.lit.authors.shakespeare_0018a7697318f71f_ENG_20031006_163200-0101,2,way,way,NOUN,3,3,Before Head,204,5.3230099791384085,3,3,obl,3-4,1-5,3-4,"(4.22, 8.54]",372
weblog-blogspot.com_dakbangla_20050210141134_ENG_20050210_141134-0062,19,trafficking,trafficking,NOUN,-3,3,After Head,2,1.0986122886681096,11,20,obl,11-12,16-20,3-4,"(0.692, 1.386]",359
email-enronsent33_01-0043,6,time,time,NOUN,1,1,Before Head,397,5.986452005284438,4,7,obl:unmarked,3-4,6-10,1-2,"(4.22, 8.54]",320
reviews-342811-0004,5,room,room,NOUN,-4,4,After Head,79,4.382026634673881,4,6,obl,3-4,6-10,3-4,"(4.22, 8.54]",409
reviews-358702-0004,5,staffs,staffs,NOUN,2,2,Before Head,2,1.0986122886681096,6,6,nsubj,5-6,6-10,1-2,"(0.692, 1.386]",173
reviews-026883-0010,1,delivery,delivery,NOUN,3,3,Before Head,24,3.2188758248682006,8,2,obl,7-8,1-5,3-4,"(2.833, 3.497]",469
answers-20090605110235AAALlCt_ans-0006,21,cascades,cascades,NOUN,-3,3,After Head,1,0.6931471805599453,8,22,nsubj,7-8,21-25,3-4,"(0.692, 1.386]",218
reviews-345182-0017,4,people,people,NOUN,-3,3,After Head,233,5.455321115357702,6,5,nsubj,5-6,1-5,3-4,"(4.22, 8.54]",131
newsgroup-groups.google.com_alt.animals_02c2d614bfbf6b20_ENG_20050223_232900-0010,5,offs,offs,NOUN,6,6,Before Head,1,0.6931471805599453,4,6,obl,3-4,6-10,5-6,"(0.692, 1.386]",400
answers-20111108084355AAvLpRa_ans-0001,5,console,console,NOUN,-5,5,After Head,3,1.3862943611198906,7,6,nsubj,7-8,6-10,5-6,"(0.692, 1.386]",227
email-enronsent24_01-0090,6,couple,couple,NOUN,2,2,Before Head,51,3.9512437185814275,6,7,nmod:unmarked,5-6,6-10,1-2,"(3.497, 4.22]",29
email-enronsent11_01-0077,18,address,address,NOUN,3,3,Before Head,34,3.5553480614894135,7,20,obj,7-8,16-20,3-4,"(3.497, 4.22]",293
email-enronsent11_01-0087,6,cashout,cashout,NOUN,-2,2,After Head,3,1.3862943611198906,7,7,nsubj,7-8,6-10,1-2,"(0.692, 1.386]",225
answers-20111108092643AAXe4lD_ans-0039,25,lot,lot,NOUN,-2,2,After Head,89,4.499809670330265,3,27,obl:unmarked,3-4,26-30,1-2,"(4.22, 8.54]",313
answers-20111108100419AAKZvMH_ans-0002,1,today,today,NOUN,2,2,Before Head,65,4.189654742026425,5,2,obl:unmarked,5-6,1-5,1-2,"(3.497, 4.22]",324
reviews-160073-0002,9,year,year,NOUN,1,1,Before Head,172,5.153291594497779,4,10,obl:unmarked,3-4,6-10,1-2,"(4.22, 8.54]",320
weblog-blogspot.com_dakbangla_20041016151002_ENG_20041016_151002-0004,17,official,official,NOUN,-3,3,After Head,19,2.995732273553991,8,18,nsubj,7-8,16-20,3-4,"(2.833, 3.497]",214
email-enronsent39_01-0004,4,issues,issues,NOUN,-2,2,After Head,44,3.8066624897703196,6,5,nsubj,5-6,1-5,1-2,"(3.497, 4.22]",128
answers-20111105112131AA6gIX6_ans-0003,8,mom,mom,NOUN,6,6,Before Head,20,3.044522437723423,3,9,obl,3-4,6-10,5-6,"(2.833, 3.497]",404
email-enronsent15_01-0067,6,title,title,NOUN,-3,3,After Head,7,2.0794415416798357,5,8,nsubj,5-6,6-10,3-4,"(1.386, 2.197]",176
reviews-026883-0007,14,date,date,NOUN,4,4,Before Head,63,4.1588830833596715,4,15,obl:unmarked,3-4,11-15,3-4,"(3.497, 4.22]",302
weblog-juancole.com_juancole_20040823064025_ENG_20040823_064025-0055,5,year,year,NOUN,2,2,Before Head,172,5.153291594497779,4,6,obl:unmarked,3-4,6-10,1-2,"(4.22, 8.54]",320
answers-20111108111031AARG57j_ans-0023,2,ways,ways,NOUN,-1,1,After Head,12,2.5649493574615367,4,3,nsubj,3-4,1-5,1-2,"(2.197, 2.833]",83
reviews-247226-0001,6,Salon,salon,NOUN,3,3,Before Head,15,2.772588722239781,5,7,nsubj,5-6,6-10,3-4,"(2.197, 2.833]",179
weblog-blogspot.com_dakbangla_20041016151002_ENG_20041016_151002-0024,2,official,official,NOUN,4,4,Before Head,19,2.995732273553991,8,3,nsubj,7-8,1-5,3-4,"(2.833, 3.497]",196
answers-20111108111031AARG57j_ans-0025,5,dog,dog,NOUN,-5,5,After Head,39,3.6888794541139363,3,6,obl,3-4,6-10,5-6,"(3.497, 4.22]",407
email-enronsent13_01-0106,16,way,way,NOUN,-2,2,After Head,204,5.3230099791384085,3,17,obl:unmarked,3-4,16-20,1-2,"(4.22, 8.54]",307
reviews-188548-0010,4,options,options,NOUN,-3,3,After Head,35,3.58351893845611,7,5,nsubj,7-8,1-5,3-4,"(3.497, 4.22]",198
answers-20111108105749AABv7vx_ans-0003,18,house,house,NOUN,5,5,Before Head,64,4.174387269895637,5,19,nsubj,5-6,16-20,5-6,"(3.497, 4.22]",153
reviews-268673-0003,2,surprise,surprise,NOUN,3,3,Before Head,7,2.0794415416798357,8,3,nmod,7-8,1-5,3-4,"(1.386, 2.197]",46
answers-20111108092029AAsHTYP_ans-0007,6,features,features,NOUN,5,5,Before Head,2,1.0986122886681096,8,7,obj,7-8,6-10,5-6,"(0.692, 1.386]",297
weblog-blogspot.com_dakbangla_20050311135387_ENG_20050311_135387-0235,1,officials,officials,NOUN,3,3,Before Head,30,3.4339872044851463,9,2,nsubj:pass,9-10,1-5,3-4,"(2.833, 3.497]",66
newsgroup-groups.google.com_FOOLED_7554c5ce34a5a49e_ENG_20051012_144800-0044,8,country,country,NOUN,6,6,Before Head,58,4.07753744390572,7,9,ccomp,7-8,6-10,5-6,"(3.497, 4.22]",15
email-enronsent44_01-0062,5,paper,paper,NOUN,-5,5,After Head,21,3.091042453358316,5,6,nsubj:pass,5-6,6-10,5-6,"(2.833, 3.497]",60
answers-20111108094831AAnOjgr_ans-0007,13,bond,bond,NOUN,-2,2,After Head,5,1.791759469228055,4,14,nsubj,3-4,11-15,1-2,"(1.386, 2.197]",91
weblog-blogspot.com_dakbangla_20050311135387_ENG_20050311_135387-0176,6,connection,connection,NOUN,-2,2,After Head,21,3.091042453358316,10,7,obl,9-10,6-10,1-2,"(2.833, 3.497]",512
email-enronsent37_01-0091,9,sign,sign,NOUN,-2,2,After Head,25,3.258096538021482,4,10,nsubj,3-4,6-10,1-2,"(2.833, 3.497]",114
weblog-blogspot.com_rigorousintuition_20060511134300_ENG_20060511_134300-0055,3,enforcement,enforcement,NOUN,2,2,Before Head,7,2.0794415416798357,11,4,nsubj,11-12,1-5,1-2,"(1.386, 2.197]",68
email-enronsent33_01-0164,2,conference,conference,NOUN,3,3,Before Head,30,3.4339872044851463,10,3,nsubj:pass,9-10,1-5,3-4,"(2.833, 3.497]",66
answers-20111108102133AAwVd7m_ans-0016,4,options,options,NOUN,-4,4,After Head,35,3.58351893845611,7,5,nsubj,7-8,1-5,3-4,"(3.497, 4.22]",198
answers-20111108090913AAf83Jh_ans-0008,4,pros,pros,NOUN,-1,1,After Head,5,1.791759469228055,4,5,nsubj,3-4,1-5,1-2,"(1.386, 2.197]",81
newsgroup-groups.google.com_emails_ec0a1064de05e74b_ENG_20040929_023800-0014,1,name,name,NOUN,1,1,Before Head,96,4.574710978503383,4,2,nsubj,3-4,1-5,1-2,"(4.22, 8.54]",89
newsgroup-groups.google.com_civicamerican_22c54c292026bfd2_ENG_20060128_072400-0020,22,moment,moment,NOUN,6,6,Before Head,14,2.70805020110221,6,23,obl,5-6,21-25,5-6,"(2.197, 2.833]",443
answers-20111107233110AAmgsVx_ans-0004,9,years,years,NOUN,5,5,Before Head,150,5.017279836814924,5,10,obl,5-6,6-10,5-6,"(4.22, 8.54]",461
weblog-blogspot.com_alaindewitt_20060924104100_ENG_20060924_104100-0247,21,victory,victory,NOUN,-4,4,After Head,6,1.9459101490553132,7,22,nsubj,7-8,21-25,3-4,"(1.386, 2.197]",219
newsgroup-groups.google.com_alt.animals_0084bdc731bfc8d8_ENG_20040905_212000-0032,14,initiative,initiative,NOUN,-6,6,After Head,6,1.9459101490553132,10,16,obl,9-10,16-20,5-6,"(1.386, 2.197]",507
reviews-080221-0010,3,excellence,excellence,NOUN,-2,2,After Head,2,1.0986122886681096,10,4,compound,9-10,1-5,1-2,"(0.692, 1.386]",20
weblog-blogspot.com_alaindewitt_20040929103700_ENG_20040929_103700-0014,1,example,example,NOUN,4,4,Before Head,23,3.1780538303479458,7,2,obl,7-8,1-5,3-4,"(2.833, 3.497]",469
weblog-blogspot.com_dakbangla_20050311135387_ENG_20050311_135387-0083,1,Spores,spores,NOUN,4,4,Before Head,2,1.0986122886681096,6,2,nsubj,5-6,1-5,3-4,"(0.692, 1.386]",121
reviews-326112-0002,8,hours,hours,NOUN,3,3,Before Head,51,3.9512437185814275,5,9,obl,5-6,6-10,3-4,"(3.497, 4.22]",458
answers-20111108090616AAv6fpU_ans-0009,8,times,times,NOUN,-4,4,After Head,69,4.248495242049359,5,9,obl:unmarked,5-6,6-10,3-4,"(4.22, 8.54]",343
answers-20111108080100AAJHNUK_ans-0011,6,color,color,NOUN,-6,6,After Head,20,3.044522437723423,5,7,obl,5-6,6-10,5-6,"(2.833, 3.497]",456
newsgroup-groups.google.com_Meditation20052_06390a5f75b2e1f2_ENG_20050316_091700-0014,6,muscles,muscles,NOUN,4,4,Before Head,7,2.0794415416798357,7,7,nsubj,7-8,6-10,3-4,"(1.386, 2.197]",229
reviews-275919-0013,1,call,call,NOUN,3,3,Before Head,150,5.017279836814924,4,2,obl,3-4,1-5,3-4,"(4.22, 8.54]",372
answers-20111108111031AARG57j_ans-0020,3,tricks,tricks,NOUN,-3,3,After Head,3,1.3862943611198906,6,4,nsubj,5-6,1-5,3-4,"(0.692, 1.386]",121
weblog-blogspot.com_dakbangla_20050210141134_ENG_20050210_141134-0074,7,defense,defense,NOUN,2,2,Before Head,19,2.995732273553991,7,9,obl:unmarked,7-8,6-10,1-2,"(2.833, 3.497]",354
answers-20111108092029AAsHTYP_ans-0019,19,single,single,NOUN,3,3,Before Head,23,3.1780538303479458,6,20,nsubj,5-6,16-20,3-4,"(2.833, 3.497]",150
newsgroup-groups.google.com_humanities.lit.authors.shakespeare_0018a7697318f71f_ENG_20031006_163200-0090,4,window,window,NOUN,-4,4,After Head,13,2.639057329615259,6,5,obl,5-6,1-5,3-4,"(2.197, 2.833]",416
weblog-blogspot.com_dakbangla_20050311135387_ENG_20050311_135387-0014,12,Spring,spring,NOUN,6,6,Before Head,18,2.9444389791664403,6,13,obl,5-6,11-15,5-6,"(2.833, 3.497]",427
reviews-231203-0005,4,food,food,NOUN,3,3,Before Head,167,5.123963979403259,4,5,nsubj,3-4,1-5,3-4,"(4.22, 8.54]",90
weblog-blogspot.com_rigorousintuition_20060511134300_ENG_20060511_134300-0160,6,Irony,irony,NOUN,-1,1,After Head,2,1.0986122886681096,5,7,nsubj,5-6,6-10,1-2,"(0.692, 1.386]",173
reviews-210066-0002,5,weeks,weeks,NOUN,1,1,Before Head,43,3.784189633918261,5,6,obl:unmarked,5-6,6-10,1-2,"(3.497, 4.22]",339
weblog-blogspot.com_dakbangla_20050311135387_ENG_20050311_135387-0128,6,pursuit,pursuit,NOUN,-4,4,After Head,5,1.791759469228055,7,7,nsubj,7-8,6-10,3-4,"(1.386, 2.197]",229
newsgroup-groups.google.com_INTPunderground_b2c62e87877e4a22_ENG_20050906_165900-0074,5,news,news,NOUN,-3,3,After Head,34,3.5553480614894135,4,6,obl,3-4,6-10,3-4,"(3.497, 4.22]",406
weblog-blogspot.com_alaindewitt_20060924104100_ENG_20060924_104100-0169,4,penalty,penalty,NOUN,-2,2,After Head,3,1.3862943611198906,7,5,nsubj,7-8,1-5,1-2,"(0.692, 1.386]",190
reviews-266591-0001,5,area,area,NOUN,-3,3,After Head,63,4.1588830833596715,4,6,nmod,3-4,6-10,3-4,"(3.497, 4.22]",36
weblog-blogspot.com_dakbangla_20050210141134_ENG_20050210_141134-0025,10,millions,millions,NOUN,5,5,Before Head,5,1.791759469228055,8,11,obl,7-8,11-15,5-6,"(1.386, 2.197]",473
email-enronsent39_01-0090,3,format,format,NOUN,-2,2,After Head,7,2.0794415416798357,6,4,obj,5-6,1-5,1-2,"(1.386, 2.197]",276
weblog-juancole.com_juancole_20051126063000_ENG_20051126_063000-0001,27,border,border,NOUN,-6,6,After Head,13,2.639057329615259,6,28,nmod,5-6,26-30,5-6,"(2.197, 2.833]",43
reviews-018548-0007,4,mins,mins,NOUN,-2,2,After Head,6,1.9459101490553132,4,5,nsubj,3-4,1-5,1-2,"(1.386, 2.197]",81
newsgroup-groups.google.com_GayMarriage_0ccbb50b41a5830b_ENG_20050321_181500-0007,31,need,need,NOUN,-3,3,After Head,188,5.241747015059643,4,32,nsubj,3-4,31-35,3-4,"(4.22, 8.54]",109
newsgroup-groups.google.com_misc.consumers_a534e32067078b08_ENG_20060116_030800-0114,11,manner,manner,NOUN,4,4,Before Head,8,2.1972245773362196,6,12,nsubj,5-6,11-15,3-4,"(1.386, 2.197]",135
newsgroup-groups.google.com_alt.animals_02c2d614bfbf6b20_ENG_20050223_232900-0062,20,instance,instance,NOUN,6,6,Before Head,6,1.9459101490553132,8,21,obl,7-8,21-25,5-6,"(1.386, 2.197]",484
answers-20111107175720AAlb2TB_ans-0004,5,tourists,tourists,NOUN,-3,3,After Head,8,2.1972245773362196,8,7,obj,7-8,6-10,3-4,"(1.386, 2.197]",298
reviews-247226-0009,4,program,program,NOUN,-4,4,After Head,40,3.713572066704308,7,5,obl,7-8,1-5,3-4,"(3.497, 4.22]",470
weblog-blogspot.com_healingiraq_20050121235804_ENG_20050121_235804-0027,13,insurgents,insurgents,NOUN,3,3,Before Head,6,1.9459101490553132,10,14,nsubj,9-10,11-15,3-4,"(1.386, 2.197]",247
reviews-346627-0003,3,number,number,NOUN,-1,1,After Head,177,5.181783550292085,6,4,compound,5-6,1-5,1-2,"(4.22, 8.54]",19
reviews-154157-0004,2,earth,earth,NOUN,-2,2,After Head,13,2.639057329615259,5,3,obl,5-6,1-5,1-2,"(2.197, 2.833]",415
reviews-269560-0001,41,slice,slice,NOUN,1,1,Before Head,8,2.1972245773362196,5,42,nsubj,5-6,41-45,1-2,"(1.386, 2.197]",171
weblog-blogspot.com_alaindewitt_20060924104100_ENG_20060924_104100-0006,23,occasion,occasion,NOUN,4,4,Before Head,3,1.3862943611198906,8,24,obl,7-8,21-25,3-4,"(0.692, 1.386]",483
reviews-363685-0008,3,arrival,arrival,NOUN,2,2,Before Head,4,1.6094379124341003,7,4,nmod,7-8,1-5,1-2,"(1.386, 2.197]",45
email-enronsent12_01-0033,23,hours,hours,NOUN,1,1,Before Head,51,3.9512437185814275,5,24,obl:unmarked,5-6,21-25,1-2,"(3.497, 4.22]",336
reviews-299148-0003,24,affair,affair,NOUN,-6,6,After Head,7,2.0794415416798357,6,25,obl,5-6,21-25,5-6,"(1.386, 2.197]",442
answers-20111108103957AAcF3iZ_ans-0015,23,weight,weight,NOUN,2,2,Before Head,15,2.772588722239781,6,25,nsubj,5-6,21-25,1-2,"(2.197, 2.833]",159
email-enronsent40_01-0034,3,death,death,NOUN,-2,2,After Head,40,3.713572066704308,5,4,nsubj,5-6,1-5,1-2,"(3.497, 4.22]",128
answers-20111108104015AAGxHNm_ans-0011,2,dongle,dongle,NOUN,2,2,Before Head,3,1.3862943611198906,6,3,obl,5-6,1-5,1-2,"(0.692, 1.386]",411
answers-20111108101850AAhNuvz_ans-0005,5,time,time,NOUN,4,4,Before Head,397,5.986452005284438,4,6,obl,3-4,6-10,3-4,"(4.22, 8.54]",409
email-enronsent35_01-0142,6,guidelines,guidelines,NOUN,-4,4,After Head,12,2.5649493574615367,10,7,nsubj,9-10,6-10,3-4,"(2.197, 2.833]",259
newsgroup-groups.google.com_IdeaStockExchange_c6ea783ac3f043ba_ENG_20041120_243700-0035,5,example,example,NOUN,4,4,Before Head,23,3.1780538303479458,7,6,ccomp,7-8,6-10,3-4,"(2.833, 3.497]",14
weblog-blogspot.com_alaindewitt_20060924104100_ENG_20060924_104100-0198,3,run,run,NOUN,3,3,Before Head,47,3.8712010109078907,3,4,obl,3-4,1-5,3-4,"(3.497, 4.22]",370
weblog-blogspot.com_dakbangla_20050311135387_ENG_20050311_135387-0110,2,press,press,NOUN,1,1,Before Head,27,3.332204510175204,5,3,nsubj,5-6,1-5,1-2,"(2.833, 3.497]",126
email-enronsent03_01-0043,4,Agreements,agreements,NOUN,-4,4,After Head,4,1.6094379124341003,10,5,nsubj,9-10,1-5,3-4,"(1.386, 2.197]",242
answers-20111108084119AAhsBk8_ans-0003,14,seconds,seconds,NOUN,-5,5,After Head,4,1.6094379124341003,7,15,obl:unmarked,7-8,11-15,5-6,"(1.386, 2.197]",349
weblog-blogspot.com_dakbangla_20050311135387_ENG_20050311_135387-0057,3,reports,reports,NOUN,4,4,Before Head,29,3.4011973816621555,7,4,obl,7-8,1-5,3-4,"(2.833, 3.497]",469
answers-20111108110437AA5JNkr_ans-0005,8,action,action,NOUN,-2,2,After Head,24,3.2188758248682006,6,9,nsubj,5-6,6-10,1-2,"(2.833, 3.497]",181
newsgroup-groups.google.com_INTPunderground_b2c62e87877e4a22_ENG_20050906_165900-0032,4,concern,concern,NOUN,-4,4,After Head,20,3.044522437723423,7,5,obl,7-8,1-5,3-4,"(2.833, 3.497]",469
answers-20111108073322AA27tkh_ans-0007,16,majority,majority,NOUN,6,6,Before Head,12,2.5649493574615367,8,17,obl,7-8,16-20,5-6,"(2.197, 2.833]",480
email-enronsent31_01-0040,5,industry,industry,NOUN,2,2,Before Head,17,2.8903717578961645,8,6,obl:unmarked,7-8,6-10,1-2,"(2.833, 3.497]",354
reviews-048363-0007,13,attempt,attempt,NOUN,4,4,Before Head,18,2.9444389791664403,7,14,obl,7-8,11-15,3-4,"(2.833, 3.497]",475
reviews-020992-0003,4,night,night,NOUN,1,1,Before Head,83,4.430816798843313,5,5,compound,5-6,1-5,1-2,"(4.22, 8.54]",19
email-enronsent41_01-0074,12,customer,customer,NOUN,2,2,Before Head,47,3.8712010109078907,8,13,nsubj,7-8,11-15,1-2,"(3.497, 4.22]",207
answers-20111107092617AAgKm4X_ans-0001,3,goal,goal,NOUN,-3,3,After Head,8,2.1972245773362196,4,4,nsubj,3-4,1-5,3-4,"(1.386, 2.197]",82
answers-20111108082505AAtbdh9_ans-0011,4,T2i,t2i,NOUN,-4,4,After Head,1,0.6931471805599453,3,6,nsubj,3-4,6-10,3-4,"(0.692, 1.386]",112
email-enronsent05_02-0005,4,patience,patience,NOUN,-4,4,After Head,7,2.0794415416798357,8,5,obl,7-8,1-5,3-4,"(1.386, 2.197]",465
reviews-018562-0003,6,months,months,NOUN,1,1,Before Head,59,4.0943445622221,6,7,obl:unmarked,5-6,6-10,1-2,"(3.497, 4.22]",339
reviews-351561-0009,14,work,work,NOUN,-2,2,After Head,213,5.365976015021851,4,15,obl,3-4,11-15,1-2,"(4.22, 8.54]",377
weblog-juancole.com_juancole_20040823064025_ENG_20040823_064025-0057,6,South,south,NOUN,6,6,Before Head,40,3.713572066704308,5,7,obl,5-6,6-10,5-6,"(3.497, 4.22]",459
reviews-295727-0003,4,day,day,NOUN,-2,2,After Head,171,5.147494476813453,3,5,obl:unmarked,3-4,1-5,1-2,"(4.22, 8.54]",299
newsgroup-groups.google.com_alt.animals.bears_1125853b1f13cff6_ENG_20040126_171100-0057,16,money,money,NOUN,2,2,Before Head,91,4.5217885770490405,5,17,obj,5-6,16-20,1-2,"(4.22, 8.54]",282
email-enronsent26_01-0015,23,year,year,NOUN,-2,2,After Head,172,5.153291594497779,4,24,obl:unmarked,3-4,21-25,1-2,"(4.22, 8.54]",311
newsgroup-groups.google.com_misc.consumers_a534e32067078b08_ENG_20060116_030800-0071,7,suspicion,suspicion,NOUN,-6,6,After Head,4,1.6094379124341003,9,8,nsubj,9-10,6-10,5-6,"(1.386, 2.197]",258
answers-20111108080049AAgT0iA_ans-0009,6,baby,baby,NOUN,3,3,Before Head,32,3.4965075614664802,4,7,nsubj,3-4,6-10,3-4,"(2.833, 3.497]",115
reviews-391012-0007,3,vendors,vendors,NOUN,-2,2,After Head,8,2.1972245773362196,7,5,obl,7-8,1-5,1-2,"(1.386, 2.197]",464
reviews-023620-0002,20,hell,hell,NOUN,-2,2,After Head,10,2.3978952727983707,4,22,obl:unmarked,3-4,21-25,1-2,"(2.197, 2.833]",309
reviews-085980-0003,1,meal,meal,NOUN,3,3,Before Head,17,2.8903717578961645,4,2,nsubj,3-4,1-5,3-4,"(2.833, 3.497]",86
newsgroup-groups.google.com_humanities.lit.authors.shakespeare_0018a7697318f71f_ENG_20031006_163200-0049,8,priest,priest,NOUN,5,5,Before Head,4,1.6094379124341003,6,9,nsubj,5-6,6-10,5-6,"(1.386, 2.197]",177
newsgroup-groups.google.com_alt.animals_434fe80fb3577e8e_ENG_20031011_200300-0053,22,way,way,NOUN,3,3,Before Head,204,5.3230099791384085,3,23,obl,3-4,21-25,3-4,"(4.22, 8.54]",391
reviews-165143-0006,6,money,money,NOUN,-2,2,After Head,91,4.5217885770490405,5,7,obj,5-6,6-10,1-2,"(4.22, 8.54]",287
answers-20111108090913AAf83Jh_ans-0013,1,grips,grips,NOUN,4,4,Before Head,1,0.6931471805599453,5,2,nsubj,5-6,1-5,3-4,"(0.692, 1.386]",121
newsgroup-groups.google.com_humanities.lit.authors.shakespeare_0018a7697318f71f_ENG_20031006_163200-0062,3,castling,castling,NOUN,4,4,Before Head,1,0.6931471805599453,8,4,nsubj,7-8,1-5,3-4,"(0.692, 1.386]",191
newsgroup-groups.google.com_herpesnation_c74170a0fcfdc880_ENG_20051125_075200-0021,3,progress,progress,NOUN,2,2,Before Head,14,2.70805020110221,8,4,obj,7-8,1-5,1-2,"(2.197, 2.833]",291
reviews-043020-0009,22,opinion,opinion,NOUN,4,4,Before Head,17,2.8903717578961645,7,23,obl,7-8,21-25,3-4,"(2.833, 3.497]",485
email-enronsent03_01-0053,5,type,type,NOUN,5,5,Before Head,30,3.4339872044851463,4,6,obj,3-4,6-10,5-6,"(2.833, 3.497]",273
reviews-251774-0002,9,month,month,NOUN,1,1,Before Head,52,3.970291913552122,5,10,obl:unmarked,5-6,6-10,1-2,"(3.497, 4.22]",339
answers-20111107144339AA0qw5S_ans-0012,12,hight,hight,NOUN,6,6,Before Head,1,0.6931471805599453,5,13,obl,5-6,11-15,5-6,"(0.692, 1.386]",424
email-enronsent35_01-0016,3,summary,summary,NOUN,-3,3,After Head,6,1.9459101490553132,7,4,nsubj:pass,7-8,1-5,3-4,"(1.386, 2.197]",62
reviews-053248-0009,13,pieces,pieces,NOUN,3,3,Before Head,16,2.833213344056216,6,14,nsubj,5-6,11-15,3-4,"(2.197, 2.833]",137
reviews-235423-0015,7,times,times,NOUN,1,1,Before Head,69,4.248495242049359,5,8,obl:unmarked,5-6,6-10,1-2,"(4.22, 8.54]",342
email-enronsent38_01-0003,9,sentence,sentence,NOUN,4,4,Before Head,4,1.6094379124341003,8,10,obl,7-8,6-10,3-4,"(1.386, 2.197]",489
email-enronsent35_01-0063,10,yesterday,yesterday,NOUN,-5,5,After Head,25,3.258096538021482,9,11,nmod:unmarked,9-10,11-15,5-6,"(2.833, 3.497]",31
email-enronsent08_02-0076,6,today,today,NOUN,-1,1,After Head,65,4.189654742026425,5,7,obl:unmarked,5-6,6-10,1-2,"(3.497, 4.22]",339
reviews-292997-0001,4,levels,levels,NOUN,-3,3,After Head,8,2.1972245773362196,6,5,obl,5-6,1-5,3-4,"(1.386, 2.197]",414
reviews-381455-0004,4,counter,counter,NOUN,-3,3,After Head,11,2.4849066497880004,7,5,obl,7-8,1-5,3-4,"(2.197, 2.833]",467
answers-20111108105919AAHXkZF_ans-0014,16,year,year,NOUN,1,1,Before Head,172,5.153291594497779,4,19,obl:unmarked,3-4,16-20,1-2,"(4.22, 8.54]",307
reviews-319816-0016,10,point,point,NOUN,2,2,Before Head,74,4.31748811353631,5,11,obl,5-6,11-15,1-2,"(4.22, 8.54]",430
reviews-169083-0006,2,nurse,nurse,NOUN,2,2,Before Head,1,0.6931471805599453,5,3,obl,5-6,1-5,1-2,"(0.692, 1.386]",411
answers-20111106035951AADq0Qg_ans-0015,6,name,name,NOUN,-3,3,After Head,96,4.574710978503383,4,8,nsubj,3-4,6-10,3-4,"(4.22, 8.54]",119
reviews-047184-0005,10,year,year,NOUN,-6,6,After Head,172,5.153291594497779,4,11,obl,3-4,11-15,5-6,"(4.22, 8.54]",379
answers-20111108105919AAHXkZF_ans-0005,1,cat,cat,NOUN,4,4,Before Head,42,3.7612001156935624,3,2,nsubj,3-4,1-5,3-4,"(3.497, 4.22]",88
reviews-231203-0007,14,staff,staff,NOUN,4,4,Before Head,81,4.406719247264253,5,15,nsubj,5-6,11-15,3-4,"(4.22, 8.54]",143
reviews-048363-0002,8,years,years,NOUN,1,1,Before Head,150,5.017279836814924,5,9,obl:unmarked,5-6,6-10,1-2,"(4.22, 8.54]",342
answers-20111108103914AAcdeIt_ans-0004,2,day,day,NOUN,4,4,Before Head,171,5.147494476813453,3,3,obl:unmarked,3-4,1-5,3-4,"(4.22, 8.54]",300
reviews-366586-0004,7,food,food,NOUN,2,2,Before Head,167,5.123963979403259,4,8,nsubj,3-4,6-10,1-2,"(4.22, 8.54]",118
email-enronsent36_02-0073,20,date,date,NOUN,6,6,Before Head,63,4.1588830833596715,4,21,obl,3-4,21-25,5-6,"(3.497, 4.22]",389
weblog-blogspot.com_dakbangla_20041016151002_ENG_20041016_151002-0036,17,army,army,NOUN,2,2,Before Head,29,3.4011973816621555,4,18,nsubj,3-4,16-20,1-2,"(2.833, 3.497]",99
weblog-blogspot.com_dakbangla_20050311135387_ENG_20050311_135387-0009,5,article,article,NOUN,1,1,Before Head,20,3.044522437723423,7,6,nsubj,7-8,6-10,1-2,"(2.833, 3.497]",234
answers-20111108110437AA5JNkr_ans-0003,22,mouths,mouths,NOUN,-3,3,After Head,1,0.6931471805599453,6,23,nmod,5-6,21-25,3-4,"(0.692, 1.386]",40
weblog-blogspot.com_healingiraq_20050121235804_ENG_20050121_235804-0012,6,statement,statement,NOUN,-4,4,After Head,14,2.70805020110221,9,7,nsubj,9-10,6-10,3-4,"(2.197, 2.833]",259
newsgroup-groups.google.com_herpesnation_c74170a0fcfdc880_ENG_20051125_075200-0004,37,separation,separation,NOUN,-2,2,After Head,2,1.0986122886681096,10,38,nsubj,9-10,36-40,1-2,"(0.692, 1.386]",253
email-enronsent07_01-0024,6,today,today,NOUN,-1,1,After Head,65,4.189654742026425,5,7,obl:unmarked,5-6,6-10,1-2,"(3.497, 4.22]",339
reviews-063549-0002,2,reason,reason,NOUN,-2,2,After Head,39,3.6888794541139363,6,4,nsubj,5-6,1-5,1-2,"(3.497, 4.22]",128
answers-20111108092029AAsHTYP_ans-0002,17,female,female,NOUN,6,6,Before Head,17,2.8903717578961645,6,18,nsubj,5-6,16-20,5-6,"(2.833, 3.497]",151
newsgroup-groups.google.com_misc.consumers_628669ce346c590d_ENG_20040527_065700-0018,22,phase,phase,NOUN,2,2,Before Head,7,2.0794415416798357,5,23,obl,5-6,21-25,1-2,"(1.386, 2.197]",441
answers-20111108065616AAKtL2c_ans-0011,4,option,option,NOUN,-4,4,After Head,26,3.295836866004329,6,5,nsubj,5-6,1-5,3-4,"(2.833, 3.497]",127
weblog-blogspot.com_rigorousintuition_20060511134300_ENG_20060511_134300-0084,18,abuse,abuse,NOUN,-2,2,After Head,7,2.0794415416798357,5,20,nsubj,5-6,16-20,1-2,"(1.386, 2.197]",146
answers-20111108092738AA2dtyW_ans-0002,1,cleaners,cleaners,NOUN,3,3,Before Head,2,1.0986122886681096,8,2,obj,7-8,1-5,3-4,"(0.692, 1.386]",289
email-enronsent42_01-0077,2,stuff,stuff,NOUN,3,3,Before Head,21,3.091042453358316,5,3,nsubj,5-6,1-5,3-4,"(2.833, 3.497]",127
email-enronsent01_02-0030,6,article,article,NOUN,-3,3,After Head,20,3.044522437723423,7,7,obl,7-8,6-10,3-4,"(2.833, 3.497]",494
newsgroup-groups.google.com_humanities.lit.authors.shakespeare_0018a7697318f71f_ENG_20031006_163200-0026,3,day,day,NOUN,2,2,Before Head,171,5.147494476813453,3,4,obl,3-4,1-5,1-2,"(4.22, 8.54]",371
reviews-345455-0004,1,staff,staff,NOUN,3,3,Before Head,81,4.406719247264253,5,2,nsubj,5-6,1-5,3-4,"(4.22, 8.54]",131
email-enronsent37_01-0081,2,mother,mother,NOUN,1,1,Before Head,10,2.3978952727983707,6,4,nsubj,5-6,1-5,1-2,"(2.197, 2.833]",124
weblog-blogspot.com_rigorousintuition_20050518101500_ENG_20050518_101500-0027,4,years,years,NOUN,1,1,Before Head,150,5.017279836814924,5,6,obl:unmarked,5-6,6-10,1-2,"(4.22, 8.54]",342
weblog-blogspot.com_rigorousintuition_20060511134300_ENG_20060511_134300-0090,13,parents,parents,NOUN,-5,5,After Head,28,3.367295829986474,7,14,obl,7-8,11-15,5-6,"(2.833, 3.497]",476
weblog-blogspot.com_alaindewitt_20040929103700_ENG_20040929_103700-0048,3,permission,permission,NOUN,-2,2,After Head,5,1.791759469228055,10,4,obl,9-10,1-5,1-2,"(1.386, 2.197]",500
weblog-juancole.com_juancole_20040604210986_ENG_20040604_210986-0034,3,groups,groups,NOUN,3,3,Before Head,27,3.332204510175204,6,4,nsubj,5-6,1-5,3-4,"(2.833, 3.497]",127
answers-20111108101850AAhNuvz_ans-0017,12,rabbit,rabbit,NOUN,2,2,Before Head,14,2.70805020110221,6,13,nsubj,5-6,11-15,1-2,"(2.197, 2.833]",136
email-enronsent27_01-0012,5,time,time,NOUN,3,3,Before Head,397,5.986452005284438,4,6,obl,3-4,6-10,3-4,"(4.22, 8.54]",409
email-enronsent07_01-0055,5,position,position,NOUN,6,6,Before Head,35,3.58351893845611,8,6,obl,7-8,6-10,5-6,"(3.497, 4.22]",498
email-enronsent43_01-0012,1,execution,execution,NOUN,4,4,Before Head,8,2.1972245773362196,9,2,obl,9-10,1-5,3-4,"(1.386, 2.197]",501
weblog-blogspot.com_alaindewitt_20060924104100_ENG_20060924_104100-0053,17,occupation,occupation,NOUN,-6,6,After Head,9,2.302585092994046,10,18,obl,9-10,16-20,5-6,"(2.197, 2.833]",508
answers-20111108101816AAdTp9M_ans-0003,17,cure,cure,NOUN,-2,2,After Head,6,1.9459101490553132,4,18,nsubj,3-4,16-20,1-2,"(1.386, 2.197]",97
email-enronsent13_01-0092,9,drafts,drafts,NOUN,-3,3,After Head,3,1.3862943611198906,6,10,nsubj:pass,5-6,6-10,3-4,"(0.692, 1.386]",58
answers-20111108065707AAj7DaH_ans-0006,10,dad,dad,NOUN,1,1,Before Head,15,2.772588722239781,3,11,nsubj,3-4,11-15,1-2,"(2.197, 2.833]",92
reviews-210066-0004,8,day,day,NOUN,-2,2,After Head,171,5.147494476813453,3,10,obl:unmarked,3-4,6-10,1-2,"(4.22, 8.54]",320
weblog-blogspot.com_alaindewitt_20060924104100_ENG_20060924_104100-0015,10,spite,spite,NOUN,6,6,Before Head,5,1.791759469228055,5,11,obl,5-6,11-15,5-6,"(1.386, 2.197]",425
reviews-345182-0004,9,one,one,NOUN,-4,4,After Head,473,6.161207321695077,3,10,obl,3-4,6-10,3-4,"(4.22, 8.54]",409
answers-20111108111312AAq4ETn_ans-0021,4,lunch,lunch,NOUN,-3,3,After Head,27,3.332204510175204,5,5,obl,5-6,1-5,3-4,"(2.833, 3.497]",418
answers-20111108111010AASEk0S_ans-0005,17,snake,snake,NOUN,3,3,Before Head,23,3.1780538303479458,5,20,nsubj,5-6,16-20,3-4,"(2.833, 3.497]",150
answers-20111108101850AAhNuvz_ans-0009,2,rabbit,rabbit,NOUN,1,1,Before Head,14,2.70805020110221,6,3,nsubj,5-6,1-5,1-2,"(2.197, 2.833]",124
answers-20111108094927AA5NjHj_ans-0002,2,horse,horse,NOUN,3,3,Before Head,52,3.970291913552122,5,3,obj,5-6,1-5,3-4,"(3.497, 4.22]",277
weblog-blogspot.com_healingiraq_20050121235804_ENG_20050121_235804-0036,13,timer,timer,NOUN,-6,6,After Head,1,0.6931471805599453,5,14,obl,5-6,11-15,5-6,"(0.692, 1.386]",424
weblog-blogspot.com_alaindewitt_20040929103700_ENG_20040929_103700-0071,6,passing,passing,NOUN,-2,2,After Head,8,2.1972245773362196,7,7,obl,7-8,6-10,1-2,"(1.386, 2.197]",488
weblog-blogspot.com_rigorousintuition_20060511134300_ENG_20060511_134300-0022,2,concerns,concerns,NOUN,-1,1,After Head,13,2.639057329615259,8,3,nsubj,7-8,1-5,1-2,"(2.197, 2.833]",194
newsgroup-groups.google.com_alt.animals_02c2d614bfbf6b20_ENG_20050223_232900-0031,7,lot,lot,NOUN,-3,3,After Head,89,4.499809670330265,3,8,obl,3-4,6-10,3-4,"(4.22, 8.54]",409
answers-20111108084111AAl5ras_ans-0005,22,sound,sound,NOUN,3,3,Before Head,17,2.8903717578961645,5,23,nsubj,5-6,21-25,3-4,"(2.833, 3.497]",161
weblog-juancole.com_juancole_20040823064025_ENG_20040823_064025-0019,28,deaths,deaths,NOUN,-3,3,After Head,7,2.0794415416798357,6,29,nmod,5-6,26-30,3-4,"(1.386, 2.197]",42
weblog-blogspot.com_rigorousintuition_20060511134300_ENG_20060511_134300-0173,5,question,question,NOUN,4,4,Before Head,41,3.7376696182833684,8,6,obl,7-8,6-10,3-4,"(3.497, 4.22]",497
answers-20111108101816AAdTp9M_ans-0006,10,way,way,NOUN,-3,3,After Head,204,5.3230099791384085,3,12,nsubj,3-4,11-15,3-4,"(4.22, 8.54]",96
reviews-241739-0005,4,kids,kids,NOUN,-4,4,After Head,38,3.6635616461296463,4,5,nmod,3-4,1-5,3-4,"(3.497, 4.22]",32
newsgroup-groups.google.com_alt.animals_0e65f540816d780c_ENG_20041116_124800-0041,23,models,models,NOUN,1,1,Before Head,6,1.9459101490553132,6,24,nsubj,5-6,21-25,1-2,"(1.386, 2.197]",158
newsgroup-groups.google.com_alt.animals_0084bdc731bfc8d8_ENG_20040905_212000-0157,18,words,words,NOUN,2,2,Before Head,14,2.70805020110221,5,19,obl,5-6,16-20,1-2,"(2.197, 2.833]",434
newsgroup-groups.google.com_INTPunderground_b2c62e87877e4a22_ENG_20050906_165900-0038,4,folks,folks,NOUN,6,6,Before Head,16,2.833213344056216,5,6,nsubj,5-6,6-10,5-6,"(2.197, 2.833]",180
weblog-blogspot.com_alaindewitt_20040929103700_ENG_20040929_103700-0079,1,column,column,NOUN,1,1,Before Head,1,0.6931471805599453,6,2,nsubj,5-6,1-5,1-2,"(0.692, 1.386]",120
newsgroup-groups.google.com_Meditation20051_1027f5a3651d547c_ENG_20050316_085700-0053,3,right,right,NOUN,-3,3,After Head,127,4.852030263919617,5,4,obl,5-6,1-5,3-4,"(4.22, 8.54]",422
newsgroup-groups.google.com_INTPunderground_b2c62e87877e4a22_ENG_20050906_165900-0074,25,point,point,NOUN,-3,3,After Head,74,4.31748811353631,5,27,nsubj,5-6,26-30,3-4,"(4.22, 8.54]",166
email-enronsent09_01-0033,5,sheet,sheet,NOUN,-4,4,After Head,14,2.70805020110221,5,6,nsubj,5-6,6-10,3-4,"(2.197, 2.833]",179
weblog-juancole.com_juancole_20040604210986_ENG_20040604_210986-0017,8,1980s,1980s,NOUN,4,4,Before Head,4,1.6094379124341003,5,9,obl,5-6,6-10,3-4,"(1.386, 2.197]",451
weblog-blogspot.com_rigorousintuition_20050518101500_ENG_20050518_101500-0002,4,interview,interview,NOUN,-5,5,After Head,11,2.4849066497880004,9,6,nsubj,9-10,6-10,5-6,"(2.197, 2.833]",260
weblog-blogspot.com_dakbangla_20050311135387_ENG_20050311_135387-0168,4,consensus,consensus,NOUN,-3,3,After Head,2,1.0986122886681096,9,5,nsubj,9-10,1-5,3-4,"(0.692, 1.386]",240
email-enronsent35_01-0153,4,help,help,NOUN,-4,4,After Head,142,4.962844630259907,4,5,obl,3-4,1-5,3-4,"(4.22, 8.54]",372
answers-20111107211742AAHZaPe_ans-0047,6,people,people,NOUN,-5,5,After Head,233,5.455321115357702,6,7,nsubj,5-6,6-10,5-6,"(4.22, 8.54]",188
answers-20111108082831AAco5PI_ans-0018,8,trap,trap,NOUN,-5,5,After Head,3,1.3862943611198906,4,9,obl,3-4,6-10,5-6,"(0.692, 1.386]",400
newsgroup-groups.google.com_eHolistic_2dd76f31ceb6bfe8_ENG_20050513_224200-0012,3,advance,advance,NOUN,-3,3,After Head,9,2.302585092994046,7,4,obl,7-8,1-5,3-4,"(2.197, 2.833]",467
reviews-010820-0002,6,hours,hours,NOUN,1,1,Before Head,51,3.9512437185814275,5,7,obl:unmarked,5-6,6-10,1-2,"(3.497, 4.22]",339
email-enronsent38_01-0114,6,today,today,NOUN,-1,1,After Head,65,4.189654742026425,5,7,obl:unmarked,5-6,6-10,1-2,"(3.497, 4.22]",339
newsgroup-groups.google.com_alt.animals.cat_01ff709c4bf2c60c_ENG_20040418_040100-0016,13,tonight,tonight,NOUN,6,6,Before Head,8,2.1972245773362196,7,14,obl:unmarked,7-8,11-15,5-6,"(1.386, 2.197]",349
weblog-blogspot.com_dakbangla_20050311135387_ENG_20050311_135387-0212,11,wealth,wealth,NOUN,-2,2,After Head,7,2.0794415416798357,6,12,nsubj,5-6,11-15,1-2,"(1.386, 2.197]",134
weblog-blogspot.com_rigorousintuition_20060511134300_ENG_20060511_134300-0041,1,victims,victims,NOUN,3,3,Before Head,4,1.6094379124341003,7,2,nsubj,7-8,1-5,3-4,"(1.386, 2.197]",193
answers-20111108104724AAuBUR7_ans-0005,3,owner,owner,NOUN,2,2,Before Head,29,3.4011973816621555,5,5,nsubj,5-6,1-5,1-2,"(2.833, 3.497]",126
newsgroup-groups.google.com_FOOLED_1bf9cdc5a4c2ac48_ENG_20050904_130400-0053,19,wastes,wastes,NOUN,-4,4,After Head,1,0.6931471805599453,6,21,nsubj,5-6,21-25,3-4,"(0.692, 1.386]",157
newsgroup-groups.google.com_eHolistic_417b09016150421f_ENG_20051120_175800-0033,3,plan,plan,NOUN,1,1,Before Head,45,3.828641396489095,4,4,nsubj,3-4,1-5,1-2,"(3.497, 4.22]",87
email-enronsent44_01-0034,8,problems,problems,NOUN,-6,6,After Head,46,3.8501476017100584,8,10,obl,7-8,6-10,5-6,"(3.497, 4.22]",498
answers-20111108065616AAKtL2c_ans-0062,4,things,things,NOUN,-3,3,After Head,85,4.454347296253507,6,5,nsubj,5-6,1-5,3-4,"(4.22, 8.54]",131
email-enronsent11_01-0060,5,dudes,dudes,NOUN,-4,4,After Head,1,0.6931471805599453,5,6,nsubj,5-6,6-10,3-4,"(0.692, 1.386]",174
reviews-120335-0007,14,work,work,NOUN,-4,4,After Head,213,5.365976015021851,4,15,obl,3-4,11-15,3-4,"(4.22, 8.54]",378
weblog-blogspot.com_dakbangla_20050311135387_ENG_20050311_135387-0178,9,reward,reward,NOUN,-6,6,After Head,6,1.9459101490553132,6,10,nsubj,5-6,6-10,5-6,"(1.386, 2.197]",177
answers-20111108091921AAaLK4e_ans-0024,3,reading,reading,NOUN,-3,3,After Head,15,2.772588722239781,7,4,obl,7-8,1-5,3-4,"(2.197, 2.833]",467
newsgroup-groups.google.com_herpesnation_c74170a0fcfdc880_ENG_20051125_075200-0010,16,tributaries,tributaries,NOUN,-3,3,After Head,1,0.6931471805599453,11,17,nsubj,11-12,16-20,3-4,"(0.692, 1.386]",73
weblog-blogspot.com_dakbangla_20050210141134_ENG_20050210_141134-0019,19,ones,ones,NOUN,6,6,Before Head,36,3.6109179126442243,4,20,advcl,3-4,16-20,5-6,"(3.497, 4.22]",1
newsgroup-groups.google.com_alt.animals_0e65f540816d780c_ENG_20041116_124800-0027,13,weeks,weeks,NOUN,1,1,Before Head,43,3.784189633918261,5,14,obl:unmarked,5-6,11-15,1-2,"(3.497, 4.22]",328
reviews-360937-0001,3,today,today,NOUN,-2,2,After Head,65,4.189654742026425,5,4,obl:unmarked,5-6,1-5,1-2,"(3.497, 4.22]",324
email-enronsent43_01-0054,13,use,use,NOUN,-2,2,After Head,144,4.976733742420574,3,14,obl,3-4,11-15,1-2,"(4.22, 8.54]",377
answers-20111108105520AA73Axw_ans-0059,4,grist,grist,NOUN,-2,2,After Head,1,0.6931471805599453,5,5,nsubj,5-6,1-5,1-2,"(0.692, 1.386]",120
answers-20111108105520AA73Axw_ans-0040,1,lineatus,lineatus,NOUN,4,4,Before Head,4,1.6094379124341003,8,2,nsubj:pass,7-8,1-5,3-4,"(1.386, 2.197]",62
reviews-217542-0002,53,STONER,stoner,NOUN,-2,2,After Head,1,0.6931471805599453,6,54,nsubj,5-6,51-55,1-2,"(0.692, 1.386]",172
answers-20111108094323AARaBJ5_ans-0004,11,hand,hand,NOUN,-4,4,After Head,46,3.8501476017100584,4,12,obl,3-4,11-15,3-4,"(3.497, 4.22]",375
weblog-blogspot.com_alaindewitt_20060924104100_ENG_20060924_104100-0103,6,unity,unity,NOUN,4,4,Before Head,6,1.9459101490553132,5,7,nsubj:pass,5-6,6-10,3-4,"(1.386, 2.197]",59
answers-20111108094927AA5NjHj_ans-0003,11,years,years,NOUN,1,1,Before Head,150,5.017279836814924,5,13,obl:unmarked,5-6,11-15,1-2,"(4.22, 8.54]",330
email-enronsent16_01-0073,18,business,business,NOUN,-5,5,After Head,100,4.61512051684126,8,19,obl,7-8,16-20,5-6,"(4.22, 8.54]",482
newsgroup-groups.google.com_alt.animals_0e65f540816d780c_ENG_20041116_124800-0035,2,report,report,NOUN,1,1,Before Head,53,3.9889840465642745,6,3,nsubj,5-6,1-5,1-2,"(3.497, 4.22]",128
weblog-blogspot.com_healingiraq_20050121235804_ENG_20050121_235804-0054,15,way,way,NOUN,-3,3,After Head,204,5.3230099791384085,3,16,nsubj,3-4,16-20,3-4,"(4.22, 8.54]",101
newsgroup-groups.google.com_misc.consumers_a534e32067078b08_ENG_20060116_030800-0039,1,Gulf,gulf,NOUN,3,3,Before Head,26,3.295836866004329,4,2,nsubj,3-4,1-5,3-4,"(2.833, 3.497]",86
weblog-blogspot.com_rigorousintuition_20060511134300_ENG_20060511_134300-0187,24,images,images,NOUN,-2,2,After Head,6,1.9459101490553132,6,25,obl,5-6,21-25,1-2,"(1.386, 2.197]",441
answers-20111108080049AAgT0iA_ans-0012,10,cage,cage,NOUN,2,2,Before Head,37,3.6375861597263857,4,12,nsubj,3-4,11-15,1-2,"(3.497, 4.22]",93
email-enronsent00_01-0045,5,agenda,agenda,NOUN,-3,3,After Head,4,1.6094379124341003,6,6,nsubj,5-6,6-10,3-4,"(1.386, 2.197]",176
weblog-typepad.com_ripples_20040407125600_ENG_20040407_125600-0053,30,lesion,lesion,NOUN,4,4,Before Head,3,1.3862943611198906,6,31,nsubj,5-6,31-35,3-4,"(0.692, 1.386]",168
reviews-235423-0016,20,recount,recount,NOUN,-2,2,After Head,1,0.6931471805599453,7,21,nsubj,7-8,21-25,1-2,"(0.692, 1.386]",217
email-enronsent44_01-0027,18,numbers,numbers,NOUN,3,3,Before Head,22,3.1354942159291497,7,19,nsubj,7-8,16-20,3-4,"(2.833, 3.497]",214
answers-20111108075853AAUIKRQ_ans-0003,3,experience,experience,NOUN,-2,2,After Head,84,4.442651256490317,10,4,nsubj,9-10,1-5,1-2,"(4.22, 8.54]",244
weblog-blogspot.com_dakbangla_20050311135387_ENG_20050311_135387-0027,4,time,time,NOUN,4,4,Before Head,397,5.986452005284438,4,5,obl,3-4,1-5,3-4,"(4.22, 8.54]",372
email-enronsent27_01-0059,6,draft,draft,NOUN,-4,4,After Head,41,3.7376696182833684,5,7,nsubj,5-6,6-10,3-4,"(3.497, 4.22]",184
answers-20111108105629AAiZUDY_ans-0037,2,snake,snake,NOUN,3,3,Before Head,23,3.1780538303479458,5,3,nsubj,5-6,1-5,3-4,"(2.833, 3.497]",127
answers-20111108065616AAKtL2c_ans-0065,21,pool,pool,NOUN,-4,4,After Head,12,2.5649493574615367,4,22,nsubj,3-4,21-25,3-4,"(2.197, 2.833]",102
reviews-158335-0006,10,behavior,behavior,NOUN,5,5,Before Head,13,2.639057329615259,8,11,obl,7-8,11-15,5-6,"(2.197, 2.833]",474
reviews-329692-0011,9,review,review,NOUN,-5,5,After Head,61,4.127134385045092,6,10,obl,5-6,6-10,5-6,"(3.497, 4.22]",459
newsgroup-groups.google.com_Meditation20052_06390a5f75b2e1f2_ENG_20050316_091700-0016,8,beach,beach,NOUN,-6,6,After Head,9,2.302585092994046,5,9,obl,5-6,6-10,5-6,"(2.197, 2.833]",454
reviews-135800-0008,10,car,car,NOUN,2,2,Before Head,95,4.564348191467836,3,11,nsubj,3-4,11-15,1-2,"(4.22, 8.54]",95
newsgroup-groups.google.com_alt.animals_02c2d614bfbf6b20_ENG_20050223_232900-0041,1,Wolves,wolves,NOUN,4,4,Before Head,19,2.995732273553991,6,2,nsubj,5-6,1-5,3-4,"(2.833, 3.497]",127
reviews-090136-0005,6,wines,wines,NOUN,4,4,Before Head,2,1.0986122886681096,5,7,nsubj,5-6,6-10,3-4,"(0.692, 1.386]",174
answers-20111107211742AAHZaPe_ans-0039,2,moment,moment,NOUN,2,2,Before Head,14,2.70805020110221,6,3,obl,5-6,1-5,1-2,"(2.197, 2.833]",415
newsgroup-groups.google.com_alt.animals.cat_01ff709c4bf2c60c_ENG_20040418_040100-0040,10,day,day,NOUN,-2,2,After Head,171,5.147494476813453,3,11,obl:unmarked,3-4,11-15,1-2,"(4.22, 8.54]",303
reviews-069995-0006,8,area,area,NOUN,2,2,Before Head,63,4.1588830833596715,4,9,nsubj,3-4,6-10,1-2,"(3.497, 4.22]",116
weblog-blogspot.com_dakbangla_20050311135387_ENG_20050311_135387-0118,1,mother,mother,NOUN,3,3,Before Head,10,2.3978952727983707,6,2,nsubj,5-6,1-5,3-4,"(2.197, 2.833]",125
email-enronsent16_01-0067,9,time,time,NOUN,4,4,Before Head,397,5.986452005284438,4,10,obl:unmarked,3-4,6-10,3-4,"(4.22, 8.54]",321
reviews-020992-0011,1,hotel,hotel,NOUN,2,2,Before Head,48,3.8918202981106265,5,2,nsubj,5-6,1-5,1-2,"(3.497, 4.22]",128
weblog-blogspot.com_rigorousintuition_20050518101500_ENG_20050518_101500-0056,1,deputies,deputies,NOUN,3,3,Before Head,1,0.6931471805599453,8,3,nsubj,7-8,1-5,3-4,"(0.692, 1.386]",191
weblog-blogspot.com_dakbangla_20050311135387_ENG_20050311_135387-0184,2,position,position,NOUN,3,3,Before Head,35,3.58351893845611,8,3,nsubj,7-8,1-5,3-4,"(3.497, 4.22]",198
email-enronsent07_01-0006,4,meeting,meeting,NOUN,-2,2,After Head,71,4.276666119016055,7,5,nsubj,7-8,1-5,1-2,"(4.22, 8.54]",199
reviews-317846-0004,15,lines,lines,NOUN,3,3,Before Head,19,2.995732273553991,5,16,obl,5-6,16-20,3-4,"(2.833, 3.497]",435
answers-20111106215236AAycANO_ans-0011,3,plenty,plenty,NOUN,-2,2,After Head,18,2.9444389791664403,6,4,nsubj,5-6,1-5,1-2,"(2.833, 3.497]",126
weblog-blogspot.com_dakbangla_20050311135387_ENG_20050311_135387-0058,2,time,time,NOUN,3,3,Before Head,397,5.986452005284438,4,3,obl,3-4,1-5,3-4,"(4.22, 8.54]",372
reviews-372903-0007,9,pony's,pony's,NOUN,-6,6,After Head,1,0.6931471805599453,6,10,nsubj,5-6,6-10,5-6,"(0.692, 1.386]",175
answers-20111108101300AAIAKXN_ans-0022,6,nightlife,nightlife,NOUN,-2,2,After Head,2,1.0986122886681096,9,9,nsubj,9-10,6-10,1-2,"(0.692, 1.386]",255
weblog-blogspot.com_alaindewitt_20060924104100_ENG_20060924_104100-0160,5,element,element,NOUN,6,6,Before Head,2,1.0986122886681096,7,6,nsubj,7-8,6-10,5-6,"(0.692, 1.386]",227
reviews-229480-0005,3,fusions,fusions,NOUN,4,4,Before Head,2,1.0986122886681096,7,4,obl,7-8,1-5,3-4,"(0.692, 1.386]",463
reviews-187266-0005,15,time,time,NOUN,6,6,Before Head,397,5.986452005284438,4,16,obl:unmarked,3-4,16-20,5-6,"(4.22, 8.54]",308
weblog-blogspot.com_dakbangla_20050311135387_ENG_20050311_135387-0028,3,risk,risk,NOUN,-2,2,After Head,31,3.4657359027997265,4,4,nsubj,3-4,1-5,1-2,"(2.833, 3.497]",85
newsgroup-groups.google.com_alt.animals_0084bdc731bfc8d8_ENG_20040905_212000-0064,19,years,years,NOUN,6,6,Before Head,150,5.017279836814924,5,20,obl:unmarked,5-6,16-20,5-6,"(4.22, 8.54]",335
weblog-blogspot.com_dakbangla_20050210141134_ENG_20050210_141134-0054,1,boat,boat,NOUN,2,2,Before Head,9,2.302585092994046,4,2,nsubj,3-4,1-5,1-2,"(2.197, 2.833]",83
email-enronsent26_01-0026,8,bug,bug,NOUN,2,2,Before Head,2,1.0986122886681096,3,9,nsubj,3-4,6-10,1-2,"(0.692, 1.386]",111
weblog-typepad.com_ripples_20040407125600_ENG_20040407_125600-0007,18,report,report,NOUN,-6,6,After Head,53,3.9889840465642745,6,19,nsubj,5-6,16-20,5-6,"(3.497, 4.22]",153
weblog-blogspot.com_dakbangla_20050311135387_ENG_20050311_135387-0005,20,people,people,NOUN,-6,6,After Head,233,5.455321115357702,6,21,nsubj,5-6,21-25,5-6,"(4.22, 8.54]",163
answers-20111108091921AAaLK4e_ans-0026,9,shoe,shoe,NOUN,1,1,Before Head,5,1.791759469228055,4,10,nsubj,3-4,6-10,1-2,"(1.386, 2.197]",113
answers-20111108103211AA4XhnU_ans-0010,3,weeks,weeks,NOUN,-3,3,After Head,43,3.784189633918261,5,4,obl:unmarked,5-6,1-5,3-4,"(3.497, 4.22]",325
answers-20111108094927AA5NjHj_ans-0015,17,horse,horse,NOUN,3,3,Before Head,52,3.970291913552122,5,19,nsubj,5-6,16-20,3-4,"(3.497, 4.22]",152
email-enronsent09_01-0036,2,financials,financials,NOUN,4,4,Before Head,1,0.6931471805599453,10,3,obl,9-10,1-5,3-4,"(0.692, 1.386]",499
reviews-292841-0006,9,managers,managers,NOUN,3,3,Before Head,5,1.791759469228055,8,10,nsubj,7-8,6-10,3-4,"(1.386, 2.197]",229
reviews-216456-0006,6,hours,hours,NOUN,2,2,Before Head,51,3.9512437185814275,5,7,obl:unmarked,5-6,6-10,1-2,"(3.497, 4.22]",339
newsgroup-groups.google.com_hiddennook_04d8cc994875d454_ENG_20050207_012300-0015,21,crew,crew,NOUN,3,3,Before Head,11,2.4849066497880004,4,22,nsubj,3-4,21-25,3-4,"(2.197, 2.833]",102
email-enronsent36_02-0049,24,Date,date,NOUN,-4,4,After Head,63,4.1588830833596715,4,25,obl,3-4,21-25,3-4,"(3.497, 4.22]",388
email-enronsent14_01-0112,4,person,person,NOUN,-2,2,After Head,68,4.23410650459726,6,5,obl,5-6,1-5,1-2,"(4.22, 8.54]",421
email-enronsent17_01-0100,6,effort,effort,NOUN,4,4,Before Head,20,3.044522437723423,6,8,obl,5-6,6-10,3-4,"(2.833, 3.497]",455
email-enronsent35_01-0103,4,chance,chance,NOUN,-3,3,After Head,26,3.295836866004329,6,5,nsubj,5-6,1-5,3-4,"(2.833, 3.497]",127
answers-20111108094504AAKrc8F_ans-0003,2,hotels,hotels,NOUN,2,2,Before Head,12,2.5649493574615367,6,3,nsubj,5-6,1-5,1-2,"(2.197, 2.833]",124
weblog-blogspot.com_dakbangla_20041119231111_ENG_20041119_231111-0040,15,option,option,NOUN,-3,3,After Head,26,3.295836866004329,6,17,nsubj,5-6,16-20,3-4,"(2.833, 3.497]",150
email-enronsent36_02-0017,8,line,line,NOUN,3,3,Before Head,56,4.04305126783455,4,9,obj,3-4,6-10,3-4,"(3.497, 4.22]",274
answers-20111108065616AAKtL2c_ans-0039,6,cruise,cruise,NOUN,4,4,Before Head,27,3.332204510175204,6,7,nsubj,5-6,6-10,3-4,"(2.833, 3.497]",182
email-enronsent05_02-0032,2,meantime,meantime,NOUN,3,3,Before Head,4,1.6094379124341003,8,3,obl,7-8,1-5,3-4,"(1.386, 2.197]",465
reviews-329692-0009,3,world,world,NOUN,3,3,Before Head,126,4.844187086458591,5,5,obl,5-6,1-5,3-4,"(4.22, 8.54]",422
reviews-363685-0002,6,number,number,NOUN,-5,5,After Head,177,5.181783550292085,6,7,obj,5-6,6-10,5-6,"(4.22, 8.54]",288
newsgroup-groups.google.com_alt.animals_02c2d614bfbf6b20_ENG_20050223_232900-0006,5,reputation,reputation,NOUN,6,6,Before Head,6,1.9459101490553132,10,6,obl,9-10,6-10,5-6,"(1.386, 2.197]",511
reviews-382073-0005,2,crew,crew,NOUN,3,3,Before Head,11,2.4849066497880004,4,3,nsubj,3-4,1-5,3-4,"(2.197, 2.833]",84
reviews-248124-0004,1,teachers,teachers,NOUN,3,3,Before Head,2,1.0986122886681096,8,2,nsubj:pass,7-8,1-5,3-4,"(0.692, 1.386]",61
newsgroup-groups.google.com_misc.consumers_a534e32067078b08_ENG_20060116_030800-0035,13,priority,priority,NOUN,-6,6,After Head,4,1.6094379124341003,8,14,nsubj,7-8,11-15,5-6,"(1.386, 2.197]",203
answers-20111108103211AA4XhnU_ans-0014,4,water,water,NOUN,-4,4,After Head,74,4.31748811353631,5,5,obl,5-6,1-5,3-4,"(4.22, 8.54]",422
reviews-162422-0007,11,deposit,deposit,NOUN,-4,4,After Head,6,1.9459101490553132,7,12,nsubj,7-8,11-15,3-4,"(1.386, 2.197]",202
email-enronsent05_02-0079,2,spikes,spikes,NOUN,1,1,Before Head,3,1.3862943611198906,6,3,nsubj,5-6,1-5,1-2,"(0.692, 1.386]",120
email-enronsent22_01-0024,6,schedule,schedule,NOUN,5,5,Before Head,22,3.1354942159291497,8,8,obl,7-8,6-10,5-6,"(2.833, 3.497]",495
newsgroup-groups.google.com_eHolistic_417b09016150421f_ENG_20051120_175800-0039,3,numbers,numbers,NOUN,-3,3,After Head,22,3.1354942159291497,7,4,nsubj,7-8,1-5,3-4,"(2.833, 3.497]",196
answers-20111108104352AASs5OZ_ans-0005,14,weeks,weeks,NOUN,1,1,Before Head,43,3.784189633918261,5,15,obl:unmarked,5-6,11-15,1-2,"(3.497, 4.22]",328
reviews-044427-0006,3,ants,ants,NOUN,2,2,Before Head,2,1.0986122886681096,4,4,obl,3-4,1-5,1-2,"(0.692, 1.386]",365
newsgroup-groups.google.com_eHolistic_2dd76f31ceb6bfe8_ENG_20050513_224200-0034,14,treatments,treatments,NOUN,5,5,Before Head,12,2.5649493574615367,10,16,obl,9-10,16-20,5-6,"(2.197, 2.833]",508
weblog-blogspot.com_dakbangla_20050311135387_ENG_20050311_135387-0216,1,mosques,mosques,NOUN,4,4,Before Head,6,1.9459101490553132,7,2,obj,7-8,1-5,3-4,"(1.386, 2.197]",290
reviews-363873-0003,4,power,power,NOUN,2,2,Before Head,75,4.330733340286331,5,5,obj,5-6,1-5,1-2,"(4.22, 8.54]",278
newsgroup-groups.google.com_alt.animals_434fe80fb3577e8e_ENG_20031011_200300-0027,9,front,front,NOUN,5,5,Before Head,48,3.8918202981106265,5,10,obl,5-6,6-10,5-6,"(3.497, 4.22]",459
email-enronsent16_01-0097,2,list,list,NOUN,-3,3,After Head,59,4.0943445622221,4,4,nsubj,3-4,1-5,3-4,"(3.497, 4.22]",88
reviews-217359-0008,8,Assh@%$e,assh@%$e,NOUN,-6,6,After Head,1,0.6931471805599453,8,10,advcl,7-8,6-10,5-6,"(0.692, 1.386]",7
answers-20111107211742AAHZaPe_ans-0031,15,jobs,jobs,NOUN,-1,1,After Head,15,2.772588722239781,4,17,nsubj,3-4,16-20,1-2,"(2.197, 2.833]",98
email-enronsent31_01-0040,11,contacts,contacts,NOUN,4,4,Before Head,8,2.1972245773362196,8,12,obl,7-8,11-15,3-4,"(1.386, 2.197]",472
answers-20111108105629AAiZUDY_ans-0009,46,water,water,NOUN,-5,5,After Head,74,4.31748811353631,5,48,obl,5-6,46-50,5-6,"(4.22, 8.54]",448
email-enronsent31_01-0062,1,correlation,correlation,NOUN,3,3,Before Head,5,1.791759469228055,11,2,obj,11-12,1-5,3-4,"(1.386, 2.197]",264
email-enronsent07_01-0028,22,records,records,NOUN,3,3,Before Head,8,2.1972245773362196,7,23,nsubj,7-8,21-25,3-4,"(1.386, 2.197]",219
newsgroup-groups.google.com_misc.consumers_628669ce346c590d_ENG_20040527_065700-0024,9,fifteenth,fifteenth,NOUN,-5,5,After Head,1,0.6931471805599453,9,10,obl,9-10,6-10,5-6,"(0.692, 1.386]",510
email-enronsent05_02-0003,6,ruling,ruling,NOUN,-4,4,After Head,4,1.6094379124341003,6,7,nsubj:pass,5-6,6-10,3-4,"(1.386, 2.197]",59
email-enronsent24_01-0038,11,problems,problems,NOUN,-2,2,After Head,46,3.8501476017100584,8,12,nsubj,7-8,11-15,1-2,"(3.497, 4.22]",207
weblog-blogspot.com_dakbangla_20050311135387_ENG_20050311_135387-0080,19,method,method,NOUN,3,3,Before Head,7,2.0794415416798357,6,20,obl,5-6,16-20,3-4,"(1.386, 2.197]",432
newsgroup-groups.google.com_misc.consumers_628669ce346c590d_ENG_20040527_065700-0032,8,numbers,numbers,NOUN,-6,6,After Head,22,3.1354942159291497,7,9,obl,7-8,6-10,5-6,"(2.833, 3.497]",495
email-enronsent10_01-0030,4,objections,objections,NOUN,-2,2,After Head,4,1.6094379124341003,10,5,nsubj,9-10,1-5,1-2,"(1.386, 2.197]",241
answers-20111108101024AANYJpw_ans-0008,4,THING,thing,NOUN,-3,3,After Head,82,4.418840607796598,5,5,nsubj,5-6,1-5,3-4,"(4.22, 8.54]",131
weblog-blogspot.com_alaindewitt_20060924104100_ENG_20060924_104100-0132,4,game,game,NOUN,-3,3,After Head,45,3.828641396489095,4,5,nsubj,3-4,1-5,3-4,"(3.497, 4.22]",88
newsgroup-groups.google.com_IdeaStockExchange_c6ea783ac3f043ba_ENG_20041120_243700-0014,3,month,month,NOUN,3,3,Before Head,52,3.970291913552122,5,4,obl:unmarked,5-6,1-5,3-4,"(3.497, 4.22]",325
newsgroup-groups.google.com_magicworld_04c89d43ff4fd6ea_ENG_20050104_152000-0078,29,partnerships,partnerships,NOUN,-3,3,After Head,2,1.0986122886681096,12,31,obl,11-12,31-35,3-4,"(0.692, 1.386]",361
answers-20111108111312AAq4ETn_ans-0018,4,help,help,NOUN,-4,4,After Head,142,4.962844630259907,4,5,obl,3-4,1-5,3-4,"(4.22, 8.54]",372
reviews-079375-0003,4,clock,clock,NOUN,-3,3,After Head,3,1.3862943611198906,5,5,obl,5-6,1-5,3-4,"(0.692, 1.386]",412
newsgroup-groups.google.com_misc.consumers_628669ce346c590d_ENG_20040527_065700-0016,6,partner,partner,NOUN,1,1,Before Head,4,1.6094379124341003,7,8,nsubj,7-8,6-10,1-2,"(1.386, 2.197]",228
email-enronsent37_01-0056,9,types,types,NOUN,6,6,Before Head,10,2.3978952727983707,5,10,obl,5-6,6-10,5-6,"(2.197, 2.833]",454
email-enronsent27_01-0035,6,couple,couple,NOUN,-3,3,After Head,51,3.9512437185814275,6,7,obl,5-6,6-10,3-4,"(3.497, 4.22]",458
weblog-blogspot.com_rigorousintuition_20060511134300_ENG_20060511_134300-0068,16,year,year,NOUN,1,1,Before Head,172,5.153291594497779,4,17,obl:unmarked,3-4,16-20,1-2,"(4.22, 8.54]",307
reviews-085980-0005,2,meal,meal,NOUN,4,4,Before Head,17,2.8903717578961645,4,3,obl,3-4,1-5,3-4,"(2.833, 3.497]",368
newsgroup-groups.google.com_misc.consumers_a534e32067078b08_ENG_20060116_030800-0054,7,speed,speed,NOUN,6,6,Before Head,12,2.5649493574615367,5,8,obl,5-6,6-10,5-6,"(2.197, 2.833]",454
reviews-211797-0007,13,idea,idea,NOUN,-2,2,After Head,29,3.4011973816621555,4,15,compound,3-4,11-15,1-2,"(2.833, 3.497]",18
newsgroup-groups.google.com_alt.animals_0084bdc731bfc8d8_ENG_20040905_212000-0039,20,half,half,NOUN,5,5,Before Head,34,3.5553480614894135,4,21,nsubj,3-4,21-25,5-6,"(3.497, 4.22]",103
answers-20111031103114AA61BW3_ans-0002,18,birthday,birthday,NOUN,-6,6,After Head,10,2.3978952727983707,8,20,obl,7-8,16-20,5-6,"(2.197, 2.833]",480
newsgroup-groups.google.com_eHolistic_2dd76f31ceb6bfe8_ENG_20050513_224200-0056,6,c,c,NOUN,-2,2,After Head,14,2.70805020110221,1,7,nmod:unmarked,1-2,6-10,1-2,"(2.197, 2.833]",23
answers-20111108065616AAKtL2c_ans-0056,9,things,things,NOUN,6,6,Before Head,85,4.454347296253507,6,10,obj,5-6,6-10,5-6,"(4.22, 8.54]",288
weblog-blogspot.com_dakbangla_20050311135387_ENG_20050311_135387-0193,6,memo,memo,NOUN,6,6,Before Head,4,1.6094379124341003,4,7,obl,3-4,6-10,5-6,"(1.386, 2.197]",401
weblog-juancole.com_juancole_20040604210986_ENG_20040604_210986-0038,2,wealth,wealth,NOUN,4,4,Before Head,7,2.0794415416798357,6,3,nsubj:pass,5-6,1-5,3-4,"(1.386, 2.197]",56
newsgroup-groups.google.com_alt.animals_0084bdc731bfc8d8_ENG_20040905_212000-0097,11,Year,year,NOUN,3,3,Before Head,172,5.153291594497779,4,12,nmod:unmarked,3-4,11-15,3-4,"(4.22, 8.54]",26
answers-20111108084119AAhsBk8_ans-0015,4,owner,owner,NOUN,2,2,Before Head,29,3.4011973816621555,5,5,obl,5-6,1-5,1-2,"(2.833, 3.497]",417
answers-20111108094831AAnOjgr_ans-0003,12,horse,horse,NOUN,-2,2,After Head,52,3.970291913552122,5,13,nsubj,5-6,11-15,1-2,"(3.497, 4.22]",141
weblog-blogspot.com_dakbangla_20041028153019_ENG_20041028_153019-0012,19,decades,decades,NOUN,1,1,Before Head,9,2.302585092994046,7,20,obl:unmarked,7-8,16-20,1-2,"(2.197, 2.833]",351
reviews-034501-0007,7,today,today,NOUN,-2,2,After Head,65,4.189654742026425,5,8,obl:unmarked,5-6,6-10,1-2,"(3.497, 4.22]",339
weblog-blogspot.com_dakbangla_20050210141134_ENG_20050210_141134-0051,11,launchers,launchers,NOUN,-6,6,After Head,2,1.0986122886681096,9,12,nsubj,9-10,11-15,5-6,"(0.692, 1.386]",246
weblog-blogspot.com_rigorousintuition_20060511134300_ENG_20060511_134300-0196,7,bozos,bozos,NOUN,3,3,Before Head,1,0.6931471805599453,5,8,nsubj,5-6,6-10,3-4,"(0.692, 1.386]",174
email-enronsent01_02-0041,5,times,times,NOUN,-2,2,After Head,69,4.248495242049359,5,6,obl:unmarked,5-6,6-10,1-2,"(4.22, 8.54]",342
weblog-blogspot.com_alaindewitt_20060924104100_ENG_20060924_104100-0235,26,days,days,NOUN,1,1,Before Head,106,4.672828834461906,4,27,obl:unmarked,3-4,26-30,1-2,"(4.22, 8.54]",313
weblog-blogspot.com_alaindewitt_20060924104100_ENG_20060924_104100-0094,39,terrorism,terrorism,NOUN,-1,1,After Head,14,2.70805020110221,9,40,nsubj,9-10,36-40,1-2,"(2.197, 2.833]",254
answers-20111108104352AASs5OZ_ans-0017,2,reason,reason,NOUN,2,2,Before Head,39,3.6888794541139363,6,3,obl,5-6,1-5,1-2,"(3.497, 4.22]",419
email-enronsent15_01-0082,25,entity,entity,NOUN,5,5,Before Head,12,2.5649493574615367,6,26,nmod,5-6,26-30,5-6,"(2.197, 2.833]",43
weblog-juancole.com_juancole_20040823064025_ENG_20040823_064025-0053,1,support,support,NOUN,4,4,Before Head,39,3.6888794541139363,7,3,nsubj,7-8,1-5,3-4,"(3.497, 4.22]",198
newsgroup-groups.google.com_Meditation20052_06390a5f75b2e1f2_ENG_20050316_091700-0035,2,breath,breath,NOUN,2,2,Before Head,4,1.6094379124341003,6,3,obl,5-6,1-5,1-2,"(1.386, 2.197]",413
newsgroup-groups.google.com_herpesnation_c74170a0fcfdc880_ENG_20051125_075200-0004,27,time,time,NOUN,4,4,Before Head,397,5.986452005284438,4,28,obl,3-4,26-30,3-4,"(4.22, 8.54]",393
email-enronsent38_01-0015,7,clause,clause,NOUN,4,4,Before Head,5,1.791759469228055,6,8,nsubj,5-6,6-10,3-4,"(1.386, 2.197]",176
weblog-blogspot.com_alaindewitt_20040929103700_ENG_20040929_103700-0019,10,facts,facts,NOUN,-3,3,After Head,7,2.0794415416798357,5,12,nsubj,5-6,11-15,3-4,"(1.386, 2.197]",135
weblog-blogspot.com_alaindewitt_20060924104100_ENG_20060924_104100-0146,5,mosques,mosques,NOUN,-3,3,After Head,6,1.9459101490553132,7,6,obl,7-8,6-10,3-4,"(1.386, 2.197]",489
reviews-288100-0003,11,staff,staff,NOUN,3,3,Before Head,81,4.406719247264253,5,12,nsubj,5-6,11-15,3-4,"(4.22, 8.54]",143
email-enronsent25_01-0005,8,surgery,surgery,NOUN,4,4,Before Head,17,2.8903717578961645,7,10,nsubj,7-8,6-10,3-4,"(2.833, 3.497]",235
weblog-blogspot.com_alaindewitt_20040929103700_ENG_20040929_103700-0010,6,controversy,controversy,NOUN,4,4,Before Head,1,0.6931471805599453,11,7,obl,11-12,6-10,3-4,"(0.692, 1.386]",362
email-enronsent05_02-0062,4,tomorrow,tomorrow,NOUN,-1,1,After Head,24,3.2188758248682006,8,6,obl:unmarked,7-8,6-10,1-2,"(2.833, 3.497]",354
answers-20111108091921AAaLK4e_ans-0008,4,weeks,weeks,NOUN,1,1,Before Head,43,3.784189633918261,5,5,obl:unmarked,5-6,1-5,1-2,"(3.497, 4.22]",324
reviews-042416-0007,19,year,year,NOUN,1,1,Before Head,172,5.153291594497779,4,20,obl:unmarked,3-4,16-20,1-2,"(4.22, 8.54]",307
answers-20111108083754AAEw5Xc_ans-0019,7,cruises,cruises,NOUN,-5,5,After Head,7,2.0794415416798357,7,8,nsubj,7-8,6-10,5-6,"(1.386, 2.197]",230
weblog-blogspot.com_healingiraq_20040409053012_ENG_20040409_053012-0010,7,talk,talk,NOUN,-2,2,After Head,52,3.970291913552122,4,8,nsubj,3-4,6-10,1-2,"(3.497, 4.22]",116
answers-20111108104724AAuBUR7_ans-0083,21,study,study,NOUN,-5,5,After Head,10,2.3978952727983707,5,22,obl,5-6,21-25,5-6,"(2.197, 2.833]",443
reviews-039856-0007,4,plenty,plenty,NOUN,-1,1,After Head,18,2.9444389791664403,6,5,nsubj,5-6,1-5,1-2,"(2.833, 3.497]",126
newsgroup-groups.google.com_INTPunderground_b2c62e87877e4a22_ENG_20050906_165900-0057,14,stock,stock,NOUN,2,2,Before Head,21,3.091042453358316,5,15,obj,5-6,11-15,1-2,"(2.833, 3.497]",280
answers-20111108110437AA5JNkr_ans-0002,3,help,help,NOUN,-3,3,After Head,142,4.962844630259907,4,4,obl,3-4,1-5,3-4,"(4.22, 8.54]",372
answers-20111108102810AAfCh1W_ans-0004,9,link,link,NOUN,-3,3,After Head,19,2.995732273553991,4,10,nsubj,3-4,6-10,3-4,"(2.833, 3.497]",115
answers-20111108110044AA4rs9f_ans-0011,1,food,food,NOUN,3,3,Before Head,167,5.123963979403259,4,2,nsubj,3-4,1-5,3-4,"(4.22, 8.54]",90
email-enronsent06_01-0067,7,Commission,commission,NOUN,-5,5,After Head,17,2.8903717578961645,10,8,obl,9-10,6-10,5-6,"(2.833, 3.497]",514
reviews-188548-0009,1,cashier,cashier,NOUN,3,3,Before Head,1,0.6931471805599453,7,2,nsubj,7-8,1-5,3-4,"(0.692, 1.386]",191
reviews-063963-0003,3,account,account,NOUN,-2,2,After Head,14,2.70805020110221,7,4,obl,7-8,1-5,1-2,"(2.197, 2.833]",466
weblog-blogspot.com_rigorousintuition_20060511134300_ENG_20060511_134300-0292,9,works,works,NOUN,3,3,Before Head,31,3.4657359027997265,5,10,obl,5-6,6-10,3-4,"(2.833, 3.497]",455
reviews-211797-0014,35,dress,dress,NOUN,4,4,Before Head,11,2.4849066497880004,5,37,obl,5-6,36-40,3-4,"(2.197, 2.833]",447
answers-20111108080100AAJHNUK_ans-0001,7,Photography,photography,NOUN,-6,6,After Head,4,1.6094379124341003,11,9,nsubj,11-12,6-10,5-6,"(1.386, 2.197]",76
reviews-053248-0008,5,laffa,laffa,NOUN,6,6,Before Head,1,0.6931471805599453,5,6,nsubj,5-6,6-10,5-6,"(0.692, 1.386]",175
answers-20111108111107AAlrzok_ans-0004,10,time,time,NOUN,6,6,Before Head,397,5.986452005284438,4,11,obl:unmarked,3-4,11-15,5-6,"(4.22, 8.54]",305
email-enronsent11_01-0055,2,rate,rate,NOUN,3,3,Before Head,37,3.6375861597263857,4,3,obl,3-4,1-5,3-4,"(3.497, 4.22]",370
reviews-335225-0005,22,kidding,kidding,NOUN,1,1,Before Head,1,0.6931471805599453,7,23,nsubj,7-8,21-25,1-2,"(0.692, 1.386]",217
newsgroup-groups.google.com_misc.consumers_a534e32067078b08_ENG_20060116_030800-0034,38,tactics,tactics,NOUN,6,6,Before Head,3,1.3862943611198906,7,39,nsubj,7-8,36-40,5-6,"(0.692, 1.386]",224
email-enronsent38_01-0087,29,issue,issue,NOUN,-6,6,After Head,47,3.8712010109078907,5,31,nsubj,5-6,31-35,5-6,"(3.497, 4.22]",170
newsgroup-groups.google.com_misc.consumers_a534e32067078b08_ENG_20060116_030800-0028,24,report,report,NOUN,-3,3,After Head,53,3.9889840465642745,6,25,nsubj,5-6,21-25,3-4,"(3.497, 4.22]",162
reviews-160073-0020,9,year,year,NOUN,1,1,Before Head,172,5.153291594497779,4,10,obl:unmarked,3-4,6-10,1-2,"(4.22, 8.54]",320
email-enronsent12_01-0005,1,maam,maam,NOUN,-1,1,After Head,1,0.6931471805599453,4,2,vocative,3-4,1-5,1-2,"(0.692, 1.386]",515
reviews-006970-0009,2,point,point,NOUN,2,2,Before Head,74,4.31748811353631,5,3,obl,5-6,1-5,1-2,"(4.22, 8.54]",421
newsgroup-groups.google.com_GayMarriage_0ccbb50b41a5830b_ENG_20050321_181500-0007,14,year,year,NOUN,-2,2,After Head,172,5.153291594497779,4,15,obl:unmarked,3-4,11-15,1-2,"(4.22, 8.54]",303
weblog-blogspot.com_rigorousintuition_20060511134300_ENG_20060511_134300-0126,5,topic,topic,NOUN,-4,4,After Head,5,1.791759469228055,5,6,obl,5-6,6-10,3-4,"(1.386, 2.197]",451
email-enronsent37_01-0045,33,time,time,NOUN,2,2,Before Head,397,5.986452005284438,4,34,nsubj,3-4,31-35,1-2,"(4.22, 8.54]",108
weblog-blogspot.com_alaindewitt_20040929103700_ENG_20040929_103700-0074,6,episode,episode,NOUN,5,5,Before Head,2,1.0986122886681096,7,7,obl,7-8,6-10,5-6,"(0.692, 1.386]",487
answers-20111107175720AAlb2TB_ans-0026,1,clothing,clothing,NOUN,4,4,Before Head,10,2.3978952727983707,8,2,nsubj,7-8,1-5,3-4,"(2.197, 2.833]",195
email-enronsent44_01-0012,10,problem,problem,NOUN,-5,5,After Head,74,4.31748811353631,7,11,nsubj,7-8,11-15,5-6,"(4.22, 8.54]",210
reviews-148971-0014,5,friends,friends,NOUN,2,2,Before Head,50,3.9318256327243257,7,6,obl,7-8,6-10,1-2,"(3.497, 4.22]",496
answers-20111108090524AAofoXT_ans-0013,18,trailer,trailer,NOUN,-6,6,After Head,2,1.0986122886681096,7,19,obl,7-8,16-20,5-6,"(0.692, 1.386]",479
answers-20111108104352AASs5OZ_ans-0016,12,day,day,NOUN,-2,2,After Head,171,5.147494476813453,3,13,obl:unmarked,3-4,11-15,1-2,"(4.22, 8.54]",303
reviews-026883-0012,48,point,point,NOUN,5,5,Before Head,74,4.31748811353631,5,49,obl,5-6,46-50,5-6,"(4.22, 8.54]",448
weblog-blogspot.com_dakbangla_20050311135387_ENG_20050311_135387-0225,16,evidence,evidence,NOUN,-5,5,After Head,16,2.833213344056216,8,17,nsubj,7-8,16-20,5-6,"(2.197, 2.833]",213
weblog-juancole.com_juancole_20051126063000_ENG_20051126_063000-0012,2,commander,commander,NOUN,4,4,Before Head,5,1.791759469228055,9,3,nsubj,9-10,1-5,3-4,"(1.386, 2.197]",242
weblog-blogspot.com_alaindewitt_20060924104100_ENG_20060924_104100-0219,8,danger,danger,NOUN,6,6,Before Head,5,1.791759469228055,6,9,nsubj,5-6,6-10,5-6,"(1.386, 2.197]",177
answers-20111108091921AAaLK4e_ans-0030,11,WEEKS,weeks,NOUN,-6,6,After Head,43,3.784189633918261,5,12,obl,5-6,11-15,5-6,"(3.497, 4.22]",429
answers-20111107144339AA0qw5S_ans-0009,11,south,south,NOUN,6,6,Before Head,40,3.713572066704308,5,12,obl,5-6,11-15,5-6,"(3.497, 4.22]",429
email-enronsent15_01-0074,6,entities,entities,NOUN,-3,3,After Head,7,2.0794415416798357,8,7,obj,7-8,6-10,3-4,"(1.386, 2.197]",298
reviews-351561-0002,13,hold,hold,NOUN,-2,2,After Head,24,3.2188758248682006,4,14,obl,3-4,11-15,1-2,"(2.833, 3.497]",373
newsgroup-groups.google.com_alt.animals_0e65f540816d780c_ENG_20041116_124800-0040,31,years,years,NOUN,-6,6,After Head,150,5.017279836814924,5,32,obl,5-6,31-35,5-6,"(4.22, 8.54]",446
reviews-374604-0001,33,name,name,NOUN,2,2,Before Head,96,4.574710978503383,4,35,obj,3-4,31-35,1-2,"(4.22, 8.54]",271
answers-20111108092643AAXe4lD_ans-0039,10,girls,girls,NOUN,-2,2,After Head,18,2.9444389791664403,5,12,nsubj,5-6,11-15,1-2,"(2.833, 3.497]",139
weblog-blogspot.com_alaindewitt_20040929103700_ENG_20040929_103700-0025,4,record,record,NOUN,2,2,Before Head,21,3.091042453358316,6,5,obl,5-6,1-5,1-2,"(2.833, 3.497]",417
email-enronsent14_01-0105,19,lot,lot,NOUN,-2,2,After Head,89,4.499809670330265,3,22,nsubj,3-4,21-25,1-2,"(4.22, 8.54]",104
email-enronsent30_01-0004,9,week,week,NOUN,-2,2,After Head,89,4.499809670330265,4,10,obl:unmarked,3-4,6-10,1-2,"(4.22, 8.54]",320
answers-20111108110437AA5JNkr_ans-0005,3,reins,reins,NOUN,-2,2,After Head,4,1.6094379124341003,5,4,nsubj,5-6,1-5,1-2,"(1.386, 2.197]",122
newsgroup-groups.google.com_hiddennook_04d8cc994875d454_ENG_20050207_012300-0014,2,weeks,weeks,NOUN,1,1,Before Head,43,3.784189633918261,5,3,obl:unmarked,5-6,1-5,1-2,"(3.497, 4.22]",324
answers-20111108100523AA1i7no_ans-0011,11,bars,bars,NOUN,1,1,Before Head,4,1.6094379124341003,4,12,nsubj,3-4,11-15,1-2,"(1.386, 2.197]",91
reviews-093655-0003,20,steak,steak,NOUN,-2,2,After Head,11,2.4849066497880004,5,21,nsubj,5-6,21-25,1-2,"(2.197, 2.833]",159
answers-20111107193815AAhaJjy_ans-0010,4,today,today,NOUN,-1,1,After Head,65,4.189654742026425,5,5,obl:unmarked,5-6,1-5,1-2,"(3.497, 4.22]",324
newsgroup-groups.google.com_Meditation20052_06390a5f75b2e1f2_ENG_20050316_091700-0010,1,breathing,breathing,NOUN,3,3,Before Head,2,1.0986122886681096,9,2,nsubj,9-10,1-5,3-4,"(0.692, 1.386]",240
weblog-blogspot.com_rigorousintuition_20050518101500_ENG_20050518_101500-0032,2,name,name,NOUN,2,2,Before Head,96,4.574710978503383,4,3,nsubj,3-4,1-5,1-2,"(4.22, 8.54]",89
email-enronsent13_01-0087,12,review,review,NOUN,-6,6,After Head,61,4.127134385045092,6,13,obl,5-6,11-15,5-6,"(3.497, 4.22]",429
answers-20111108105520AA73Axw_ans-0034,8,couple,couple,NOUN,3,3,Before Head,51,3.9512437185814275,6,9,obl:unmarked,5-6,6-10,3-4,"(3.497, 4.22]",340
reviews-334388-0002,8,fact,fact,NOUN,4,4,Before Head,53,3.9889840465642745,4,10,nmod,3-4,6-10,3-4,"(3.497, 4.22]",36
newsgroup-groups.google.com_misc.consumers_a534e32067078b08_ENG_20060116_030800-0032,13,position,position,NOUN,6,6,Before Head,35,3.58351893845611,8,14,obl,7-8,11-15,5-6,"(3.497, 4.22]",478
reviews-090643-0003,4,hands,hands,NOUN,-2,2,After Head,22,3.1354942159291497,5,5,obl:unmarked,5-6,1-5,1-2,"(2.833, 3.497]",323
weblog-blogspot.com_alaindewitt_20060924104100_ENG_20060924_104100-0178,10,hospital,hospital,NOUN,-4,4,After Head,23,3.1780538303479458,8,11,obl,7-8,11-15,3-4,"(2.833, 3.497]",475
newsgroup-groups.google.com_eHolistic_2dd76f31ceb6bfe8_ENG_20050513_224200-0007,3,emails,emails,NOUN,-3,3,After Head,8,2.1972245773362196,6,4,nsubj,5-6,1-5,3-4,"(1.386, 2.197]",123
reviews-363873-0004,12,people,people,NOUN,-2,2,After Head,233,5.455321115357702,6,13,nsubj,5-6,11-15,1-2,"(4.22, 8.54]",142
reviews-224906-0002,8,today,today,NOUN,-4,4,After Head,65,4.189654742026425,5,9,obl:unmarked,5-6,6-10,3-4,"(3.497, 4.22]",340
reviews-245160-0007,3,finish,finish,NOUN,4,4,Before Head,10,2.3978952727983707,6,4,obl,5-6,1-5,3-4,"(2.197, 2.833]",416
weblog-blogspot.com_healingiraq_20040409053012_ENG_20040409_053012-0024,23,website,website,NOUN,-6,6,After Head,32,3.4965075614664802,7,24,obl,7-8,21-25,5-6,"(2.833, 3.497]",486
email-enronsent36_02-0075,31,case,case,NOUN,6,6,Before Head,56,4.04305126783455,4,32,obl,3-4,31-35,5-6,"(3.497, 4.22]",396
newsgroup-groups.google.com_Meditation20052_06390a5f75b2e1f2_ENG_20050316_091700-0056,4,idea,idea,NOUN,-4,4,After Head,29,3.4011973816621555,4,5,obl,3-4,1-5,3-4,"(2.833, 3.497]",368
newsgroup-groups.google.com_Meditation20051_1027f5a3651d547c_ENG_20050316_085700-0035,1,complexes,complexes,NOUN,3,3,Before Head,2,1.0986122886681096,9,2,nsubj:pass,9-10,1-5,3-4,"(0.692, 1.386]",65
newsgroup-groups.google.com_alt.animals_0084bdc731bfc8d8_ENG_20040905_212000-0035,22,polluter,polluter,NOUN,1,1,Before Head,2,1.0986122886681096,8,23,nsubj,7-8,21-25,1-2,"(0.692, 1.386]",217
answers-20111108104350AAp4hGP_ans-0008,8,month,month,NOUN,-2,2,After Head,52,3.970291913552122,5,9,nmod:unmarked,5-6,6-10,1-2,"(3.497, 4.22]",29
weblog-blogspot.com_rigorousintuition_20050518101500_ENG_20050518_101500-0020,6,hand,hand,NOUN,3,3,Before Head,46,3.8501476017100584,4,8,obl,3-4,6-10,3-4,"(3.497, 4.22]",406
reviews-247226-0002,3,school,school,NOUN,-3,3,After Head,56,4.04305126783455,6,4,obl,5-6,1-5,3-4,"(3.497, 4.22]",420
weblog-blogspot.com_alaindewitt_20060924104100_ENG_20060924_104100-0129,15,heads,heads,NOUN,3,3,Before Head,11,2.4849066497880004,5,16,nsubj,5-6,16-20,3-4,"(2.197, 2.833]",148
newsgroup-groups.google.com_alt.animals_0084bdc731bfc8d8_ENG_20040905_212000-0004,16,trend,trend,NOUN,1,1,Before Head,2,1.0986122886681096,5,17,nsubj,5-6,16-20,1-2,"(0.692, 1.386]",144
email-enronsent07_01-0084,12,actions,actions,NOUN,-6,6,After Head,19,2.995732273553991,7,14,nmod,7-8,11-15,5-6,"(2.833, 3.497]",47
answers-20111108065616AAKtL2c_ans-0058,2,cruises,cruises,NOUN,4,4,Before Head,7,2.0794415416798357,7,3,nsubj,7-8,1-5,3-4,"(1.386, 2.197]",193
answers-20111108065616AAKtL2c_ans-0023,5,mind,mind,NOUN,-2,2,After Head,46,3.8501476017100584,4,6,obl,3-4,6-10,1-2,"(3.497, 4.22]",405
newsgroup-groups.google.com_IdeaStockExchange_c6ea783ac3f043ba_ENG_20041120_243700-0003,2,demand,demand,NOUN,4,4,Before Head,10,2.3978952727983707,6,4,nsubj,5-6,1-5,3-4,"(2.197, 2.833]",125
reviews-235423-0004,16,order,order,NOUN,-2,2,After Head,76,4.343805421853684,5,17,obj,5-6,16-20,1-2,"(4.22, 8.54]",282
email-enronsent33_01-0062,7,signature,signature,NOUN,-6,6,After Head,8,2.1972245773362196,9,8,obl,9-10,6-10,5-6,"(1.386, 2.197]",511
weblog-blogspot.com_dakbangla_20041119231111_ENG_20041119_231111-0022,19,failure,failure,NOUN,6,6,Before Head,8,2.1972245773362196,7,20,nmod,7-8,16-20,5-6,"(1.386, 2.197]",49
reviews-183172-0003,19,exception,exception,NOUN,5,5,Before Head,7,2.0794415416798357,9,20,obl,9-10,16-20,5-6,"(1.386, 2.197]",507
reviews-292997-0003,7,food,food,NOUN,3,3,Before Head,167,5.123963979403259,4,8,nsubj,3-4,6-10,3-4,"(4.22, 8.54]",119
reviews-305187-0006,27,town,town,NOUN,6,6,Before Head,42,3.7612001156935624,4,28,advcl,3-4,26-30,5-6,"(3.497, 4.22]",3
email-enronsent42_01-0057,8,sales,sales,NOUN,6,6,Before Head,21,3.091042453358316,5,9,obl,5-6,6-10,5-6,"(2.833, 3.497]",456
email-enronsent34_01-0039,14,time,time,NOUN,-6,6,After Head,397,5.986452005284438,4,16,obl:unmarked,3-4,16-20,5-6,"(4.22, 8.54]",308
answers-20090605110235AAALlCt_ans-0013,18,complexes,complexes,NOUN,-3,3,After Head,2,1.0986122886681096,9,19,nsubj,9-10,16-20,3-4,"(0.692, 1.386]",249
email-enronsent40_01-0003,7,version,version,NOUN,1,1,Before Head,23,3.1780538303479458,7,8,nsubj,7-8,6-10,1-2,"(2.833, 3.497]",234
weblog-juancole.com_juancole_20040823064025_ENG_20040823_064025-0038,3,place,place,NOUN,-2,2,After Head,186,5.231108616854587,5,4,nsubj,5-6,1-5,1-2,"(4.22, 8.54]",130
weblog-blogspot.com_dakbangla_20041016151002_ENG_20041016_151002-0003,10,agents,agents,NOUN,-6,6,After Head,14,2.70805020110221,6,11,nsubj,5-6,11-15,5-6,"(2.197, 2.833]",138
reviews-080178-0001,6,store,store,NOUN,-3,3,After Head,42,3.7612001156935624,5,7,obl,5-6,6-10,3-4,"(3.497, 4.22]",458
reviews-181748-0011,27,way,way,NOUN,-2,2,After Head,204,5.3230099791384085,3,31,nsubj,3-4,31-35,1-2,"(4.22, 8.54]",108
answers-20111108091921AAaLK4e_ans-0056,7,20s,20s,NOUN,5,5,Before Head,2,1.0986122886681096,3,8,obl,3-4,6-10,5-6,"(0.692, 1.386]",400
email-enronsent08_02-0028,5,tonight,tonight,NOUN,-5,5,After Head,8,2.1972245773362196,7,6,obl:unmarked,7-8,6-10,5-6,"(1.386, 2.197]",353
weblog-blogspot.com_alaindewitt_20040929103700_ENG_20040929_103700-0077,2,someday,someday,NOUN,3,3,Before Head,1,0.6931471805599453,7,3,obl:unmarked,7-8,1-5,3-4,"(0.692, 1.386]",344
newsgroup-groups.google.com_INTPunderground_b2c62e87877e4a22_ENG_20050906_165900-0036,5,spin,spin,NOUN,4,4,Before Head,3,1.3862943611198906,4,6,obj,3-4,6-10,3-4,"(0.692, 1.386]",272
reviews-110908-0002,5,pub,pub,NOUN,-5,5,After Head,7,2.0794415416798357,3,6,obl,3-4,6-10,5-6,"(1.386, 2.197]",401
answers-20111108082831AAco5PI_ans-0025,11,way,way,NOUN,1,1,Before Head,204,5.3230099791384085,3,12,obl,3-4,11-15,1-2,"(4.22, 8.54]",377
newsgroup-groups.google.com_IdeaStockExchange_c6ea783ac3f043ba_ENG_20041120_243700-0018,1,year,year,NOUN,2,2,Before Head,172,5.153291594497779,4,2,obl:unmarked,3-4,1-5,1-2,"(4.22, 8.54]",299
reviews-090136-0005,13,service,service,NOUN,5,5,Before Head,163,5.099866427824199,7,14,nsubj,7-8,11-15,5-6,"(4.22, 8.54]",210
answers-20111108071852AAxbh5F_ans-0007,3,cage,cage,NOUN,-3,3,After Head,37,3.6375861597263857,4,4,obl,3-4,1-5,3-4,"(3.497, 4.22]",370
answers-20111107175720AAlb2TB_ans-0018,21,corners,corners,NOUN,-5,5,After Head,5,1.791759469228055,7,22,obl,7-8,21-25,5-6,"(1.386, 2.197]",484
reviews-229410-0006,3,couple,couple,NOUN,3,3,Before Head,51,3.9512437185814275,6,4,obl:unmarked,5-6,1-5,3-4,"(3.497, 4.22]",325
weblog-blogspot.com_alaindewitt_20060924104100_ENG_20060924_104100-0064,7,security,security,NOUN,-5,5,After Head,52,3.970291913552122,8,8,obl,7-8,6-10,5-6,"(3.497, 4.22]",498
reviews-280844-0005,9,lot,lot,NOUN,-2,2,After Head,89,4.499809670330265,3,10,nsubj,3-4,6-10,1-2,"(4.22, 8.54]",118
answers-20111108092738AA2dtyW_ans-0001,1,cleaners,cleaners,NOUN,3,3,Before Head,2,1.0986122886681096,8,2,obj,7-8,1-5,3-4,"(0.692, 1.386]",289
reviews-126171-0007,4,bit,bit,NOUN,-2,2,After Head,55,4.02535169073515,3,6,obl:unmarked,3-4,6-10,1-2,"(3.497, 4.22]",319
newsgroup-groups.google.com_GuildWars_086f0f64ab633ab3_ENG_20041111_173500-0042,9,alliance,alliance,NOUN,2,2,Before Head,13,2.639057329615259,8,10,obl,7-8,6-10,1-2,"(2.197, 2.833]",491
weblog-blogspot.com_rigorousintuition_20060511134300_ENG_20060511_134300-0087,4,cult,cult,NOUN,2,2,Before Head,2,1.0986122886681096,4,5,obl,3-4,1-5,1-2,"(0.692, 1.386]",365
answers-20111107211742AAHZaPe_ans-0039,5,interest,interest,NOUN,-2,2,After Head,23,3.1780538303479458,8,7,nsubj,7-8,6-10,1-2,"(2.833, 3.497]",234
answers-20111108105520AA73Axw_ans-0023,4,ways,ways,NOUN,-3,3,After Head,12,2.5649493574615367,4,5,nsubj,3-4,1-5,3-4,"(2.197, 2.833]",84
answers-20111108065616AAKtL2c_ans-0014,3,reasons,reasons,NOUN,-2,2,After Head,15,2.772588722239781,7,4,nsubj,7-8,1-5,1-2,"(2.197, 2.833]",194
reviews-280844-0007,1,sessions,sessions,NOUN,2,2,Before Head,2,1.0986122886681096,8,2,nsubj,7-8,1-5,1-2,"(0.692, 1.386]",190
weblog-blogspot.com_dakbangla_20050311135387_ENG_20050311_135387-0178,16,program,program,NOUN,6,6,Before Head,40,3.713572066704308,7,17,nmod,7-8,16-20,5-6,"(3.497, 4.22]",50
answers-20111108110044AA4rs9f_ans-0013,4,contents,contents,NOUN,-4,4,After Head,5,1.791759469228055,8,5,obl,7-8,1-5,3-4,"(1.386, 2.197]",465
answers-20111108111312AAq4ETn_ans-0003,12,night,night,NOUN,-2,2,After Head,83,4.430816798843313,5,13,obl:unmarked,5-6,11-15,1-2,"(4.22, 8.54]",330
reviews-090643-0002,1,place,place,NOUN,3,3,Before Head,186,5.231108616854587,5,2,nsubj,5-6,1-5,3-4,"(4.22, 8.54]",131
newsgroup-groups.google.com_alt.animals_0e65f540816d780c_ENG_20041116_124800-0012,8,days,days,NOUN,1,1,Before Head,106,4.672828834461906,4,9,obl:unmarked,3-4,6-10,1-2,"(4.22, 8.54]",320
email-enronsent02_01-0056,19,end,end,NOUN,2,2,Before Head,83,4.430816798843313,3,20,nmod,3-4,16-20,1-2,"(4.22, 8.54]",34
email-enronsent02_01-0011,61,level,level,NOUN,5,5,Before Head,36,3.6109179126442243,5,62,obl,5-6,61-65,5-6,"(3.497, 4.22]",462
answers-20111108094831AAnOjgr_ans-0006,6,horse,horse,NOUN,-2,2,After Head,52,3.970291913552122,5,8,nsubj,5-6,6-10,1-2,"(3.497, 4.22]",183
answers-20111108101024AANYJpw_ans-0014,2,call,call,NOUN,4,4,Before Head,150,5.017279836814924,4,3,nsubj,3-4,1-5,3-4,"(4.22, 8.54]",90
answers-20111107175720AAlb2TB_ans-0038,4,couple,couple,NOUN,-3,3,After Head,51,3.9512437185814275,6,5,nmod:unmarked,5-6,1-5,3-4,"(3.497, 4.22]",28
newsgroup-groups.google.com_hiddennook_04d8cc994875d454_ENG_20050207_012300-0010,21,culture,culture,NOUN,-6,6,After Head,11,2.4849066497880004,7,22,obj,7-8,21-25,5-6,"(2.197, 2.833]",294
answers-20111108092643AAXe4lD_ans-0055,1,way,way,NOUN,3,3,Before Head,204,5.3230099791384085,3,2,obl:unmarked,3-4,1-5,3-4,"(4.22, 8.54]",300
weblog-typepad.com_ripples_20040407125600_ENG_20040407_125600-0051,7,conclusions,conclusions,NOUN,2,2,Before Head,2,1.0986122886681096,11,8,obj,11-12,6-10,1-2,"(0.692, 1.386]",266
answers-20111105112131AA6gIX6_ans-0002,2,dad,dad,NOUN,3,3,Before Head,15,2.772588722239781,3,3,nsubj,3-4,1-5,3-4,"(2.197, 2.833]",84
newsgroup-groups.google.com_misc.consumers_628669ce346c590d_ENG_20040527_065700-0029,9,transaction,transaction,NOUN,-3,3,After Head,19,2.995732273553991,11,10,obl,11-12,6-10,3-4,"(2.833, 3.497]",363
answers-20111108101850AAhNuvz_ans-0018,6,feeds,feeds,NOUN,3,3,Before Head,2,1.0986122886681096,5,7,nsubj,5-6,6-10,3-4,"(0.692, 1.386]",174
weblog-blogspot.com_dakbangla_20050311135387_ENG_20050311_135387-0077,6,hearing,hearing,NOUN,6,6,Before Head,15,2.772588722239781,7,7,obl,7-8,6-10,5-6,"(2.197, 2.833]",493
email-enronsent25_01-0022,6,recipient,recipient,NOUN,6,6,Before Head,10,2.3978952727983707,9,7,advcl,9-10,6-10,5-6,"(2.197, 2.833]",9
email-enronsent14_01-0038,4,matter,matter,NOUN,-4,4,After Head,22,3.1354942159291497,6,5,nsubj,5-6,1-5,3-4,"(2.833, 3.497]",127
answers-20111108090913AAf83Jh_ans-0018,9,wangs,wangs,NOUN,-5,5,After Head,3,1.3862943611198906,5,10,obl,5-6,6-10,5-6,"(0.692, 1.386]",449
answers-20111104175256AAL21Ha_ans-0003,32,lots,lots,NOUN,-1,1,After Head,33,3.5263605246161616,4,33,nsubj,3-4,31-35,1-2,"(3.497, 4.22]",107
weblog-juancole.com_juancole_20040823064025_ENG_20040823_064025-0067,12,campaign,campaign,NOUN,-3,3,After Head,34,3.5553480614894135,8,14,obl,7-8,11-15,3-4,"(3.497, 4.22]",477
newsgroup-groups.google.com_misc.consumers_628669ce346c590d_ENG_20040527_065700-0008,1,letter,letter,NOUN,2,2,Before Head,54,4.007333185232471,6,2,nsubj,5-6,1-5,1-2,"(3.497, 4.22]",128
weblog-blogspot.com_dakbangla_20050210141134_ENG_20050210_141134-0051,6,rocket,rocket,NOUN,2,2,Before Head,3,1.3862943611198906,6,7,obl:unmarked,5-6,6-10,1-2,"(0.692, 1.386]",338
answers-20111108071852AAxbh5F_ans-0016,2,dogs,dogs,NOUN,4,4,Before Head,22,3.1354942159291497,4,3,obl,3-4,1-5,3-4,"(2.833, 3.497]",368
answers-20111108110610AA4bcXX_ans-0001,5,place,place,NOUN,-5,5,After Head,186,5.231108616854587,5,6,nsubj,5-6,6-10,5-6,"(4.22, 8.54]",188
answers-20111108072912AAccket_ans-0008,5,station,station,NOUN,-3,3,After Head,20,3.044522437723423,7,7,ccomp,7-8,6-10,3-4,"(2.833, 3.497]",14
reviews-200957-0003,5,inch,inch,NOUN,1,1,Before Head,4,1.6094379124341003,4,6,obl:unmarked,3-4,6-10,1-2,"(1.386, 2.197]",316
newsgroup-groups.google.com_alt.animals.bears_1125853b1f13cff6_ENG_20040126_171100-0081,9,settings,settings,NOUN,-5,5,After Head,1,0.6931471805599453,8,10,obl,7-8,6-10,5-6,"(0.692, 1.386]",487
answers-20111108092029AAsHTYP_ans-0005,3,lot,lot,NOUN,-2,2,After Head,89,4.499809670330265,3,4,nsubj,3-4,1-5,1-2,"(4.22, 8.54]",89
weblog-blogspot.com_dakbangla_20041028153019_ENG_20041028_153019-0030,44,fact,fact,NOUN,6,6,Before Head,53,3.9889840465642745,4,45,obl,3-4,41-45,5-6,"(3.497, 4.22]",399
reviews-317594-0007,4,lot,lot,NOUN,-2,2,After Head,89,4.499809670330265,3,6,nsubj,3-4,6-10,1-2,"(4.22, 8.54]",118
weblog-blogspot.com_dakbangla_20050311135387_ENG_20050311_135387-0052,20,people,people,NOUN,-6,6,After Head,233,5.455321115357702,6,21,nsubj,5-6,21-25,5-6,"(4.22, 8.54]",163
answers-20111108104724AAuBUR7_ans-0050,20,days,days,NOUN,-4,4,After Head,106,4.672828834461906,4,23,obl,3-4,21-25,3-4,"(4.22, 8.54]",391
newsgroup-groups.google.com_FOOLED_7554c5ce34a5a49e_ENG_20051012_144800-0019,4,mission,mission,NOUN,1,1,Before Head,10,2.3978952727983707,7,5,nsubj,7-8,1-5,1-2,"(2.197, 2.833]",194
email-enronsent36_02-0033,3,review,review,NOUN,-3,3,After Head,61,4.127134385045092,6,4,obl,5-6,1-5,3-4,"(3.497, 4.22]",420
newsgroup-groups.google.com_GayMarriage_0ccbb50b41a5830b_ENG_20050321_181500-0015,17,time,time,NOUN,-6,6,After Head,397,5.986452005284438,4,18,obl,3-4,16-20,5-6,"(4.22, 8.54]",386
weblog-blogspot.com_dakbangla_20041119231111_ENG_20041119_231111-0033,4,hints,hints,NOUN,-2,2,After Head,3,1.3862943611198906,5,5,nsubj,5-6,1-5,1-2,"(0.692, 1.386]",120
newsgroup-groups.google.com_FOOLED_7554c5ce34a5a49e_ENG_20051012_144800-0034,6,plans,plans,NOUN,-2,2,After Head,20,3.044522437723423,5,7,nsubj,5-6,6-10,1-2,"(2.833, 3.497]",181
email-enronsent37_01-0005,7,interviewers,interviewers,NOUN,6,6,Before Head,5,1.791759469228055,12,8,nsubj,11-12,6-10,5-6,"(1.386, 2.197]",76
weblog-blogspot.com_rigorousintuition_20050518101500_ENG_20050518_101500-0047,7,exception,exception,NOUN,6,6,Before Head,7,2.0794415416798357,9,8,obl,9-10,6-10,5-6,"(1.386, 2.197]",511
email-enronsent38_01-0027,4,forms,forms,NOUN,3,3,Before Head,8,2.1972245773362196,5,5,nsubj,5-6,1-5,3-4,"(1.386, 2.197]",123
reviews-142081-0007,14,services,services,NOUN,-2,2,After Head,47,3.8712010109078907,8,15,nmod,7-8,11-15,1-2,"(3.497, 4.22]",48
reviews-080221-0012,3,excellence,excellence,NOUN,-2,2,After Head,2,1.0986122886681096,10,4,compound,9-10,1-5,1-2,"(0.692, 1.386]",20
weblog-blogspot.com_rigorousintuition_20060511134300_ENG_20060511_134300-0006,9,AK47s,ak47s,NOUN,1,1,Before Head,2,1.0986122886681096,5,11,nsubj,5-6,11-15,1-2,"(0.692, 1.386]",132
newsgroup-groups.google.com_alt.animals_434fe80fb3577e8e_ENG_20031011_200300-0017,2,disintegration,disintegration,NOUN,-2,2,After Head,2,1.0986122886681096,14,3,nsubj,13-14,1-5,1-2,"(0.692, 1.386]",79
weblog-juancole.com_juancole_20040823064025_ENG_20040823_064025-0059,16,way,way,NOUN,-3,3,After Head,204,5.3230099791384085,3,18,obl,3-4,16-20,3-4,"(4.22, 8.54]",385
weblog-blogspot.com_alaindewitt_20060924104100_ENG_20060924_104100-0159,60,level,level,NOUN,-5,5,After Head,36,3.6109179126442243,5,61,obl,5-6,61-65,5-6,"(3.497, 4.22]",462
answers-20111108092643AAXe4lD_ans-0012,2,couple,couple,NOUN,4,4,Before Head,51,3.9512437185814275,6,3,obl,5-6,1-5,3-4,"(3.497, 4.22]",420
newsgroup-groups.google.com_magicworld_04c89d43ff4fd6ea_ENG_20050104_152000-0045,14,year,year,NOUN,-2,2,After Head,172,5.153291594497779,4,16,obl:unmarked,3-4,16-20,1-2,"(4.22, 8.54]",307
newsgroup-groups.google.com_magicworld_04c89d43ff4fd6ea_ENG_20050104_152000-0030,22,end,end,NOUN,3,3,Before Head,83,4.430816798843313,3,25,obl,3-4,21-25,3-4,"(4.22, 8.54]",391
email-enronsent19_01-0034,9,week,week,NOUN,-2,2,After Head,89,4.499809670330265,4,10,obl:unmarked,3-4,6-10,1-2,"(4.22, 8.54]",320
email-enronsent42_01-0046,11,price,price,NOUN,2,2,Before Head,113,4.736198448394496,5,12,nsubj,5-6,11-15,1-2,"(4.22, 8.54]",142
answers-20111108094927AA5NjHj_ans-0003,18,horse,horse,NOUN,3,3,Before Head,52,3.970291913552122,5,21,obj,5-6,21-25,3-4,"(3.497, 4.22]",284
answers-20111108111312AAq4ETn_ans-0009,4,dogs,dogs,NOUN,2,2,Before Head,22,3.1354942159291497,4,5,nsubj,3-4,1-5,1-2,"(2.833, 3.497]",85
weblog-juancole.com_juancole_20040823064025_ENG_20040823_064025-0044,15,years,years,NOUN,1,1,Before Head,150,5.017279836814924,5,16,obl:unmarked,5-6,16-20,1-2,"(4.22, 8.54]",334
newsgroup-groups.google.com_FOOLED_1bf9cdc5a4c2ac48_ENG_20050904_130400-0012,2,money,money,NOUN,4,4,Before Head,91,4.5217885770490405,5,3,obj,5-6,1-5,3-4,"(4.22, 8.54]",279
weblog-blogspot.com_alaindewitt_20060924104100_ENG_20060924_104100-0061,11,defense,defense,NOUN,6,6,Before Head,19,2.995732273553991,7,12,nsubj,7-8,11-15,5-6,"(2.833, 3.497]",206
newsgroup-groups.google.com_misc.consumers_a534e32067078b08_ENG_20060116_030800-0013,2,elections,elections,NOUN,4,4,Before Head,32,3.4965075614664802,9,3,nsubj:pass,9-10,1-5,3-4,"(2.833, 3.497]",66
weblog-blogspot.com_dakbangla_20050210141134_ENG_20050210_141134-0035,5,advance,advance,NOUN,-2,2,After Head,9,2.302585092994046,7,6,obl,7-8,6-10,1-2,"(2.197, 2.833]",491
answers-20111108104724AAuBUR7_ans-0093,18,chance,chance,NOUN,-3,3,After Head,26,3.295836866004329,6,19,nsubj,5-6,16-20,3-4,"(2.833, 3.497]",150
weblog-blogspot.com_dakbangla_20050311135387_ENG_20050311_135387-0139,1,lesion,lesion,NOUN,3,3,Before Head,3,1.3862943611198906,6,2,nsubj,5-6,1-5,3-4,"(0.692, 1.386]",121
newsgroup-groups.google.com_alt.animals_434fe80fb3577e8e_ENG_20031011_200300-0060,11,house,house,NOUN,-6,6,After Head,64,4.174387269895637,5,12,obl,5-6,11-15,5-6,"(3.497, 4.22]",429
reviews-109263-0001,5,times,times,NOUN,-2,2,After Head,69,4.248495242049359,5,6,obl:unmarked,5-6,6-10,1-2,"(4.22, 8.54]",342
email-enronsent07_01-0043,8,generators,generators,NOUN,4,4,Before Head,14,2.70805020110221,10,9,nsubj,9-10,6-10,3-4,"(2.197, 2.833]",259
reviews-398152-0004,1,minutes,minutes,NOUN,1,1,Before Head,44,3.8066624897703196,7,2,obl:unmarked,7-8,1-5,1-2,"(3.497, 4.22]",347
reviews-308088-0002,33,TIME,time,NOUN,-2,2,After Head,397,5.986452005284438,4,34,obj,3-4,31-35,1-2,"(4.22, 8.54]",271
reviews-268673-0003,8,movies,movies,NOUN,3,3,Before Head,7,2.0794415416798357,6,9,nsubj,5-6,6-10,3-4,"(1.386, 2.197]",176
reviews-074896-0005,4,alterations,alterations,NOUN,-3,3,After Head,2,1.0986122886681096,11,5,obl,11-12,1-5,3-4,"(0.692, 1.386]",358
reviews-093655-0003,12,fat,fat,NOUN,-2,2,After Head,11,2.4849066497880004,3,13,nsubj,3-4,11-15,1-2,"(2.197, 2.833]",92
email-enronsent03_01-0048,7,meeting,meeting,NOUN,-5,5,After Head,71,4.276666119016055,7,8,nsubj,7-8,6-10,5-6,"(4.22, 8.54]",238
weblog-blogspot.com_dakbangla_20050210141134_ENG_20050210_141134-0068,12,kilometers,kilometers,NOUN,1,1,Before Head,2,1.0986122886681096,10,14,obl:unmarked,9-10,11-15,1-2,"(0.692, 1.386]",356
email-enronsent36_02-0034,6,draft,draft,NOUN,-3,3,After Head,41,3.7376696182833684,5,7,obl,5-6,6-10,3-4,"(3.497, 4.22]",458
reviews-159371-0005,5,stay,stay,NOUN,4,4,Before Head,53,3.9889840465642745,4,6,nsubj,3-4,6-10,3-4,"(3.497, 4.22]",117
answers-20111108101300AAIAKXN_ans-0018,2,market,market,NOUN,-2,2,After Head,43,3.784189633918261,6,4,nsubj,5-6,1-5,1-2,"(3.497, 4.22]",128
answers-20111107094641AATmyb6_ans-0031,14,night,night,NOUN,-2,2,After Head,83,4.430816798843313,5,15,obl:unmarked,5-6,11-15,1-2,"(4.22, 8.54]",330
answers-20111108092643AAXe4lD_ans-0068,2,couple,couple,NOUN,4,4,Before Head,51,3.9512437185814275,6,3,obl,5-6,1-5,3-4,"(3.497, 4.22]",420
answers-20111108083754AAEw5Xc_ans-0008,4,site,site,NOUN,-3,3,After Head,29,3.4011973816621555,4,6,nsubj,3-4,6-10,3-4,"(2.833, 3.497]",115
reviews-150192-0004,3,friend,friend,NOUN,1,1,Before Head,45,3.828641396489095,6,4,nsubj,5-6,1-5,1-2,"(3.497, 4.22]",128
reviews-294081-0006,7,PERSON,person,NOUN,-2,2,After Head,68,4.23410650459726,6,8,nsubj,5-6,6-10,1-2,"(4.22, 8.54]",186
reviews-048363-0009,1,heart,heart,NOUN,1,1,Before Head,13,2.639057329615259,5,2,nsubj,5-6,1-5,1-2,"(2.197, 2.833]",124
email-enronsent42_01-0056,26,price,price,NOUN,3,3,Before Head,113,4.736198448394496,5,27,nsubj,5-6,26-30,3-4,"(4.22, 8.54]",166
email-enronsent03_01-0097,1,reviews,reviews,NOUN,4,4,Before Head,28,3.367295829986474,7,2,nsubj:pass,7-8,1-5,3-4,"(2.833, 3.497]",63
newsgroup-groups.google.com_eHolistic_2dd76f31ceb6bfe8_ENG_20050513_224200-0030,3,link,link,NOUN,-2,2,After Head,19,2.995732273553991,4,4,nsubj,3-4,1-5,1-2,"(2.833, 3.497]",85
reviews-109263-0003,10,reason,reason,NOUN,6,6,Before Head,39,3.6888794541139363,6,11,obl,5-6,11-15,5-6,"(3.497, 4.22]",429
answers-20111107144339AA0qw5S_ans-0002,8,custom,custom,NOUN,6,6,Before Head,10,2.3978952727983707,6,10,nsubj,5-6,6-10,5-6,"(2.197, 2.833]",180
reviews-336049-0007,11,LOT,lot,NOUN,1,1,Before Head,89,4.499809670330265,3,13,obl:unmarked,3-4,11-15,1-2,"(4.22, 8.54]",303
newsgroup-groups.google.com_INTPunderground_b2c62e87877e4a22_ENG_20050906_165900-0064,4,year,year,NOUN,2,2,Before Head,172,5.153291594497779,4,5,obl:unmarked,3-4,1-5,1-2,"(4.22, 8.54]",299
weblog-juancole.com_juancole_20040708181175_ENG_20040708_181175-0021,7,candidate,candidate,NOUN,6,6,Before Head,9,2.302585092994046,9,8,nsubj,9-10,6-10,5-6,"(2.197, 2.833]",260
newsgroup-groups.google.com_INTPunderground_b2c62e87877e4a22_ENG_20050906_165900-0049,6,way,way,NOUN,-2,2,After Head,204,5.3230099791384085,3,8,obl:unmarked,3-4,6-10,1-2,"(4.22, 8.54]",320
weblog-juancole.com_juancole_20051126063000_ENG_20051126_063000-0029,3,view,view,NOUN,4,4,Before Head,20,3.044522437723423,4,4,obl,3-4,1-5,3-4,"(2.833, 3.497]",368
newsgroup-groups.google.com_INTPunderground_b2c62e87877e4a22_ENG_20050906_165900-0064,7,snow,snow,NOUN,3,3,Before Head,2,1.0986122886681096,4,8,nsubj,3-4,6-10,3-4,"(0.692, 1.386]",112
newsgroup-groups.google.com_eHolistic_417b09016150421f_ENG_20051120_175800-0029,4,viability,viability,NOUN,-4,4,After Head,2,1.0986122886681096,9,5,nsubj,9-10,1-5,3-4,"(0.692, 1.386]",240
answers-20111108101300AAIAKXN_ans-0001,4,things,things,NOUN,-4,4,After Head,85,4.454347296253507,6,5,nsubj,5-6,1-5,3-4,"(4.22, 8.54]",131
newsgroup-groups.google.com_Meditation20052_06390a5f75b2e1f2_ENG_20050316_091700-0014,2,breath,breath,NOUN,2,2,Before Head,4,1.6094379124341003,6,3,obl,5-6,1-5,1-2,"(1.386, 2.197]",413
newsgroup-groups.google.com_alt.animals.bear_395d998336aec581_ENG_20031225_105300-0005,16,trip,trip,NOUN,-4,4,After Head,31,3.4657359027997265,4,17,obl,3-4,16-20,3-4,"(2.833, 3.497]",381
answers-20111108065616AAKtL2c_ans-0022,3,ships,ships,NOUN,-2,2,After Head,12,2.5649493574615367,5,4,nsubj,5-6,1-5,1-2,"(2.197, 2.833]",124
reviews-201972-0002,4,town,town,NOUN,-3,3,After Head,42,3.7612001156935624,4,5,obl,3-4,1-5,3-4,"(3.497, 4.22]",370
answers-20111108105029AARU1Lf_ans-0008,11,week,week,NOUN,-2,2,After Head,89,4.499809670330265,4,12,nmod:unmarked,3-4,11-15,1-2,"(4.22, 8.54]",25
answers-20111107094641AATmyb6_ans-0030,1,countryside,countryside,NOUN,3,3,Before Head,4,1.6094379124341003,11,2,nsubj,11-12,1-5,3-4,"(1.386, 2.197]",69
email-enronsent33_01-0069,4,help,help,NOUN,-4,4,After Head,142,4.962844630259907,4,5,obl,3-4,1-5,3-4,"(4.22, 8.54]",372
reviews-135800-0002,8,economy,economy,NOUN,-6,6,After Head,11,2.4849066497880004,7,9,obl,7-8,6-10,5-6,"(2.197, 2.833]",493
weblog-blogspot.com_rigorousintuition_20050518101500_ENG_20050518_101500-0016,1,crimes,crimes,NOUN,2,2,Before Head,8,2.1972245773362196,6,3,nsubj,5-6,1-5,1-2,"(1.386, 2.197]",122
reviews-377347-0006,9,years,years,NOUN,-2,2,After Head,150,5.017279836814924,5,10,obl:unmarked,5-6,6-10,1-2,"(4.22, 8.54]",342
answers-20111108065616AAKtL2c_ans-0065,4,fountain,fountain,NOUN,-3,3,After Head,2,1.0986122886681096,8,5,nsubj,7-8,1-5,3-4,"(0.692, 1.386]",191
reviews-263630-0004,17,problems,problems,NOUN,-2,2,After Head,46,3.8501476017100584,8,18,nsubj,7-8,16-20,1-2,"(3.497, 4.22]",215
answers-20111108111107AAlrzok_ans-0023,4,fear,fear,NOUN,-3,3,After Head,19,2.995732273553991,4,5,obl,3-4,1-5,3-4,"(2.833, 3.497]",368
email-enronsent12_01-0020,2,call,call,NOUN,2,2,Before Head,150,5.017279836814924,4,3,nsubj,3-4,1-5,1-2,"(4.22, 8.54]",89
answers-20111108091609AAHOFa6_ans-0005,13,school,school,NOUN,5,5,Before Head,56,4.04305126783455,6,14,obj,5-6,11-15,5-6,"(3.497, 4.22]",281
email-enronsent01_02-0033,17,controllers,controllers,NOUN,3,3,Before Head,3,1.3862943611198906,11,19,nsubj,11-12,16-20,3-4,"(0.692, 1.386]",73
reviews-004574-0006,9,sauce,sauce,NOUN,-3,3,After Head,4,1.6094379124341003,5,10,obl,5-6,6-10,3-4,"(1.386, 2.197]",451
newsgroup-groups.google.com_alt.animals.bears_1125853b1f13cff6_ENG_20040126_171100-0034,8,lists,lists,NOUN,-4,4,After Head,13,2.639057329615259,5,9,obl,5-6,6-10,3-4,"(2.197, 2.833]",453
reviews-230176-0005,7,appointment,appointment,NOUN,3,3,Before Head,17,2.8903717578961645,11,8,obl,11-12,6-10,3-4,"(2.833, 3.497]",363
answers-20111108100918AATaSIx_ans-0010,14,example,example,NOUN,3,3,Before Head,23,3.1780538303479458,7,15,obl,7-8,11-15,3-4,"(2.833, 3.497]",475
email-enronsent43_01-0069,6,week,week,NOUN,-2,2,After Head,89,4.499809670330265,4,7,obl:unmarked,3-4,6-10,1-2,"(4.22, 8.54]",320
newsgroup-groups.google.com_alt.animals_434fe80fb3577e8e_ENG_20031011_200300-0014,8,WEEK,week,NOUN,1,1,Before Head,89,4.499809670330265,4,9,obl:unmarked,3-4,6-10,1-2,"(4.22, 8.54]",320
reviews-122270-0005,1,surgery,surgery,NOUN,3,3,Before Head,17,2.8903717578961645,7,2,nsubj,7-8,1-5,3-4,"(2.833, 3.497]",196
answers-20111106215236AAycANO_ans-0013,9,week,week,NOUN,2,2,Before Head,89,4.499809670330265,4,10,obl,3-4,6-10,1-2,"(4.22, 8.54]",408
email-enronsent00_01-0039,2,dinner,dinner,NOUN,-2,2,After Head,28,3.367295829986474,6,3,obl,5-6,1-5,1-2,"(2.833, 3.497]",417
answers-20111108105520AA73Axw_ans-0043,7,hardness,hardness,NOUN,6,6,Before Head,4,1.6094379124341003,8,8,nsubj,7-8,6-10,5-6,"(1.386, 2.197]",230
weblog-blogspot.com_dakbangla_20050311135387_ENG_20050311_135387-0222,13,charge,charge,NOUN,6,6,Before Head,38,3.6635616461296463,6,14,advcl,5-6,11-15,5-6,"(3.497, 4.22]",5
weblog-blogspot.com_healingiraq_20050121235804_ENG_20050121_235804-0042,9,elections,elections,NOUN,6,6,Before Head,32,3.4965075614664802,9,10,obl,9-10,6-10,5-6,"(2.833, 3.497]",514
answers-20111108104724AAuBUR7_ans-0007,7,damage,damage,NOUN,-6,6,After Head,11,2.4849066497880004,6,8,obl,5-6,6-10,5-6,"(2.197, 2.833]",454
answers-20111108110012AAK8Azy_ans-0016,28,bulb,bulb,NOUN,4,4,Before Head,7,2.0794415416798357,4,31,nsubj,3-4,31-35,3-4,"(1.386, 2.197]",106
email-enronsent15_01-0003,44,joy,joy,NOUN,-5,5,After Head,5,1.791759469228055,3,48,nsubj,3-4,46-50,5-6,"(1.386, 2.197]",110
newsgroup-groups.google.com_alt.animals_0084bdc731bfc8d8_ENG_20040905_212000-0134,14,campaign,campaign,NOUN,1,1,Before Head,34,3.5553480614894135,8,15,nsubj,7-8,11-15,1-2,"(3.497, 4.22]",207
weblog-blogspot.com_rigorousintuition_20060511134300_ENG_20060511_134300-0137,6,metal,metal,NOUN,1,1,Before Head,31,3.4657359027997265,5,7,nsubj,5-6,6-10,1-2,"(2.833, 3.497]",181
newsgroup-groups.google.com_magicworld_04c89d43ff4fd6ea_ENG_20050104_152000-0097,4,work,work,NOUN,-2,2,After Head,213,5.365976015021851,4,5,obl,3-4,1-5,1-2,"(4.22, 8.54]",371
reviews-101972-0005,8,waiting,waiting,NOUN,-4,4,After Head,21,3.091042453358316,7,9,nsubj,7-8,6-10,3-4,"(2.833, 3.497]",235
answers-20111107155912AAS93e5_ans-0012,4,differences,differences,NOUN,-4,4,After Head,7,2.0794415416798357,11,5,nsubj,11-12,1-5,3-4,"(1.386, 2.197]",69
email-enronsent43_01-0018,9,reason,reason,NOUN,4,4,Before Head,39,3.6888794541139363,6,10,obl,5-6,6-10,3-4,"(3.497, 4.22]",458
newsgroup-groups.google.com_IdeaStockExchange_c6ea783ac3f043ba_ENG_20041120_243700-0029,8,lot,lot,NOUN,-2,2,After Head,89,4.499809670330265,3,9,nsubj,3-4,6-10,1-2,"(4.22, 8.54]",118
reviews-059416-0003,14,evening,evening,NOUN,-3,3,After Head,18,2.9444389791664403,7,15,obl,7-8,11-15,3-4,"(2.833, 3.497]",475
reviews-288163-0007,3,door,door,NOUN,-3,3,After Head,36,3.6109179126442243,4,4,obl,3-4,1-5,3-4,"(3.497, 4.22]",370
email-enronsent33_01-0093,2,letter,letter,NOUN,3,3,Before Head,54,4.007333185232471,6,3,nsubj:pass,5-6,1-5,3-4,"(3.497, 4.22]",57
reviews-105518-0002,4,month,month,NOUN,1,1,Before Head,52,3.970291913552122,5,5,obl:unmarked,5-6,1-5,1-2,"(3.497, 4.22]",324
reviews-084373-0005,8,windows,windows,NOUN,-2,2,After Head,9,2.302585092994046,7,9,nsubj,7-8,6-10,1-2,"(2.197, 2.833]",231
newsgroup-groups.google.com_FOOLED_1bf9cdc5a4c2ac48_ENG_20050904_130400-0055,6,world,world,NOUN,6,6,Before Head,126,4.844187086458591,5,7,obl,5-6,6-10,5-6,"(4.22, 8.54]",461
answers-20111105112131AA6gIX6_ans-0007,3,females,females,NOUN,3,3,Before Head,7,2.0794415416798357,7,4,nsubj,7-8,1-5,3-4,"(1.386, 2.197]",193
answers-20111108110044AA4rs9f_ans-0012,3,lot,lot,NOUN,-2,2,After Head,89,4.499809670330265,3,4,nsubj,3-4,1-5,1-2,"(4.22, 8.54]",89
answers-20111108104352AASs5OZ_ans-0012,4,room,room,NOUN,-4,4,After Head,79,4.382026634673881,4,5,obl,3-4,1-5,3-4,"(4.22, 8.54]",372
email-enronsent11_01-0045,1,kid,kid,NOUN,2,2,Before Head,5,1.791759469228055,3,2,nsubj,3-4,1-5,1-2,"(1.386, 2.197]",81
reviews-224906-0007,9,fact,fact,NOUN,2,2,Before Head,53,3.9889840465642745,4,10,obl,3-4,6-10,1-2,"(3.497, 4.22]",405
email-enronsent42_01-0044,4,settlement,settlement,NOUN,-4,4,After Head,26,3.295836866004329,10,5,nsubj:pass,9-10,1-5,3-4,"(2.833, 3.497]",66
newsgroup-groups.google.com_alt.animals.bears_1125853b1f13cff6_ENG_20040126_171100-0056,8,groups,groups,NOUN,-4,4,After Head,27,3.332204510175204,6,9,nsubj,5-6,6-10,3-4,"(2.833, 3.497]",182
newsgroup-groups.google.com_alt.animals_0e65f540816d780c_ENG_20041116_124800-0045,17,rises,rises,NOUN,6,6,Before Head,1,0.6931471805599453,5,18,nsubj,5-6,16-20,5-6,"(0.692, 1.386]",145
answers-20111108091921AAaLK4e_ans-0066,12,time,time,NOUN,6,6,Before Head,397,5.986452005284438,4,13,obl:unmarked,3-4,11-15,5-6,"(4.22, 8.54]",305
answers-20111108105520AA73Axw_ans-0029,7,nicks,nicks,NOUN,5,5,Before Head,2,1.0986122886681096,5,8,nsubj,5-6,6-10,5-6,"(0.692, 1.386]",175
email-enronsent43_01-0136,4,date,date,NOUN,3,3,Before Head,63,4.1588830833596715,4,5,nsubj,3-4,1-5,3-4,"(3.497, 4.22]",88
reviews-162422-0009,9,morning,morning,NOUN,6,6,Before Head,41,3.7376696182833684,7,10,obl,7-8,6-10,5-6,"(3.497, 4.22]",498
reviews-018465-0019,11,way,way,NOUN,1,1,Before Head,204,5.3230099791384085,3,13,obl:unmarked,3-4,11-15,1-2,"(4.22, 8.54]",303
weblog-blogspot.com_dakbangla_20050311135387_ENG_20050311_135387-0031,3,e-mail,e-mail,NOUN,-2,2,After Head,30,3.4339872044851463,6,4,nsubj,5-6,1-5,1-2,"(2.833, 3.497]",126
email-enronsent02_01-0050,11,Q1,q1,NOUN,2,2,Before Head,9,2.302585092994046,2,12,nmod:unmarked,1-2,11-15,1-2,"(2.197, 2.833]",21
email-enronsent05_02-0081,2,panel,panel,NOUN,4,4,Before Head,12,2.5649493574615367,5,3,obl,5-6,1-5,3-4,"(2.197, 2.833]",416
email-enronsent03_01-0099,1,addition,addition,NOUN,4,4,Before Head,15,2.772588722239781,8,2,obl,7-8,1-5,3-4,"(2.197, 2.833]",467
reviews-020992-0010,2,drip,drip,NOUN,1,1,Before Head,1,0.6931471805599453,4,3,nsubj,3-4,1-5,1-2,"(0.692, 1.386]",80
answers-20111107211742AAHZaPe_ans-0004,3,future,future,NOUN,-3,3,After Head,28,3.367295829986474,6,4,nsubj,5-6,1-5,3-4,"(2.833, 3.497]",127
email-enronsent33_01-0163,45,year,year,NOUN,-6,6,After Head,172,5.153291594497779,4,47,obl:unmarked,3-4,46-50,5-6,"(4.22, 8.54]",315
email-enronsent11_01-0031,10,bunch,bunch,NOUN,-2,2,After Head,8,2.1972245773362196,5,11,nsubj,5-6,11-15,1-2,"(1.386, 2.197]",134
email-enronsent06_01-0064,29,copies,copies,NOUN,2,2,Before Head,14,2.70805020110221,6,30,obj,5-6,26-30,1-2,"(2.197, 2.833]",286
weblog-juancole.com_juancole_20030911085700_ENG_20030911_085700-0012,8,group,group,NOUN,6,6,Before Head,75,4.330733340286331,5,9,nsubj,5-6,6-10,5-6,"(4.22, 8.54]",188
answers-20111108111010AASEk0S_ans-0002,28,tank,tank,NOUN,-3,3,After Head,38,3.6635616461296463,4,29,obl,3-4,26-30,3-4,"(3.497, 4.22]",392
weblog-blogspot.com_alaindewitt_20060924104100_ENG_20060924_104100-0053,3,month,month,NOUN,-2,2,After Head,52,3.970291913552122,5,4,obl:unmarked,5-6,1-5,1-2,"(3.497, 4.22]",324
reviews-391012-0002,4,wallet,wallet,NOUN,-4,4,After Head,1,0.6931471805599453,6,5,obl,5-6,1-5,3-4,"(0.692, 1.386]",412
reviews-057386-0003,3,change,change,NOUN,-2,2,After Head,91,4.5217885770490405,6,4,nsubj,5-6,1-5,1-2,"(4.22, 8.54]",130
weblog-blogspot.com_rigorousintuition_20060511134300_ENG_20060511_134300-0019,11,weapons,weapons,NOUN,-3,3,After Head,35,3.58351893845611,7,12,obj,7-8,11-15,3-4,"(3.497, 4.22]",292
reviews-290594-0013,1,dogs,dogs,NOUN,2,2,Before Head,22,3.1354942159291497,4,2,nsubj,3-4,1-5,1-2,"(2.833, 3.497]",85
answers-20111108091921AAaLK4e_ans-0054,3,horses,horses,NOUN,1,1,Before Head,21,3.091042453358316,6,4,nsubj,5-6,1-5,1-2,"(2.833, 3.497]",126
reviews-211797-0014,51,bodice,bodice,NOUN,2,2,Before Head,1,0.6931471805599453,6,53,nsubj,5-6,51-55,1-2,"(0.692, 1.386]",172
email-enronsent43_01-0052,6,week,week,NOUN,-2,2,After Head,89,4.499809670330265,4,7,obl:unmarked,3-4,6-10,1-2,"(4.22, 8.54]",320
weblog-blogspot.com_alaindewitt_20060924104100_ENG_20060924_104100-0112,4,day,day,NOUN,-2,2,After Head,171,5.147494476813453,3,5,obl:unmarked,3-4,1-5,1-2,"(4.22, 8.54]",299
reviews-170650-0002,10,life,life,NOUN,-5,5,After Head,80,4.394449154672439,4,12,obl:unmarked,3-4,11-15,5-6,"(4.22, 8.54]",305
weblog-juancole.com_juancole_20040823064025_ENG_20040823_064025-0062,5,campaign,campaign,NOUN,6,6,Before Head,34,3.5553480614894135,8,6,obl,7-8,6-10,5-6,"(3.497, 4.22]",498
reviews-110441-0003,5,night,night,NOUN,-2,2,After Head,83,4.430816798843313,5,6,obl:unmarked,5-6,6-10,1-2,"(4.22, 8.54]",342
newsgroup-groups.google.com_alt.animals_0e65f540816d780c_ENG_20041116_124800-0031,8,studies,studies,NOUN,2,2,Before Head,9,2.302585092994046,7,9,nsubj,7-8,6-10,1-2,"(2.197, 2.833]",231
answers-20111108102428AAMzXRG_ans-0011,19,money,money,NOUN,3,3,Before Head,91,4.5217885770490405,5,20,obj,5-6,16-20,3-4,"(4.22, 8.54]",283
email-enronsent13_01-0002,3,worksheet,worksheet,NOUN,-3,3,After Head,2,1.0986122886681096,9,4,nsubj:pass,9-10,1-5,3-4,"(0.692, 1.386]",65
answers-20111108100419AAKZvMH_ans-0017,21,point,point,NOUN,5,5,Before Head,74,4.31748811353631,5,22,obl,5-6,21-25,5-6,"(4.22, 8.54]",444
answers-20111108101024AANYJpw_ans-0011,7,thing,thing,NOUN,-3,3,After Head,82,4.418840607796598,5,8,nsubj,5-6,6-10,3-4,"(4.22, 8.54]",187
weblog-blogspot.com_dakbangla_20050311135387_ENG_20050311_135387-0016,9,surveillance,surveillance,NOUN,2,2,Before Head,4,1.6094379124341003,12,10,nsubj,11-12,6-10,1-2,"(1.386, 2.197]",74
answers-20111108105029AARU1Lf_ans-0002,7,year,year,NOUN,1,1,Before Head,172,5.153291594497779,4,8,obl:unmarked,3-4,6-10,1-2,"(4.22, 8.54]",320
newsgroup-groups.google.com_humanities.lit.authors.shakespeare_0c155162a7dfaf28_ENG_20031127_172200-0026,7,surface,surface,NOUN,-3,3,After Head,7,2.0794415416798357,7,8,obl,7-8,6-10,3-4,"(1.386, 2.197]",489
newsgroup-groups.google.com_civicamerican_22c54c292026bfd2_ENG_20060128_072400-0023,4,saying,saying,NOUN,-3,3,After Head,31,3.4657359027997265,6,5,nsubj,5-6,1-5,3-4,"(2.833, 3.497]",127
newsgroup-groups.google.com_alt.animals_02c2d614bfbf6b20_ENG_20050223_232900-0061,6,wolves,wolves,NOUN,-3,3,After Head,19,2.995732273553991,6,7,nsubj,5-6,6-10,3-4,"(2.833, 3.497]",182
email-enronsent35_01-0034,19,system,system,NOUN,-4,4,After Head,52,3.970291913552122,6,20,obl,5-6,16-20,3-4,"(3.497, 4.22]",438
weblog-blogspot.com_dakbangla_20041028153019_ENG_20041028_153019-0027,37,scholars,scholars,NOUN,-6,6,After Head,1,0.6931471805599453,8,38,nsubj,7-8,36-40,5-6,"(0.692, 1.386]",224
weblog-blogspot.com_alaindewitt_20060924104100_ENG_20060924_104100-0052,4,AIDS,aids,NOUN,-2,2,After Head,2,1.0986122886681096,4,5,obl,3-4,1-5,1-2,"(0.692, 1.386]",365
weblog-blogspot.com_dakbangla_20041016151002_ENG_20041016_151002-0010,9,signs,signs,NOUN,-1,1,After Head,16,2.833213344056216,5,10,nsubj,5-6,6-10,1-2,"(2.197, 2.833]",178
email-enronsent07_01-0092,5,UDCs,udcs,NOUN,3,3,Before Head,1,0.6931471805599453,4,6,nsubj,3-4,6-10,3-4,"(0.692, 1.386]",112
email-enronsent33_01-0015,17,employees,employees,NOUN,-3,3,After Head,21,3.091042453358316,9,18,nsubj,9-10,16-20,3-4,"(2.833, 3.497]",250
newsgroup-groups.google.com_alt.animals_0e65f540816d780c_ENG_20041116_124800-0007,37,biosphere,biosphere,NOUN,2,2,Before Head,1,0.6931471805599453,9,38,nsubj,9-10,36-40,1-2,"(0.692, 1.386]",253
answers-20111108105919AAHXkZF_ans-0010,12,years,years,NOUN,-4,4,After Head,150,5.017279836814924,5,13,obl:unmarked,5-6,11-15,3-4,"(4.22, 8.54]",331
answers-20111106035951AADq0Qg_ans-0011,28,instance,instance,NOUN,3,3,Before Head,6,1.9459101490553132,8,29,nmod,7-8,26-30,3-4,"(1.386, 2.197]",51
reviews-080221-0008,3,duty,duty,NOUN,-2,2,After Head,9,2.302585092994046,4,4,compound,3-4,1-5,1-2,"(2.197, 2.833]",17
weblog-blogspot.com_healingiraq_20040409053012_ENG_20040409_053012-0012,47,time,time,NOUN,5,5,Before Head,397,5.986452005284438,4,48,obl:unmarked,3-4,46-50,5-6,"(4.22, 8.54]",315
email-enronsent27_01-0053,9,today,today,NOUN,-2,2,After Head,65,4.189654742026425,5,10,obl:unmarked,5-6,6-10,1-2,"(3.497, 4.22]",339
answers-20111108092321AAK0Eqp_ans-0001,3,requirements,requirements,NOUN,-3,3,After Head,15,2.772588722239781,12,4,nsubj,11-12,1-5,3-4,"(2.197, 2.833]",70
newsgroup-groups.google.com_misc.consumers_a534e32067078b08_ENG_20060116_030800-0112,5,scenario,scenario,NOUN,6,6,Before Head,6,1.9459101490553132,8,6,obl,7-8,6-10,5-6,"(1.386, 2.197]",490
email-enronsent42_01-0029,4,settlement,settlement,NOUN,-4,4,After Head,26,3.295836866004329,10,5,nsubj:pass,9-10,1-5,3-4,"(2.833, 3.497]",66
reviews-374604-0001,18,way,way,NOUN,6,6,Before Head,204,5.3230099791384085,3,20,obl,3-4,16-20,5-6,"(4.22, 8.54]",386
newsgroup-groups.google.com_misc.consumers_a534e32067078b08_ENG_20060116_030800-0009,7,week,week,NOUN,6,6,Before Head,89,4.499809670330265,4,8,obl:unmarked,3-4,6-10,5-6,"(4.22, 8.54]",322
answers-20111108092738AA2dtyW_ans-0009,4,answer,answer,NOUN,-3,3,After Head,38,3.6635616461296463,6,5,obl,5-6,1-5,3-4,"(3.497, 4.22]",420
newsgroup-groups.google.com_magicworld_04c89d43ff4fd6ea_ENG_20050104_152000-0062,8,person,person,NOUN,-6,6,After Head,68,4.23410650459726,6,9,obl,5-6,6-10,5-6,"(4.22, 8.54]",461
weblog-blogspot.com_rigorousintuition_20060511134300_ENG_20060511_134300-0067,3,race,race,NOUN,3,3,Before Head,7,2.0794415416798357,4,4,nsubj,3-4,1-5,3-4,"(1.386, 2.197]",82
answers-20111108104206AAygiaE_ans-0002,1,friends,friends,NOUN,3,3,Before Head,50,3.9318256327243257,7,2,nsubj,7-8,1-5,3-4,"(3.497, 4.22]",198
reviews-055207-0003,48,vets,vets,NOUN,6,6,Before Head,4,1.6094379124341003,4,49,nsubj,3-4,46-50,5-6,"(1.386, 2.197]",110
newsgroup-groups.google.com_Meditation20051_1027f5a3651d547c_ENG_20050316_085700-0054,3,left,left,NOUN,-3,3,After Head,68,4.23410650459726,4,4,obl,3-4,1-5,3-4,"(4.22, 8.54]",372
email-enronsent07_01-0048,4,letters,letters,NOUN,4,4,Before Head,13,2.639057329615259,7,5,obl,7-8,1-5,3-4,"(2.197, 2.833]",467
newsgroup-groups.google.com_IndiaNewsWindow_1405662573fa84ed_ENG_20050831_110400-0035,13,years,years,NOUN,1,1,Before Head,150,5.017279836814924,5,14,obl:unmarked,5-6,11-15,1-2,"(4.22, 8.54]",330
reviews-240287-0003,18,products,products,NOUN,6,6,Before Head,18,2.9444389791664403,8,20,obl,7-8,16-20,5-6,"(2.833, 3.497]",481
answers-20090605110235AAALlCt_ans-0001,3,world,world,NOUN,-3,3,After Head,126,4.844187086458591,5,4,obl,5-6,1-5,3-4,"(4.22, 8.54]",422
newsgroup-groups.google.com_alt.animals_0084bdc731bfc8d8_ENG_20040905_212000-0164,15,company,company,NOUN,1,1,Before Head,85,4.454347296253507,7,16,nsubj,7-8,16-20,1-2,"(4.22, 8.54]",216
email-enronsent22_01-0010,9,capital,capital,NOUN,3,3,Before Head,20,3.044522437723423,7,10,nsubj,7-8,6-10,3-4,"(2.833, 3.497]",235
newsgroup-groups.google.com_magicworld_04c89d43ff4fd6ea_ENG_20050104_152000-0070,3,punch,punch,NOUN,-3,3,After Head,1,0.6931471805599453,5,5,nsubj,5-6,1-5,3-4,"(0.692, 1.386]",121
answers-20111108105520AA73Axw_ans-0049,8,couple,couple,NOUN,3,3,Before Head,51,3.9512437185814275,6,9,obl:unmarked,5-6,6-10,3-4,"(3.497, 4.22]",340
reviews-217542-0002,31,CHICK,chick,NOUN,-3,3,After Head,2,1.0986122886681096,5,32,nsubj,5-6,31-35,3-4,"(0.692, 1.386]",168
newsgroup-groups.google.com_alt.animals.cat_01ff709c4bf2c60c_ENG_20040418_040100-0016,9,while,while,NOUN,1,1,Before Head,106,4.672828834461906,5,10,obl:unmarked,5-6,6-10,1-2,"(4.22, 8.54]",342
email-enronsent07_01-0051,13,months,months,NOUN,1,1,Before Head,59,4.0943445622221,6,14,obl:unmarked,5-6,11-15,1-2,"(3.497, 4.22]",328
reviews-263870-0008,3,minutes,minutes,NOUN,3,3,Before Head,44,3.8066624897703196,7,4,obl:unmarked,7-8,1-5,3-4,"(3.497, 4.22]",348
reviews-124163-0005,15,concern,concern,NOUN,-5,5,After Head,20,3.044522437723423,7,16,obl,7-8,16-20,5-6,"(2.833, 3.497]",481
newsgroup-groups.google.com_alt.animals_434fe80fb3577e8e_ENG_20031011_200300-0004,4,nation,nation,NOUN,-3,3,After Head,14,2.70805020110221,6,5,obl,5-6,1-5,3-4,"(2.197, 2.833]",416
newsgroup-groups.google.com_alt.animals_0084bdc731bfc8d8_ENG_20040905_212000-0109,12,round,round,NOUN,-6,6,After Head,13,2.639057329615259,5,13,obl,5-6,11-15,5-6,"(2.197, 2.833]",426
email-enronsent06_01-0090,2,order,order,NOUN,3,3,Before Head,76,4.343805421853684,5,3,nsubj,5-6,1-5,3-4,"(4.22, 8.54]",131
weblog-blogspot.com_dakbangla_20041016151002_ENG_20041016_151002-0031,4,signs,signs,NOUN,-2,2,After Head,16,2.833213344056216,5,5,nsubj,5-6,1-5,1-2,"(2.197, 2.833]",124
newsgroup-groups.google.com_Meditation20051_1027f5a3651d547c_ENG_20050316_085700-0021,3,delivery,delivery,NOUN,-3,3,After Head,24,3.2188758248682006,8,4,obl,7-8,1-5,3-4,"(2.833, 3.497]",469
reviews-017345-0009,1,clerk,clerk,NOUN,1,1,Before Head,2,1.0986122886681096,5,2,nsubj,5-6,1-5,1-2,"(0.692, 1.386]",120
reviews-315763-0004,10,help,help,NOUN,-2,2,After Head,142,4.962844630259907,4,11,obl,3-4,11-15,1-2,"(4.22, 8.54]",377
newsgroup-groups.google.com_humanities.lit.authors.shakespeare_0018a7697318f71f_ENG_20031006_163200-0083,10,day,day,NOUN,-6,6,After Head,171,5.147494476813453,3,11,obl:unmarked,3-4,11-15,5-6,"(4.22, 8.54]",305
reviews-006970-0009,14,day,day,NOUN,2,2,Before Head,171,5.147494476813453,3,15,obl:unmarked,3-4,11-15,1-2,"(4.22, 8.54]",303
weblog-blogspot.com_dakbangla_20041016151002_ENG_20041016_151002-0041,6,attempts,attempts,NOUN,-4,4,After Head,6,1.9459101490553132,8,7,nsubj,7-8,6-10,3-4,"(1.386, 2.197]",229
newsgroup-groups.google.com_eHolistic_2dd76f31ceb6bfe8_ENG_20050513_224200-0048,2,help,help,NOUN,3,3,Before Head,142,4.962844630259907,4,3,obl,3-4,1-5,3-4,"(4.22, 8.54]",372
reviews-280663-0010,16,night,night,NOUN,-2,2,After Head,83,4.430816798843313,5,18,obl:unmarked,5-6,16-20,1-2,"(4.22, 8.54]",334
email-enronsent19_01-0070,8,way,way,NOUN,-6,6,After Head,204,5.3230099791384085,3,9,obl:unmarked,3-4,6-10,5-6,"(4.22, 8.54]",322
newsgroup-groups.google.com_alt.animals_434fe80fb3577e8e_ENG_20031011_200300-0028,37,age,age,NOUN,6,6,Before Head,19,2.995732273553991,3,39,obl,3-4,36-40,5-6,"(2.833, 3.497]",398
answers-20111108105225AAAJ9ek_ans-0003,6,month,month,NOUN,1,1,Before Head,52,3.970291913552122,5,7,obl:unmarked,5-6,6-10,1-2,"(3.497, 4.22]",339
answers-20111107175720AAlb2TB_ans-0037,1,definition,definition,NOUN,4,4,Before Head,3,1.3862943611198906,10,2,obl,9-10,1-5,3-4,"(0.692, 1.386]",499
newsgroup-groups.google.com_magicworld_04c89d43ff4fd6ea_ENG_20050104_152000-0095,6,love,love,NOUN,3,3,Before Head,76,4.343805421853684,4,7,nsubj,3-4,6-10,3-4,"(4.22, 8.54]",119
newsgroup-groups.google.com_Meditation20052_06390a5f75b2e1f2_ENG_20050316_091700-0052,2,meaning,meaning,NOUN,-2,2,After Head,10,2.3978952727983707,7,3,obj,7-8,1-5,1-2,"(2.197, 2.833]",291
answers-20111108103957AAcF3iZ_ans-0027,9,back,back,NOUN,2,2,Before Head,233,5.455321115357702,4,10,nsubj,3-4,6-10,1-2,"(4.22, 8.54]",118
email-enronsent33_01-0015,1,addition,addition,NOUN,4,4,Before Head,15,2.772588722239781,8,2,obl,7-8,1-5,3-4,"(2.197, 2.833]",467
weblog-juancole.com_juancole_20040823064025_ENG_20040823_064025-0038,13,day,day,NOUN,-3,3,After Head,171,5.147494476813453,3,14,obl:unmarked,3-4,11-15,3-4,"(4.22, 8.54]",304
email-enronsent11_01-0043,10,day,day,NOUN,1,1,Before Head,171,5.147494476813453,3,11,obl:unmarked,3-4,11-15,1-2,"(4.22, 8.54]",303
answers-20111108111128AAwfype_ans-0013,4,exam,exam,NOUN,-3,3,After Head,5,1.791759469228055,4,5,nsubj,3-4,1-5,3-4,"(1.386, 2.197]",82
reviews-366946-0006,6,person,person,NOUN,6,6,Before Head,68,4.23410650459726,6,7,advcl,5-6,6-10,5-6,"(4.22, 8.54]",6
reviews-351058-0004,8,hours,hours,NOUN,1,1,Before Head,51,3.9512437185814275,5,9,obl:unmarked,5-6,6-10,1-2,"(3.497, 4.22]",339
email-enronsent07_01-0042,2,hell,hell,NOUN,1,1,Before Head,10,2.3978952727983707,4,3,nsubj,3-4,1-5,1-2,"(2.197, 2.833]",83
email-enronsent33_01-0067,8,letter,letter,NOUN,-3,3,After Head,54,4.007333185232471,6,9,nsubj,5-6,6-10,3-4,"(3.497, 4.22]",184
reviews-105518-0003,16,pup,pup,NOUN,1,1,Before Head,4,1.6094379124341003,3,17,nsubj,3-4,16-20,1-2,"(1.386, 2.197]",97
reviews-295288-0007,25,help,help,NOUN,-6,6,After Head,142,4.962844630259907,4,27,obl,3-4,26-30,5-6,"(4.22, 8.54]",394
reviews-308088-0003,16,times,times,NOUN,5,5,Before Head,69,4.248495242049359,5,18,obl,5-6,16-20,5-6,"(4.22, 8.54]",440
answers-20111104175256AAL21Ha_ans-0019,9,influence,influence,NOUN,-6,6,After Head,7,2.0794415416798357,9,10,nsubj,9-10,6-10,5-6,"(1.386, 2.197]",258
answers-20111108104228AA6z9uZ_ans-0002,57,pwople,pwople,NOUN,2,2,Before Head,1,0.6931471805599453,6,62,nsubj,5-6,61-65,1-2,"(0.692, 1.386]",189
answers-20111107175720AAlb2TB_ans-0007,10,time,time,NOUN,-3,3,After Head,397,5.986452005284438,4,11,nsubj,3-4,11-15,3-4,"(4.22, 8.54]",96
email-enronsent38_01-0121,8,language,language,NOUN,1,1,Before Head,35,3.58351893845611,8,10,nsubj,7-8,6-10,1-2,"(3.497, 4.22]",236
reviews-292841-0005,2,restaurant,restaurant,NOUN,-2,2,After Head,43,3.784189633918261,10,4,nsubj,9-10,1-5,1-2,"(3.497, 4.22]",243
weblog-blogspot.com_alaindewitt_20060924104100_ENG_20060924_104100-0163,2,history,history,NOUN,-2,2,After Head,23,3.1780538303479458,7,3,obl,7-8,1-5,1-2,"(2.833, 3.497]",468
email-enronsent31_01-0068,19,probability,probability,NOUN,-2,2,After Head,2,1.0986122886681096,11,20,nsubj,11-12,16-20,1-2,"(0.692, 1.386]",72
reviews-004540-0003,5,confusion,confusion,NOUN,-1,1,After Head,3,1.3862943611198906,9,6,nsubj,9-10,6-10,1-2,"(0.692, 1.386]",255
answers-20111108105029AARU1Lf_ans-0004,6,LOT,lot,NOUN,-2,2,After Head,89,4.499809670330265,3,7,obl:unmarked,3-4,6-10,1-2,"(4.22, 8.54]",320
newsgroup-groups.google.com_IdeaStockExchange_c6ea783ac3f043ba_ENG_20041120_243700-0017,24,demand,demand,NOUN,-2,2,After Head,10,2.3978952727983707,6,25,nsubj,5-6,21-25,1-2,"(2.197, 2.833]",159
reviews-332476-0003,8,price,price,NOUN,-6,6,After Head,113,4.736198448394496,5,9,obl,5-6,6-10,5-6,"(4.22, 8.54]",461
answers-20111108091921AAaLK4e_ans-0017,6,days,days,NOUN,1,1,Before Head,106,4.672828834461906,4,7,obl:unmarked,3-4,6-10,1-2,"(4.22, 8.54]",320
weblog-blogspot.com_alaindewitt_20040929103700_ENG_20040929_103700-0008,4,source,source,NOUN,-3,3,After Head,19,2.995732273553991,6,5,obl,5-6,1-5,3-4,"(2.833, 3.497]",418
reviews-036753-0010,4,month,month,NOUN,-2,2,After Head,52,3.970291913552122,5,5,obl:unmarked,5-6,1-5,1-2,"(3.497, 4.22]",324
newsgroup-groups.google.com_GayMarriage_0ccbb50b41a5830b_ENG_20050321_181500-0004,24,people,people,NOUN,5,5,Before Head,233,5.455321115357702,6,25,nsubj,5-6,21-25,5-6,"(4.22, 8.54]",163
answers-20111108101300AAIAKXN_ans-0016,15,similarities,similarities,NOUN,-1,1,After Head,1,0.6931471805599453,12,16,nsubj,11-12,16-20,1-2,"(0.692, 1.386]",72
email-enronsent10_01-0064,7,year,year,NOUN,-5,5,After Head,172,5.153291594497779,4,8,obl:unmarked,3-4,6-10,5-6,"(4.22, 8.54]",322
answers-20111108090524AAofoXT_ans-0005,15,range,range,NOUN,-5,5,After Head,21,3.091042453358316,5,17,nsubj,5-6,16-20,5-6,"(2.833, 3.497]",151
weblog-blogspot.com_rigorousintuition_20060511134300_ENG_20060511_134300-0049,1,will,will,NOUN,3,3,Before Head,827,6.71901315438526,4,2,nsubj,3-4,1-5,3-4,"(4.22, 8.54]",90
answers-20111106144630AAadR8l_ans-0013,1,weapons,weapons,NOUN,3,3,Before Head,35,3.58351893845611,7,3,nsubj,7-8,1-5,3-4,"(3.497, 4.22]",198
answers-20111107211742AAHZaPe_ans-0017,21,chances,chances,NOUN,3,3,Before Head,6,1.9459101490553132,7,24,nsubj,7-8,21-25,3-4,"(1.386, 2.197]",219
email-enronsent07_01-0054,4,day,day,NOUN,-3,3,After Head,171,5.147494476813453,3,5,obl:unmarked,3-4,1-5,3-4,"(4.22, 8.54]",300
weblog-blogspot.com_alaindewitt_20060924104100_ENG_20060924_104100-0061,22,murderer,murderer,NOUN,-5,5,After Head,4,1.6094379124341003,8,23,obl,7-8,21-25,5-6,"(1.386, 2.197]",484
reviews-183518-0007,1,plenty,plenty,NOUN,-1,1,After Head,18,2.9444389791664403,6,3,nsubj,5-6,1-5,1-2,"(2.833, 3.497]",126
reviews-336049-0007,7,lot,lot,NOUN,-2,2,After Head,89,4.499809670330265,3,9,nsubj,3-4,6-10,1-2,"(4.22, 8.54]",118
newsgroup-groups.google.com_alt.animals_0e65f540816d780c_ENG_20041116_124800-0052,4,list,list,NOUN,-4,4,After Head,59,4.0943445622221,4,5,obl,3-4,1-5,3-4,"(3.497, 4.22]",370
weblog-blogspot.com_alaindewitt_20040929103700_ENG_20040929_103700-0051,8,glut,glut,NOUN,-3,3,After Head,1,0.6931471805599453,4,9,nsubj,3-4,6-10,3-4,"(0.692, 1.386]",112
email-enronsent36_02-0052,7,Date,date,NOUN,6,6,Before Head,63,4.1588830833596715,4,8,obl,3-4,6-10,5-6,"(3.497, 4.22]",407
reviews-288163-0006,4,blanket,blanket,NOUN,-4,4,After Head,8,2.1972245773362196,7,5,obl,7-8,1-5,3-4,"(1.386, 2.197]",465
weblog-blogspot.com_rigorousintuition_20060511134300_ENG_20060511_134300-0002,7,end,end,NOUN,-6,6,After Head,83,4.430816798843313,3,8,ccomp,3-4,6-10,5-6,"(4.22, 8.54]",12
weblog-blogspot.com_rigorousintuition_20060511134300_ENG_20060511_134300-0152,3,metal,metal,NOUN,1,1,Before Head,31,3.4657359027997265,5,4,obl:unmarked,5-6,1-5,1-2,"(2.833, 3.497]",323
email-enronsent25_01-0077,2,version,version,NOUN,-3,3,After Head,23,3.1780538303479458,7,4,nsubj,7-8,1-5,3-4,"(2.833, 3.497]",196
email-enronsent17_01-0094,4,marriage,marriage,NOUN,-4,4,After Head,24,3.2188758248682006,8,5,obl,7-8,1-5,3-4,"(2.833, 3.497]",469
weblog-blogspot.com_healingiraq_20040409053012_ENG_20040409_053012-0003,3,talk,talk,NOUN,-1,1,After Head,52,3.970291913552122,4,4,nsubj,3-4,1-5,1-2,"(3.497, 4.22]",87
reviews-377347-0002,2,visit,visit,NOUN,3,3,Before Head,47,3.8712010109078907,5,3,nsubj,5-6,1-5,3-4,"(3.497, 4.22]",129
email-enronsent07_01-0045,32,letter,letter,NOUN,-2,2,After Head,54,4.007333185232471,6,33,nsubj,5-6,31-35,1-2,"(3.497, 4.22]",169
email-enronsent31_01-0060,1,volatilities,volatilities,NOUN,3,3,Before Head,3,1.3862943611198906,12,2,obj,11-12,1-5,3-4,"(0.692, 1.386]",263
answers-20111108082831AAco5PI_ans-0014,11,people,people,NOUN,-1,1,After Head,233,5.455321115357702,6,12,nsubj,5-6,11-15,1-2,"(4.22, 8.54]",142
email-enronsent00_01-0050,5,agenda,agenda,NOUN,-3,3,After Head,4,1.6094379124341003,6,6,nsubj,5-6,6-10,3-4,"(1.386, 2.197]",176
reviews-247097-0005,8,treatment,treatment,NOUN,-6,6,After Head,22,3.1354942159291497,9,9,obl,9-10,6-10,5-6,"(2.833, 3.497]",514
weblog-blogspot.com_rigorousintuition_20060511134300_ENG_20060511_134300-0116,14,day,day,NOUN,6,6,Before Head,171,5.147494476813453,3,15,obl,3-4,11-15,5-6,"(4.22, 8.54]",379
answers-20111108094504AAKrc8F_ans-0013,20,hand,hand,NOUN,-2,2,After Head,46,3.8501476017100584,4,21,obl:unmarked,3-4,21-25,1-2,"(3.497, 4.22]",310
email-enronsent03_01-0078,7,Meeting,meeting,NOUN,2,2,Before Head,71,4.276666119016055,7,8,nsubj,7-8,6-10,1-2,"(4.22, 8.54]",237
newsgroup-groups.google.com_humanities.lit.authors.shakespeare_0018a7697318f71f_ENG_20031006_163200-0110,14,hand,hand,NOUN,-6,6,After Head,46,3.8501476017100584,4,16,advcl,3-4,16-20,5-6,"(3.497, 4.22]",1
reviews-220214-0011,10,area,area,NOUN,4,4,Before Head,63,4.1588830833596715,4,12,obl,3-4,11-15,3-4,"(3.497, 4.22]",375
answers-20111108094740AA1lbom_ans-0003,31,way,way,NOUN,-6,6,After Head,204,5.3230099791384085,3,35,obl,3-4,31-35,5-6,"(4.22, 8.54]",397
answers-20111108101024AANYJpw_ans-0002,4,thing,thing,NOUN,-3,3,After Head,82,4.418840607796598,5,5,nsubj,5-6,1-5,3-4,"(4.22, 8.54]",131
reviews-080178-0004,8,car,car,NOUN,1,1,Before Head,95,4.564348191467836,3,9,nsubj,3-4,6-10,1-2,"(4.22, 8.54]",118
email-enronsent17_01-0025,21,task,task,NOUN,-6,6,After Head,15,2.772588722239781,4,22,advcl,3-4,21-25,5-6,"(2.197, 2.833]",2
reviews-266591-0002,1,food,food,NOUN,3,3,Before Head,167,5.123963979403259,4,2,nsubj,3-4,1-5,3-4,"(4.22, 8.54]",90
weblog-juancole.com_juancole_20040708181175_ENG_20040708_181175-0035,14,region,region,NOUN,-6,6,After Head,30,3.4339872044851463,6,15,obl,5-6,11-15,5-6,"(2.833, 3.497]",427
reviews-389498-0002,20,shops,shops,NOUN,2,2,Before Head,9,2.302585092994046,5,21,nsubj,5-6,21-25,1-2,"(2.197, 2.833]",159
answers-20111108083754AAEw5Xc_ans-0005,4,way,way,NOUN,-3,3,After Head,204,5.3230099791384085,3,5,nsubj,3-4,1-5,3-4,"(4.22, 8.54]",90
email-enronsent38_01-0108,4,No.,no.,NOUN,-1,1,After Head,7,2.0794415416798357,3,5,compound,3-4,1-5,1-2,"(1.386, 2.197]",16
answers-20090605110235AAALlCt_ans-0004,23,volume,volume,NOUN,3,3,Before Head,3,1.3862943611198906,6,25,nsubj,5-6,21-25,3-4,"(0.692, 1.386]",157
reviews-389498-0003,10,cars,cars,NOUN,-2,2,After Head,11,2.4849066497880004,4,11,nsubj,3-4,11-15,1-2,"(2.197, 2.833]",92
weblog-blogspot.com_dakbangla_20041119231111_ENG_20041119_231111-0029,5,initiative,initiative,NOUN,6,6,Before Head,6,1.9459101490553132,10,6,nsubj,9-10,6-10,5-6,"(1.386, 2.197]",258
newsgroup-groups.google.com_humanities.lit.authors.shakespeare_0018a7697318f71f_ENG_20031006_163200-0017,3,plague,plague,NOUN,-2,2,After Head,2,1.0986122886681096,6,4,obl,5-6,1-5,1-2,"(0.692, 1.386]",411
newsgroup-groups.google.com_humanities.lit.authors.shakespeare_0c155162a7dfaf28_ENG_20031127_172200-0013,15,testosterone,testosterone,NOUN,2,2,Before Head,1,0.6931471805599453,12,16,nsubj,11-12,16-20,1-2,"(0.692, 1.386]",72
email-enronsent01_02-0035,17,end,end,NOUN,-6,6,After Head,83,4.430816798843313,3,18,obl,3-4,16-20,5-6,"(4.22, 8.54]",386
reviews-310032-0005,11,time,time,NOUN,6,6,Before Head,397,5.986452005284438,4,12,obl:unmarked,3-4,11-15,5-6,"(4.22, 8.54]",305
answers-20111108092321AAK0Eqp_ans-0015,13,hospital,hospital,NOUN,4,4,Before Head,23,3.1780538303479458,8,14,obl,7-8,11-15,3-4,"(2.833, 3.497]",475
reviews-221664-0002,12,light,light,NOUN,-6,6,After Head,33,3.5263605246161616,5,13,obj,5-6,11-15,5-6,"(3.497, 4.22]",281
newsgroup-groups.google.com_alt.animals_0084bdc731bfc8d8_ENG_20040905_212000-0222,9,politics,politics,NOUN,5,5,Before Head,10,2.3978952727983707,8,10,nsubj,7-8,6-10,5-6,"(2.197, 2.833]",233
weblog-blogspot.com_alaindewitt_20060924104100_ENG_20060924_104100-0141,1,money,money,NOUN,1,1,Before Head,91,4.5217885770490405,5,2,nsubj,5-6,1-5,1-2,"(4.22, 8.54]",130
reviews-225632-0004,8,building,building,NOUN,-3,3,After Head,19,2.995732273553991,8,10,nsubj,7-8,6-10,3-4,"(2.833, 3.497]",235
reviews-110441-0009,4,menu,menu,NOUN,-3,3,After Head,22,3.1354942159291497,4,5,obl,3-4,1-5,3-4,"(2.833, 3.497]",368
email-enronsent34_01-0045,22,email,email,NOUN,-6,6,After Head,68,4.23410650459726,5,24,obl,5-6,21-25,5-6,"(4.22, 8.54]",444
answers-20111108111031AARG57j_ans-0015,5,potty,potty,NOUN,1,1,Before Head,3,1.3862943611198906,5,6,obl:unmarked,5-6,6-10,1-2,"(0.692, 1.386]",338
newsgroup-groups.google.com_alt.animals_0e65f540816d780c_ENG_20041116_124800-0028,5,days,days,NOUN,1,1,Before Head,106,4.672828834461906,4,6,obl:unmarked,3-4,6-10,1-2,"(4.22, 8.54]",320
newsgroup-groups.google.com_alt.animals_02c2d614bfbf6b20_ENG_20050223_232900-0055,5,lions,lions,NOUN,1,1,Before Head,3,1.3862943611198906,5,6,nsubj,5-6,6-10,1-2,"(0.692, 1.386]",173
reviews-034501-0002,17,days,days,NOUN,1,1,Before Head,106,4.672828834461906,4,18,obl:unmarked,3-4,16-20,1-2,"(4.22, 8.54]",307
email-enronsent13_01-0044,3,everyday,everyday,NOUN,-1,1,After Head,4,1.6094379124341003,8,5,obl:unmarked,7-8,1-5,1-2,"(1.386, 2.197]",345
answers-20111108092321AAK0Eqp_ans-0026,9,people,people,NOUN,-2,2,After Head,233,5.455321115357702,6,10,nsubj,5-6,6-10,1-2,"(4.22, 8.54]",186
reviews-039383-0007,4,reason,reason,NOUN,-2,2,After Head,39,3.6888794541139363,6,5,nsubj,5-6,1-5,1-2,"(3.497, 4.22]",128
newsgroup-groups.google.com_magicworld_04c89d43ff4fd6ea_ENG_20050104_152000-0092,8,year,year,NOUN,-6,6,After Head,172,5.153291594497779,4,9,obl:unmarked,3-4,6-10,5-6,"(4.22, 8.54]",322
answers-20111108064026AA86V9T_ans-0024,3,hotels,hotels,NOUN,-2,2,After Head,12,2.5649493574615367,6,4,nsubj,5-6,1-5,1-2,"(2.197, 2.833]",124
weblog-blogspot.com_dakbangla_20050311135387_ENG_20050311_135387-0080,6,comments,comments,NOUN,6,6,Before Head,46,3.8501476017100584,8,7,obl,7-8,6-10,5-6,"(3.497, 4.22]",498
reviews-187875-0002,5,cup,cup,NOUN,-3,3,After Head,2,1.0986122886681096,3,7,obj,3-4,6-10,3-4,"(0.692, 1.386]",272
newsgroup-groups.google.com_alt.animals_0e65f540816d780c_ENG_20041116_124800-0026,11,instance,instance,NOUN,3,3,Before Head,6,1.9459101490553132,8,13,obl,7-8,11-15,3-4,"(1.386, 2.197]",472
reviews-094621-0003,9,cost,cost,NOUN,3,3,Before Head,49,3.912023005428146,4,10,nsubj,3-4,6-10,3-4,"(3.497, 4.22]",117
weblog-juancole.com_juancole_20051126063000_ENG_20051126_063000-0035,11,way,way,NOUN,-2,2,After Head,204,5.3230099791384085,3,12,obl:unmarked,3-4,11-15,1-2,"(4.22, 8.54]",303
weblog-blogspot.com_rigorousintuition_20060511134300_ENG_20060511_134300-0297,1,people,people,NOUN,2,2,Before Head,233,5.455321115357702,6,2,nsubj,5-6,1-5,1-2,"(4.22, 8.54]",130
newsgroup-groups.google.com_IdeaStockExchange_c6ea783ac3f043ba_ENG_20041120_243700-0032,10,view,view,NOUN,2,2,Before Head,20,3.044522437723423,4,12,obl,3-4,11-15,1-2,"(2.833, 3.497]",373
email-enronsent14_01-0043,5,time,time,NOUN,2,2,Before Head,397,5.986452005284438,4,6,nsubj,3-4,6-10,1-2,"(4.22, 8.54]",118
reviews-207629-0003,24,wait,wait,NOUN,-3,3,After Head,46,3.8501476017100584,4,27,nsubj,3-4,26-30,3-4,"(3.497, 4.22]",105
email-enronsent11_01-0061,4,volumes,volumes,NOUN,-2,2,After Head,5,1.791759469228055,7,5,nsubj,7-8,1-5,1-2,"(1.386, 2.197]",192
reviews-128636-0004,15,day,day,NOUN,-6,6,After Head,171,5.147494476813453,3,17,obl,3-4,16-20,5-6,"(4.22, 8.54]",386
weblog-blogspot.com_dakbangla_20050311135387_ENG_20050311_135387-0016,2,bulletin,bulletin,NOUN,4,4,Before Head,2,1.0986122886681096,8,3,obl,7-8,1-5,3-4,"(0.692, 1.386]",463
answers-20111108103930AA7FPhc_ans-0005,1,space,space,NOUN,2,2,Before Head,50,3.9318256327243257,5,2,nsubj,5-6,1-5,1-2,"(3.497, 4.22]",128
answers-20111108104206AAygiaE_ans-0013,23,plenty,plenty,NOUN,-1,1,After Head,18,2.9444389791664403,6,25,nsubj,5-6,21-25,1-2,"(2.833, 3.497]",160
newsgroup-groups.google.com_alt.animals_02c2d614bfbf6b20_ENG_20050223_232900-0030,7,colony,colony,NOUN,-4,4,After Head,2,1.0986122886681096,6,8,nsubj,5-6,6-10,3-4,"(0.692, 1.386]",174
answers-20111108111312AAq4ETn_ans-0024,8,times,times,NOUN,-2,2,After Head,69,4.248495242049359,5,9,obl:unmarked,5-6,6-10,1-2,"(4.22, 8.54]",342
weblog-juancole.com_juancole_20051126063000_ENG_20051126_063000-0040,1,trial,trial,NOUN,1,1,Before Head,9,2.302585092994046,5,2,nsubj,5-6,1-5,1-2,"(2.197, 2.833]",124
reviews-081934-0003,8,years,years,NOUN,3,3,Before Head,150,5.017279836814924,5,9,obl,5-6,6-10,3-4,"(4.22, 8.54]",460
reviews-336049-0002,15,dismay,dismay,NOUN,4,4,Before Head,1,0.6931471805599453,6,16,obl,5-6,16-20,3-4,"(0.692, 1.386]",431
newsgroup-groups.google.com_alt.animals.bears_1125853b1f13cff6_ENG_20040126_171100-0035,5,steps,steps,NOUN,-5,5,After Head,14,2.70805020110221,5,6,nsubj,5-6,6-10,5-6,"(2.197, 2.833]",180
answers-20111108090913AAf83Jh_ans-0015,6,grip,grip,NOUN,-6,6,After Head,5,1.791759469228055,4,7,obl,3-4,6-10,5-6,"(1.386, 2.197]",401
reviews-072507-0004,6,lessons,lessons,NOUN,6,6,Before Head,5,1.791759469228055,7,7,obl,7-8,6-10,5-6,"(1.386, 2.197]",490
answers-20111108092321AAK0Eqp_ans-0005,13,places,places,NOUN,3,3,Before Head,49,3.912023005428146,6,14,obl,5-6,11-15,3-4,"(3.497, 4.22]",428
answers-20111108111107AAlrzok_ans-0007,3,way,way,NOUN,-3,3,After Head,204,5.3230099791384085,3,4,nsubj,3-4,1-5,3-4,"(4.22, 8.54]",90
reviews-196219-0001,4,TIMES,times,NOUN,-4,4,After Head,69,4.248495242049359,5,5,obl:unmarked,5-6,1-5,3-4,"(4.22, 8.54]",327
newsgroup-groups.google.com_civicamerican_22c54c292026bfd2_ENG_20060128_072400-0013,24,work,work,NOUN,-3,3,After Head,213,5.365976015021851,4,25,obl,3-4,21-25,3-4,"(4.22, 8.54]",391
newsgroup-groups.google.com_alt.animals_0e65f540816d780c_ENG_20041116_124800-0034,5,instance,instance,NOUN,3,3,Before Head,6,1.9459101490553132,8,6,obl,7-8,6-10,3-4,"(1.386, 2.197]",489
reviews-281976-0004,4,test,test,NOUN,3,3,Before Head,38,3.6635616461296463,4,5,obl,3-4,1-5,3-4,"(3.497, 4.22]",370
email-enronsent07_01-0096,23,wager,wager,NOUN,3,3,Before Head,2,1.0986122886681096,5,24,nmod,5-6,21-25,3-4,"(0.692, 1.386]",40
weblog-blogspot.com_dakbangla_20041016151002_ENG_20041016_151002-0022,5,time,time,NOUN,6,6,Before Head,397,5.986452005284438,4,6,ccomp,3-4,6-10,5-6,"(4.22, 8.54]",12
answers-20111108104724AAuBUR7_ans-0060,6,acupuncture,acupuncture,NOUN,3,3,Before Head,5,1.791759469228055,11,7,nsubj,11-12,6-10,3-4,"(1.386, 2.197]",75
newsgroup-groups.google.com_INTPunderground_b2c62e87877e4a22_ENG_20050906_165900-0057,15,people,people,NOUN,1,1,Before Head,233,5.455321115357702,6,16,nsubj,5-6,16-20,1-2,"(4.22, 8.54]",154
reviews-229480-0008,7,surgeon,surgeon,NOUN,3,3,Before Head,6,1.9459101490553132,7,8,nsubj,7-8,6-10,3-4,"(1.386, 2.197]",229
email-enronsent37_01-0124,8,morning,morning,NOUN,-6,6,After Head,41,3.7376696182833684,7,9,obl,7-8,6-10,5-6,"(3.497, 4.22]",498
answers-20111107094641AATmyb6_ans-0010,16,district,district,NOUN,-5,5,After Head,6,1.9459101490553132,8,17,nmod,7-8,16-20,5-6,"(1.386, 2.197]",49
reviews-182354-0004,16,time,time,NOUN,-2,2,After Head,397,5.986452005284438,4,17,obl,3-4,16-20,1-2,"(4.22, 8.54]",384
answers-20111107194805AAdINwt_ans-0017,2,bus,bus,NOUN,2,2,Before Head,25,3.258096538021482,3,3,obl,3-4,1-5,1-2,"(2.833, 3.497]",367
answers-20111108105749AABv7vx_ans-0003,5,mile,mile,NOUN,-2,2,After Head,8,2.1972245773362196,4,6,obl:unmarked,3-4,6-10,1-2,"(1.386, 2.197]",316
reviews-023620-0006,12,member,member,NOUN,5,5,Before Head,25,3.258096538021482,6,13,obl,5-6,11-15,5-6,"(2.833, 3.497]",427
weblog-blogspot.com_dakbangla_20041119231111_ENG_20041119_231111-0038,5,lives,lives,NOUN,-5,5,After Head,20,3.044522437723423,5,6,obl,5-6,6-10,5-6,"(2.833, 3.497]",456
newsgroup-groups.google.com_eHolistic_2dd76f31ceb6bfe8_ENG_20050513_224200-0022,3,emails,emails,NOUN,-3,3,After Head,8,2.1972245773362196,6,4,nsubj,5-6,1-5,3-4,"(1.386, 2.197]",123
newsgroup-groups.google.com_magicworld_04c89d43ff4fd6ea_ENG_20050104_152000-0080,16,year,year,NOUN,-5,5,After Head,172,5.153291594497779,4,18,obl:unmarked,3-4,16-20,5-6,"(4.22, 8.54]",308
reviews-308088-0004,4,Manager,manager,NOUN,3,3,Before Head,31,3.4657359027997265,7,5,obl,7-8,1-5,3-4,"(2.833, 3.497]",469
answers-20111108094504AAKrc8F_ans-0013,2,aftershocks,aftershocks,NOUN,3,3,Before Head,2,1.0986122886681096,11,3,obl,11-12,1-5,3-4,"(0.692, 1.386]",358
email-enronsent31_01-0004,16,experiences,experiences,NOUN,6,6,Before Head,11,2.4849066497880004,11,17,obl,11-12,16-20,5-6,"(2.197, 2.833]",360
reviews-351727-0005,18,time,time,NOUN,-2,2,After Head,397,5.986452005284438,4,19,obl:unmarked,3-4,16-20,1-2,"(4.22, 8.54]",307
reviews-004940-0004,2,order,order,NOUN,3,3,Before Head,76,4.343805421853684,5,3,obl,5-6,1-5,3-4,"(4.22, 8.54]",422
answers-20111108082831AAco5PI_ans-0034,3,girl,girl,NOUN,-3,3,After Head,29,3.4011973816621555,4,4,obl,3-4,1-5,3-4,"(2.833, 3.497]",368
answers-20111108101024AANYJpw_ans-0010,5,THING,thing,NOUN,-3,3,After Head,82,4.418840607796598,5,6,nsubj,5-6,6-10,3-4,"(4.22, 8.54]",187
newsgroup-groups.google.com_Meditation20051_1027f5a3651d547c_ENG_20050316_085700-0057,3,steps,steps,NOUN,1,1,Before Head,14,2.70805020110221,5,4,nsubj,5-6,1-5,1-2,"(2.197, 2.833]",124
email-enronsent00_01-0029,2,Privacy,privacy,NOUN,-2,2,After Head,5,1.791759469228055,7,3,nmod,7-8,1-5,1-2,"(1.386, 2.197]",45
newsgroup-groups.google.com_misc.consumers_a534e32067078b08_ENG_20060116_030800-0028,8,power,power,NOUN,6,6,Before Head,75,4.330733340286331,5,9,ccomp,5-6,6-10,5-6,"(4.22, 8.54]",13
reviews-048363-0008,5,lesson,lesson,NOUN,3,3,Before Head,8,2.1972245773362196,6,6,obl,5-6,6-10,3-4,"(1.386, 2.197]",451
answers-20111108110437AA5JNkr_ans-0005,17,action,action,NOUN,-2,2,After Head,24,3.2188758248682006,6,18,nsubj,5-6,16-20,1-2,"(2.833, 3.497]",149
reviews-135010-0008,9,time,time,NOUN,6,6,Before Head,397,5.986452005284438,4,10,obl:unmarked,3-4,6-10,5-6,"(4.22, 8.54]",322
email-enronsent20_01-0003,19,year,year,NOUN,-2,2,After Head,172,5.153291594497779,4,20,nmod,3-4,16-20,1-2,"(4.22, 8.54]",34
newsgroup-groups.google.com_alt.animals_0e65f540816d780c_ENG_20041116_124800-0045,7,report,report,NOUN,1,1,Before Head,53,3.9889840465642745,6,8,nsubj,5-6,6-10,1-2,"(3.497, 4.22]",183
answers-20111108083309AAg9jwT_ans-0010,9,dirt,dirt,NOUN,-1,1,After Head,4,1.6094379124341003,4,10,nsubj,3-4,6-10,1-2,"(1.386, 2.197]",113
newsgroup-groups.google.com_misc.consumers_a534e32067078b08_ENG_20060116_030800-0010,3,options,options,NOUN,2,2,Before Head,35,3.58351893845611,7,4,nsubj,7-8,1-5,1-2,"(3.497, 4.22]",197
answers-20111108104724AAuBUR7_ans-0079,9,horses,horses,NOUN,1,1,Before Head,21,3.091042453358316,6,10,nsubj,5-6,6-10,1-2,"(2.833, 3.497]",181
newsgroup-groups.google.com_magicworld_04c89d43ff4fd6ea_ENG_20050104_152000-0007,28,high,high,NOUN,-6,6,After Head,64,4.174387269895637,4,30,advcl,3-4,26-30,5-6,"(3.497, 4.22]",3
reviews-294081-0005,6,PEANUTS,peanuts,NOUN,-1,1,After Head,2,1.0986122886681096,7,7,nsubj,7-8,6-10,1-2,"(0.692, 1.386]",225
email-enronsent17_01-0090,4,EOL,eol,NOUN,-2,2,After Head,18,2.9444389791664403,3,5,obl,3-4,1-5,1-2,"(2.833, 3.497]",367
reviews-128168-0010,2,ladies,ladies,NOUN,1,1,Before Head,3,1.3862943611198906,6,3,nsubj,5-6,1-5,1-2,"(0.692, 1.386]",120
email-enronsent33_01-0118,2,oppositon,oppositon,NOUN,1,1,Before Head,1,0.6931471805599453,9,4,compound,9-10,1-5,1-2,"(0.692, 1.386]",20
answers-20111108105749AABv7vx_ans-0005,9,house,house,NOUN,-4,4,After Head,64,4.174387269895637,5,10,obl,5-6,6-10,3-4,"(3.497, 4.22]",458
email-enronsent26_01-0053,11,days,days,NOUN,3,3,Before Head,106,4.672828834461906,4,12,nmod:unmarked,3-4,11-15,3-4,"(4.22, 8.54]",26
newsgroup-groups.google.com_GuildWars_086f0f64ab633ab3_ENG_20041111_173500-0002,4,forums,forums,NOUN,-3,3,After Head,2,1.0986122886681096,6,5,nsubj,5-6,1-5,3-4,"(0.692, 1.386]",121
newsgroup-groups.google.com_alt.animals.bear_395d998336aec581_ENG_20031225_105300-0010,11,bear,bear,NOUN,1,1,Before Head,15,2.772588722239781,4,12,nsubj,3-4,11-15,1-2,"(2.197, 2.833]",92
email-enronsent34_01-0076,1,life,life,NOUN,-2,2,After Head,80,4.394449154672439,4,3,nsubj,3-4,1-5,1-2,"(4.22, 8.54]",89
email-enronsent11_01-0099,7,past,past,NOUN,3,3,Before Head,36,3.6109179126442243,4,8,obl,3-4,6-10,3-4,"(3.497, 4.22]",406
email-enronsent14_01-0021,4,time,time,NOUN,-4,4,After Head,397,5.986452005284438,4,5,obl,3-4,1-5,3-4,"(4.22, 8.54]",372
email-enronsent22_01-0070,20,address,address,NOUN,-3,3,After Head,34,3.5553480614894135,7,21,nsubj,7-8,21-25,3-4,"(3.497, 4.22]",221
weblog-blogspot.com_dakbangla_20050311135387_ENG_20050311_135387-0168,11,letter,letter,NOUN,-3,3,After Head,54,4.007333185232471,6,12,obl,5-6,11-15,3-4,"(3.497, 4.22]",428
weblog-blogspot.com_dakbangla_20041016151002_ENG_20041016_151002-0036,11,problems,problems,NOUN,-4,4,After Head,46,3.8501476017100584,8,12,obl,7-8,11-15,3-4,"(3.497, 4.22]",477
reviews-059005-0003,5,morning,morning,NOUN,-4,4,After Head,41,3.7376696182833684,7,6,obl:unmarked,7-8,6-10,3-4,"(3.497, 4.22]",355
newsgroup-groups.google.com_herpesnation_c74170a0fcfdc880_ENG_20051125_075200-0005,16,words,words,NOUN,-4,4,After Head,14,2.70805020110221,5,17,nsubj,5-6,16-20,3-4,"(2.197, 2.833]",148
answers-20111108101300AAIAKXN_ans-0005,4,life,life,NOUN,-4,4,After Head,80,4.394449154672439,4,5,nsubj,3-4,1-5,3-4,"(4.22, 8.54]",90
reviews-022461-0004,6,prices,prices,NOUN,3,3,Before Head,44,3.8066624897703196,6,7,nsubj,5-6,6-10,3-4,"(3.497, 4.22]",184
answers-20111108091921AAaLK4e_ans-0004,4,singles,singles,NOUN,-3,3,After Head,2,1.0986122886681096,7,5,obl,7-8,1-5,3-4,"(0.692, 1.386]",463
weblog-blogspot.com_dakbangla_20050311135387_ENG_20050311_135387-0081,15,charge,charge,NOUN,-3,3,After Head,38,3.6635616461296463,6,16,nsubj,5-6,16-20,3-4,"(3.497, 4.22]",152
newsgroup-groups.google.com_magicworld_04c89d43ff4fd6ea_ENG_20050104_152000-0063,4,horizons,horizons,NOUN,-3,3,After Head,1,0.6931471805599453,8,5,obl,7-8,1-5,3-4,"(0.692, 1.386]",463
reviews-326439-0008,8,SUSHI,sushi,NOUN,3,3,Before Head,8,2.1972245773362196,5,10,nsubj,5-6,6-10,3-4,"(1.386, 2.197]",176
email-enronsent41_01-0003,1,divisions,divisions,NOUN,4,4,Before Head,7,2.0794415416798357,9,2,obl,9-10,1-5,3-4,"(1.386, 2.197]",501
newsgroup-groups.google.com_alt.animals_0e65f540816d780c_ENG_20041116_124800-0047,3,hand,hand,NOUN,4,4,Before Head,46,3.8501476017100584,4,4,obl,3-4,1-5,3-4,"(3.497, 4.22]",370
answers-20111108092029AAsHTYP_ans-0004,4,Silkie,silkie,NOUN,-2,2,After Head,7,2.0794415416798357,6,5,obl,5-6,1-5,1-2,"(1.386, 2.197]",413
reviews-235576-0003,2,doubt,doubt,NOUN,3,3,Before Head,12,2.5649493574615367,5,3,nmod,5-6,1-5,3-4,"(2.197, 2.833]",37
weblog-juancole.com_juancole_20040823064025_ENG_20040823_064025-0044,6,man,man,NOUN,-6,6,After Head,33,3.5263605246161616,3,7,obl,3-4,6-10,5-6,"(3.497, 4.22]",407
reviews-372903-0003,6,essence,essence,NOUN,5,5,Before Head,4,1.6094379124341003,7,8,nmod,7-8,6-10,5-6,"(1.386, 2.197]",53
email-enronsent07_01-0012,7,people,people,NOUN,6,6,Before Head,233,5.455321115357702,6,8,nsubj,5-6,6-10,5-6,"(4.22, 8.54]",188
reviews-158335-0002,25,guys,guys,NOUN,-3,3,After Head,41,3.7376696182833684,4,27,nsubj,3-4,26-30,3-4,"(3.497, 4.22]",105
reviews-341397-0003,4,time,time,NOUN,-2,2,After Head,397,5.986452005284438,4,5,obl,3-4,1-5,1-2,"(4.22, 8.54]",371
weblog-typepad.com_ripples_20040407125600_ENG_20040407_125600-0022,3,wealth,wealth,NOUN,-2,2,After Head,7,2.0794415416798357,6,4,nsubj,5-6,1-5,1-2,"(1.386, 2.197]",122
newsgroup-groups.google.com_IndiaNewsWindow_1405662573fa84ed_ENG_20050831_110400-0017,6,bowl,bowl,NOUN,2,2,Before Head,9,2.302585092994046,4,7,obl:unmarked,3-4,6-10,1-2,"(2.197, 2.833]",317
answers-20111108101850AAhNuvz_ans-0006,11,day,day,NOUN,-6,6,After Head,171,5.147494476813453,3,12,obl,3-4,11-15,5-6,"(4.22, 8.54]",379
answers-20111106144630AAadR8l_ans-0010,6,problem,problem,NOUN,-2,2,After Head,74,4.31748811353631,7,7,nsubj,7-8,6-10,1-2,"(4.22, 8.54]",237
email-enronsent03_01-0056,3,message,message,NOUN,3,3,Before Head,44,3.8066624897703196,7,4,obl,7-8,1-5,3-4,"(3.497, 4.22]",470
email-enronsent36_02-0073,17,days,days,NOUN,3,3,Before Head,106,4.672828834461906,4,18,nmod:unmarked,3-4,16-20,3-4,"(4.22, 8.54]",27
email-enronsent37_01-0036,11,term,term,NOUN,2,2,Before Head,23,3.1780538303479458,4,12,compound,3-4,11-15,1-2,"(2.833, 3.497]",18
email-enronsent02_01-0015,4,differences,differences,NOUN,-2,2,After Head,7,2.0794415416798357,11,5,nsubj,11-12,1-5,1-2,"(1.386, 2.197]",68
reviews-274106-0005,1,Food,food,NOUN,2,2,Before Head,167,5.123963979403259,4,2,nsubj,3-4,1-5,1-2,"(4.22, 8.54]",89
reviews-042416-0005,10,part,part,NOUN,2,2,Before Head,64,4.174387269895637,4,11,nmod,3-4,11-15,1-2,"(3.497, 4.22]",33
newsgroup-groups.google.com_alt.animals.bear_395d998336aec581_ENG_20031225_105300-0005,23,bears,bears,NOUN,-1,1,After Head,8,2.1972245773362196,5,24,nsubj,5-6,21-25,1-2,"(1.386, 2.197]",158
weblog-typepad.com_ripples_20040407125600_ENG_20040407_125600-0012,20,extent,extent,NOUN,2,2,Before Head,5,1.791759469228055,6,21,nmod,5-6,21-25,1-2,"(1.386, 2.197]",41
email-enronsent35_01-0135,4,help,help,NOUN,-4,4,After Head,142,4.962844630259907,4,5,obl,3-4,1-5,3-4,"(4.22, 8.54]",372
reviews-006970-0004,4,morning,morning,NOUN,-3,3,After Head,41,3.7376696182833684,7,5,obl:unmarked,7-8,1-5,3-4,"(3.497, 4.22]",348
email-enronsent13_01-0041,1,info,info,NOUN,-2,2,After Head,23,3.1780538303479458,4,3,nsubj,3-4,1-5,1-2,"(2.833, 3.497]",85
email-enronsent02_01-0052,18,expectation,expectation,NOUN,-2,2,After Head,2,1.0986122886681096,11,19,nsubj,11-12,16-20,1-2,"(0.692, 1.386]",72
newsgroup-groups.google.com_misc.consumers_a534e32067078b08_ENG_20060116_030800-0103,9,recruiting,recruiting,NOUN,6,6,Before Head,7,2.0794415416798357,10,10,nsubj,9-10,6-10,5-6,"(1.386, 2.197]",258
reviews-272836-0003,29,section,section,NOUN,4,4,Before Head,18,2.9444389791664403,7,30,nsubj,7-8,26-30,3-4,"(2.833, 3.497]",223
reviews-018562-0007,11,grandmother,grandmother,NOUN,1,1,Before Head,3,1.3862943611198906,11,12,nsubj,11-12,11-15,1-2,"(0.692, 1.386]",71
answers-20111108110012AAK8Azy_ans-0030,11,example,example,NOUN,6,6,Before Head,23,3.1780538303479458,7,12,nmod,7-8,11-15,5-6,"(2.833, 3.497]",47
email-enronsent03_01-0007,5,today,today,NOUN,-3,3,After Head,65,4.189654742026425,5,6,obl:unmarked,5-6,6-10,3-4,"(3.497, 4.22]",340
weblog-typepad.com_ripples_20040407125600_ENG_20040407_125600-0056,22,doubts,doubts,NOUN,-2,2,After Head,3,1.3862943611198906,6,24,nsubj,5-6,21-25,1-2,"(0.692, 1.386]",156
email-enronsent06_01-0068,24,deadline,deadline,NOUN,-4,4,After Head,3,1.3862943611198906,8,25,obl,7-8,21-25,3-4,"(0.692, 1.386]",483
answers-20111107211742AAHZaPe_ans-0001,12,future,future,NOUN,-2,2,After Head,28,3.367295829986474,6,13,obj,5-6,11-15,1-2,"(2.833, 3.497]",280
answers-20111108092029AAsHTYP_ans-0023,4,toes,toes,NOUN,3,3,Before Head,8,2.1972245773362196,4,5,nsubj,3-4,1-5,3-4,"(1.386, 2.197]",82
weblog-juancole.com_juancole_20040823064025_ENG_20040823_064025-0091,12,guys,guys,NOUN,3,3,Before Head,41,3.7376696182833684,4,14,nsubj,3-4,11-15,3-4,"(3.497, 4.22]",94
reviews-317846-0006,1,staff,staff,NOUN,1,1,Before Head,81,4.406719247264253,5,2,nsubj,5-6,1-5,1-2,"(4.22, 8.54]",130
email-enronsent37_01-0102,10,minutes,minutes,NOUN,3,3,Before Head,44,3.8066624897703196,7,11,obl,7-8,11-15,3-4,"(3.497, 4.22]",477
weblog-blogspot.com_dakbangla_20050311135387_ENG_20050311_135387-0217,3,persuasion,persuasion,NOUN,-3,3,After Head,1,0.6931471805599453,10,4,nsubj,9-10,1-5,3-4,"(0.692, 1.386]",240
newsgroup-groups.google.com_alt.animals_434fe80fb3577e8e_ENG_20031011_200300-0042,26,way,way,NOUN,6,6,Before Head,204,5.3230099791384085,3,27,obl,3-4,26-30,5-6,"(4.22, 8.54]",394
email-enronsent02_01-0046,11,Q1,q1,NOUN,-1,1,After Head,9,2.302585092994046,2,12,nmod:unmarked,1-2,11-15,1-2,"(2.197, 2.833]",21
email-enronsent40_01-0032,4,morning,morning,NOUN,-2,2,After Head,41,3.7376696182833684,7,5,obl:unmarked,7-8,1-5,1-2,"(3.497, 4.22]",347
reviews-112579-0009,9,pastries,pastries,NOUN,-5,5,After Head,1,0.6931471805599453,8,11,nsubj,7-8,11-15,5-6,"(0.692, 1.386]",201
email-enronsent43_01-0081,7,ones,ones,NOUN,-3,3,After Head,36,3.6109179126442243,4,8,obl,3-4,6-10,3-4,"(3.497, 4.22]",406
weblog-blogspot.com_dakbangla_20050311135387_ENG_20050311_135387-0053,2,days,days,NOUN,2,2,Before Head,106,4.672828834461906,4,3,nmod:unmarked,3-4,1-5,1-2,"(4.22, 8.54]",24
newsgroup-groups.google.com_humanities.lit.authors.shakespeare_0c155162a7dfaf28_ENG_20031127_172200-0044,3,couple,couple,NOUN,-2,2,After Head,51,3.9512437185814275,6,4,nsubj,5-6,1-5,1-2,"(3.497, 4.22]",128
newsgroup-groups.google.com_alt.animals_0e65f540816d780c_ENG_20041116_124800-0032,8,cases,cases,NOUN,2,2,Before Head,12,2.5649493574615367,5,9,nmod,5-6,6-10,1-2,"(2.197, 2.833]",44
answers-20111108104206AAygiaE_ans-0011,21,day,day,NOUN,6,6,Before Head,171,5.147494476813453,3,23,obl:unmarked,3-4,21-25,5-6,"(4.22, 8.54]",312
answers-20111108105749AABv7vx_ans-0010,21,home,home,NOUN,-2,2,After Head,99,4.605170185988092,4,22,obl,3-4,21-25,1-2,"(4.22, 8.54]",390
email-enronsent05_02-0053,3,draft,draft,NOUN,-3,3,After Head,41,3.7376696182833684,5,4,nsubj:pass,5-6,1-5,3-4,"(3.497, 4.22]",57
email-enronsent24_01-0119,1,way,way,NOUN,4,4,Before Head,204,5.3230099791384085,3,2,obl:unmarked,3-4,1-5,3-4,"(4.22, 8.54]",300
email-enronsent37_01-0056,4,discussion,discussion,NOUN,-4,4,After Head,12,2.5649493574615367,10,5,obl,9-10,1-5,3-4,"(2.197, 2.833]",503
reviews-110441-0014,8,economy,economy,NOUN,3,3,Before Head,11,2.4849066497880004,7,10,obl,7-8,6-10,3-4,"(2.197, 2.833]",492
reviews-116821-0014,10,service,service,NOUN,-3,3,After Head,163,5.099866427824199,7,12,nsubj,7-8,11-15,3-4,"(4.22, 8.54]",209
reviews-053248-0002,16,people,people,NOUN,-3,3,After Head,233,5.455321115357702,6,17,obj,5-6,16-20,3-4,"(4.22, 8.54]",283
newsgroup-groups.google.com_IndiaNewsWindow_1405662573fa84ed_ENG_20050831_110400-0038,1,media,media,NOUN,2,2,Before Head,27,3.332204510175204,5,2,nsubj,5-6,1-5,1-2,"(2.833, 3.497]",126
answers-20111108065616AAKtL2c_ans-0003,4,time,time,NOUN,-4,4,After Head,397,5.986452005284438,4,5,nsubj,3-4,1-5,3-4,"(4.22, 8.54]",90
email-enronsent20_01-0011,2,respects,respects,NOUN,4,4,Before Head,2,1.0986122886681096,8,3,obl,7-8,1-5,3-4,"(0.692, 1.386]",463
reviews-319816-0028,15,sort,sort,NOUN,-2,2,After Head,18,2.9444389791664403,4,17,nsubj,3-4,16-20,1-2,"(2.833, 3.497]",99
newsgroup-groups.google.com_magicworld_04c89d43ff4fd6ea_ENG_20050104_152000-0078,18,end,end,NOUN,6,6,Before Head,83,4.430816798843313,3,20,obl,3-4,16-20,5-6,"(4.22, 8.54]",386
email-enronsent13_01-0034,6,today,today,NOUN,-1,1,After Head,65,4.189654742026425,5,7,nmod:unmarked,5-6,6-10,1-2,"(3.497, 4.22]",29
reviews-103952-0005,6,weekends,weekends,NOUN,2,2,Before Head,6,1.9459101490553132,8,7,obl,7-8,6-10,1-2,"(1.386, 2.197]",488
answers-20111108093211AA8bYFE_ans-0002,59,wheels,wheels,NOUN,-1,1,After Head,2,1.0986122886681096,6,62,nsubj,5-6,61-65,1-2,"(0.692, 1.386]",189
answers-20111107193815AAhaJjy_ans-0002,12,law,law,NOUN,-3,3,After Head,39,3.6888794541139363,3,13,nsubj,3-4,11-15,3-4,"(3.497, 4.22]",94
reviews-036753-0007,9,shops,shops,NOUN,-5,5,After Head,9,2.302585092994046,5,10,obl,5-6,6-10,5-6,"(2.197, 2.833]",454
answers-20111108082505AAtbdh9_ans-0016,1,kido,kido,NOUN,2,2,Before Head,1,0.6931471805599453,4,2,vocative,3-4,1-5,1-2,"(0.692, 1.386]",515
reviews-376503-0004,7,reviews,reviews,NOUN,5,5,Before Head,28,3.367295829986474,7,8,nmod,7-8,6-10,5-6,"(2.833, 3.497]",54
email-enronsent31_01-0033,7,process,process,NOUN,-6,6,After Head,48,3.8918202981106265,7,8,ccomp,7-8,6-10,5-6,"(3.497, 4.22]",15
email-enronsent17_01-0069,6,cruise,cruise,NOUN,-6,6,After Head,27,3.332204510175204,6,7,obl,5-6,6-10,5-6,"(2.833, 3.497]",456
weblog-blogspot.com_dakbangla_20050311135387_ENG_20050311_135387-0230,11,proceeding,proceeding,NOUN,-6,6,After Head,3,1.3862943611198906,10,12,obl,9-10,11-15,5-6,"(0.692, 1.386]",505
email-enronsent44_01-0008,3,change,change,NOUN,-2,2,After Head,91,4.5217885770490405,6,4,nsubj,5-6,1-5,1-2,"(4.22, 8.54]",130
email-enronsent01_02-0025,3,article,article,NOUN,-3,3,After Head,20,3.044522437723423,7,4,nsubj,7-8,1-5,3-4,"(2.833, 3.497]",196
newsgroup-groups.google.com_alt.animals.bears_1125853b1f13cff6_ENG_20040126_171100-0080,8,file,file,NOUN,-6,6,After Head,41,3.7376696182833684,4,9,obl,3-4,6-10,5-6,"(3.497, 4.22]",407
answers-20111107144339AA0qw5S_ans-0003,3,travels,travels,NOUN,4,4,Before Head,4,1.6094379124341003,7,4,obl,7-8,1-5,3-4,"(1.386, 2.197]",465
reviews-038358-0003,10,way,way,NOUN,6,6,Before Head,204,5.3230099791384085,3,11,advcl,3-4,11-15,5-6,"(4.22, 8.54]",0
email-enronsent43_01-0096,12,rates,rates,NOUN,-6,6,After Head,20,3.044522437723423,5,13,obl,5-6,11-15,5-6,"(2.833, 3.497]",427
answers-20111107144339AA0qw5S_ans-0005,2,time,time,NOUN,3,3,Before Head,397,5.986452005284438,4,3,obl,3-4,1-5,3-4,"(4.22, 8.54]",372
answers-20111108094323AARaBJ5_ans-0007,4,left,left,NOUN,-4,4,After Head,68,4.23410650459726,4,5,obl,3-4,1-5,3-4,"(4.22, 8.54]",372
email-enronsent31_01-0061,12,options,options,NOUN,2,2,Before Head,35,3.58351893845611,7,13,nmod,7-8,11-15,1-2,"(3.497, 4.22]",48
reviews-314974-0006,9,way,way,NOUN,-6,6,After Head,204,5.3230099791384085,3,10,obl,3-4,6-10,5-6,"(4.22, 8.54]",410
weblog-blogspot.com_healingiraq_20040409053012_ENG_20040409_053012-0012,2,rumours,rumours,NOUN,-1,1,After Head,1,0.6931471805599453,7,3,nsubj,7-8,1-5,1-2,"(0.692, 1.386]",190
newsgroup-groups.google.com_GuildWars_086f0f64ab633ab3_ENG_20041111_173500-0027,5,doubt,doubt,NOUN,5,5,Before Head,12,2.5649493574615367,5,6,obl,5-6,6-10,5-6,"(2.197, 2.833]",454
email-enronsent33_01-0067,3,mail,mail,NOUN,2,2,Before Head,19,2.995732273553991,4,4,obl,3-4,1-5,1-2,"(2.833, 3.497]",367
weblog-blogspot.com_alaindewitt_20060924104100_ENG_20060924_104100-0147,18,exposure,exposure,NOUN,6,6,Before Head,9,2.302585092994046,8,19,nsubj,7-8,16-20,5-6,"(2.197, 2.833]",213
answers-20111108085734AATXy0E_ans-0003,31,air,air,NOUN,-2,2,After Head,41,3.7376696182833684,3,32,obl,3-4,31-35,1-2,"(3.497, 4.22]",395
reviews-010393-0005,6,services,services,NOUN,-3,3,After Head,47,3.8712010109078907,8,7,obl,7-8,6-10,3-4,"(3.497, 4.22]",497
weblog-juancole.com_juancole_20040823064025_ENG_20040823_064025-0060,14,campaign,campaign,NOUN,4,4,Before Head,34,3.5553480614894135,8,15,obl,7-8,11-15,3-4,"(3.497, 4.22]",477
reviews-091704-0003,6,change,change,NOUN,4,4,Before Head,91,4.5217885770490405,6,7,obl,5-6,6-10,3-4,"(4.22, 8.54]",460
reviews-101972-0004,3,names,names,NOUN,-2,2,After Head,17,2.8903717578961645,5,4,nsubj,5-6,1-5,1-2,"(2.833, 3.497]",126
answers-20111108104352AASs5OZ_ans-0004,10,week,week,NOUN,1,1,Before Head,89,4.499809670330265,4,11,obl:unmarked,3-4,11-15,1-2,"(4.22, 8.54]",303
answers-20111031103114AA61BW3_ans-0006,9,couple,couple,NOUN,3,3,Before Head,51,3.9512437185814275,6,10,obl:unmarked,5-6,6-10,3-4,"(3.497, 4.22]",340
newsgroup-groups.google.com_civicamerican_22c54c292026bfd2_ENG_20060128_072400-0028,3,system,system,NOUN,3,3,Before Head,52,3.970291913552122,6,4,obl,5-6,1-5,3-4,"(3.497, 4.22]",420
answers-20111108104724AAuBUR7_ans-0003,11,year,year,NOUN,1,1,Before Head,172,5.153291594497779,4,12,nmod:unmarked,3-4,11-15,1-2,"(4.22, 8.54]",25
weblog-blogspot.com_rigorousintuition_20050518101500_ENG_20050518_101500-0019,1,bombings,bombings,NOUN,1,1,Before Head,7,2.0794415416798357,8,2,nsubj,7-8,1-5,1-2,"(1.386, 2.197]",192
reviews-329692-0010,3,studio,studio,NOUN,4,4,Before Head,6,1.9459101490553132,6,4,obl,5-6,1-5,3-4,"(1.386, 2.197]",414
answers-20111108101850AAhNuvz_ans-0011,7,chickens,chickens,NOUN,3,3,Before Head,10,2.3978952727983707,8,8,nsubj,7-8,6-10,3-4,"(2.197, 2.833]",232
weblog-blogspot.com_alaindewitt_20060924104100_ENG_20060924_104100-0243,12,extent,extent,NOUN,3,3,Before Head,5,1.791759469228055,6,13,nmod,5-6,11-15,3-4,"(1.386, 2.197]",38
answers-20111108065616AAKtL2c_ans-0036,3,amnesties,amnesties,NOUN,-2,2,After Head,1,0.6931471805599453,9,4,nsubj,9-10,1-5,1-2,"(0.692, 1.386]",239
reviews-159485-0001,4,times,times,NOUN,3,3,Before Head,69,4.248495242049359,5,5,obl,5-6,1-5,3-4,"(4.22, 8.54]",422
answers-20111108091921AAaLK4e_ans-0019,3,lot,lot,NOUN,3,3,Before Head,89,4.499809670330265,3,4,nsubj,3-4,1-5,3-4,"(4.22, 8.54]",90
newsgroup-groups.google.com_misc.consumers_a534e32067078b08_ENG_20060116_030800-0055,6,possibility,possibility,NOUN,-3,3,After Head,6,1.9459101490553132,11,7,nsubj,11-12,6-10,3-4,"(1.386, 2.197]",75
reviews-084373-0004,3,time,time,NOUN,-2,2,After Head,397,5.986452005284438,4,4,obl,3-4,1-5,1-2,"(4.22, 8.54]",371
weblog-blogspot.com_healingiraq_20050121235804_ENG_20050121_235804-0003,3,doubt,doubt,NOUN,-2,2,After Head,12,2.5649493574615367,5,4,nsubj,5-6,1-5,1-2,"(2.197, 2.833]",124
email-enronsent01_02-0032,30,return,return,NOUN,-4,4,After Head,46,3.8501476017100584,6,32,obl,5-6,31-35,3-4,"(3.497, 4.22]",445
reviews-093655-0005,14,time,time,NOUN,5,5,Before Head,397,5.986452005284438,4,15,obl,3-4,11-15,5-6,"(4.22, 8.54]",379
answers-20111108111031AARG57j_ans-0001,5,year,year,NOUN,1,1,Before Head,172,5.153291594497779,4,6,obl:unmarked,3-4,6-10,1-2,"(4.22, 8.54]",320
weblog-blogspot.com_alaindewitt_20040929103700_ENG_20040929_103700-0045,8,years,years,NOUN,5,5,Before Head,150,5.017279836814924,5,9,obl,5-6,6-10,5-6,"(4.22, 8.54]",461
answers-20111108073322AA27tkh_ans-0006,22,interest,interest,NOUN,-4,4,After Head,23,3.1780538303479458,8,23,obl,7-8,21-25,3-4,"(2.833, 3.497]",485
weblog-blogspot.com_healingiraq_20050121235804_ENG_20050121_235804-0018,7,way,way,NOUN,4,4,Before Head,204,5.3230099791384085,3,8,obl,3-4,6-10,3-4,"(4.22, 8.54]",409
reviews-156460-0006,11,chair,chair,NOUN,-6,6,After Head,15,2.772588722239781,5,12,advcl,5-6,11-15,5-6,"(2.197, 2.833]",4
email-enronsent44_01-0031,3,change,change,NOUN,-2,2,After Head,91,4.5217885770490405,6,4,nsubj,5-6,1-5,1-2,"(4.22, 8.54]",130
weblog-blogspot.com_dakbangla_20050311135387_ENG_20050311_135387-0220,1,reports,reports,NOUN,4,4,Before Head,29,3.4011973816621555,7,2,nsubj,7-8,1-5,3-4,"(2.833, 3.497]",196
answers-20111108111128AAwfype_ans-0012,14,need,need,NOUN,-2,2,After Head,188,5.241747015059643,4,15,nsubj,3-4,11-15,1-2,"(4.22, 8.54]",95
weblog-blogspot.com_dakbangla_20041016151002_ENG_20041016_151002-0060,19,leadership,leadership,NOUN,2,2,Before Head,6,1.9459101490553132,10,21,nsubj,9-10,21-25,1-2,"(1.386, 2.197]",251
answers-20111108100419AAKZvMH_ans-0012,4,snake,snake,NOUN,2,2,Before Head,23,3.1780538303479458,5,5,nsubj,5-6,1-5,1-2,"(2.833, 3.497]",126
newsgroup-groups.google.com_humanities.lit.authors.shakespeare_0c155162a7dfaf28_ENG_20031127_172200-0015,6,population,population,NOUN,1,1,Before Head,23,3.1780538303479458,10,7,nsubj,9-10,6-10,1-2,"(2.833, 3.497]",261
newsgroup-groups.google.com_alt.animals_0e65f540816d780c_ENG_20041116_124800-0026,8,event,event,NOUN,6,6,Before Head,18,2.9444389791664403,5,10,nsubj:pass,5-6,6-10,5-6,"(2.833, 3.497]",60
newsgroup-groups.google.com_humanities.lit.authors.shakespeare_0018a7697318f71f_ENG_20031006_163200-0047,2,year,year,NOUN,1,1,Before Head,172,5.153291594497779,4,3,obl:unmarked,3-4,1-5,1-2,"(4.22, 8.54]",299
email-enronsent24_01-0075,6,home,home,NOUN,-5,5,After Head,99,4.605170185988092,4,7,obl,3-4,6-10,5-6,"(4.22, 8.54]",410
weblog-blogspot.com_alaindewitt_20060924104100_ENG_20060924_104100-0086,4,people,people,NOUN,-3,3,After Head,233,5.455321115357702,6,5,nsubj,5-6,1-5,3-4,"(4.22, 8.54]",131
answers-20111108061322AAQXY59_ans-0005,7,time,time,NOUN,4,4,Before Head,397,5.986452005284438,4,8,obl,3-4,6-10,3-4,"(4.22, 8.54]",409
weblog-blogspot.com_dakbangla_20050311135387_ENG_20050311_135387-0135,22,fact,fact,NOUN,4,4,Before Head,53,3.9889840465642745,4,25,obl,3-4,21-25,3-4,"(3.497, 4.22]",388
answers-20111108065616AAKtL2c_ans-0012,16,suit,suit,NOUN,3,3,Before Head,8,2.1972245773362196,4,17,obj,3-4,16-20,3-4,"(1.386, 2.197]",269
reviews-194316-0002,12,place,place,NOUN,2,2,Before Head,186,5.231108616854587,5,13,nsubj,5-6,11-15,1-2,"(4.22, 8.54]",142
answers-20111108051456AAQJaXR_ans-0013,14,charcoal,charcoal,NOUN,4,4,Before Head,5,1.791759469228055,8,15,nsubj,7-8,11-15,3-4,"(1.386, 2.197]",202
reviews-377347-0003,5,day,day,NOUN,-2,2,After Head,171,5.147494476813453,3,6,obl:unmarked,3-4,6-10,1-2,"(4.22, 8.54]",320
weblog-blogspot.com_rigorousintuition_20060511134300_ENG_20060511_134300-0276,3,questions,questions,NOUN,1,1,Before Head,74,4.31748811353631,9,4,nsubj,9-10,1-5,1-2,"(4.22, 8.54]",244
answers-20111108065616AAKtL2c_ans-0029,4,options,options,NOUN,-3,3,After Head,35,3.58351893845611,7,5,nsubj,7-8,1-5,3-4,"(3.497, 4.22]",198
answers-20111108101300AAIAKXN_ans-0002,16,things,things,NOUN,-4,4,After Head,85,4.454347296253507,6,18,nsubj,5-6,16-20,3-4,"(4.22, 8.54]",155
email-enronsent38_01-0030,41,past,past,NOUN,-6,6,After Head,36,3.6109179126442243,4,43,obl,3-4,41-45,5-6,"(3.497, 4.22]",399
weblog-blogspot.com_dakbangla_20050311135387_ENG_20050311_135387-0197,3,chapter,chapter,NOUN,-3,3,After Head,4,1.6094379124341003,7,5,nsubj,7-8,1-5,3-4,"(1.386, 2.197]",193
newsgroup-groups.google.com_magicworld_04c89d43ff4fd6ea_ENG_20050104_152000-0008,17,vision,vision,NOUN,-4,4,After Head,2,1.0986122886681096,6,18,obl,5-6,16-20,3-4,"(0.692, 1.386]",431
newsgroup-groups.google.com_misc.consumers_a534e32067078b08_ENG_20060116_030800-0078,13,threat,threat,NOUN,-6,6,After Head,25,3.258096538021482,6,14,obl,5-6,11-15,5-6,"(2.833, 3.497]",427
answers-20111108065616AAKtL2c_ans-0063,12,way,way,NOUN,-5,5,After Head,204,5.3230099791384085,3,13,obl,3-4,11-15,5-6,"(4.22, 8.54]",379
newsgroup-groups.google.com_GayMarriage_0ccbb50b41a5830b_ENG_20050321_181500-0008,15,Declaration,declaration,NOUN,-5,5,After Head,11,2.4849066497880004,11,16,obl,11-12,16-20,5-6,"(2.197, 2.833]",360
answers-20111108065616AAKtL2c_ans-0010,4,ideas,ideas,NOUN,-2,2,After Head,13,2.639057329615259,5,5,nsubj,5-6,1-5,1-2,"(2.197, 2.833]",124
weblog-blogspot.com_alaindewitt_20060924104100_ENG_20060924_104100-0119,8,people,people,NOUN,6,6,Before Head,233,5.455321115357702,6,9,nsubj,5-6,6-10,5-6,"(4.22, 8.54]",188
newsgroup-groups.google.com_misc.consumers_a534e32067078b08_ENG_20060116_030800-0099,4,decades,decades,NOUN,1,1,Before Head,9,2.302585092994046,7,5,obl,7-8,1-5,1-2,"(2.197, 2.833]",466
reviews-049766-0005,3,bears,bears,NOUN,-2,2,After Head,8,2.1972245773362196,5,4,nsubj,5-6,1-5,1-2,"(1.386, 2.197]",122
answers-20111108085945AAgJhOG_ans-0001,6,bird,bird,NOUN,-5,5,After Head,19,2.995732273553991,4,7,obj,3-4,6-10,5-6,"(2.833, 3.497]",273
reviews-336049-0004,21,canape's,canape's,NOUN,-2,2,After Head,1,0.6931471805599453,8,22,nsubj,7-8,21-25,1-2,"(0.692, 1.386]",217
answers-20111031103114AA61BW3_ans-0004,12,burgers,burgers,NOUN,-2,2,After Head,2,1.0986122886681096,7,14,nsubj,7-8,11-15,1-2,"(0.692, 1.386]",200
reviews-290594-0007,8,interaction,interaction,NOUN,-3,3,After Head,1,0.6931471805599453,11,9,obl,11-12,6-10,3-4,"(0.692, 1.386]",362
answers-20111108104350AAp4hGP_ans-0007,6,time,time,NOUN,5,5,Before Head,397,5.986452005284438,4,7,obj,3-4,6-10,5-6,"(4.22, 8.54]",275
reviews-162422-0005,4,rudeness,rudeness,NOUN,-4,4,After Head,4,1.6094379124341003,8,5,obl,7-8,1-5,3-4,"(1.386, 2.197]",465
reviews-201972-0004,6,close,close,NOUN,-5,5,After Head,48,3.8918202981106265,5,7,obl,5-6,6-10,5-6,"(3.497, 4.22]",459
reviews-255261-0005,4,holidays,holidays,NOUN,-4,4,After Head,5,1.791759469228055,8,5,obl,7-8,1-5,3-4,"(1.386, 2.197]",465
answers-20111108092029AAsHTYP_ans-0006,17,color,color,NOUN,5,5,Before Head,20,3.044522437723423,5,20,xcomp,5-6,16-20,5-6,"(2.833, 3.497]",517
weblog-blogspot.com_healingiraq_20050121235804_ENG_20050121_235804-0041,7,elections,elections,NOUN,-4,4,After Head,32,3.4965075614664802,9,8,obl,9-10,6-10,3-4,"(2.833, 3.497]",513
reviews-295727-0005,4,day,day,NOUN,-3,3,After Head,171,5.147494476813453,3,5,obl:unmarked,3-4,1-5,3-4,"(4.22, 8.54]",300
email-enronsent38_01-0028,31,affiliate,affiliate,NOUN,-2,2,After Head,1,0.6931471805599453,9,32,nsubj,9-10,31-35,1-2,"(0.692, 1.386]",252
answers-20111107094641AATmyb6_ans-0028,3,tourists,tourists,NOUN,-3,3,After Head,8,2.1972245773362196,8,4,nmod,7-8,1-5,3-4,"(1.386, 2.197]",46
newsgroup-groups.google.com_alt.animals_434fe80fb3577e8e_ENG_20031011_200300-0004,21,way,way,NOUN,2,2,Before Head,204,5.3230099791384085,3,22,obl,3-4,21-25,1-2,"(4.22, 8.54]",390
reviews-188548-0003,9,waitress,waitress,NOUN,-3,3,After Head,4,1.6094379124341003,8,10,nsubj,7-8,6-10,3-4,"(1.386, 2.197]",229
weblog-blogspot.com_alaindewitt_20060924104100_ENG_20060924_104100-0060,6,help,help,NOUN,6,6,Before Head,142,4.962844630259907,4,7,obl,3-4,6-10,5-6,"(4.22, 8.54]",410
answers-20111108072912AAccket_ans-0007,7,office,office,NOUN,-5,5,After Head,85,4.454347296253507,6,9,nsubj,5-6,6-10,5-6,"(4.22, 8.54]",188
email-enronsent13_01-0036,4,handling,handling,NOUN,-4,4,After Head,10,2.3978952727983707,8,5,obl,7-8,1-5,3-4,"(2.197, 2.833]",467
answers-20111108104551AAVAVQR_ans-0009,20,guys,guys,NOUN,-3,3,After Head,41,3.7376696182833684,4,21,nmod,3-4,21-25,3-4,"(3.497, 4.22]",35
reviews-326649-0004,10,appointments,appointments,NOUN,-1,1,After Head,2,1.0986122886681096,12,11,nsubj,11-12,11-15,1-2,"(0.692, 1.386]",71
weblog-juancole.com_juancole_20040823064025_ENG_20040823_064025-0087,13,way,way,NOUN,6,6,Before Head,204,5.3230099791384085,3,14,obl,3-4,11-15,5-6,"(4.22, 8.54]",379
email-enronsent13_01-0110,4,Schedule,schedule,NOUN,-4,4,After Head,22,3.1354942159291497,8,5,nsubj:pass,7-8,1-5,3-4,"(2.833, 3.497]",63
email-enronsent39_01-0013,5,convention,convention,NOUN,6,6,Before Head,3,1.3862943611198906,10,6,obl,9-10,6-10,5-6,"(0.692, 1.386]",510
answers-20111107155912AAS93e5_ans-0019,6,variety,variety,NOUN,-2,2,After Head,10,2.3978952727983707,7,7,nsubj,7-8,6-10,1-2,"(2.197, 2.833]",231
newsgroup-groups.google.com_alt.animals.bears_1125853b1f13cff6_ENG_20040126_171100-0077,5,menu,menu,NOUN,1,1,Before Head,22,3.1354942159291497,4,6,obl,3-4,6-10,1-2,"(2.833, 3.497]",403
reviews-290594-0004,11,place,place,NOUN,-2,2,After Head,186,5.231108616854587,5,13,nsubj,5-6,11-15,1-2,"(4.22, 8.54]",142
email-enronsent25_01-0056,15,way,way,NOUN,-2,2,After Head,204,5.3230099791384085,3,16,obl:unmarked,3-4,16-20,1-2,"(4.22, 8.54]",307
answers-20111108101300AAIAKXN_ans-0006,4,venues,venues,NOUN,-4,4,After Head,1,0.6931471805599453,6,5,nsubj,5-6,1-5,3-4,"(0.692, 1.386]",121
reviews-339176-0005,4,coffee,coffee,NOUN,-3,3,After Head,15,2.772588722239781,6,5,nsubj,5-6,1-5,3-4,"(2.197, 2.833]",125
reviews-043020-0019,21,up,up,NOUN,6,6,Before Head,393,5.976350909297934,2,22,obl,1-2,21-25,5-6,"(4.22, 8.54]",357
reviews-225632-0006,7,proportion,proportion,NOUN,5,5,Before Head,2,1.0986122886681096,10,8,nsubj,9-10,6-10,5-6,"(0.692, 1.386]",256
weblog-blogspot.com_dakbangla_20041016151002_ENG_20041016_151002-0035,7,officers,officers,NOUN,6,6,Before Head,11,2.4849066497880004,8,8,nsubj,7-8,6-10,5-6,"(2.197, 2.833]",233
reviews-148971-0013,13,thanks,thanks,NOUN,5,5,Before Head,45,3.828641396489095,6,14,obl:unmarked,5-6,11-15,5-6,"(3.497, 4.22]",329
reviews-190256-0006,10,guest,guest,NOUN,1,1,Before Head,5,1.791759469228055,5,11,nsubj,5-6,11-15,1-2,"(1.386, 2.197]",134
reviews-295288-0002,11,morning,morning,NOUN,-2,2,After Head,41,3.7376696182833684,7,12,obl:unmarked,7-8,11-15,1-2,"(3.497, 4.22]",350
weblog-blogspot.com_rigorousintuition_20060511134300_ENG_20060511_134300-0274,7,reason,reason,NOUN,4,4,Before Head,39,3.6888794541139363,6,9,obl,5-6,6-10,3-4,"(3.497, 4.22]",458
reviews-149741-0003,14,lot,lot,NOUN,1,1,Before Head,89,4.499809670330265,3,16,obl:unmarked,3-4,16-20,1-2,"(4.22, 8.54]",307
newsgroup-groups.google.com_humanities.lit.authors.shakespeare_0c155162a7dfaf28_ENG_20031127_172200-0016,7,reason,reason,NOUN,-3,3,After Head,39,3.6888794541139363,6,8,nsubj,5-6,6-10,3-4,"(3.497, 4.22]",184
answers-20111107211742AAHZaPe_ans-0002,3,jobs,jobs,NOUN,-2,2,After Head,15,2.772588722239781,4,4,nsubj,3-4,1-5,1-2,"(2.197, 2.833]",83
answers-20111108104724AAuBUR7_ans-0044,14,drag,drag,NOUN,-6,6,After Head,3,1.3862943611198906,4,16,obl,3-4,16-20,5-6,"(0.692, 1.386]",380
email-enronsent38_01-0102,4,No.,no.,NOUN,-1,1,After Head,7,2.0794415416798357,3,5,compound,3-4,1-5,1-2,"(1.386, 2.197]",16
email-enronsent38_01-0123,4,concern,concern,NOUN,-4,4,After Head,20,3.044522437723423,7,5,nsubj,7-8,1-5,3-4,"(2.833, 3.497]",196
newsgroup-groups.google.com_FOOLED_1bf9cdc5a4c2ac48_ENG_20050904_130400-0047,5,webpage,webpage,NOUN,2,2,Before Head,2,1.0986122886681096,7,6,nmod,7-8,6-10,1-2,"(0.692, 1.386]",52
newsgroup-groups.google.com_eHolistic_2dd76f31ceb6bfe8_ENG_20050513_224200-0033,9,month,month,NOUN,-2,2,After Head,52,3.970291913552122,5,10,obl:unmarked,5-6,6-10,1-2,"(3.497, 4.22]",339
answers-20111108103354AAQzdFB_ans-0012,8,cge,cge,NOUN,-5,5,After Head,1,0.6931471805599453,3,9,obl,3-4,6-10,5-6,"(0.692, 1.386]",400
weblog-blogspot.com_dakbangla_20050210141134_ENG_20050210_141134-0024,11,foreigners,foreigners,NOUN,-3,3,After Head,7,2.0794415416798357,10,12,nsubj,9-10,11-15,3-4,"(1.386, 2.197]",247
newsgroup-groups.google.com_alt.animals_02c2d614bfbf6b20_ENG_20050223_232900-0043,3,years,years,NOUN,3,3,Before Head,150,5.017279836814924,5,4,obl,5-6,1-5,3-4,"(4.22, 8.54]",422
email-enronsent33_01-0137,2,time,time,NOUN,3,3,Before Head,397,5.986452005284438,4,3,obl,3-4,1-5,3-4,"(4.22, 8.54]",372
email-enronsent41_01-0106,18,part,part,NOUN,-6,6,After Head,64,4.174387269895637,4,19,obl,3-4,16-20,5-6,"(3.497, 4.22]",383
reviews-313714-0005,10,minutes,minutes,NOUN,1,1,Before Head,44,3.8066624897703196,7,11,obl:unmarked,7-8,11-15,1-2,"(3.497, 4.22]",350
reviews-248027-0004,5,times,times,NOUN,-2,2,After Head,69,4.248495242049359,5,6,obl:unmarked,5-6,6-10,1-2,"(4.22, 8.54]",342
reviews-363873-0003,13,place,place,NOUN,1,1,Before Head,186,5.231108616854587,5,14,nsubj,5-6,11-15,1-2,"(4.22, 8.54]",142
reviews-221664-0007,2,excuse,excuse,NOUN,-2,2,After Head,3,1.3862943611198906,6,4,nsubj,5-6,1-5,1-2,"(0.692, 1.386]",120
email-enronsent05_02-0072,30,fact,fact,NOUN,2,2,Before Head,53,3.9889840465642745,4,31,obl,3-4,31-35,1-2,"(3.497, 4.22]",395
email-enronsent31_01-0035,8,place,place,NOUN,-5,5,After Head,186,5.231108616854587,5,9,ccomp,5-6,6-10,5-6,"(4.22, 8.54]",13
answers-20111108101827AALT6Zq_ans-0004,8,site,site,NOUN,5,5,Before Head,29,3.4011973816621555,4,9,obl,3-4,6-10,5-6,"(2.833, 3.497]",404
newsgroup-groups.google.com_FOOLED_7554c5ce34a5a49e_ENG_20051012_144800-0016,13,today,today,NOUN,-6,6,After Head,65,4.189654742026425,5,15,obl:unmarked,5-6,11-15,5-6,"(3.497, 4.22]",329
answers-20111108111031AARG57j_ans-0002,7,year,year,NOUN,1,1,Before Head,172,5.153291594497779,4,8,obl:unmarked,3-4,6-10,1-2,"(4.22, 8.54]",320
email-enronsent25_01-0081,6,provision,provision,NOUN,-5,5,After Head,4,1.6094379124341003,9,7,nsubj:pass,9-10,6-10,5-6,"(1.386, 2.197]",67
answers-20111108101816AAdTp9M_ans-0001,3,cure,cure,NOUN,-3,3,After Head,6,1.9459101490553132,4,4,nsubj,3-4,1-5,3-4,"(1.386, 2.197]",82
answers-20111108073322AA27tkh_ans-0011,7,years,years,NOUN,6,6,Before Head,150,5.017279836814924,5,8,obl,5-6,6-10,5-6,"(4.22, 8.54]",461
reviews-211797-0007,33,name,name,NOUN,-6,6,After Head,96,4.574710978503383,4,35,obl,3-4,31-35,5-6,"(4.22, 8.54]",397
email-enronsent22_01-0011,9,days,days,NOUN,6,6,Before Head,106,4.672828834461906,4,10,obl,3-4,6-10,5-6,"(4.22, 8.54]",410
email-enronsent07_01-0091,4,today,today,NOUN,-2,2,After Head,65,4.189654742026425,5,5,obl:unmarked,5-6,1-5,1-2,"(3.497, 4.22]",324
newsgroup-groups.google.com_alt.animals_0084bdc731bfc8d8_ENG_20040905_212000-0092,6,war,war,NOUN,5,5,Before Head,65,4.189654742026425,3,7,nsubj:pass,3-4,6-10,5-6,"(3.497, 4.22]",55
weblog-blogspot.com_dakbangla_20041016151002_ENG_20041016_151002-0050,10,agents,agents,NOUN,-6,6,After Head,14,2.70805020110221,6,11,nsubj,5-6,11-15,5-6,"(2.197, 2.833]",138
newsgroup-groups.google.com_eHolistic_417b09016150421f_ENG_20051120_175800-0013,9,Gelceuticals,gelceuticals,NOUN,-1,1,After Head,2,1.0986122886681096,12,10,obj,11-12,6-10,1-2,"(0.692, 1.386]",266
reviews-079375-0006,2,day,day,NOUN,3,3,Before Head,171,5.147494476813453,3,3,obl,3-4,1-5,3-4,"(4.22, 8.54]",372
answers-20111108110012AAK8Azy_ans-0031,33,ventilation,ventilation,NOUN,3,3,Before Head,1,0.6931471805599453,11,34,obl,11-12,31-35,3-4,"(0.692, 1.386]",361
newsgroup-groups.google.com_alt.animals_434fe80fb3577e8e_ENG_20031011_200300-0060,6,misery,misery,NOUN,-1,1,After Head,1,0.6931471805599453,6,7,nsubj,5-6,6-10,1-2,"(0.692, 1.386]",173
weblog-blogspot.com_dakbangla_20050311135387_ENG_20050311_135387-0013,11,ability,ability,NOUN,6,6,Before Head,15,2.772588722239781,7,13,nsubj,7-8,11-15,5-6,"(2.197, 2.833]",205
answers-20111108101850AAhNuvz_ans-0004,6,house,house,NOUN,-5,5,After Head,64,4.174387269895637,5,7,nsubj,5-6,6-10,5-6,"(3.497, 4.22]",185
answers-20111107212131AACQ65F_ans-0015,4,way,way,NOUN,-4,4,After Head,204,5.3230099791384085,3,5,nsubj,3-4,1-5,3-4,"(4.22, 8.54]",90
newsgroup-groups.google.com_eHolistic_417b09016150421f_ENG_20051120_175800-0014,1,company,company,NOUN,2,2,Before Head,85,4.454347296253507,7,2,nsubj,7-8,1-5,1-2,"(4.22, 8.54]",199
email-enronsent05_02-0049,4,tomorrow,tomorrow,NOUN,-1,1,After Head,24,3.2188758248682006,8,6,obl:unmarked,7-8,6-10,1-2,"(2.833, 3.497]",354
weblog-blogspot.com_dakbangla_20050311135387_ENG_20050311_135387-0146,5,reports,reports,NOUN,4,4,Before Head,29,3.4011973816621555,7,6,obl,7-8,6-10,3-4,"(2.833, 3.497]",494
newsgroup-groups.google.com_humanities.lit.authors.shakespeare_0018a7697318f71f_ENG_20031006_163200-0027,15,day,day,NOUN,2,2,Before Head,171,5.147494476813453,3,16,obl,3-4,16-20,1-2,"(4.22, 8.54]",384
answers-20111107193044AAvUYBv_ans-0007,20,mid,mid,NOUN,2,2,Before Head,10,2.3978952727983707,3,21,obl:unmarked,3-4,21-25,1-2,"(2.197, 2.833]",309
reviews-336049-0003,35,table,table,NOUN,-3,3,After Head,16,2.833213344056216,5,36,obl,5-6,36-40,3-4,"(2.197, 2.833]",447
answers-20111108105919AAHXkZF_ans-0015,1,comparison,comparison,NOUN,4,4,Before Head,11,2.4849066497880004,10,2,obl,9-10,1-5,3-4,"(2.197, 2.833]",503
newsgroup-groups.google.com_misc.consumers_628669ce346c590d_ENG_20040527_065700-0015,9,dollars,dollars,NOUN,6,6,Before Head,29,3.4011973816621555,7,10,nsubj:pass,7-8,6-10,5-6,"(2.833, 3.497]",64
newsgroup-groups.google.com_FOOLED_7554c5ce34a5a49e_ENG_20051012_144800-0042,6,race,race,NOUN,6,6,Before Head,7,2.0794415416798357,4,7,obl,3-4,6-10,5-6,"(1.386, 2.197]",401
answers-20111108105629AAiZUDY_ans-0017,3,top,top,NOUN,-2,2,After Head,42,3.7612001156935624,3,4,obl,3-4,1-5,1-2,"(3.497, 4.22]",369
email-enronsent35_01-0015,12,time,time,NOUN,-4,4,After Head,397,5.986452005284438,4,13,nmod:unmarked,3-4,11-15,3-4,"(4.22, 8.54]",26
reviews-217359-0006,2,example,example,NOUN,2,2,Before Head,23,3.1780538303479458,7,3,obl,7-8,1-5,1-2,"(2.833, 3.497]",468
reviews-234261-0004,25,people,people,NOUN,5,5,Before Head,233,5.455321115357702,6,26,nsubj,5-6,26-30,5-6,"(4.22, 8.54]",167
email-enronsent43_01-0135,22,Plan,plan,NOUN,-2,2,After Head,45,3.828641396489095,4,24,obl,3-4,21-25,1-2,"(3.497, 4.22]",387
newsgroup-groups.google.com_INTPunderground_b2c62e87877e4a22_ENG_20050906_165900-0007,22,home,home,NOUN,-2,2,After Head,99,4.605170185988092,4,23,obl,3-4,21-25,1-2,"(4.22, 8.54]",390
weblog-blogspot.com_alaindewitt_20040929103700_ENG_20040929_103700-0074,9,spotlight,spotlight,NOUN,2,2,Before Head,1,0.6931471805599453,9,10,nsubj,9-10,6-10,1-2,"(0.692, 1.386]",255
email-enronsent05_02-0022,4,differential,differential,NOUN,-3,3,After Head,3,1.3862943611198906,12,5,obj,11-12,1-5,3-4,"(0.692, 1.386]",263
reviews-036133-0012,4,cash,cash,NOUN,-2,2,After Head,21,3.091042453358316,4,5,obl,3-4,1-5,1-2,"(2.833, 3.497]",367
reviews-053248-0003,10,experience,experience,NOUN,6,6,Before Head,84,4.442651256490317,10,12,obl,9-10,11-15,5-6,"(4.22, 8.54]",506
weblog-blogspot.com_dakbangla_20050311135387_ENG_20050311_135387-0053,11,threat,threat,NOUN,6,6,Before Head,25,3.258096538021482,6,12,obl,5-6,11-15,5-6,"(2.833, 3.497]",427
email-enronsent31_01-0041,7,finance,finance,NOUN,-4,4,After Head,16,2.833213344056216,7,8,obl,7-8,6-10,3-4,"(2.197, 2.833]",492
answers-20111108073322AA27tkh_ans-0006,34,humanists,humanists,NOUN,1,1,Before Head,1,0.6931471805599453,9,35,nsubj,9-10,31-35,1-2,"(0.692, 1.386]",252
weblog-blogspot.com_rigorousintuition_20060511134300_ENG_20060511_134300-0239,14,containers,containers,NOUN,-3,3,After Head,1,0.6931471805599453,10,15,obl,9-10,11-15,3-4,"(0.692, 1.386]",504
reviews-135010-0007,1,saltimboca,saltimboca,NOUN,2,2,Before Head,1,0.6931471805599453,10,2,nsubj,9-10,1-5,1-2,"(0.692, 1.386]",239
reviews-231203-0004,12,smokers,smokers,NOUN,1,1,Before Head,2,1.0986122886681096,7,14,nsubj,7-8,11-15,1-2,"(0.692, 1.386]",200
answers-20111108065707AAj7DaH_ans-0013,4,details,details,NOUN,-3,3,After Head,17,2.8903717578961645,7,5,nsubj,7-8,1-5,3-4,"(2.833, 3.497]",196
email-enronsent38_01-0047,4,person,person,NOUN,4,4,Before Head,68,4.23410650459726,6,5,nsubj,5-6,1-5,3-4,"(4.22, 8.54]",131
answers-20111107211742AAHZaPe_ans-0007,19,jobs,jobs,NOUN,-2,2,After Head,15,2.772588722239781,4,20,nsubj,3-4,16-20,1-2,"(2.197, 2.833]",98
reviews-047762-0007,5,rooms,rooms,NOUN,-2,2,After Head,16,2.833213344056216,5,6,nmod,5-6,6-10,1-2,"(2.197, 2.833]",44
newsgroup-groups.google.com_INTPunderground_b2c62e87877e4a22_ENG_20050906_165900-0094,2,meanwhile,meanwhile,NOUN,2,2,Before Head,7,2.0794415416798357,9,3,obl,9-10,1-5,1-2,"(1.386, 2.197]",500
reviews-093655-0002,4,place,place,NOUN,2,2,Before Head,186,5.231108616854587,5,5,nsubj,5-6,1-5,1-2,"(4.22, 8.54]",130
newsgroup-groups.google.com_alt.animals_02c2d614bfbf6b20_ENG_20050223_232900-0045,3,agency,agency,NOUN,2,2,Before Head,20,3.044522437723423,6,4,nsubj,5-6,1-5,1-2,"(2.833, 3.497]",126
newsgroup-groups.google.com_alt.animals.cat_01ff709c4bf2c60c_ENG_20040418_040100-0014,2,text,text,NOUN,-3,3,After Head,14,2.70805020110221,4,4,nsubj,3-4,1-5,3-4,"(2.197, 2.833]",84
reviews-338429-0009,4,jail,jail,NOUN,-2,2,After Head,2,1.0986122886681096,4,5,obl,3-4,1-5,1-2,"(0.692, 1.386]",365
newsgroup-groups.google.com_alt.animals.cat_01ff709c4bf2c60c_ENG_20040418_040100-0051,14,year,year,NOUN,1,1,Before Head,172,5.153291594497779,4,15,obl:unmarked,3-4,11-15,1-2,"(4.22, 8.54]",303
newsgroup-groups.google.com_misc.consumers_a534e32067078b08_ENG_20060116_030800-0083,19,result,result,NOUN,6,6,Before Head,23,3.1780538303479458,6,20,obl,5-6,16-20,5-6,"(2.833, 3.497]",436
reviews-086839-0006,15,time,time,NOUN,6,6,Before Head,397,5.986452005284438,4,16,obl:unmarked,3-4,16-20,5-6,"(4.22, 8.54]",308
reviews-231203-0001,4,scoop,scoop,NOUN,-3,3,After Head,2,1.0986122886681096,5,6,nsubj,5-6,6-10,3-4,"(0.692, 1.386]",174
newsgroup-groups.google.com_humanities.lit.authors.shakespeare_0c155162a7dfaf28_ENG_20031127_172200-0046,3,sites,sites,NOUN,-3,3,After Head,11,2.4849066497880004,5,4,nmod,5-6,1-5,3-4,"(2.197, 2.833]",37
email-enronsent34_01-0011,2,sense,sense,NOUN,3,3,Before Head,20,3.044522437723423,5,3,obl,5-6,1-5,3-4,"(2.833, 3.497]",418
weblog-juancole.com_juancole_20051126063000_ENG_20051126_063000-0038,10,eyewitness,eyewitness,NOUN,6,6,Before Head,1,0.6931471805599453,10,11,nsubj,9-10,11-15,5-6,"(0.692, 1.386]",246
email-enronsent14_01-0033,5,number,number,NOUN,-3,3,After Head,177,5.181783550292085,6,6,obl,5-6,6-10,3-4,"(4.22, 8.54]",460
reviews-346960-0003,3,years,years,NOUN,1,1,Before Head,150,5.017279836814924,5,4,obl:unmarked,5-6,1-5,1-2,"(4.22, 8.54]",326
reviews-389498-0002,28,guy,guy,NOUN,3,3,Before Head,37,3.6375861597263857,3,29,nsubj,3-4,26-30,3-4,"(3.497, 4.22]",105
email-enronsent00_01-0026,3,Vice,vice,NOUN,1,1,Before Head,8,2.1972245773362196,4,4,compound,3-4,1-5,1-2,"(1.386, 2.197]",16
answers-20111108102810AAfCh1W_ans-0014,8,lot,lot,NOUN,2,2,Before Head,89,4.499809670330265,3,9,obl:unmarked,3-4,6-10,1-2,"(4.22, 8.54]",320
newsgroup-groups.google.com_alt.animals_0084bdc731bfc8d8_ENG_20040905_212000-0065,5,group,group,NOUN,3,3,Before Head,75,4.330733340286331,5,6,nsubj,5-6,6-10,3-4,"(4.22, 8.54]",187
reviews-325292-0003,6,ways,ways,NOUN,-2,2,After Head,12,2.5649493574615367,4,7,obl:unmarked,3-4,6-10,1-2,"(2.197, 2.833]",317
email-enronsent39_01-0089,15,couple,couple,NOUN,3,3,Before Head,51,3.9512437185814275,6,16,obl:unmarked,5-6,16-20,3-4,"(3.497, 4.22]",333
answers-20111108105520AA73Axw_ans-0045,3,number,number,NOUN,-2,2,After Head,177,5.181783550292085,6,4,obj,5-6,1-5,1-2,"(4.22, 8.54]",278
weblog-blogspot.com_dakbangla_20050311135387_ENG_20050311_135387-0009,16,meeting,meeting,NOUN,6,6,Before Head,71,4.276666119016055,7,17,obl,7-8,16-20,5-6,"(4.22, 8.54]",482
answers-20111108092029AAsHTYP_ans-0011,12,feathers,feathers,NOUN,4,4,Before Head,7,2.0794415416798357,8,13,nsubj,7-8,11-15,3-4,"(1.386, 2.197]",202
answers-20111108065616AAKtL2c_ans-0020,3,age,age,NOUN,-3,3,After Head,19,2.995732273553991,3,4,nsubj,3-4,1-5,3-4,"(2.833, 3.497]",86
email-enronsent10_01-0043,3,draft,draft,NOUN,-3,3,After Head,41,3.7376696182833684,5,4,nsubj:pass,5-6,1-5,3-4,"(3.497, 4.22]",57
answers-20111108105520AA73Axw_ans-0053,2,number,number,NOUN,3,3,Before Head,177,5.181783550292085,6,3,nsubj,5-6,1-5,3-4,"(4.22, 8.54]",131
reviews-369087-0007,1,advisor,advisor,NOUN,1,1,Before Head,2,1.0986122886681096,7,2,nsubj,7-8,1-5,1-2,"(0.692, 1.386]",190
reviews-057386-0003,12,service,service,NOUN,3,3,Before Head,163,5.099866427824199,7,13,nsubj,7-8,11-15,3-4,"(4.22, 8.54]",209
email-enronsent35_01-0014,7,tax,tax,NOUN,2,2,Before Head,29,3.4011973816621555,3,8,obl:unmarked,3-4,6-10,1-2,"(2.833, 3.497]",318
reviews-278775-0006,17,month,month,NOUN,-2,2,After Head,52,3.970291913552122,5,18,obl:unmarked,5-6,16-20,1-2,"(3.497, 4.22]",332
email-enronsent37_01-0100,4,minutes,minutes,NOUN,-3,3,After Head,44,3.8066624897703196,7,5,nsubj,7-8,1-5,3-4,"(3.497, 4.22]",198
reviews-231203-0007,4,result,result,NOUN,4,4,Before Head,23,3.1780538303479458,6,5,nsubj,5-6,1-5,3-4,"(2.833, 3.497]",127
email-enronsent10_01-0005,3,time,time,NOUN,3,3,Before Head,397,5.986452005284438,4,4,obl,3-4,1-5,3-4,"(4.22, 8.54]",372
weblog-blogspot.com_rigorousintuition_20060511134300_ENG_20060511_134300-0079,8,evidence,evidence,NOUN,-2,2,After Head,16,2.833213344056216,8,9,nsubj,7-8,6-10,1-2,"(2.197, 2.833]",231
reviews-324337-0006,8,place,place,NOUN,-6,6,After Head,186,5.231108616854587,5,9,obl,5-6,6-10,5-6,"(4.22, 8.54]",461
answers-20111108080049AAgT0iA_ans-0014,6,mother,mother,NOUN,3,3,Before Head,10,2.3978952727983707,6,7,nsubj,5-6,6-10,3-4,"(2.197, 2.833]",179
reviews-313714-0005,9,couple,couple,NOUN,1,1,Before Head,51,3.9512437185814275,6,10,nmod:unmarked,5-6,6-10,1-2,"(3.497, 4.22]",29
email-enronsent05_02-0021,2,rates,rates,NOUN,3,3,Before Head,20,3.044522437723423,5,3,nsubj,5-6,1-5,3-4,"(2.833, 3.497]",127
email-enronsent15_01-0012,15,month,month,NOUN,-4,4,After Head,52,3.970291913552122,5,16,obl:unmarked,5-6,16-20,3-4,"(3.497, 4.22]",333
weblog-blogspot.com_rigorousintuition_20060511134300_ENG_20060511_134300-0025,7,head,head,NOUN,-4,4,After Head,35,3.58351893845611,4,9,obj,3-4,6-10,3-4,"(3.497, 4.22]",274
reviews-331662-0010,6,meals,meals,NOUN,3,3,Before Head,5,1.791759469228055,5,8,nsubj,5-6,6-10,3-4,"(1.386, 2.197]",176
weblog-blogspot.com_dakbangla_20050311135387_ENG_20050311_135387-0085,27,state,state,NOUN,1,1,Before Head,69,4.248495242049359,5,28,obl:unmarked,5-6,26-30,1-2,"(4.22, 8.54]",337
email-enronsent17_01-0099,25,periods,periods,NOUN,-4,4,After Head,6,1.9459101490553132,7,26,nmod,7-8,26-30,3-4,"(1.386, 2.197]",51
weblog-blogspot.com_rigorousintuition_20060511134300_ENG_20060511_134300-0282,7,problem,problem,NOUN,6,6,Before Head,74,4.31748811353631,7,8,nsubj,7-8,6-10,5-6,"(4.22, 8.54]",238
newsgroup-groups.google.com_GuildWars_086f0f64ab633ab3_ENG_20041111_173500-0040,4,aspects,aspects,NOUN,-3,3,After Head,6,1.9459101490553132,7,5,obl,7-8,1-5,3-4,"(1.386, 2.197]",465
reviews-239035-0003,21,weeks,weeks,NOUN,-2,2,After Head,43,3.784189633918261,5,22,obl:unmarked,5-6,21-25,1-2,"(3.497, 4.22]",336
weblog-typepad.com_ripples_20040407125600_ENG_20040407_125600-0012,12,increase,increase,NOUN,-5,5,After Head,21,3.091042453358316,8,13,nsubj,7-8,11-15,5-6,"(2.833, 3.497]",206
reviews-112661-0007,12,place,place,NOUN,1,1,Before Head,186,5.231108616854587,5,13,nsubj,5-6,11-15,1-2,"(4.22, 8.54]",142
newsgroup-groups.google.com_humanities.lit.authors.shakespeare_0018a7697318f71f_ENG_20031006_163200-0105,4,debate,debate,NOUN,3,3,Before Head,5,1.791759469228055,6,5,obl,5-6,1-5,3-4,"(1.386, 2.197]",414
email-enronsent22_01-0070,2,email,email,NOUN,3,3,Before Head,68,4.23410650459726,5,3,obl,5-6,1-5,3-4,"(4.22, 8.54]",422
email-enronsent35_01-0092,11,issue,issue,NOUN,-6,6,After Head,47,3.8712010109078907,5,12,advcl,5-6,11-15,5-6,"(3.497, 4.22]",5
reviews-094621-0005,1,quote,quote,NOUN,1,1,Before Head,18,2.9444389791664403,5,2,nsubj,5-6,1-5,1-2,"(2.833, 3.497]",126
newsgroup-groups.google.com_herpesnation_c74170a0fcfdc880_ENG_20051125_075200-0002,32,war,war,NOUN,2,2,Before Head,65,4.189654742026425,3,34,nsubj,3-4,31-35,1-2,"(3.497, 4.22]",107
email-enronsent34_01-0027,2,case,case,NOUN,4,4,Before Head,56,4.04305126783455,4,3,obl,3-4,1-5,3-4,"(3.497, 4.22]",370
answers-20111108085734AATXy0E_ans-0003,34,fact,fact,NOUN,6,6,Before Head,53,3.9889840465642745,4,35,obl,3-4,31-35,5-6,"(3.497, 4.22]",396
answers-20111108104551AAVAVQR_ans-0002,11,lot,lot,NOUN,-2,2,After Head,89,4.499809670330265,3,12,obl:unmarked,3-4,11-15,1-2,"(4.22, 8.54]",303
email-enronsent34_01-0077,3,pleasure,pleasure,NOUN,-2,2,After Head,7,2.0794415416798357,8,4,nsubj,7-8,1-5,1-2,"(1.386, 2.197]",192
answers-20111108110329AAxl1pb_ans-0004,7,year,year,NOUN,1,1,Before Head,172,5.153291594497779,4,8,obl:unmarked,3-4,6-10,1-2,"(4.22, 8.54]",320
email-enronsent09_01-0051,3,month,month,NOUN,-3,3,After Head,52,3.970291913552122,5,4,obl:unmarked,5-6,1-5,3-4,"(3.497, 4.22]",325
answers-20111108065616AAKtL2c_ans-0030,3,regions,regions,NOUN,-2,2,After Head,5,1.791759469228055,7,4,nsubj,7-8,1-5,1-2,"(1.386, 2.197]",192
newsgroup-groups.google.com_Meditation20051_1027f5a3651d547c_ENG_20050316_085700-0027,1,secretions,secretions,NOUN,2,2,Before Head,1,0.6931471805599453,10,2,nsubj,9-10,1-5,1-2,"(0.692, 1.386]",239
reviews-361316-0001,4,gate,gate,NOUN,2,2,Before Head,4,1.6094379124341003,4,5,nsubj,3-4,1-5,1-2,"(1.386, 2.197]",81
email-enronsent17_01-0010,7,eSpeakers,espeakers,NOUN,-6,6,After Head,1,0.6931471805599453,9,8,nsubj,9-10,6-10,5-6,"(0.692, 1.386]",256
email-enronsent17_01-0095,13,website,website,NOUN,-4,4,After Head,32,3.4965075614664802,7,14,obl,7-8,11-15,3-4,"(2.833, 3.497]",475
reviews-325292-0002,11,food,food,NOUN,3,3,Before Head,167,5.123963979403259,4,12,nsubj,3-4,11-15,3-4,"(4.22, 8.54]",96
weblog-blogspot.com_rigorousintuition_20060511134300_ENG_20060511_134300-0295,4,lable,lable,NOUN,1,1,Before Head,1,0.6931471805599453,5,5,nsubj,5-6,1-5,1-2,"(0.692, 1.386]",120
answers-20111108105919AAHXkZF_ans-0005,4,years,years,NOUN,1,1,Before Head,150,5.017279836814924,5,5,obl:unmarked,5-6,1-5,1-2,"(4.22, 8.54]",326
email-enronsent39_01-0053,11,commissioners,commissioners,NOUN,-6,6,After Head,4,1.6094379124341003,13,12,obl,13-14,11-15,5-6,"(1.386, 2.197]",364
weblog-blogspot.com_dakbangla_20050311135387_ENG_20050311_135387-0082,16,clumps,clumps,NOUN,-1,1,After Head,1,0.6931471805599453,6,17,nsubj,5-6,16-20,1-2,"(0.692, 1.386]",144
email-enronsent05_02-0092,11,others,others,NOUN,3,3,Before Head,45,3.828641396489095,6,12,obl,5-6,11-15,3-4,"(3.497, 4.22]",428
newsgroup-groups.google.com_humanities.lit.authors.shakespeare_0018a7697318f71f_ENG_20031006_163200-0081,27,emperors,emperors,NOUN,-1,1,After Head,1,0.6931471805599453,8,28,obj,7-8,26-30,1-2,"(0.692, 1.386]",295
answers-20111108101850AAhNuvz_ans-0008,16,chickens,chickens,NOUN,4,4,Before Head,10,2.3978952727983707,8,17,nsubj,7-8,16-20,3-4,"(2.197, 2.833]",212
reviews-325292-0002,10,time,time,NOUN,4,4,Before Head,397,5.986452005284438,4,11,obl:unmarked,3-4,11-15,3-4,"(4.22, 8.54]",304
reviews-345182-0010,14,company,company,NOUN,3,3,Before Head,85,4.454347296253507,7,15,nsubj,7-8,11-15,3-4,"(4.22, 8.54]",209
newsgroup-groups.google.com_alt.animals_434fe80fb3577e8e_ENG_20031011_200300-0054,8,way,way,NOUN,-4,4,After Head,204,5.3230099791384085,3,9,obl,3-4,6-10,3-4,"(4.22, 8.54]",409
weblog-blogspot.com_rigorousintuition_20060511134300_ENG_20060511_134300-0139,5,void,void,NOUN,6,6,Before Head,3,1.3862943611198906,4,6,obl,3-4,6-10,5-6,"(0.692, 1.386]",400
weblog-blogspot.com_alaindewitt_20060924104100_ENG_20060924_104100-0163,9,period,period,NOUN,2,2,Before Head,34,3.5553480614894135,6,10,obl,5-6,6-10,1-2,"(3.497, 4.22]",457
email-enronsent15_01-0023,19,morning,morning,NOUN,-2,2,After Head,41,3.7376696182833684,7,20,obl:unmarked,7-8,16-20,1-2,"(3.497, 4.22]",352
reviews-294081-0010,16,BUNCH,bunch,NOUN,-3,3,After Head,8,2.1972245773362196,5,17,nsubj,5-6,16-20,3-4,"(1.386, 2.197]",147
newsgroup-groups.google.com_alt.animals_0e65f540816d780c_ENG_20041116_124800-0017,23,role,role,NOUN,6,6,Before Head,11,2.4849066497880004,4,24,ccomp,3-4,21-25,5-6,"(2.197, 2.833]",11
newsgroup-groups.google.com_Meditation20052_06390a5f75b2e1f2_ENG_20050316_091700-0024,4,warmth,warmth,NOUN,-1,1,After Head,5,1.791759469228055,6,5,nsubj,5-6,1-5,1-2,"(1.386, 2.197]",122
reviews-263630-0008,4,injury,injury,NOUN,-3,3,After Head,5,1.791759469228055,6,5,obl,5-6,1-5,3-4,"(1.386, 2.197]",414
weblog-blogspot.com_alaindewitt_20060924104100_ENG_20060924_104100-0070,3,front,front,NOUN,-3,3,After Head,48,3.8918202981106265,5,4,obl,5-6,1-5,3-4,"(3.497, 4.22]",420
answers-20111108102621AA3hPqj_ans-0012,6,adaptation,adaptation,NOUN,-3,3,After Head,1,0.6931471805599453,10,7,obl,9-10,6-10,3-4,"(0.692, 1.386]",509
weblog-blogspot.com_dakbangla_20041119231111_ENG_20041119_231111-0002,4,hints,hints,NOUN,-2,2,After Head,3,1.3862943611198906,5,5,nsubj,5-6,1-5,1-2,"(0.692, 1.386]",120
reviews-162422-0013,2,hotel,hotel,NOUN,1,1,Before Head,48,3.8918202981106265,5,3,nsubj,5-6,1-5,1-2,"(3.497, 4.22]",128
reviews-135010-0007,9,mousse,mousse,NOUN,-3,3,After Head,1,0.6931471805599453,6,11,nsubj,5-6,11-15,3-4,"(0.692, 1.386]",133
newsgroup-groups.google.com_civicamerican_22c54c292026bfd2_ENG_20060128_072400-0022,4,lot,lot,NOUN,-2,2,After Head,89,4.499809670330265,3,5,nsubj,3-4,1-5,1-2,"(4.22, 8.54]",89
answers-20111106153454AAgT9Df_ans-0001,7,restaurant,restaurant,NOUN,-4,4,After Head,43,3.784189633918261,10,8,nsubj,9-10,6-10,3-4,"(3.497, 4.22]",262
weblog-blogspot.com_alaindewitt_20060924104100_ENG_20060924_104100-0093,5,head,head,NOUN,-3,3,After Head,35,3.58351893845611,4,6,obl,3-4,6-10,3-4,"(3.497, 4.22]",406
reviews-288100-0005,23,attempts,attempts,NOUN,6,6,Before Head,6,1.9459101490553132,8,24,obl,7-8,21-25,5-6,"(1.386, 2.197]",484
reviews-328828-0003,17,options,options,NOUN,-3,3,After Head,35,3.58351893845611,7,18,obj,7-8,16-20,3-4,"(3.497, 4.22]",293
answers-20111108110012AAK8Azy_ans-0035,8,hours,hours,NOUN,-4,4,After Head,51,3.9512437185814275,5,9,obl:unmarked,5-6,6-10,3-4,"(3.497, 4.22]",340
weblog-blogspot.com_alaindewitt_20060924104100_ENG_20060924_104100-0157,8,schools,schools,NOUN,-5,5,After Head,5,1.791759469228055,7,9,nmod,7-8,6-10,5-6,"(1.386, 2.197]",53
newsgroup-groups.google.com_alt.animals_434fe80fb3577e8e_ENG_20031011_200300-0025,12,quality,quality,NOUN,4,4,Before Head,42,3.7612001156935624,7,13,obj,7-8,11-15,3-4,"(3.497, 4.22]",292
weblog-blogspot.com_alaindewitt_20060924104100_ENG_20060924_104100-0199,3,run,run,NOUN,3,3,Before Head,47,3.8712010109078907,3,4,obl,3-4,1-5,3-4,"(3.497, 4.22]",370
email-enronsent09_01-0035,2,name,name,NOUN,4,4,Before Head,96,4.574710978503383,4,3,obl,3-4,1-5,3-4,"(4.22, 8.54]",372
email-enronsent07_01-0067,10,request,request,NOUN,-5,5,After Head,38,3.6635616461296463,7,11,obl,7-8,11-15,5-6,"(3.497, 4.22]",478
newsgroup-groups.google.com_misc.consumers_a534e32067078b08_ENG_20060116_030800-0075,4,months,months,NOUN,4,4,Before Head,59,4.0943445622221,6,5,obl,5-6,1-5,3-4,"(3.497, 4.22]",420
weblog-blogspot.com_alaindewitt_20060924104100_ENG_20060924_104100-0133,4,examples,examples,NOUN,-3,3,After Head,6,1.9459101490553132,8,5,nsubj,7-8,1-5,3-4,"(1.386, 2.197]",193
newsgroup-groups.google.com_magicworld_04c89d43ff4fd6ea_ENG_20050104_152000-0023,22,year,year,NOUN,-6,6,After Head,172,5.153291594497779,4,23,obl:unmarked,3-4,21-25,5-6,"(4.22, 8.54]",312
reviews-235423-0006,5,order,order,NOUN,1,1,Before Head,76,4.343805421853684,5,7,obj,5-6,6-10,1-2,"(4.22, 8.54]",287
email-enronsent41_01-0112,4,Counterparty,counterparty,NOUN,-4,4,After Head,26,3.295836866004329,12,6,nsubj,11-12,6-10,3-4,"(2.833, 3.497]",78
reviews-026883-0006,2,days,days,NOUN,4,4,Before Head,106,4.672828834461906,4,3,obl,3-4,1-5,3-4,"(4.22, 8.54]",372
reviews-295288-0005,4,day,day,NOUN,-3,3,After Head,171,5.147494476813453,3,5,obl:unmarked,3-4,1-5,3-4,"(4.22, 8.54]",300
reviews-100592-0005,1,guys,guys,NOUN,-1,1,After Head,41,3.7376696182833684,4,2,vocative,3-4,1-5,1-2,"(3.497, 4.22]",516
newsgroup-groups.google.com_GuildWars_086f0f64ab633ab3_ENG_20041111_173500-0021,23,websites,websites,NOUN,-4,4,After Head,4,1.6094379124341003,8,24,nsubj,7-8,21-25,3-4,"(1.386, 2.197]",219
answers-20111108092029AAsHTYP_ans-0014,6,genes,genes,NOUN,1,1,Before Head,2,1.0986122886681096,5,7,nsubj,5-6,6-10,1-2,"(0.692, 1.386]",173
newsgroup-groups.google.com_misc.consumers_a534e32067078b08_ENG_20060116_030800-0030,3,evidence,evidence,NOUN,-2,2,After Head,16,2.833213344056216,8,4,nsubj,7-8,1-5,1-2,"(2.197, 2.833]",194
reviews-018465-0019,5,cast,cast,NOUN,6,6,Before Head,10,2.3978952727983707,4,7,obl,3-4,6-10,5-6,"(2.197, 2.833]",402
newsgroup-groups.google.com_INTPunderground_b2c62e87877e4a22_ENG_20050906_165900-0007,3,press,press,NOUN,3,3,Before Head,27,3.332204510175204,5,4,obl,5-6,1-5,3-4,"(2.833, 3.497]",418
weblog-blogspot.com_alaindewitt_20060924104100_ENG_20060924_104100-0241,2,democracy,democracy,NOUN,2,2,Before Head,11,2.4849066497880004,9,3,obl,9-10,1-5,1-2,"(2.197, 2.833]",502
email-enronsent31_01-0069,7,time,time,NOUN,-6,6,After Head,397,5.986452005284438,4,8,obl,3-4,6-10,5-6,"(4.22, 8.54]",410
answers-20111108104724AAuBUR7_ans-0018,13,signs,signs,NOUN,-3,3,After Head,16,2.833213344056216,5,14,nsubj,5-6,11-15,3-4,"(2.197, 2.833]",137
reviews-366946-0003,21,place,place,NOUN,5,5,Before Head,186,5.231108616854587,5,22,nsubj,5-6,21-25,5-6,"(4.22, 8.54]",163
weblog-juancole.com_juancole_20040823064025_ENG_20040823_064025-0043,10,job,job,NOUN,5,5,Before Head,77,4.356708826689592,3,12,obl,3-4,11-15,5-6,"(4.22, 8.54]",379
answers-20111108092643AAXe4lD_ans-0031,3,lot,lot,NOUN,-3,3,After Head,89,4.499809670330265,3,4,obl,3-4,1-5,3-4,"(4.22, 8.54]",372
weblog-blogspot.com_dakbangla_20050311135387_ENG_20050311_135387-0210,8,recruits,recruits,NOUN,2,2,Before Head,1,0.6931471805599453,8,9,nsubj,7-8,6-10,1-2,"(0.692, 1.386]",225
answers-20111108102810AAfCh1W_ans-0014,19,fusion,fusion,NOUN,1,1,Before Head,2,1.0986122886681096,6,20,nsubj,5-6,16-20,1-2,"(0.692, 1.386]",144
reviews-009596-0003,7,lines,lines,NOUN,4,4,Before Head,19,2.995732273553991,5,8,nsubj,5-6,6-10,3-4,"(2.833, 3.497]",182
newsgroup-groups.google.com_Meditation20052_06390a5f75b2e1f2_ENG_20050316_091700-0047,7,peace,peace,NOUN,-4,4,After Head,39,3.6888794541139363,5,9,obl,5-6,6-10,3-4,"(3.497, 4.22]",458
email-enronsent25_01-0008,10,hours,hours,NOUN,-2,2,After Head,51,3.9512437185814275,5,12,obl:unmarked,5-6,11-15,1-2,"(3.497, 4.22]",328
reviews-217542-0002,6,TIME,time,NOUN,6,6,Before Head,397,5.986452005284438,4,7,obl:unmarked,3-4,6-10,5-6,"(4.22, 8.54]",322
answers-20111108082831AAco5PI_ans-0032,15,view,view,NOUN,3,3,Before Head,20,3.044522437723423,4,17,obl,3-4,16-20,3-4,"(2.833, 3.497]",381
answers-20111108103930AA7FPhc_ans-0007,22,hamster,hamster,NOUN,2,2,Before Head,16,2.833213344056216,7,23,nsubj,7-8,21-25,1-2,"(2.197, 2.833]",220
answers-20111108104724AAuBUR7_ans-0015,7,couple,couple,NOUN,1,1,Before Head,51,3.9512437185814275,6,8,nmod:unmarked,5-6,6-10,1-2,"(3.497, 4.22]",29
weblog-juancole.com_juancole_20040823064025_ENG_20040823_064025-0057,10,counties,counties,NOUN,3,3,Before Head,4,1.6094379124341003,8,11,nsubj,7-8,11-15,3-4,"(1.386, 2.197]",202
weblog-blogspot.com_dakbangla_20041016151002_ENG_20041016_151002-0034,5,elections,elections,NOUN,2,2,Before Head,32,3.4965075614664802,9,6,obl,9-10,6-10,1-2,"(2.833, 3.497]",512
weblog-blogspot.com_rigorousintuition_20060511134300_ENG_20060511_134300-0082,4,case,case,NOUN,-3,3,After Head,56,4.04305126783455,4,5,obl,3-4,1-5,3-4,"(3.497, 4.22]",370
answers-20111108090616AAv6fpU_ans-0014,6,elements,elements,NOUN,-5,5,After Head,9,2.302585092994046,8,7,nsubj,7-8,6-10,5-6,"(2.197, 2.833]",233
email-enronsent34_01-0059,6,today,today,NOUN,-1,1,After Head,65,4.189654742026425,5,7,nmod:unmarked,5-6,6-10,1-2,"(3.497, 4.22]",29
reviews-150192-0001,6,places,places,NOUN,-5,5,After Head,49,3.912023005428146,6,7,nsubj,5-6,6-10,5-6,"(3.497, 4.22]",185
email-enronsent33_01-0164,16,today,today,NOUN,-1,1,After Head,65,4.189654742026425,5,17,obl:unmarked,5-6,16-20,1-2,"(3.497, 4.22]",332
newsgroup-groups.google.com_alt.animals_02c2d614bfbf6b20_ENG_20050223_232900-0054,5,wolves,wolves,NOUN,-4,4,After Head,19,2.995732273553991,6,6,nsubj,5-6,6-10,3-4,"(2.833, 3.497]",182
reviews-011257-0006,1,repair,repair,NOUN,1,1,Before Head,15,2.772588722239781,6,2,nsubj,5-6,1-5,1-2,"(2.197, 2.833]",124
reviews-071278-0007,15,pet,pet,NOUN,4,4,Before Head,31,3.4657359027997265,3,17,nsubj,3-4,16-20,3-4,"(2.833, 3.497]",100
weblog-blogspot.com_dakbangla_20050311135387_ENG_20050311_135387-0011,5,report,report,NOUN,6,6,Before Head,53,3.9889840465642745,6,6,nsubj,5-6,6-10,5-6,"(3.497, 4.22]",185
email-enronsent36_02-0033,7,version,version,NOUN,-6,6,After Head,23,3.1780538303479458,7,8,nsubj:pass,7-8,6-10,5-6,"(2.833, 3.497]",64
reviews-038358-0003,8,economy,economy,NOUN,2,2,Before Head,11,2.4849066497880004,7,9,nsubj,7-8,6-10,1-2,"(2.197, 2.833]",231
weblog-blogspot.com_alaindewitt_20060924104100_ENG_20060924_104100-0227,4,countries,countries,NOUN,2,2,Before Head,35,3.58351893845611,9,5,nsubj,9-10,1-5,1-2,"(3.497, 4.22]",243
email-enronsent43_01-0071,1,telephony,telephony,NOUN,1,1,Before Head,2,1.0986122886681096,9,2,compound,9-10,1-5,1-2,"(0.692, 1.386]",20
email-enronsent31_01-0025,16,energy,energy,NOUN,-2,2,After Head,52,3.970291913552122,6,17,obl,5-6,16-20,1-2,"(3.497, 4.22]",437
email-enronsent30_01-0010,3,week,week,NOUN,-2,2,After Head,89,4.499809670330265,4,4,obl:unmarked,3-4,1-5,1-2,"(4.22, 8.54]",299
answers-20111108110012AAK8Azy_ans-0006,20,hours,hours,NOUN,-4,4,After Head,51,3.9512437185814275,5,21,obj,5-6,21-25,3-4,"(3.497, 4.22]",284
weblog-blogspot.com_rigorousintuition_20060511134300_ENG_20060511_134300-0105,12,officials,officials,NOUN,1,1,Before Head,30,3.4339872044851463,9,13,nsubj,9-10,11-15,1-2,"(2.833, 3.497]",248
reviews-315763-0005,16,location,location,NOUN,3,3,Before Head,20,3.044522437723423,8,17,nsubj,7-8,16-20,3-4,"(2.833, 3.497]",214
reviews-351561-0015,6,girl,girl,NOUN,-5,5,After Head,29,3.4011973816621555,4,7,obl,3-4,6-10,5-6,"(2.833, 3.497]",404
reviews-311138-0002,18,agency,agency,NOUN,-5,5,After Head,20,3.044522437723423,6,19,xcomp,5-6,16-20,5-6,"(2.833, 3.497]",517
answers-20111108094927AA5NjHj_ans-0014,22,size,size,NOUN,6,6,Before Head,16,2.833213344056216,4,23,advcl,3-4,21-25,5-6,"(2.197, 2.833]",2
reviews-247097-0004,4,Decrease,decrease,NOUN,-3,3,After Head,3,1.3862943611198906,8,5,obj,7-8,1-5,3-4,"(0.692, 1.386]",289
newsgroup-groups.google.com_misc.consumers_a534e32067078b08_ENG_20060116_030800-0014,17,decades,decades,NOUN,-2,2,After Head,9,2.302585092994046,7,18,obl:unmarked,7-8,16-20,1-2,"(2.197, 2.833]",351
reviews-121651-0003,18,crew,crew,NOUN,2,2,Before Head,11,2.4849066497880004,4,19,nsubj,3-4,16-20,1-2,"(2.197, 2.833]",98
email-enronsent05_02-0094,12,fashion,fashion,NOUN,-6,6,After Head,4,1.6094379124341003,7,14,obl,7-8,11-15,5-6,"(1.386, 2.197]",473
answers-20111108080100AAJHNUK_ans-0008,5,lot,lot,NOUN,1,1,Before Head,89,4.499809670330265,3,6,obl:unmarked,3-4,6-10,1-2,"(4.22, 8.54]",320
newsgroup-groups.google.com_misc.consumers_628669ce346c590d_ENG_20040527_065700-0017,1,family,family,NOUN,2,2,Before Head,88,4.48863636973214,6,2,nsubj,5-6,1-5,1-2,"(4.22, 8.54]",130
reviews-322225-0005,4,tastings,tastings,NOUN,-4,4,After Head,2,1.0986122886681096,8,5,obj,7-8,1-5,3-4,"(0.692, 1.386]",289
reviews-360937-0008,4,case,case,NOUN,-3,3,After Head,56,4.04305126783455,4,5,obl,3-4,1-5,3-4,"(3.497, 4.22]",370
email-enronsent03_01-0050,5,concern,concern,NOUN,-2,2,After Head,20,3.044522437723423,7,6,nsubj,7-8,6-10,1-2,"(2.833, 3.497]",234
reviews-083459-0002,23,back,back,NOUN,-2,2,After Head,233,5.455321115357702,4,24,obl:unmarked,3-4,21-25,1-2,"(4.22, 8.54]",311
answers-20111108100918AATaSIx_ans-0002,6,fish,fish,NOUN,2,2,Before Head,27,3.332204510175204,4,7,nsubj,3-4,6-10,1-2,"(2.833, 3.497]",114
email-enronsent41_01-0099,16,Parent,parent,NOUN,-5,5,After Head,8,2.1972245773362196,6,17,obl,5-6,16-20,5-6,"(1.386, 2.197]",433
newsgroup-groups.google.com_GayMarriage_0ccbb50b41a5830b_ENG_20050321_181500-0042,2,leaders,leaders,NOUN,3,3,Before Head,35,3.58351893845611,7,3,obl,7-8,1-5,3-4,"(3.497, 4.22]",470
answers-20111107092617AAgKm4X_ans-0039,6,war,war,NOUN,4,4,Before Head,65,4.189654742026425,3,7,nsubj,3-4,6-10,3-4,"(3.497, 4.22]",117
email-enronsent33_01-0007,6,explanation,explanation,NOUN,-6,6,After Head,4,1.6094379124341003,11,7,nsubj,11-12,6-10,5-6,"(1.386, 2.197]",76
weblog-blogspot.com_rigorousintuition_20050518101500_ENG_20050518_101500-0046,18,8th,8th,NOUN,6,6,Before Head,1,0.6931471805599453,3,19,obl,3-4,16-20,5-6,"(0.692, 1.386]",380
answers-20111108103914AAcdeIt_ans-0015,7,bed,bed,NOUN,-5,5,After Head,10,2.3978952727983707,3,8,obl,3-4,6-10,5-6,"(2.197, 2.833]",402
answers-20111108094927AA5NjHj_ans-0009,33,horse,horse,NOUN,6,6,Before Head,52,3.970291913552122,5,34,nsubj,5-6,31-35,5-6,"(3.497, 4.22]",170
newsgroup-groups.google.com_alt.animals_02c2d614bfbf6b20_ENG_20050223_232900-0006,1,part,part,NOUN,4,4,Before Head,64,4.174387269895637,4,2,nmod,3-4,1-5,3-4,"(3.497, 4.22]",32
answers-20111108102428AAMzXRG_ans-0011,10,time,time,NOUN,3,3,Before Head,397,5.986452005284438,4,11,obl:unmarked,3-4,11-15,3-4,"(4.22, 8.54]",304
weblog-blogspot.com_rigorousintuition_20060511134300_ENG_20060511_134300-0174,3,thought,thought,NOUN,-3,3,After Head,55,4.02535169073515,7,4,nsubj,7-8,1-5,3-4,"(3.497, 4.22]",198
reviews-260640-0007,9,parents,parents,NOUN,1,1,Before Head,28,3.367295829986474,7,10,nsubj,7-8,6-10,1-2,"(2.833, 3.497]",234
reviews-091704-0008,17,change,change,NOUN,-4,4,After Head,91,4.5217885770490405,6,18,obl,5-6,16-20,3-4,"(4.22, 8.54]",439
weblog-blogspot.com_rigorousintuition_20050518101500_ENG_20050518_101500-0009,4,week,week,NOUN,-3,3,After Head,89,4.499809670330265,4,5,obl,3-4,1-5,3-4,"(4.22, 8.54]",372
reviews-391012-0007,22,fact,fact,NOUN,2,2,Before Head,53,3.9889840465642745,4,24,obl,3-4,21-25,1-2,"(3.497, 4.22]",387
newsgroup-groups.google.com_IndiaNewsWindow_1405662573fa84ed_ENG_20050831_110400-0026,10,panic,panic,NOUN,-1,1,After Head,2,1.0986122886681096,5,12,nsubj,5-6,11-15,1-2,"(0.692, 1.386]",132
reviews-162422-0015,8,day,day,NOUN,-5,5,After Head,171,5.147494476813453,3,10,obj,3-4,6-10,5-6,"(4.22, 8.54]",275
email-enronsent20_01-0036,5,issues,issues,NOUN,-4,4,After Head,44,3.8066624897703196,6,6,nsubj,5-6,6-10,3-4,"(3.497, 4.22]",184
email-enronsent11_01-0028,1,Stock,stock,NOUN,2,2,Before Head,21,3.091042453358316,5,2,nsubj,5-6,1-5,1-2,"(2.833, 3.497]",126
answers-20111107175720AAlb2TB_ans-0027,12,thing,thing,NOUN,-3,3,After Head,82,4.418840607796598,5,13,nsubj,5-6,11-15,3-4,"(4.22, 8.54]",143
email-enronsent17_01-0106,6,time,time,NOUN,2,2,Before Head,397,5.986452005284438,4,7,nsubj,3-4,6-10,1-2,"(4.22, 8.54]",118
email-enronsent40_01-0017,9,condition,condition,NOUN,-6,6,After Head,13,2.639057329615259,9,10,advcl,9-10,6-10,5-6,"(2.197, 2.833]",9
answers-20111108105919AAHXkZF_ans-0001,4,lifespan,lifespan,NOUN,-4,4,After Head,1,0.6931471805599453,8,5,nsubj,7-8,1-5,3-4,"(0.692, 1.386]",191
reviews-326439-0010,4,CHEF,chef,NOUN,2,2,Before Head,8,2.1972245773362196,4,5,compound,3-4,1-5,1-2,"(1.386, 2.197]",16
newsgroup-groups.google.com_alt.animals_434fe80fb3577e8e_ENG_20031011_200300-0031,9,girlfriend,girlfriend,NOUN,4,4,Before Head,10,2.3978952727983707,10,10,nsubj,9-10,6-10,3-4,"(2.197, 2.833]",259
answers-20111104175256AAL21Ha_ans-0003,6,presence,presence,NOUN,-4,4,After Head,11,2.4849066497880004,8,7,nsubj,7-8,6-10,3-4,"(2.197, 2.833]",232
answers-20111108084355AAvLpRa_ans-0006,25,year,year,NOUN,-2,2,After Head,172,5.153291594497779,4,26,obl:unmarked,3-4,26-30,1-2,"(4.22, 8.54]",313
weblog-blogspot.com_dakbangla_20050311135387_ENG_20050311_135387-0179,3,claim,claim,NOUN,-2,2,After Head,17,2.8903717578961645,5,4,nsubj,5-6,1-5,1-2,"(2.833, 3.497]",126
weblog-blogspot.com_healingiraq_20040409053012_ENG_20040409_053012-0003,7,curfew,curfew,NOUN,3,3,Before Head,1,0.6931471805599453,6,8,nsubj:pass,5-6,6-10,3-4,"(0.692, 1.386]",58
answers-20111108084119AAhsBk8_ans-0015,16,point,point,NOUN,-2,2,After Head,74,4.31748811353631,5,17,nsubj,5-6,16-20,1-2,"(4.22, 8.54]",154
reviews-180886-0002,10,friends,friends,NOUN,3,3,Before Head,50,3.9318256327243257,7,11,nsubj,7-8,11-15,3-4,"(3.497, 4.22]",208
reviews-220214-0002,18,month,month,NOUN,1,1,Before Head,52,3.970291913552122,5,20,obl:unmarked,5-6,16-20,1-2,"(3.497, 4.22]",332
answers-20111107194805AAdINwt_ans-0019,3,bus,bus,NOUN,-3,3,After Head,25,3.258096538021482,3,4,obl,3-4,1-5,3-4,"(2.833, 3.497]",368
weblog-juancole.com_juancole_20040823064025_ENG_20040823_064025-0077,36,bill,bill,NOUN,-5,5,After Head,32,3.4965075614664802,4,37,obl,3-4,36-40,5-6,"(2.833, 3.497]",398
answers-20111108092738AA2dtyW_ans-0008,10,air,air,NOUN,2,2,Before Head,41,3.7376696182833684,3,11,nsubj,3-4,11-15,1-2,"(3.497, 4.22]",93
newsgroup-groups.google.com_humanities.lit.authors.shakespeare_0018a7697318f71f_ENG_20031006_163200-0027,8,father,father,NOUN,-3,3,After Head,15,2.772588722239781,6,9,obl,5-6,6-10,3-4,"(2.197, 2.833]",453
reviews-363685-0010,11,top,top,NOUN,-6,6,After Head,42,3.7612001156935624,3,12,obl,3-4,11-15,5-6,"(3.497, 4.22]",376
weblog-blogspot.com_dakbangla_20041028153019_ENG_20041028_153019-0030,22,generals,generals,NOUN,3,3,Before Head,2,1.0986122886681096,8,23,nsubj,7-8,21-25,3-4,"(0.692, 1.386]",218
newsgroup-groups.google.com_alt.animals_0084bdc731bfc8d8_ENG_20040905_212000-0197,11,Year,year,NOUN,-2,2,After Head,172,5.153291594497779,4,12,obl:unmarked,3-4,11-15,1-2,"(4.22, 8.54]",303
weblog-blogspot.com_rigorousintuition_20050518101500_ENG_20050518_101500-0019,12,regime,regime,NOUN,6,6,Before Head,14,2.70805020110221,6,13,nsubj,5-6,11-15,5-6,"(2.197, 2.833]",138
email-enronsent19_01-0056,1,coordinator's,coordinator's,NOUN,1,1,Before Head,1,0.6931471805599453,13,2,nsubj,13-14,1-5,1-2,"(0.692, 1.386]",79
answers-20111108094831AAnOjgr_ans-0006,23,stop,stop,NOUN,-3,3,After Head,38,3.6635616461296463,4,25,obj,3-4,21-25,3-4,"(3.497, 4.22]",270
weblog-blogspot.com_dakbangla_20050311135387_ENG_20050311_135387-0082,4,dominance,dominance,NOUN,-2,2,After Head,2,1.0986122886681096,9,5,nsubj,9-10,1-5,1-2,"(0.692, 1.386]",239
reviews-361316-0002,4,house,house,NOUN,-3,3,After Head,64,4.174387269895637,5,5,obl,5-6,1-5,3-4,"(3.497, 4.22]",420
reviews-313714-0006,5,child,child,NOUN,1,1,Before Head,20,3.044522437723423,5,6,nsubj,5-6,6-10,1-2,"(2.833, 3.497]",181
weblog-blogspot.com_alaindewitt_20060924104100_ENG_20060924_104100-0088,4,despair,despair,NOUN,-3,3,After Head,2,1.0986122886681096,7,5,nsubj,7-8,1-5,3-4,"(0.692, 1.386]",191
answers-20111108104352AASs5OZ_ans-0009,18,day,day,NOUN,-2,2,After Head,171,5.147494476813453,3,19,obl:unmarked,3-4,16-20,1-2,"(4.22, 8.54]",307
answers-20111108084416AAoPgBv_ans-0002,25,place,place,NOUN,-6,6,After Head,186,5.231108616854587,5,27,nsubj,5-6,26-30,5-6,"(4.22, 8.54]",167
email-enronsent25_01-0007,16,hours,hours,NOUN,-2,2,After Head,51,3.9512437185814275,5,17,obl:unmarked,5-6,16-20,1-2,"(3.497, 4.22]",332
newsgroup-groups.google.com_alt.animals_434fe80fb3577e8e_ENG_20031011_200300-0009,6,murderer,murderer,NOUN,-4,4,After Head,4,1.6094379124341003,8,7,advcl,7-8,6-10,3-4,"(1.386, 2.197]",8
weblog-blogspot.com_dakbangla_20041028153019_ENG_20041028_153019-0010,1,distinction,distinction,NOUN,3,3,Before Head,4,1.6094379124341003,11,2,nsubj,11-12,1-5,3-4,"(1.386, 2.197]",69
answers-20111108105749AABv7vx_ans-0020,13,month,month,NOUN,3,3,Before Head,52,3.970291913552122,5,14,obl,5-6,11-15,3-4,"(3.497, 4.22]",428
answers-20111108100918AATaSIx_ans-0008,4,stores,stores,NOUN,-4,4,After Head,8,2.1972245773362196,6,5,obl,5-6,1-5,3-4,"(1.386, 2.197]",414
newsgroup-groups.google.com_alt.animals.bear_395d998336aec581_ENG_20031225_105300-0008,3,seconds,seconds,NOUN,1,1,Before Head,4,1.6094379124341003,7,4,obl:unmarked,7-8,1-5,1-2,"(1.386, 2.197]",345
newsgroup-groups.google.com_INTPunderground_b2c62e87877e4a22_ENG_20050906_165900-0078,1,cousins,cousins,NOUN,4,4,Before Head,1,0.6931471805599453,7,2,nsubj:pass,7-8,1-5,3-4,"(0.692, 1.386]",61
weblog-juancole.com_juancole_20040823064025_ENG_20040823_064025-0012,4,thing,thing,NOUN,-3,3,After Head,82,4.418840607796598,5,5,obj,5-6,1-5,3-4,"(4.22, 8.54]",279
reviews-109263-0001,9,times,times,NOUN,4,4,Before Head,69,4.248495242049359,5,10,obl:unmarked,5-6,6-10,3-4,"(4.22, 8.54]",343
email-enronsent42_01-0076,3,trip,trip,NOUN,-3,3,After Head,31,3.4657359027997265,4,4,nsubj,3-4,1-5,3-4,"(2.833, 3.497]",86
reviews-308387-0004,13,DAY,day,NOUN,6,6,Before Head,171,5.147494476813453,3,14,obl,3-4,11-15,5-6,"(4.22, 8.54]",379
weblog-typepad.com_ripples_20040407125600_ENG_20040407_125600-0002,25,effect,effect,NOUN,3,3,Before Head,8,2.1972245773362196,6,26,obj,5-6,26-30,3-4,"(1.386, 2.197]",285
reviews-009970-0006,5,family,family,NOUN,1,1,Before Head,88,4.48863636973214,6,6,obl:unmarked,5-6,6-10,1-2,"(4.22, 8.54]",342
email-enronsent37_01-0101,4,remainder,remainder,NOUN,-3,3,After Head,3,1.3862943611198906,9,5,obl,9-10,1-5,3-4,"(0.692, 1.386]",499
newsgroup-groups.google.com_misc.consumers_a534e32067078b08_ENG_20060116_030800-0035,8,brief,brief,NOUN,-3,3,After Head,7,2.0794415416798357,5,9,nsubj,5-6,6-10,3-4,"(1.386, 2.197]",176
answers-20111108110329AAxl1pb_ans-0015,4,male,male,NOUN,2,2,Before Head,19,2.995732273553991,4,5,nsubj,3-4,1-5,1-2,"(2.833, 3.497]",85
answers-20111107194625AAAUBXm_ans-0015,8,clay,clay,NOUN,1,1,Before Head,6,1.9459101490553132,4,9,nsubj,3-4,6-10,1-2,"(1.386, 2.197]",113
reviews-240287-0003,11,prices,prices,NOUN,2,2,Before Head,44,3.8066624897703196,6,13,nsubj,5-6,11-15,1-2,"(3.497, 4.22]",141
answers-20111108104350AAp4hGP_ans-0011,11,bit,bit,NOUN,-3,3,After Head,55,4.02535169073515,3,12,obl:unmarked,3-4,11-15,3-4,"(3.497, 4.22]",302
reviews-266591-0005,4,day,day,NOUN,-2,2,After Head,171,5.147494476813453,3,5,obl:unmarked,3-4,1-5,1-2,"(4.22, 8.54]",299
email-enronsent43_01-0038,1,execution,execution,NOUN,4,4,Before Head,8,2.1972245773362196,9,2,obl,9-10,1-5,3-4,"(1.386, 2.197]",501
email-enronsent39_01-0017,9,members,members,NOUN,-2,2,After Head,42,3.7612001156935624,7,10,obl,7-8,6-10,1-2,"(3.497, 4.22]",496
newsgroup-groups.google.com_alt.animals_02c2d614bfbf6b20_ENG_20050223_232900-0054,17,lions,lions,NOUN,-5,5,After Head,3,1.3862943611198906,5,18,nsubj,5-6,16-20,5-6,"(0.692, 1.386]",145
newsgroup-groups.google.com_alt.animals_0e65f540816d780c_ENG_20041116_124800-0005,9,degrees,degrees,NOUN,6,6,Before Head,8,2.1972245773362196,7,10,obl:unmarked,7-8,6-10,5-6,"(1.386, 2.197]",353
reviews-093655-0003,2,past,past,NOUN,3,3,Before Head,36,3.6109179126442243,4,3,obl,3-4,1-5,3-4,"(3.497, 4.22]",370
reviews-042416-0003,11,hosts,hosts,NOUN,1,1,Before Head,4,1.6094379124341003,5,12,nsubj,5-6,11-15,1-2,"(1.386, 2.197]",134
newsgroup-groups.google.com_alt.animals.bear_395d998336aec581_ENG_20031225_105300-0021,4,fur,fur,NOUN,-2,2,After Head,1,0.6931471805599453,3,5,nsubj,3-4,1-5,1-2,"(0.692, 1.386]",80
email-enronsent01_02-0004,7,help,help,NOUN,4,4,Before Head,142,4.962844630259907,4,9,obl,3-4,6-10,3-4,"(4.22, 8.54]",409
weblog-blogspot.com_healingiraq_20050121235804_ENG_20050121_235804-0003,33,time,time,NOUN,6,6,Before Head,397,5.986452005284438,4,34,obl,3-4,31-35,5-6,"(4.22, 8.54]",397
email-enronsent41_01-0071,7,entities,entities,NOUN,4,4,Before Head,7,2.0794415416798357,8,8,advcl,7-8,6-10,3-4,"(1.386, 2.197]",8
email-enronsent38_01-0013,10,deposit,deposit,NOUN,-4,4,After Head,6,1.9459101490553132,7,11,obl,7-8,11-15,3-4,"(1.386, 2.197]",472
answers-20111108094740AA1lbom_ans-0004,1,fact,fact,NOUN,3,3,Before Head,53,3.9889840465642745,4,2,obl,3-4,1-5,3-4,"(3.497, 4.22]",370
reviews-269560-0001,4,weekend,weekend,NOUN,-3,3,After Head,26,3.295836866004329,7,5,obl:unmarked,7-8,1-5,3-4,"(2.833, 3.497]",346
reviews-290594-0006,19,owners,owners,NOUN,2,2,Before Head,15,2.772588722239781,6,22,nsubj,5-6,21-25,1-2,"(2.197, 2.833]",159
email-enronsent22_01-0012,11,lawyers,lawyers,NOUN,-5,5,After Head,9,2.302585092994046,7,12,obl,7-8,11-15,5-6,"(2.197, 2.833]",474
reviews-069995-0005,8,staff,staff,NOUN,1,1,Before Head,81,4.406719247264253,5,9,nsubj,5-6,6-10,1-2,"(4.22, 8.54]",186
weblog-juancole.com_juancole_20040823064025_ENG_20040823_064025-0065,9,election,election,NOUN,6,6,Before Head,9,2.302585092994046,8,10,obl,7-8,6-10,5-6,"(2.197, 2.833]",493
newsgroup-groups.google.com_alt.animals_02c2d614bfbf6b20_ENG_20050223_232900-0005,8,grandma,grandma,NOUN,-6,6,After Head,3,1.3862943611198906,7,10,obj,7-8,6-10,5-6,"(0.692, 1.386]",297
newsgroup-groups.google.com_Meditation20051_1027f5a3651d547c_ENG_20050316_085700-0037,4,expression,expression,NOUN,-4,4,After Head,4,1.6094379124341003,10,5,obl,9-10,1-5,3-4,"(1.386, 2.197]",501
reviews-272836-0002,4,college,college,NOUN,-3,3,After Head,16,2.833213344056216,7,5,obl,7-8,1-5,3-4,"(2.197, 2.833]",467
reviews-336049-0003,19,mins,mins,NOUN,-3,3,After Head,6,1.9459101490553132,4,20,obj,3-4,16-20,3-4,"(1.386, 2.197]",269
reviews-216456-0009,3,times,times,NOUN,-2,2,After Head,69,4.248495242049359,5,4,obl:unmarked,5-6,1-5,1-2,"(4.22, 8.54]",326
answers-20111107152509AA78ktV_ans-0002,29,pros,pros,NOUN,-3,3,After Head,5,1.791759469228055,4,31,nsubj,3-4,31-35,3-4,"(1.386, 2.197]",106
reviews-081934-0004,29,reviews,reviews,NOUN,-3,3,After Head,28,3.367295829986474,7,30,nsubj,7-8,26-30,3-4,"(2.833, 3.497]",223
newsgroup-groups.google.com_alt.animals_0e65f540816d780c_ENG_20041116_124800-0026,4,studies,studies,NOUN,6,6,Before Head,9,2.302585092994046,7,6,obl,7-8,6-10,5-6,"(2.197, 2.833]",493
email-enronsent09_01-0058,2,one,one,NOUN,3,3,Before Head,473,6.161207321695077,3,3,nsubj,3-4,1-5,3-4,"(4.22, 8.54]",90
weblog-blogspot.com_rigorousintuition_20060511134300_ENG_20060511_134300-0067,6,people,people,NOUN,6,6,Before Head,233,5.455321115357702,6,7,ccomp,5-6,6-10,5-6,"(4.22, 8.54]",13
newsgroup-groups.google.com_magicworld_04c89d43ff4fd6ea_ENG_20050104_152000-0030,14,lot,lot,NOUN,1,1,Before Head,89,4.499809670330265,3,17,obl:unmarked,3-4,16-20,1-2,"(4.22, 8.54]",307
reviews-188548-0012,3,places,places,NOUN,-2,2,After Head,49,3.912023005428146,6,4,nsubj,5-6,1-5,1-2,"(3.497, 4.22]",128
weblog-blogspot.com_rigorousintuition_20060511134300_ENG_20060511_134300-0270,5,today,today,NOUN,-4,4,After Head,65,4.189654742026425,5,6,obl:unmarked,5-6,6-10,3-4,"(3.497, 4.22]",340
weblog-blogspot.com_dakbangla_20041016151002_ENG_20041016_151002-0014,30,level,level,NOUN,4,4,Before Head,36,3.6109179126442243,5,31,obl,5-6,31-35,3-4,"(3.497, 4.22]",445
answers-20111107194625AAAUBXm_ans-0012,3,way,way,NOUN,-3,3,After Head,204,5.3230099791384085,3,4,nsubj,3-4,1-5,3-4,"(4.22, 8.54]",90
email-enronsent38_01-0094,4,No.,no.,NOUN,-1,1,After Head,7,2.0794415416798357,3,5,compound,3-4,1-5,1-2,"(1.386, 2.197]",16
email-enronsent07_01-0079,12,concerns,concerns,NOUN,-1,1,After Head,13,2.639057329615259,8,13,nsubj,7-8,11-15,1-2,"(2.197, 2.833]",204
email-enronsent40_01-0086,4,noon,noon,NOUN,-3,3,After Head,7,2.0794415416798357,4,5,obl,3-4,1-5,3-4,"(1.386, 2.197]",366
reviews-095040-0002,5,buyers,buyers,NOUN,6,6,Before Head,2,1.0986122886681096,6,6,obl,5-6,6-10,5-6,"(0.692, 1.386]",449
answers-20111108110329AAxl1pb_ans-0045,10,tails,tails,NOUN,2,2,Before Head,1,0.6931471805599453,5,11,nsubj,5-6,11-15,1-2,"(0.692, 1.386]",132
weblog-blogspot.com_dakbangla_20050210141134_ENG_20050210_141134-0041,7,officials,officials,NOUN,4,4,Before Head,30,3.4339872044851463,9,8,obl,9-10,6-10,3-4,"(2.833, 3.497]",513
email-enronsent08_02-0059,4,tommorow,tommorow,NOUN,-4,4,After Head,1,0.6931471805599453,8,5,obl:unmarked,7-8,1-5,3-4,"(0.692, 1.386]",344
reviews-039383-0008,2,sandwich,sandwich,NOUN,1,1,Before Head,6,1.9459101490553132,8,3,nsubj,7-8,1-5,1-2,"(1.386, 2.197]",192
reviews-290594-0009,5,lot,lot,NOUN,-2,2,After Head,89,4.499809670330265,3,6,obl:unmarked,3-4,6-10,1-2,"(4.22, 8.54]",320
reviews-055976-0005,5,doctor,doctor,NOUN,1,1,Before Head,34,3.5553480614894135,6,6,nsubj,5-6,6-10,1-2,"(3.497, 4.22]",183
answers-20111108111107AAlrzok_ans-0011,32,time,time,NOUN,-3,3,After Head,397,5.986452005284438,4,34,obl:unmarked,3-4,31-35,3-4,"(4.22, 8.54]",314
weblog-blogspot.com_rigorousintuition_20060511134300_ENG_20060511_134300-0236,7,fall,fall,NOUN,-6,6,After Head,25,3.258096538021482,4,8,obl,3-4,6-10,5-6,"(2.833, 3.497]",404
newsgroup-groups.google.com_magicworld_04c89d43ff4fd6ea_ENG_20050104_152000-0048,14,end,end,NOUN,4,4,Before Head,83,4.430816798843313,3,16,obl,3-4,16-20,3-4,"(4.22, 8.54]",385
email-enronsent17_01-0006,8,cases,cases,NOUN,3,3,Before Head,12,2.5649493574615367,5,9,obl,5-6,6-10,3-4,"(2.197, 2.833]",453
email-enronsent10_01-0023,4,message,message,NOUN,-3,3,After Head,44,3.8066624897703196,7,5,obl,7-8,1-5,3-4,"(3.497, 4.22]",470
email-enronsent35_01-0004,4,invitaion,invitaion,NOUN,-4,4,After Head,1,0.6931471805599453,9,5,obl,9-10,1-5,3-4,"(0.692, 1.386]",499
weblog-blogspot.com_alaindewitt_20060924104100_ENG_20060924_104100-0067,3,lines,lines,NOUN,-3,3,After Head,19,2.995732273553991,5,4,obl,5-6,1-5,3-4,"(2.833, 3.497]",418
answers-20111108065616AAKtL2c_ans-0074,8,week,week,NOUN,1,1,Before Head,89,4.499809670330265,4,9,obl:unmarked,3-4,6-10,1-2,"(4.22, 8.54]",320
answers-20111108104724AAuBUR7_ans-0075,9,farmers,farmers,NOUN,2,2,Before Head,1,0.6931471805599453,7,10,nsubj,7-8,6-10,1-2,"(0.692, 1.386]",225
weblog-blogspot.com_alaindewitt_20040929103700_ENG_20040929_103700-0070,2,camp,camp,NOUN,1,1,Before Head,6,1.9459101490553132,4,3,nsubj,3-4,1-5,1-2,"(1.386, 2.197]",81
newsgroup-groups.google.com_alt.animals.badgers_172dcd8baf26948f_ENG_20040823_121900-0013,14,out,out,NOUN,1,1,Before Head,442,6.093569770045136,3,15,obj,3-4,11-15,1-2,"(4.22, 8.54]",268
answers-20111108105520AA73Axw_ans-0026,27,time,time,NOUN,-6,6,After Head,397,5.986452005284438,4,28,obl,3-4,26-30,5-6,"(4.22, 8.54]",394
answers-20111108104551AAVAVQR_ans-0024,4,behavior,behavior,NOUN,1,1,Before Head,13,2.639057329615259,8,6,nsubj,7-8,6-10,1-2,"(2.197, 2.833]",231
answers-20111108111312AAq4ETn_ans-0043,10,lot,lot,NOUN,-2,2,After Head,89,4.499809670330265,3,11,obl:unmarked,3-4,11-15,1-2,"(4.22, 8.54]",303
answers-20111108104724AAuBUR7_ans-0071,11,treatment,treatment,NOUN,-2,2,After Head,22,3.1354942159291497,9,12,nsubj,9-10,11-15,1-2,"(2.833, 3.497]",248
email-enronsent13_01-0036,8,form,form,NOUN,-6,6,After Head,40,3.713572066704308,4,9,nsubj:pass,3-4,6-10,5-6,"(3.497, 4.22]",55
newsgroup-groups.google.com_misc.consumers_628669ce346c590d_ENG_20040527_065700-0028,7,transaction,transaction,NOUN,4,4,Before Head,19,2.995732273553991,11,8,nsubj,11-12,6-10,3-4,"(2.833, 3.497]",78
answers-20111108104352AASs5OZ_ans-0032,8,time,time,NOUN,-2,2,After Head,397,5.986452005284438,4,9,obl:unmarked,3-4,6-10,1-2,"(4.22, 8.54]",320
newsgroup-groups.google.com_magicworld_04c89d43ff4fd6ea_ENG_20050104_152000-0034,18,year,year,NOUN,-2,2,After Head,172,5.153291594497779,4,19,obl:unmarked,3-4,16-20,1-2,"(4.22, 8.54]",307
answers-20111107175720AAlb2TB_ans-0018,13,people,people,NOUN,-3,3,After Head,233,5.455321115357702,6,14,nsubj,5-6,11-15,3-4,"(4.22, 8.54]",143
answers-20111108101850AAhNuvz_ans-0014,12,day,day,NOUN,-2,2,After Head,171,5.147494476813453,3,13,obl,3-4,11-15,1-2,"(4.22, 8.54]",377
answers-20111108111312AAq4ETn_ans-0002,8,days,days,NOUN,-4,4,After Head,106,4.672828834461906,4,9,obl,3-4,6-10,3-4,"(4.22, 8.54]",409
weblog-blogspot.com_dakbangla_20050210141134_ENG_20050210_141134-0012,4,direction,direction,NOUN,-3,3,After Head,6,1.9459101490553132,9,5,obl,9-10,1-5,3-4,"(1.386, 2.197]",501
email-enronsent17_01-0052,4,time,time,NOUN,-2,2,After Head,397,5.986452005284438,4,5,nmod:unmarked,3-4,1-5,1-2,"(4.22, 8.54]",24
answers-20111101180811AAZtKpz_ans-0003,5,hotel,hotel,NOUN,-3,3,After Head,48,3.8918202981106265,5,6,obl,5-6,6-10,3-4,"(3.497, 4.22]",458
answers-20111108105629AAiZUDY_ans-0045,8,reason,reason,NOUN,3,3,Before Head,39,3.6888794541139363,6,9,obl,5-6,6-10,3-4,"(3.497, 4.22]",458
answers-20111107152509AA78ktV_ans-0005,7,loads,loads,NOUN,-1,1,After Head,2,1.0986122886681096,5,10,nsubj,5-6,6-10,1-2,"(0.692, 1.386]",173
weblog-blogspot.com_alaindewitt_20060924104100_ENG_20060924_104100-0126,14,year,year,NOUN,1,1,Before Head,172,5.153291594497779,4,16,obl:unmarked,3-4,16-20,1-2,"(4.22, 8.54]",307
answers-20111108092321AAK0Eqp_ans-0012,12,time,time,NOUN,-6,6,After Head,397,5.986452005284438,4,13,obl,3-4,11-15,5-6,"(4.22, 8.54]",379
reviews-079007-0009,12,line,line,NOUN,-2,2,After Head,56,4.04305126783455,4,13,nmod,3-4,11-15,1-2,"(3.497, 4.22]",33
answers-20111108104206AAygiaE_ans-0022,7,opportunity,opportunity,NOUN,-3,3,After Head,16,2.833213344056216,11,8,nsubj,11-12,6-10,3-4,"(2.197, 2.833]",77
email-enronsent17_01-0024,2,plenty,plenty,NOUN,-1,1,After Head,18,2.9444389791664403,6,3,nsubj,5-6,1-5,1-2,"(2.833, 3.497]",126
reviews-057386-0003,7,couple,couple,NOUN,3,3,Before Head,51,3.9512437185814275,6,8,obl:unmarked,5-6,6-10,3-4,"(3.497, 4.22]",340
email-enronsent34_01-0048,2,day,day,NOUN,2,2,Before Head,171,5.147494476813453,3,3,nsubj,3-4,1-5,1-2,"(4.22, 8.54]",89
newsgroup-groups.google.com_misc.consumers_a534e32067078b08_ENG_20060116_030800-0045,12,times,times,NOUN,1,1,Before Head,69,4.248495242049359,5,13,obl:unmarked,5-6,11-15,1-2,"(4.22, 8.54]",330
weblog-blogspot.com_dakbangla_20041016151002_ENG_20041016_151002-0076,10,face,face,NOUN,6,6,Before Head,28,3.367295829986474,4,11,obl,3-4,11-15,5-6,"(2.833, 3.497]",374
answers-20111108102621AA3hPqj_ans-0005,13,time,time,NOUN,-4,4,After Head,397,5.986452005284438,4,15,obl:unmarked,3-4,11-15,3-4,"(4.22, 8.54]",304
answers-20111108091921AAaLK4e_ans-0020,9,client,client,NOUN,5,5,Before Head,16,2.833213344056216,6,11,advcl,5-6,11-15,5-6,"(2.197, 2.833]",4
email-enronsent31_01-0060,28,formula,formula,NOUN,2,2,Before Head,1,0.6931471805599453,7,29,obj,7-8,26-30,1-2,"(0.692, 1.386]",295
reviews-149741-0002,26,lot,lot,NOUN,1,1,Before Head,89,4.499809670330265,3,27,obl:unmarked,3-4,26-30,1-2,"(4.22, 8.54]",313
answers-20111108084416AAoPgBv_ans-0025,4,age,age,NOUN,-3,3,After Head,19,2.995732273553991,3,5,obl,3-4,1-5,3-4,"(2.833, 3.497]",368
reviews-331662-0004,1,staff,staff,NOUN,3,3,Before Head,81,4.406719247264253,5,2,nsubj,5-6,1-5,3-4,"(4.22, 8.54]",131
reviews-111583-0005,13,way,way,NOUN,-2,2,After Head,204,5.3230099791384085,3,14,nsubj,3-4,11-15,1-2,"(4.22, 8.54]",95
reviews-180886-0005,3,person,person,NOUN,-3,3,After Head,68,4.23410650459726,6,4,obl,5-6,1-5,3-4,"(4.22, 8.54]",422
newsgroup-groups.google.com_civicamerican_22c54c292026bfd2_ENG_20060128_072400-0006,5,nomination,nomination,NOUN,3,3,Before Head,4,1.6094379124341003,10,6,nsubj,9-10,6-10,3-4,"(1.386, 2.197]",257
newsgroup-groups.google.com_alt.animals_0084bdc731bfc8d8_ENG_20040905_212000-0157,12,food,food,NOUN,1,1,Before Head,167,5.123963979403259,4,13,obl:unmarked,3-4,11-15,1-2,"(4.22, 8.54]",303
newsgroup-groups.google.com_alt.animals_0084bdc731bfc8d8_ENG_20040905_212000-0099,16,operations,operations,NOUN,4,4,Before Head,19,2.995732273553991,10,17,nsubj,9-10,16-20,3-4,"(2.833, 3.497]",250
reviews-303922-0004,7,concerns,concerns,NOUN,-5,5,After Head,13,2.639057329615259,8,8,obl,7-8,6-10,5-6,"(2.197, 2.833]",493
email-enronsent06_01-0061,13,today,today,NOUN,-1,1,After Head,65,4.189654742026425,5,14,obl:unmarked,5-6,11-15,1-2,"(3.497, 4.22]",328
answers-20111108085945AAgJhOG_ans-0012,5,worms,worms,NOUN,-5,5,After Head,9,2.302585092994046,5,7,nsubj,5-6,6-10,5-6,"(2.197, 2.833]",180
reviews-338429-0016,1,spaces,spaces,NOUN,3,3,Before Head,2,1.0986122886681096,6,2,nsubj,5-6,1-5,3-4,"(0.692, 1.386]",121
reviews-338429-0013,1,time,time,NOUN,1,1,Before Head,397,5.986452005284438,4,2,obl:unmarked,3-4,1-5,1-2,"(4.22, 8.54]",299
newsgroup-groups.google.com_alt.animals.bear_395d998336aec581_ENG_20031225_105300-0011,19,bear,bear,NOUN,1,1,Before Head,15,2.772588722239781,4,20,nsubj,3-4,16-20,1-2,"(2.197, 2.833]",98
newsgroup-groups.google.com_IndiaNewsWindow_1405662573fa84ed_ENG_20050831_110400-0007,2,conditions,conditions,NOUN,3,3,Before Head,11,2.4849066497880004,10,3,obl,9-10,1-5,3-4,"(2.197, 2.833]",503
email-enronsent00_01-0010,2,point,point,NOUN,4,4,Before Head,74,4.31748811353631,5,3,obl,5-6,1-5,3-4,"(4.22, 8.54]",422
reviews-148971-0006,6,months,months,NOUN,3,3,Before Head,59,4.0943445622221,6,7,obl,5-6,6-10,3-4,"(3.497, 4.22]",458
email-enronsent43_01-0034,6,interconnect,interconnect,NOUN,4,4,Before Head,15,2.772588722239781,12,7,nsubj,11-12,6-10,3-4,"(2.197, 2.833]",77
email-enronsent08_02-0023,11,shovel,shovel,NOUN,3,3,Before Head,1,0.6931471805599453,6,13,nsubj,5-6,11-15,3-4,"(0.692, 1.386]",133
email-enronsent26_01-0044,8,draft,draft,NOUN,1,1,Before Head,41,3.7376696182833684,5,9,nsubj,5-6,6-10,1-2,"(3.497, 4.22]",183
reviews-055207-0007,15,minutes,minutes,NOUN,1,1,Before Head,44,3.8066624897703196,7,16,obl:unmarked,7-8,16-20,1-2,"(3.497, 4.22]",352
email-enronsent25_01-0111,6,today,today,NOUN,-1,1,After Head,65,4.189654742026425,5,7,obl:unmarked,5-6,6-10,1-2,"(3.497, 4.22]",339
reviews-128636-0009,19,camera,camera,NOUN,-2,2,After Head,14,2.70805020110221,6,23,nsubj,5-6,21-25,1-2,"(2.197, 2.833]",159
email-enronsent08_02-0084,3,forecast,forecast,NOUN,-3,3,After Head,3,1.3862943611198906,8,4,nsubj:pass,7-8,1-5,3-4,"(0.692, 1.386]",61
newsgroup-groups.google.com_misc.consumers_a534e32067078b08_ENG_20060116_030800-0031,13,status,status,NOUN,6,6,Before Head,13,2.639057329615259,6,14,nsubj,5-6,11-15,5-6,"(2.197, 2.833]",138
reviews-349020-0001,5,year,year,NOUN,1,1,Before Head,172,5.153291594497779,4,6,obl:unmarked,3-4,6-10,1-2,"(4.22, 8.54]",320
newsgroup-groups.google.com_humanities.lit.authors.shakespeare_0018a7697318f71f_ENG_20031006_163200-0089,22,man,man,NOUN,-6,6,After Head,33,3.5263605246161616,3,23,obl,3-4,21-25,5-6,"(3.497, 4.22]",389
email-enronsent16_01-0007,5,registration,registration,NOUN,6,6,Before Head,5,1.791759469228055,12,6,nsubj,11-12,6-10,5-6,"(1.386, 2.197]",76
weblog-blogspot.com_rigorousintuition_20050518101500_ENG_20050518_101500-0005,4,lot,lot,NOUN,1,1,Before Head,89,4.499809670330265,3,5,obl:unmarked,3-4,1-5,1-2,"(4.22, 8.54]",299
weblog-blogspot.com_healingiraq_20050121235804_ENG_20050121_235804-0036,5,months,months,NOUN,1,1,Before Head,59,4.0943445622221,6,6,obl:unmarked,5-6,6-10,1-2,"(3.497, 4.22]",339
answers-20111108104352AASs5OZ_ans-0014,4,plenty,plenty,NOUN,-1,1,After Head,18,2.9444389791664403,6,5,nsubj,5-6,1-5,1-2,"(2.833, 3.497]",126
email-enronsent31_01-0061,2,date,date,NOUN,3,3,Before Head,63,4.1588830833596715,4,3,obj,3-4,1-5,3-4,"(3.497, 4.22]",267
email-enronsent09_01-0061,3,month,month,NOUN,-3,3,After Head,52,3.970291913552122,5,4,obl:unmarked,5-6,1-5,3-4,"(3.497, 4.22]",325
reviews-039383-0007,7,people,people,NOUN,1,1,Before Head,233,5.455321115357702,6,8,nsubj,5-6,6-10,1-2,"(4.22, 8.54]",186
reviews-280844-0008,17,months,months,NOUN,2,2,Before Head,59,4.0943445622221,6,20,obl,5-6,16-20,1-2,"(3.497, 4.22]",437
answers-20111108101024AANYJpw_ans-0022,4,thing,thing,NOUN,-3,3,After Head,82,4.418840607796598,5,5,nsubj,5-6,1-5,3-4,"(4.22, 8.54]",131
answers-20111108104724AAuBUR7_ans-0094,14,horse,horse,NOUN,-3,3,After Head,52,3.970291913552122,5,15,obl,5-6,11-15,3-4,"(3.497, 4.22]",428
newsgroup-groups.google.com_Meditation20051_1027f5a3651d547c_ENG_20050316_085700-0014,1,self,self,NOUN,4,4,Before Head,17,2.8903717578961645,4,2,nsubj,3-4,1-5,3-4,"(2.833, 3.497]",86
answers-20111108110329AAxl1pb_ans-0016,14,week,week,NOUN,-6,6,After Head,89,4.499809670330265,4,15,obl,3-4,11-15,5-6,"(4.22, 8.54]",379
reviews-101972-0006,9,mean,mean,NOUN,3,3,Before Head,37,3.6375861597263857,4,10,obl,3-4,6-10,3-4,"(3.497, 4.22]",406
answers-20111108103957AAcF3iZ_ans-0004,6,poses,poses,NOUN,-4,4,After Head,6,1.9459101490553132,5,7,nsubj,5-6,6-10,3-4,"(1.386, 2.197]",176
email-enronsent03_01-0156,6,replacement,replacement,NOUN,-2,2,After Head,7,2.0794415416798357,11,7,nsubj,11-12,6-10,1-2,"(1.386, 2.197]",74
weblog-blogspot.com_alaindewitt_20060924104100_ENG_20060924_104100-0016,12,conflict,conflict,NOUN,-6,6,After Head,15,2.772588722239781,8,13,nsubj,7-8,11-15,5-6,"(2.197, 2.833]",205
weblog-blogspot.com_dakbangla_20041119231111_ENG_20041119_231111-0032,10,proposal,proposal,NOUN,-3,3,After Head,7,2.0794415416798357,8,12,obl,7-8,11-15,3-4,"(1.386, 2.197]",472
reviews-018548-0009,4,thing,thing,NOUN,-3,3,After Head,82,4.418840607796598,5,5,obj,5-6,1-5,3-4,"(4.22, 8.54]",279
reviews-303922-0003,1,team,team,NOUN,4,4,Before Head,33,3.5263605246161616,4,2,nsubj,3-4,1-5,3-4,"(3.497, 4.22]",88
weblog-blogspot.com_dakbangla_20050311135387_ENG_20050311_135387-0159,4,comparison,comparison,NOUN,-2,2,After Head,11,2.4849066497880004,10,5,obl,9-10,1-5,1-2,"(2.197, 2.833]",502
email-enronsent13_01-0018,19,objections,objections,NOUN,-2,2,After Head,4,1.6094379124341003,10,22,nsubj,9-10,21-25,1-2,"(1.386, 2.197]",251
weblog-blogspot.com_alaindewitt_20060924104100_ENG_20060924_104100-0188,25,law,law,NOUN,3,3,Before Head,39,3.6888794541139363,3,26,nsubj,3-4,26-30,3-4,"(3.497, 4.22]",105
reviews-183518-0008,7,ads,ads,NOUN,-2,2,After Head,1,0.6931471805599453,3,8,nsubj,3-4,6-10,1-2,"(0.692, 1.386]",111
answers-20111108102428AAMzXRG_ans-0006,8,lot,lot,NOUN,1,1,Before Head,89,4.499809670330265,3,10,obl:unmarked,3-4,6-10,1-2,"(4.22, 8.54]",320
newsgroup-groups.google.com_herpesnation_c74170a0fcfdc880_ENG_20051125_075200-0026,3,health,health,NOUN,-2,2,After Head,30,3.4339872044851463,6,4,nsubj,5-6,1-5,1-2,"(2.833, 3.497]",126
reviews-391012-0005,13,thousands,thousands,NOUN,6,6,Before Head,18,2.9444389791664403,9,14,nmod:unmarked,9-10,11-15,5-6,"(2.833, 3.497]",31
answers-20111108111010AASEk0S_ans-0009,9,UTH,uth,NOUN,-6,6,After Head,2,1.0986122886681096,3,10,obl,3-4,6-10,5-6,"(0.692, 1.386]",400
weblog-blogspot.com_rigorousintuition_20060511134300_ENG_20060511_134300-0168,1,good,good,NOUN,2,2,Before Head,264,5.579729825986222,4,2,nsubj,3-4,1-5,1-2,"(4.22, 8.54]",89
weblog-blogspot.com_dakbangla_20050210141134_ENG_20050210_141134-0036,5,power,power,NOUN,5,5,Before Head,75,4.330733340286331,5,6,obl,5-6,6-10,5-6,"(4.22, 8.54]",461
newsgroup-groups.google.com_alt.animals_0e65f540816d780c_ENG_20041116_124800-0025,5,numbers,numbers,NOUN,-2,2,After Head,22,3.1354942159291497,7,6,nsubj,7-8,6-10,1-2,"(2.833, 3.497]",234
weblog-blogspot.com_alaindewitt_20060924104100_ENG_20060924_104100-0070,14,line,line,NOUN,-2,2,After Head,56,4.04305126783455,4,15,nsubj,3-4,11-15,1-2,"(3.497, 4.22]",93
email-enronsent43_01-0135,9,reason,reason,NOUN,4,4,Before Head,39,3.6888794541139363,6,10,obl,5-6,6-10,3-4,"(3.497, 4.22]",458
reviews-018548-0013,13,times,times,NOUN,3,3,Before Head,69,4.248495242049359,5,15,obl:unmarked,5-6,11-15,3-4,"(4.22, 8.54]",331
reviews-216456-0008,3,times,times,NOUN,-2,2,After Head,69,4.248495242049359,5,4,obl:unmarked,5-6,1-5,1-2,"(4.22, 8.54]",326
reviews-317846-0005,19,town,town,NOUN,-2,2,After Head,42,3.7612001156935624,4,20,obl,3-4,16-20,1-2,"(3.497, 4.22]",382
weblog-blogspot.com_dakbangla_20050311135387_ENG_20050311_135387-0005,5,officials,officials,NOUN,6,6,Before Head,30,3.4339872044851463,9,6,obl,9-10,6-10,5-6,"(2.833, 3.497]",514
reviews-342807-0004,8,stuff,stuff,NOUN,-3,3,After Head,21,3.091042453358316,5,9,obl,5-6,6-10,3-4,"(2.833, 3.497]",455
email-enronsent33_01-0108,4,dates,dates,NOUN,-4,4,After Head,13,2.639057329615259,5,5,nsubj,5-6,1-5,3-4,"(2.197, 2.833]",125
answers-20111108111031AARG57j_ans-0006,13,way,way,NOUN,-5,5,After Head,204,5.3230099791384085,3,14,obl:unmarked,3-4,11-15,5-6,"(4.22, 8.54]",305
email-enronsent13_01-0004,4,thresholds,thresholds,NOUN,4,4,Before Head,1,0.6931471805599453,10,5,nsubj,9-10,1-5,3-4,"(0.692, 1.386]",240
reviews-068009-0003,5,attorney,attorney,NOUN,4,4,Before Head,11,2.4849066497880004,8,6,obl,7-8,6-10,3-4,"(2.197, 2.833]",492
answers-20111108111312AAq4ETn_ans-0013,2,help,help,NOUN,3,3,Before Head,142,4.962844630259907,4,3,nsubj,3-4,1-5,3-4,"(4.22, 8.54]",90
reviews-329692-0009,7,reason,reason,NOUN,-2,2,After Head,39,3.6888794541139363,6,10,nsubj,5-6,6-10,1-2,"(3.497, 4.22]",183
email-enronsent25_01-0032,10,deal,deal,NOUN,-6,6,After Head,69,4.248495242049359,4,12,advcl,3-4,11-15,5-6,"(4.22, 8.54]",0
reviews-230176-0005,3,months,months,NOUN,4,4,Before Head,59,4.0943445622221,6,4,nmod:unmarked,5-6,1-5,3-4,"(3.497, 4.22]",28
email-enronsent03_01-0022,3,overview,overview,NOUN,-3,3,After Head,4,1.6094379124341003,8,4,nsubj,7-8,1-5,3-4,"(1.386, 2.197]",193
email-enronsent34_01-0056,16,night,night,NOUN,-6,6,After Head,83,4.430816798843313,5,17,obl:unmarked,5-6,16-20,5-6,"(4.22, 8.54]",335
email-enronsent37_01-0047,13,differential,differential,NOUN,-6,6,After Head,3,1.3862943611198906,12,14,obj,11-12,11-15,5-6,"(0.692, 1.386]",265
answers-20111108065616AAKtL2c_ans-0015,6,inception,inception,NOUN,4,4,Before Head,1,0.6931471805599453,9,7,obl,9-10,6-10,3-4,"(0.692, 1.386]",509
email-enronsent13_01-0084,4,assistance,assistance,NOUN,-4,4,After Head,14,2.70805020110221,10,5,obl,9-10,1-5,3-4,"(2.197, 2.833]",503
answers-20111108111010AASEk0S_ans-0015,14,day,day,NOUN,3,3,Before Head,171,5.147494476813453,3,15,obl:unmarked,3-4,11-15,3-4,"(4.22, 8.54]",304
newsgroup-groups.google.com_alt.animals_02c2d614bfbf6b20_ENG_20050223_232900-0008,8,behalf,behalf,NOUN,5,5,Before Head,4,1.6094379124341003,6,9,obl,5-6,6-10,5-6,"(1.386, 2.197]",452
weblog-blogspot.com_dakbangla_20050311135387_ENG_20050311_135387-0029,9,stages,stages,NOUN,6,6,Before Head,4,1.6094379124341003,6,10,obl,5-6,6-10,5-6,"(1.386, 2.197]",452
reviews-049766-0006,12,wildlife,wildlife,NOUN,-4,4,After Head,5,1.791759469228055,8,13,obl,7-8,11-15,3-4,"(1.386, 2.197]",472
reviews-248027-0002,2,dinner,dinner,NOUN,-2,2,After Head,28,3.367295829986474,6,3,obl,5-6,1-5,1-2,"(2.833, 3.497]",417
reviews-133981-0009,4,feet,feet,NOUN,-2,2,After Head,19,2.995732273553991,4,6,obl:unmarked,3-4,6-10,1-2,"(2.833, 3.497]",318
answers-20111107211742AAHZaPe_ans-0009,3,reason,reason,NOUN,-3,3,After Head,39,3.6888794541139363,6,5,nsubj,5-6,1-5,3-4,"(3.497, 4.22]",129
reviews-111583-0005,4,hospital,hospital,NOUN,-3,3,After Head,23,3.1780538303479458,8,5,obl,7-8,1-5,3-4,"(2.833, 3.497]",469
weblog-typepad.com_ripples_20040407125600_ENG_20040407_125600-0002,10,day,day,NOUN,3,3,Before Head,171,5.147494476813453,3,11,obl,3-4,11-15,3-4,"(4.22, 8.54]",378
reviews-215460-0002,5,time,time,NOUN,6,6,Before Head,397,5.986452005284438,4,6,obl,3-4,6-10,5-6,"(4.22, 8.54]",410
answers-20111108111031AARG57j_ans-0013,4,month,month,NOUN,1,1,Before Head,52,3.970291913552122,5,5,obl:unmarked,5-6,1-5,1-2,"(3.497, 4.22]",324
reviews-308088-0005,4,dealership,dealership,NOUN,-3,3,After Head,7,2.0794415416798357,10,5,obl,9-10,1-5,3-4,"(1.386, 2.197]",501
newsgroup-groups.google.com_IndiaNewsWindow_1405662573fa84ed_ENG_20050831_110400-0045,11,days,days,NOUN,1,1,Before Head,106,4.672828834461906,4,12,obl:unmarked,3-4,11-15,1-2,"(4.22, 8.54]",303
reviews-049766-0003,6,decks,decks,NOUN,6,6,Before Head,1,0.6931471805599453,5,7,obl,5-6,6-10,5-6,"(0.692, 1.386]",449
reviews-162422-0003,6,person,person,NOUN,3,3,Before Head,68,4.23410650459726,6,7,nsubj,5-6,6-10,3-4,"(4.22, 8.54]",187
reviews-026641-0002,8,week,week,NOUN,-2,2,After Head,89,4.499809670330265,4,9,obl:unmarked,3-4,6-10,1-2,"(4.22, 8.54]",320
newsgroup-groups.google.com_misc.consumers_a534e32067078b08_ENG_20060116_030800-0130,8,name,name,NOUN,-6,6,After Head,96,4.574710978503383,4,9,obl,3-4,6-10,5-6,"(4.22, 8.54]",410
reviews-396874-0002,19,way,way,NOUN,-2,2,After Head,204,5.3230099791384085,3,20,obl:unmarked,3-4,16-20,1-2,"(4.22, 8.54]",307
newsgroup-groups.google.com_IdeaStockExchange_c6ea783ac3f043ba_ENG_20041120_243700-0006,11,year,year,NOUN,-2,2,After Head,172,5.153291594497779,4,12,obl:unmarked,3-4,11-15,1-2,"(4.22, 8.54]",303
answers-20111107092617AAgKm4X_ans-0040,5,book,book,NOUN,-4,4,After Head,33,3.5263605246161616,4,6,nsubj,3-4,6-10,3-4,"(3.497, 4.22]",117
newsgroup-groups.google.com_magicworld_04c89d43ff4fd6ea_ENG_20050104_152000-0087,8,making,making,NOUN,3,3,Before Head,48,3.8918202981106265,6,10,nsubj,5-6,6-10,3-4,"(3.497, 4.22]",184
reviews-069995-0002,9,dinner,dinner,NOUN,-6,6,After Head,28,3.367295829986474,6,10,obl,5-6,6-10,5-6,"(2.833, 3.497]",456
email-enronsent08_02-0013,4,aspirin,aspirin,NOUN,-3,3,After Head,1,0.6931471805599453,7,5,obl,7-8,1-5,3-4,"(0.692, 1.386]",463
reviews-158335-0004,4,manager,manager,NOUN,3,3,Before Head,31,3.4657359027997265,7,5,nsubj,7-8,1-5,3-4,"(2.833, 3.497]",196
answers-20111107175720AAlb2TB_ans-0017,23,height,height,NOUN,6,6,Before Head,4,1.6094379124341003,6,24,obl,5-6,21-25,5-6,"(1.386, 2.197]",442
weblog-blogspot.com_alaindewitt_20040929103700_ENG_20040929_103700-0041,3,words,words,NOUN,3,3,Before Head,14,2.70805020110221,5,4,obl,5-6,1-5,3-4,"(2.197, 2.833]",416
answers-20111108065707AAj7DaH_ans-0011,4,stalls,stalls,NOUN,2,2,Before Head,4,1.6094379124341003,6,5,obj,5-6,1-5,1-2,"(1.386, 2.197]",276
newsgroup-groups.google.com_alt.animals_02c2d614bfbf6b20_ENG_20050223_232900-0056,7,wolves,wolves,NOUN,-1,1,After Head,19,2.995732273553991,6,8,nsubj,5-6,6-10,1-2,"(2.833, 3.497]",181
email-enronsent07_01-0029,6,events,events,NOUN,3,3,Before Head,18,2.9444389791664403,6,8,nsubj,5-6,6-10,3-4,"(2.833, 3.497]",182
weblog-juancole.com_juancole_20040823064025_ENG_20040823_064025-0037,1,weeks,weeks,NOUN,3,3,Before Head,43,3.784189633918261,5,2,obl,5-6,1-5,3-4,"(3.497, 4.22]",420
weblog-blogspot.com_dakbangla_20050210141134_ENG_20050210_141134-0031,7,lanes,lanes,NOUN,-5,5,After Head,1,0.6931471805599453,5,8,obl,5-6,6-10,5-6,"(0.692, 1.386]",449
answers-20111108092029AAsHTYP_ans-0006,5,Silkie,silkie,NOUN,5,5,Before Head,7,2.0794415416798357,6,7,obl,5-6,6-10,5-6,"(1.386, 2.197]",452
reviews-043020-0018,5,lot,lot,NOUN,-4,4,After Head,89,4.499809670330265,3,6,obl,3-4,6-10,3-4,"(4.22, 8.54]",409
newsgroup-groups.google.com_alt.animals_0084bdc731bfc8d8_ENG_20040905_212000-0042,9,times,times,NOUN,1,1,Before Head,69,4.248495242049359,5,10,obl:unmarked,5-6,6-10,1-2,"(4.22, 8.54]",342
newsgroup-groups.google.com_humanities.lit.authors.shakespeare_0c155162a7dfaf28_ENG_20031127_172200-0003,6,good,good,NOUN,6,6,Before Head,264,5.579729825986222,4,7,obl,3-4,6-10,5-6,"(4.22, 8.54]",410
answers-20111108104724AAuBUR7_ans-0057,2,studies,studies,NOUN,-2,2,After Head,9,2.302585092994046,7,3,obl,7-8,1-5,1-2,"(2.197, 2.833]",466
newsgroup-groups.google.com_alt.animals_02c2d614bfbf6b20_ENG_20050223_232900-0017,16,range,range,NOUN,-5,5,After Head,21,3.091042453358316,5,17,obl,5-6,16-20,5-6,"(2.833, 3.497]",436
email-enronsent07_01-0062,13,advisers,advisers,NOUN,-6,6,After Head,2,1.0986122886681096,8,15,obl,7-8,11-15,5-6,"(0.692, 1.386]",471
newsgroup-groups.google.com_alt.animals.bears_1125853b1f13cff6_ENG_20040126_171100-0073,6,beginning,beginning,NOUN,-5,5,After Head,18,2.9444389791664403,9,7,obl,9-10,6-10,5-6,"(2.833, 3.497]",514
answers-20111108110012AAK8Azy_ans-0006,11,places,places,NOUN,5,5,Before Head,49,3.912023005428146,6,12,obl,5-6,11-15,5-6,"(3.497, 4.22]",429
answers-20111108104724AAuBUR7_ans-0015,8,weeks,weeks,NOUN,1,1,Before Head,43,3.784189633918261,5,9,obl:unmarked,5-6,6-10,1-2,"(3.497, 4.22]",339
newsgroup-groups.google.com_alt.animals_434fe80fb3577e8e_ENG_20031011_200300-0022,10,times,times,NOUN,-2,2,After Head,69,4.248495242049359,5,11,obl:unmarked,5-6,11-15,1-2,"(4.22, 8.54]",330
answers-20111108094504AAKrc8F_ans-0013,13,experience,experience,NOUN,-6,6,After Head,84,4.442651256490317,10,14,obl,9-10,11-15,5-6,"(4.22, 8.54]",506
email-enronsent27_01-0005,5,week,week,NOUN,-2,2,After Head,89,4.499809670330265,4,6,obl:unmarked,3-4,6-10,1-2,"(4.22, 8.54]",320
weblog-blogspot.com_dakbangla_20041016151002_ENG_20041016_151002-0022,26,diplomat,diplomat,NOUN,-3,3,After Head,2,1.0986122886681096,8,27,nsubj,7-8,26-30,3-4,"(0.692, 1.386]",222
newsgroup-groups.google.com_IndiaNewsWindow_1405662573fa84ed_ENG_20050831_110400-0028,8,others,others,NOUN,3,3,Before Head,45,3.828641396489095,6,9,nsubj,5-6,6-10,3-4,"(3.497, 4.22]",184
answers-20111108064026AA86V9T_ans-0003,20,standard,standard,NOUN,5,5,Before Head,15,2.772588722239781,8,22,obj,7-8,21-25,5-6,"(2.197, 2.833]",294
email-enronsent35_01-0110,5,days,days,NOUN,-2,2,After Head,106,4.672828834461906,4,6,obl:unmarked,3-4,6-10,1-2,"(4.22, 8.54]",320
answers-20111108105749AABv7vx_ans-0007,22,house,house,NOUN,3,3,Before Head,64,4.174387269895637,5,23,nsubj,5-6,21-25,3-4,"(3.497, 4.22]",162
newsgroup-groups.google.com_IndiaNewsWindow_1405662573fa84ed_ENG_20050831_110400-0008,2,stadium,stadium,NOUN,3,3,Before Head,3,1.3862943611198906,7,3,nsubj,7-8,1-5,3-4,"(0.692, 1.386]",191
reviews-187266-0012,42,meals,meals,NOUN,-2,2,After Head,5,1.791759469228055,5,43,nsubj,5-6,41-45,1-2,"(1.386, 2.197]",171
email-enronsent07_01-0001,4,call,call,NOUN,-4,4,After Head,150,5.017279836814924,4,5,obl,3-4,1-5,3-4,"(4.22, 8.54]",372
email-enronsent31_01-0058,2,curve,curve,NOUN,3,3,Before Head,2,1.0986122886681096,5,3,obl,5-6,1-5,3-4,"(0.692, 1.386]",412
email-enronsent35_01-0103,13,week,week,NOUN,-6,6,After Head,89,4.499809670330265,4,14,obl:unmarked,3-4,11-15,5-6,"(4.22, 8.54]",305
reviews-107692-0002,25,lot,lot,NOUN,-4,4,After Head,89,4.499809670330265,3,26,obl,3-4,26-30,3-4,"(4.22, 8.54]",393
weblog-blogspot.com_dakbangla_20050311135387_ENG_20050311_135387-0161,19,press,press,NOUN,2,2,Before Head,27,3.332204510175204,5,20,nsubj,5-6,16-20,1-2,"(2.833, 3.497]",149
email-enronsent06_01-0020,4,idea,idea,NOUN,-4,4,After Head,29,3.4011973816621555,4,5,obl,3-4,1-5,3-4,"(2.833, 3.497]",368
newsgroup-groups.google.com_alt.animals.cat_01ff709c4bf2c60c_ENG_20040418_040100-0033,21,eater,eater,NOUN,2,2,Before Head,2,1.0986122886681096,5,22,nsubj,5-6,21-25,1-2,"(0.692, 1.386]",156
answers-20111108105520AA73Axw_ans-0053,30,days,days,NOUN,6,6,Before Head,106,4.672828834461906,4,31,obl,3-4,31-35,5-6,"(4.22, 8.54]",397
newsgroup-groups.google.com_hiddennook_04d8cc994875d454_ENG_20050207_012300-0009,2,day,day,NOUN,3,3,Before Head,171,5.147494476813453,3,3,obl:unmarked,3-4,1-5,3-4,"(4.22, 8.54]",300
email-enronsent39_01-0068,14,freedom,freedom,NOUN,-2,2,After Head,10,2.3978952727983707,7,15,nsubj,7-8,11-15,1-2,"(2.197, 2.833]",204
answers-20111108094504AAKrc8F_ans-0016,5,time,time,NOUN,-3,3,After Head,397,5.986452005284438,4,6,obl:unmarked,3-4,6-10,3-4,"(4.22, 8.54]",321
email-enronsent42_01-0037,8,sales,sales,NOUN,6,6,Before Head,21,3.091042453358316,5,9,obl,5-6,6-10,5-6,"(2.833, 3.497]",456
answers-20111108090616AAv6fpU_ans-0015,12,corner,corner,NOUN,-2,2,After Head,10,2.3978952727983707,6,13,nsubj,5-6,11-15,1-2,"(2.197, 2.833]",136
newsgroup-groups.google.com_alt.animals.bear_395d998336aec581_ENG_20031225_105300-0011,29,year,year,NOUN,2,2,Before Head,172,5.153291594497779,4,30,obl:unmarked,3-4,26-30,1-2,"(4.22, 8.54]",313
weblog-blogspot.com_alaindewitt_20040929103700_ENG_20040929_103700-0030,8,training,training,NOUN,-5,5,After Head,18,2.9444389791664403,8,9,nmod,7-8,6-10,5-6,"(2.833, 3.497]",54
answers-20111108105629AAiZUDY_ans-0028,6,pinkies,pinkies,NOUN,3,3,Before Head,5,1.791759469228055,7,7,obj,7-8,6-10,3-4,"(1.386, 2.197]",298
reviews-245160-0003,29,needs,needs,NOUN,-2,2,After Head,53,3.9889840465642745,5,30,nsubj,5-6,26-30,1-2,"(3.497, 4.22]",164
answers-20111108104724AAuBUR7_ans-0073,4,racing,racing,NOUN,-2,2,After Head,2,1.0986122886681096,6,5,obl,5-6,1-5,1-2,"(0.692, 1.386]",411
weblog-blogspot.com_healingiraq_20050121235804_ENG_20050121_235804-0055,11,borders,borders,NOUN,-3,3,After Head,5,1.791759469228055,7,12,nsubj,7-8,11-15,3-4,"(1.386, 2.197]",202
reviews-329692-0004,1,instructor,instructor,NOUN,3,3,Before Head,8,2.1972245773362196,10,2,nsubj,9-10,1-5,3-4,"(1.386, 2.197]",242
newsgroup-groups.google.com_alt.animals_0e65f540816d780c_ENG_20041116_124800-0043,5,research,research,NOUN,4,4,Before Head,21,3.091042453358316,8,6,obl,7-8,6-10,3-4,"(2.833, 3.497]",494
reviews-263870-0009,13,year,year,NOUN,-4,4,After Head,172,5.153291594497779,4,14,obl:unmarked,3-4,11-15,3-4,"(4.22, 8.54]",304
reviews-010378-0003,2,session,session,NOUN,3,3,Before Head,7,2.0794415416798357,7,3,obl,7-8,1-5,3-4,"(1.386, 2.197]",465
weblog-juancole.com_juancole_20040708181175_ENG_20040708_181175-0039,5,literature,literature,NOUN,1,1,Before Head,2,1.0986122886681096,10,7,nsubj,9-10,6-10,1-2,"(0.692, 1.386]",255
answers-20111108073322AA27tkh_ans-0004,5,essence,essence,NOUN,3,3,Before Head,4,1.6094379124341003,7,6,obl,7-8,6-10,3-4,"(1.386, 2.197]",489
weblog-blogspot.com_dakbangla_20041119231111_ENG_20041119_231111-0039,10,circumstances,circumstances,NOUN,5,5,Before Head,4,1.6094379124341003,13,11,obl,13-14,11-15,5-6,"(1.386, 2.197]",364
newsgroup-groups.google.com_alt.animals.bears_1125853b1f13cff6_ENG_20040126_171100-0068,1,name,name,NOUN,2,2,Before Head,96,4.574710978503383,4,2,nsubj,3-4,1-5,1-2,"(4.22, 8.54]",89
answers-20111108072912AAccket_ans-0004,2,train,train,NOUN,1,1,Before Head,21,3.091042453358316,5,3,nsubj,5-6,1-5,1-2,"(2.833, 3.497]",126
reviews-119026-0001,26,tension,tension,NOUN,3,3,Before Head,3,1.3862943611198906,7,27,nsubj,7-8,26-30,3-4,"(0.692, 1.386]",222
reviews-164580-0005,10,deliveries,deliveries,NOUN,3,3,Before Head,2,1.0986122886681096,10,12,nsubj,9-10,11-15,3-4,"(0.692, 1.386]",245
weblog-juancole.com_juancole_20040604210986_ENG_20040604_210986-0004,3,public,public,NOUN,2,2,Before Head,32,3.4965075614664802,6,4,nsubj,5-6,1-5,1-2,"(2.833, 3.497]",126
weblog-blogspot.com_healingiraq_20040409053012_ENG_20040409_053012-0013,16,convoys,convoys,NOUN,3,3,Before Head,1,0.6931471805599453,7,17,nsubj,7-8,16-20,3-4,"(0.692, 1.386]",211
newsgroup-groups.google.com_alt.animals_434fe80fb3577e8e_ENG_20031011_200300-0028,8,lot,lot,NOUN,-2,2,After Head,89,4.499809670330265,3,9,obl:unmarked,3-4,6-10,1-2,"(4.22, 8.54]",320
reviews-398243-0008,6,work,work,NOUN,3,3,Before Head,213,5.365976015021851,4,7,obl,3-4,6-10,3-4,"(4.22, 8.54]",409
weblog-juancole.com_juancole_20030911085700_ENG_20030911_085700-0027,15,sympathizers,sympathizers,NOUN,4,4,Before Head,3,1.3862943611198906,12,16,obl,11-12,16-20,3-4,"(0.692, 1.386]",359
reviews-381455-0004,9,space,space,NOUN,-2,2,After Head,50,3.9318256327243257,5,10,nsubj,5-6,6-10,1-2,"(3.497, 4.22]",183
answers-20111108105629AAiZUDY_ans-0049,10,month,month,NOUN,-2,2,After Head,52,3.970291913552122,5,12,obl:unmarked,5-6,11-15,1-2,"(3.497, 4.22]",328
answers-20111108082505AAtbdh9_ans-0013,4,Guide,guide,NOUN,-5,5,After Head,6,1.9459101490553132,5,6,nsubj,5-6,6-10,5-6,"(1.386, 2.197]",177
answers-20111108091609AAHOFa6_ans-0003,30,days,days,NOUN,3,3,Before Head,106,4.672828834461906,4,31,obl:unmarked,3-4,31-35,3-4,"(4.22, 8.54]",314
answers-20111108065616AAKtL2c_ans-0056,20,ones,ones,NOUN,4,4,Before Head,36,3.6109179126442243,4,21,obj,3-4,21-25,3-4,"(3.497, 4.22]",270
answers-20111108104206AAygiaE_ans-0005,21,example,example,NOUN,6,6,Before Head,23,3.1780538303479458,7,23,obl,7-8,21-25,5-6,"(2.833, 3.497]",486
answers-20111108051456AAQJaXR_ans-0002,1,friends,friends,NOUN,4,4,Before Head,50,3.9318256327243257,7,2,nsubj,7-8,1-5,3-4,"(3.497, 4.22]",198
answers-20111107144339AA0qw5S_ans-0001,4,customs,customs,NOUN,-4,4,After Head,3,1.3862943611198906,7,5,nsubj,7-8,1-5,3-4,"(0.692, 1.386]",191
email-enronsent02_01-0049,24,Q1,q1,NOUN,1,1,Before Head,9,2.302585092994046,2,25,nmod:unmarked,1-2,21-25,1-2,"(2.197, 2.833]",22
weblog-blogspot.com_rigorousintuition_20060511134300_ENG_20060511_134300-0099,9,profits,profits,NOUN,3,3,Before Head,2,1.0986122886681096,7,10,nsubj,7-8,6-10,3-4,"(0.692, 1.386]",226
reviews-133601-0003,21,lot,lot,NOUN,1,1,Before Head,89,4.499809670330265,3,22,obl:unmarked,3-4,21-25,1-2,"(4.22, 8.54]",311
answers-20111108094323AARaBJ5_ans-0007,6,circles,circles,NOUN,-6,6,After Head,12,2.5649493574615367,7,7,obl,7-8,6-10,5-6,"(2.197, 2.833]",493
reviews-356920-0004,2,plenty,plenty,NOUN,-1,1,After Head,18,2.9444389791664403,6,3,nsubj,5-6,1-5,1-2,"(2.833, 3.497]",126
answers-20111108083754AAEw5Xc_ans-0020,10,people,people,NOUN,-2,2,After Head,233,5.455321115357702,6,11,nsubj,5-6,11-15,1-2,"(4.22, 8.54]",142
reviews-310032-0007,1,date,date,NOUN,4,4,Before Head,63,4.1588830833596715,4,2,obl,3-4,1-5,3-4,"(3.497, 4.22]",370
answers-20111108111010AASEk0S_ans-0011,2,side,side,NOUN,3,3,Before Head,32,3.4965075614664802,4,3,obl,3-4,1-5,3-4,"(2.833, 3.497]",368
email-enronsent15_01-0058,4,Signoffs,signoffs,NOUN,-4,4,After Head,1,0.6931471805599453,8,5,nsubj:pass,7-8,1-5,3-4,"(0.692, 1.386]",61
email-enronsent40_01-0102,16,problem,problem,NOUN,-2,2,After Head,74,4.31748811353631,7,18,nsubj,7-8,16-20,1-2,"(4.22, 8.54]",216
answers-20111108094831AAnOjgr_ans-0001,3,part,part,NOUN,-4,4,After Head,64,4.174387269895637,4,5,nsubj,3-4,1-5,3-4,"(3.497, 4.22]",88
email-enronsent36_02-0060,15,departments,departments,NOUN,1,1,Before Head,2,1.0986122886681096,11,16,nsubj,11-12,16-20,1-2,"(0.692, 1.386]",72
newsgroup-groups.google.com_humanities.lit.authors.shakespeare_0018a7697318f71f_ENG_20031006_163200-0033,2,play,play,NOUN,3,3,Before Head,25,3.258096538021482,4,3,obl,3-4,1-5,3-4,"(2.833, 3.497]",368
answers-20111107094641AATmyb6_ans-0022,3,tour,tour,NOUN,1,1,Before Head,16,2.833213344056216,4,4,compound,3-4,1-5,1-2,"(2.197, 2.833]",17
weblog-juancole.com_juancole_20040823064025_ENG_20040823_064025-0034,30,insight,insight,NOUN,-3,3,After Head,2,1.0986122886681096,7,33,obj,7-8,31-35,3-4,"(0.692, 1.386]",296
answers-20111108103333AA3eSCk_ans-0017,4,way,way,NOUN,-4,4,After Head,204,5.3230099791384085,3,5,nsubj,3-4,1-5,3-4,"(4.22, 8.54]",90
email-enronsent26_01-0052,2,opinion,opinion,NOUN,4,4,Before Head,17,2.8903717578961645,7,3,obl,7-8,1-5,3-4,"(2.833, 3.497]",469
reviews-106150-0005,5,day,day,NOUN,-2,2,After Head,171,5.147494476813453,3,6,obl:unmarked,3-4,6-10,1-2,"(4.22, 8.54]",320
reviews-342811-0006,3,adults,adults,NOUN,-2,2,After Head,15,2.772588722239781,6,4,nsubj,5-6,1-5,1-2,"(2.197, 2.833]",124
reviews-057386-0006,31,food,food,NOUN,3,3,Before Head,167,5.123963979403259,4,32,nsubj,3-4,31-35,3-4,"(4.22, 8.54]",109
email-enronsent37_01-0088,2,story,story,NOUN,-3,3,After Head,17,2.8903717578961645,5,4,nsubj,5-6,1-5,3-4,"(2.833, 3.497]",127
reviews-216456-0003,10,year,year,NOUN,1,1,Before Head,172,5.153291594497779,4,11,obl:unmarked,3-4,11-15,1-2,"(4.22, 8.54]",303
answers-20111108104724AAuBUR7_ans-0035,4,owner,owner,NOUN,2,2,Before Head,29,3.4011973816621555,5,5,nsubj,5-6,1-5,1-2,"(2.833, 3.497]",126
newsgroup-groups.google.com_alt.animals.cat_01ff709c4bf2c60c_ENG_20040418_040100-0048,5,vocals,vocals,NOUN,-3,3,After Head,2,1.0986122886681096,6,6,nsubj,5-6,6-10,3-4,"(0.692, 1.386]",174
answers-20111108091950AAA0Xg5_ans-0011,4,website,website,NOUN,-4,4,After Head,32,3.4965075614664802,7,5,obl,7-8,1-5,3-4,"(2.833, 3.497]",469
newsgroup-groups.google.com_magicworld_04c89d43ff4fd6ea_ENG_20050104_152000-0040,16,end,end,NOUN,6,6,Before Head,83,4.430816798843313,3,18,obl,3-4,16-20,5-6,"(4.22, 8.54]",386
reviews-342811-0007,3,room,room,NOUN,2,2,Before Head,79,4.382026634673881,4,4,obl,3-4,1-5,1-2,"(4.22, 8.54]",371
email-enronsent38_01-0013,4,Requests,requests,NOUN,2,2,Before Head,12,2.5649493574615367,8,5,obl,7-8,1-5,1-2,"(2.197, 2.833]",466
answers-20111108091921AAaLK4e_ans-0053,7,horse,horse,NOUN,3,3,Before Head,52,3.970291913552122,5,9,nsubj,5-6,6-10,3-4,"(3.497, 4.22]",184
weblog-blogspot.com_alaindewitt_20040929103700_ENG_20040929_103700-0073,17,fact,fact,NOUN,2,2,Before Head,53,3.9889840465642745,4,18,obl,3-4,16-20,1-2,"(3.497, 4.22]",382
reviews-235576-0005,17,style,style,NOUN,-2,2,After Head,16,2.833213344056216,5,18,obl,5-6,16-20,1-2,"(2.197, 2.833]",434
newsgroup-groups.google.com_civicamerican_22c54c292026bfd2_ENG_20060128_072400-0029,15,branch,branch,NOUN,4,4,Before Head,7,2.0794415416798357,6,16,nsubj,5-6,16-20,3-4,"(1.386, 2.197]",147
newsgroup-groups.google.com_IndiaNewsWindow_1405662573fa84ed_ENG_20050831_110400-0022,18,cases,cases,NOUN,2,2,Before Head,12,2.5649493574615367,5,19,nmod,5-6,16-20,1-2,"(2.197, 2.833]",39
reviews-105518-0004,5,lookout,lookout,NOUN,6,6,Before Head,2,1.0986122886681096,7,6,advcl,7-8,6-10,5-6,"(0.692, 1.386]",7
answers-20111107092617AAgKm4X_ans-0005,28,run,run,NOUN,4,4,Before Head,47,3.8712010109078907,3,29,obl,3-4,26-30,3-4,"(3.497, 4.22]",392
reviews-079375-0010,1,fact,fact,NOUN,2,2,Before Head,53,3.9889840465642745,4,2,obl,3-4,1-5,1-2,"(3.497, 4.22]",369
weblog-blogspot.com_dakbangla_20050210141134_ENG_20050210_141134-0041,10,forces,forces,NOUN,1,1,Before Head,32,3.4965075614664802,6,11,nsubj,5-6,11-15,1-2,"(2.833, 3.497]",139
newsgroup-groups.google.com_herpesnation_c74170a0fcfdc880_ENG_20051125_075200-0014,3,escape,escape,NOUN,-2,2,After Head,14,2.70805020110221,6,4,nsubj,5-6,1-5,1-2,"(2.197, 2.833]",124
answers-20111106155648AAvG7DN_ans-0008,2,visa,visa,NOUN,3,3,Before Head,22,3.1354942159291497,4,3,nsubj,3-4,1-5,3-4,"(2.833, 3.497]",86
reviews-020992-0011,11,problem,problem,NOUN,-3,3,After Head,74,4.31748811353631,7,12,nsubj,7-8,11-15,3-4,"(4.22, 8.54]",209
email-enronsent01_02-0036,3,work,work,NOUN,-2,2,After Head,213,5.365976015021851,4,4,nsubj,3-4,1-5,1-2,"(4.22, 8.54]",89
answers-20111107175720AAlb2TB_ans-0005,20,weather,weather,NOUN,-2,2,After Head,15,2.772588722239781,7,22,nsubj,7-8,21-25,1-2,"(2.197, 2.833]",220
reviews-022461-0001,4,area,area,NOUN,-3,3,After Head,63,4.1588830833596715,4,5,obl,3-4,1-5,3-4,"(3.497, 4.22]",370
answers-20111104175256AAL21Ha_ans-0007,15,caucasians,caucasians,NOUN,3,3,Before Head,3,1.3862943611198906,10,16,nsubj,9-10,16-20,3-4,"(0.692, 1.386]",249
reviews-030126-0004,1,holes,holes,NOUN,-1,1,After Head,2,1.0986122886681096,5,3,nsubj,5-6,1-5,1-2,"(0.692, 1.386]",120
answers-20111108082304AAEbrNs_ans-0006,9,bit,bit,NOUN,1,1,Before Head,55,4.02535169073515,3,10,obl:unmarked,3-4,6-10,1-2,"(3.497, 4.22]",319
weblog-blogspot.com_dakbangla_20050311135387_ENG_20050311_135387-0075,3,control,control,NOUN,-2,2,After Head,34,3.5553480614894135,7,4,nsubj,7-8,1-5,1-2,"(3.497, 4.22]",197
reviews-342807-0004,23,bit,bit,NOUN,1,1,Before Head,55,4.02535169073515,3,24,obl:unmarked,3-4,21-25,1-2,"(3.497, 4.22]",310
weblog-blogspot.com_dakbangla_20050311135387_ENG_20050311_135387-0206,6,perp,perp,NOUN,3,3,Before Head,1,0.6931471805599453,4,7,nsubj,3-4,6-10,3-4,"(0.692, 1.386]",112
reviews-181771-0006,19,head,head,NOUN,-1,1,After Head,35,3.58351893845611,4,20,obl:unmarked,3-4,16-20,1-2,"(3.497, 4.22]",306
email-enronsent33_01-0111,31,remedies,remedies,NOUN,4,4,Before Head,3,1.3862943611198906,8,33,obj,7-8,31-35,3-4,"(0.692, 1.386]",296
email-enronsent35_01-0144,4,extent,extent,NOUN,4,4,Before Head,5,1.791759469228055,6,5,obl,5-6,1-5,3-4,"(1.386, 2.197]",414
reviews-115653-0005,23,week,week,NOUN,1,1,Before Head,89,4.499809670330265,4,24,obl:unmarked,3-4,21-25,1-2,"(4.22, 8.54]",311
weblog-blogspot.com_dakbangla_20041016151002_ENG_20041016_151002-0073,4,scenario,scenario,NOUN,3,3,Before Head,6,1.9459101490553132,8,5,obl,7-8,1-5,3-4,"(1.386, 2.197]",465
email-enronsent11_01-0027,1,thing,thing,NOUN,3,3,Before Head,82,4.418840607796598,5,2,nsubj,5-6,1-5,3-4,"(4.22, 8.54]",131
email-enronsent16_01-0107,1,guys,guys,NOUN,2,2,Before Head,41,3.7376696182833684,4,2,vocative,3-4,1-5,1-2,"(3.497, 4.22]",516
answers-20111108083309AAg9jwT_ans-0012,6,function,function,NOUN,-4,4,After Head,4,1.6094379124341003,8,7,nsubj,7-8,6-10,3-4,"(1.386, 2.197]",229
answers-20111107175720AAlb2TB_ans-0005,14,fall,fall,NOUN,-3,3,After Head,25,3.258096538021482,4,16,nsubj,3-4,16-20,3-4,"(2.833, 3.497]",100
answers-20111108091921AAaLK4e_ans-0011,24,coffee,coffee,NOUN,-2,2,After Head,15,2.772588722239781,6,26,obj,5-6,26-30,1-2,"(2.197, 2.833]",286
email-enronsent16_01-0037,3,list,list,NOUN,-3,3,After Head,59,4.0943445622221,4,4,nsubj,3-4,1-5,3-4,"(3.497, 4.22]",88
weblog-blogspot.com_healingiraq_20040409053012_ENG_20040409_053012-0006,3,tens,tens,NOUN,-1,1,After Head,7,2.0794415416798357,4,4,nsubj,3-4,1-5,1-2,"(1.386, 2.197]",81
reviews-294081-0009,6,WAITRESS,waitress,NOUN,-3,3,After Head,4,1.6094379124341003,8,7,obl,7-8,6-10,3-4,"(1.386, 2.197]",489
reviews-248027-0005,4,customer,customer,NOUN,-3,3,After Head,47,3.8712010109078907,8,5,nsubj,7-8,1-5,3-4,"(3.497, 4.22]",198
answers-20111108110012AAK8Azy_ans-0030,4,areas,areas,NOUN,-2,2,After Head,25,3.258096538021482,5,5,nsubj,5-6,1-5,1-2,"(2.833, 3.497]",126
reviews-186284-0004,1,flowers,flowers,NOUN,2,2,Before Head,10,2.3978952727983707,7,2,nsubj,7-8,1-5,1-2,"(2.197, 2.833]",194
email-enronsent03_01-0145,2,respect,respect,NOUN,3,3,Before Head,9,2.302585092994046,7,3,obl,7-8,1-5,3-4,"(2.197, 2.833]",467
email-enronsent43_01-0081,13,weeks,weeks,NOUN,1,1,Before Head,43,3.784189633918261,5,14,obl:unmarked,5-6,11-15,1-2,"(3.497, 4.22]",328
email-enronsent08_02-0005,6,way,way,NOUN,-2,2,After Head,204,5.3230099791384085,3,7,obl:unmarked,3-4,6-10,1-2,"(4.22, 8.54]",320
weblog-blogspot.com_dakbangla_20041016151002_ENG_20041016_151002-0047,12,year,year,NOUN,2,2,Before Head,172,5.153291594497779,4,13,obl,3-4,11-15,1-2,"(4.22, 8.54]",377
weblog-blogspot.com_dakbangla_20050311135387_ENG_20050311_135387-0080,25,charge,charge,NOUN,-3,3,After Head,38,3.6635616461296463,6,26,nsubj,5-6,26-30,3-4,"(3.497, 4.22]",165
answers-20111107211742AAHZaPe_ans-0036,7,salary,salary,NOUN,-6,6,After Head,4,1.6094379124341003,6,9,obl,5-6,6-10,5-6,"(1.386, 2.197]",452
email-enronsent11_01-0004,6,tickets,tickets,NOUN,3,3,Before Head,8,2.1972245773362196,7,7,obj,7-8,6-10,3-4,"(1.386, 2.197]",298
reviews-162422-0010,21,in,in,NOUN,-6,6,After Head,3066,8.028455164114252,2,22,obl,1-2,21-25,5-6,"(4.22, 8.54]",357
reviews-135800-0007,6,miles,miles,NOUN,-5,5,After Head,8,2.1972245773362196,5,7,obl,5-6,6-10,5-6,"(1.386, 2.197]",452
reviews-076352-0002,9,funeral,funeral,NOUN,-6,6,After Head,4,1.6094379124341003,7,10,obl,7-8,6-10,5-6,"(1.386, 2.197]",490
answers-20111108105629AAiZUDY_ans-0042,3,days,days,NOUN,4,4,Before Head,106,4.672828834461906,4,4,obl,3-4,1-5,3-4,"(4.22, 8.54]",372
reviews-029218-0004,1,food,food,NOUN,2,2,Before Head,167,5.123963979403259,4,2,nsubj,3-4,1-5,1-2,"(4.22, 8.54]",89
email-enronsent43_01-0114,3,Vice,vice,NOUN,1,1,Before Head,8,2.1972245773362196,4,4,compound,3-4,1-5,1-2,"(1.386, 2.197]",16
weblog-blogspot.com_dakbangla_20041016151002_ENG_20041016_151002-0051,17,official,official,NOUN,-3,3,After Head,19,2.995732273553991,8,18,nsubj,7-8,16-20,3-4,"(2.833, 3.497]",214
email-enronsent42_01-0036,14,price,price,NOUN,3,3,Before Head,113,4.736198448394496,5,15,nsubj,5-6,11-15,3-4,"(4.22, 8.54]",143
answers-20111108091609AAHOFa6_ans-0003,5,reason,reason,NOUN,5,5,Before Head,39,3.6888794541139363,6,6,obl,5-6,6-10,5-6,"(3.497, 4.22]",459
reviews-255261-0010,3,kiddies,kiddies,NOUN,-3,3,After Head,1,0.6931471805599453,7,4,obl,7-8,1-5,3-4,"(0.692, 1.386]",463
answers-20111108065616AAKtL2c_ans-0055,1,evening,evening,NOUN,3,3,Before Head,18,2.9444389791664403,7,2,obl:unmarked,7-8,1-5,3-4,"(2.833, 3.497]",346
newsgroup-groups.google.com_humanities.lit.authors.shakespeare_0018a7697318f71f_ENG_20031006_163200-0080,31,states,states,NOUN,6,6,Before Head,88,4.48863636973214,6,32,obl,5-6,31-35,5-6,"(4.22, 8.54]",446
answers-20111108091950AAA0Xg5_ans-0002,7,collages,collages,NOUN,-2,2,After Head,2,1.0986122886681096,8,8,nmod,7-8,6-10,1-2,"(0.692, 1.386]",52
weblog-blogspot.com_dakbangla_20041119231111_ENG_20041119_231111-0031,15,talks,talks,NOUN,-4,4,After Head,7,2.0794415416798357,5,16,obl,5-6,16-20,3-4,"(1.386, 2.197]",432
weblog-blogspot.com_rigorousintuition_20060511134300_ENG_20060511_134300-0071,4,mechanism,mechanism,NOUN,-3,3,After Head,6,1.9459101490553132,9,6,nsubj,9-10,6-10,3-4,"(1.386, 2.197]",257
answers-20111106215236AAycANO_ans-0003,25,places,places,NOUN,4,4,Before Head,49,3.912023005428146,6,27,nsubj,5-6,26-30,3-4,"(3.497, 4.22]",165
newsgroup-groups.google.com_alt.animals.bear_395d998336aec581_ENG_20031225_105300-0014,16,ground,ground,NOUN,-4,4,After Head,18,2.9444389791664403,6,17,obl,5-6,16-20,3-4,"(2.833, 3.497]",435
email-enronsent40_01-0021,16,address,address,NOUN,2,2,Before Head,34,3.5553480614894135,7,18,nsubj,7-8,16-20,1-2,"(3.497, 4.22]",215
weblog-blogspot.com_alaindewitt_20060924104100_ENG_20060924_104100-0115,14,ways,ways,NOUN,-2,2,After Head,12,2.5649493574615367,4,15,nsubj,3-4,11-15,1-2,"(2.197, 2.833]",92
reviews-200429-0005,8,money,money,NOUN,-6,6,After Head,91,4.5217885770490405,5,9,advcl,5-6,6-10,5-6,"(4.22, 8.54]",6
email-enronsent07_01-0103,6,game,game,NOUN,-3,3,After Head,45,3.828641396489095,4,8,nsubj,3-4,6-10,3-4,"(3.497, 4.22]",117
answers-20111108090913AAf83Jh_ans-0009,7,sights,sights,NOUN,3,3,Before Head,4,1.6094379124341003,6,8,nsubj,5-6,6-10,3-4,"(1.386, 2.197]",176
answers-20111108065616AAKtL2c_ans-0040,4,sites,sites,NOUN,-3,3,After Head,11,2.4849066497880004,5,5,nsubj,5-6,1-5,3-4,"(2.197, 2.833]",125
newsgroup-groups.google.com_magicworld_04c89d43ff4fd6ea_ENG_20050104_152000-0016,2,result,result,NOUN,4,4,Before Head,23,3.1780538303479458,6,3,obl,5-6,1-5,3-4,"(2.833, 3.497]",418
answers-20111108102810AAfCh1W_ans-0012,2,T.V.,t.v.,NOUN,3,3,Before Head,4,1.6094379124341003,4,3,nsubj,3-4,1-5,3-4,"(1.386, 2.197]",82
weblog-blogspot.com_dakbangla_20050311135387_ENG_20050311_135387-0047,7,computer,computer,NOUN,4,4,Before Head,21,3.091042453358316,8,8,nsubj,7-8,6-10,3-4,"(2.833, 3.497]",235
newsgroup-groups.google.com_alt.animals_0e65f540816d780c_ENG_20041116_124800-0059,15,time,time,NOUN,6,6,Before Head,397,5.986452005284438,4,16,ccomp,3-4,16-20,5-6,"(4.22, 8.54]",10
weblog-blogspot.com_dakbangla_20050311135387_ENG_20050311_135387-0086,5,issue,issue,NOUN,4,4,Before Head,47,3.8712010109078907,5,6,nsubj,5-6,6-10,3-4,"(3.497, 4.22]",184
answers-20111108111031AARG57j_ans-0002,1,night,night,NOUN,3,3,Before Head,83,4.430816798843313,5,2,obl:unmarked,5-6,1-5,3-4,"(4.22, 8.54]",327
answers-20111108104724AAuBUR7_ans-0011,4,dentist,dentist,NOUN,-4,4,After Head,9,2.302585092994046,7,5,obl,7-8,1-5,3-4,"(2.197, 2.833]",467
answers-20111106144630AAadR8l_ans-0002,17,game,game,NOUN,6,6,Before Head,45,3.828641396489095,4,18,obl,3-4,16-20,5-6,"(3.497, 4.22]",383
answers-20111107092617AAgKm4X_ans-0027,13,intents,intents,NOUN,6,6,Before Head,1,0.6931471805599453,7,14,obl,7-8,11-15,5-6,"(0.692, 1.386]",471
email-enronsent39_01-0064,6,hearing,hearing,NOUN,-5,5,After Head,15,2.772588722239781,7,7,nsubj,7-8,6-10,5-6,"(2.197, 2.833]",233
weblog-juancole.com_juancole_20040604210986_ENG_20040604_210986-0019,3,1990s,1990s,NOUN,3,3,Before Head,2,1.0986122886681096,5,4,obl,5-6,1-5,3-4,"(0.692, 1.386]",412
reviews-133601-0003,7,dentist,dentist,NOUN,-4,4,After Head,9,2.302585092994046,7,8,obl,7-8,6-10,3-4,"(2.197, 2.833]",492
weblog-blogspot.com_rigorousintuition_20060511134300_ENG_20060511_134300-0005,5,today,today,NOUN,-2,2,After Head,65,4.189654742026425,5,7,obl:unmarked,5-6,6-10,1-2,"(3.497, 4.22]",339
reviews-034501-0006,29,needs,needs,NOUN,2,2,Before Head,53,3.9889840465642745,5,30,nsubj,5-6,26-30,1-2,"(3.497, 4.22]",164
email-enronsent24_01-0079,9,today,today,NOUN,-5,5,After Head,65,4.189654742026425,5,10,obl:unmarked,5-6,6-10,5-6,"(3.497, 4.22]",341
answers-20111108092029AAsHTYP_ans-0019,3,Silkies,silkies,NOUN,1,1,Before Head,6,1.9459101490553132,7,4,nsubj,7-8,1-5,1-2,"(1.386, 2.197]",192
reviews-026641-0001,9,home,home,NOUN,-2,2,After Head,99,4.605170185988092,4,11,obj,3-4,11-15,1-2,"(4.22, 8.54]",268
email-enronsent22_01-0050,3,link,link,NOUN,-3,3,After Head,19,2.995732273553991,4,4,nsubj,3-4,1-5,3-4,"(2.833, 3.497]",86
email-enronsent30_01-0014,9,week,week,NOUN,-2,2,After Head,89,4.499809670330265,4,10,obl:unmarked,3-4,6-10,1-2,"(4.22, 8.54]",320
reviews-093655-0005,4,hours,hours,NOUN,-3,3,After Head,51,3.9512437185814275,5,5,obj,5-6,1-5,3-4,"(3.497, 4.22]",277
weblog-blogspot.com_rigorousintuition_20060511134300_ENG_20060511_134300-0213,3,overview,overview,NOUN,-4,4,After Head,4,1.6094379124341003,8,5,nsubj,7-8,1-5,3-4,"(1.386, 2.197]",193
answers-20111108082831AAco5PI_ans-0025,1,parties,parties,NOUN,4,4,Before Head,15,2.772588722239781,7,2,obl,7-8,1-5,3-4,"(2.197, 2.833]",467
answers-20111108094831AAnOjgr_ans-0009,13,week,week,NOUN,-2,2,After Head,89,4.499809670330265,4,14,obl:unmarked,3-4,11-15,1-2,"(4.22, 8.54]",303
answers-20111108101024AANYJpw_ans-0014,11,thing,thing,NOUN,-3,3,After Head,82,4.418840607796598,5,12,nsubj,5-6,11-15,3-4,"(4.22, 8.54]",143
weblog-blogspot.com_rigorousintuition_20060511134300_ENG_20060511_134300-0244,3,town,town,NOUN,-3,3,After Head,42,3.7612001156935624,4,4,obl,3-4,1-5,3-4,"(3.497, 4.22]",370
weblog-blogspot.com_rigorousintuition_20060511134300_ENG_20060511_134300-0179,13,author,author,NOUN,1,1,Before Head,8,2.1972245773362196,6,14,nsubj,5-6,11-15,1-2,"(1.386, 2.197]",134
email-enronsent08_02-0012,8,disease,disease,NOUN,-5,5,After Head,5,1.791759469228055,7,9,obl,7-8,6-10,5-6,"(1.386, 2.197]",490
newsgroup-groups.google.com_magicworld_04c89d43ff4fd6ea_ENG_20050104_152000-0084,1,mysteries,mysteries,NOUN,4,4,Before Head,1,0.6931471805599453,9,2,nsubj,9-10,1-5,3-4,"(0.692, 1.386]",240
reviews-018562-0006,9,director,director,NOUN,1,1,Before Head,16,2.833213344056216,8,12,nsubj,7-8,11-15,1-2,"(2.197, 2.833]",204
email-enronsent13_01-0012,14,name,name,NOUN,2,2,Before Head,96,4.574710978503383,4,15,nsubj,3-4,11-15,1-2,"(4.22, 8.54]",95
reviews-010450-0001,15,food,food,NOUN,-6,6,After Head,167,5.123963979403259,4,16,ccomp,3-4,16-20,5-6,"(4.22, 8.54]",10
newsgroup-groups.google.com_alt.animals.bears_1125853b1f13cff6_ENG_20040126_171100-0074,9,memory,memory,NOUN,-6,6,After Head,7,2.0794415416798357,6,11,obl,5-6,11-15,5-6,"(1.386, 2.197]",425
email-enronsent34_01-0009,4,things,things,NOUN,3,3,Before Head,85,4.454347296253507,6,5,nsubj,5-6,1-5,3-4,"(4.22, 8.54]",131
answers-20111108110012AAK8Azy_ans-0016,26,time,time,NOUN,6,6,Before Head,397,5.986452005284438,4,29,obl,3-4,26-30,5-6,"(4.22, 8.54]",394
reviews-314974-0002,20,food,food,NOUN,2,2,Before Head,167,5.123963979403259,4,21,nsubj,3-4,21-25,1-2,"(4.22, 8.54]",104
weblog-blogspot.com_alaindewitt_20060924104100_ENG_20060924_104100-0027,4,area,area,NOUN,-3,3,After Head,63,4.1588830833596715,4,5,obj,3-4,1-5,3-4,"(3.497, 4.22]",267
answers-20111107194805AAdINwt_ans-0017,6,Bus,bus,NOUN,-2,2,After Head,25,3.258096538021482,3,7,obl,3-4,6-10,1-2,"(2.833, 3.497]",403
email-enronsent22_01-0036,4,dates,dates,NOUN,-3,3,After Head,13,2.639057329615259,5,5,nsubj,5-6,1-5,3-4,"(2.197, 2.833]",125
answers-20111108105520AA73Axw_ans-0039,6,mineral,mineral,NOUN,-4,4,After Head,1,0.6931471805599453,7,7,nsubj,7-8,6-10,3-4,"(0.692, 1.386]",226
weblog-blogspot.com_dakbangla_20050210141134_ENG_20050210_141134-0012,7,light,light,NOUN,-2,2,After Head,33,3.5263605246161616,5,8,obl,5-6,6-10,1-2,"(3.497, 4.22]",457
email-enronsent03_01-0070,1,example,example,NOUN,4,4,Before Head,23,3.1780538303479458,7,2,obl,7-8,1-5,3-4,"(2.833, 3.497]",469
newsgroup-groups.google.com_misc.consumers_a534e32067078b08_ENG_20060116_030800-0007,1,wires,wires,NOUN,3,3,Before Head,2,1.0986122886681096,5,2,nsubj,5-6,1-5,3-4,"(0.692, 1.386]",121
reviews-162422-0010,16,charges,charges,NOUN,-3,3,After Head,10,2.3978952727983707,7,17,nsubj,7-8,16-20,3-4,"(2.197, 2.833]",212
email-enronsent08_02-0021,9,jeans,jeans,NOUN,3,3,Before Head,3,1.3862943611198906,5,11,obl,5-6,11-15,3-4,"(0.692, 1.386]",423
email-enronsent14_01-0005,4,week,week,NOUN,-3,3,After Head,89,4.499809670330265,4,5,obl:unmarked,3-4,1-5,3-4,"(4.22, 8.54]",300
weblog-juancole.com_juancole_20030911085700_ENG_20030911_085700-0021,2,organization,organization,NOUN,4,4,Before Head,15,2.772588722239781,12,3,nsubj,11-12,1-5,3-4,"(2.197, 2.833]",70
email-enronsent20_01-0035,10,bit,bit,NOUN,-2,2,After Head,55,4.02535169073515,3,11,obl:unmarked,3-4,11-15,1-2,"(3.497, 4.22]",301
email-enronsent13_01-0093,14,Guaranties,guaranties,NOUN,-3,3,After Head,2,1.0986122886681096,10,15,nsubj,9-10,11-15,3-4,"(0.692, 1.386]",245
answers-20111108100918AATaSIx_ans-0010,10,age,age,NOUN,-6,6,After Head,19,2.995732273553991,3,11,obl,3-4,11-15,5-6,"(2.833, 3.497]",374
newsgroup-groups.google.com_herpesnation_c74170a0fcfdc880_ENG_20051125_075200-0002,4,novel,novel,NOUN,6,6,Before Head,1,0.6931471805599453,5,6,obl,5-6,6-10,5-6,"(0.692, 1.386]",449
weblog-blogspot.com_dakbangla_20050311135387_ENG_20050311_135387-0068,13,program,program,NOUN,-6,6,After Head,40,3.713572066704308,7,16,nmod,7-8,16-20,5-6,"(3.497, 4.22]",50
newsgroup-groups.google.com_misc.consumers_a534e32067078b08_ENG_20060116_030800-0040,1,essence,essence,NOUN,3,3,Before Head,4,1.6094379124341003,7,2,obl,7-8,1-5,3-4,"(1.386, 2.197]",465
answers-20111107194625AAAUBXm_ans-0014,6,way,way,NOUN,-4,4,After Head,204,5.3230099791384085,3,7,nsubj,3-4,6-10,3-4,"(4.22, 8.54]",119
weblog-juancole.com_juancole_20040823064025_ENG_20040823_064025-0083,8,time,time,NOUN,4,4,Before Head,397,5.986452005284438,4,9,obl,3-4,6-10,3-4,"(4.22, 8.54]",409
reviews-328828-0006,4,point,point,NOUN,-3,3,After Head,74,4.31748811353631,5,5,nsubj,5-6,1-5,3-4,"(4.22, 8.54]",131
reviews-399348-0004,7,morning,morning,NOUN,-5,5,After Head,41,3.7376696182833684,7,8,nmod:unmarked,7-8,6-10,5-6,"(3.497, 4.22]",30
newsgroup-groups.google.com_magicworld_04c89d43ff4fd6ea_ENG_20050104_152000-0034,12,advantages,advantages,NOUN,4,4,Before Head,1,0.6931471805599453,10,13,obl,9-10,11-15,3-4,"(0.692, 1.386]",504
reviews-026883-0005,2,21st,21st,NOUN,4,4,Before Head,4,1.6094379124341003,4,3,obl,3-4,1-5,3-4,"(1.386, 2.197]",366
answers-20111108082505AAtbdh9_ans-0003,16,bit,bit,NOUN,1,1,Before Head,55,4.02535169073515,3,18,obl:unmarked,3-4,16-20,1-2,"(3.497, 4.22]",306
answers-20111108104724AAuBUR7_ans-0053,3,time,time,NOUN,3,3,Before Head,397,5.986452005284438,4,4,obl,3-4,1-5,3-4,"(4.22, 8.54]",372
weblog-juancole.com_juancole_20040823064025_ENG_20040823_064025-0078,14,way,way,NOUN,2,2,Before Head,204,5.3230099791384085,3,15,obl,3-4,11-15,1-2,"(4.22, 8.54]",377
newsgroup-groups.google.com_herpesnation_c74170a0fcfdc880_ENG_20051125_075200-0023,3,future,future,NOUN,4,4,Before Head,28,3.367295829986474,6,4,obl,5-6,1-5,3-4,"(2.833, 3.497]",418
reviews-260640-0005,4,predators,predators,NOUN,2,2,Before Head,6,1.9459101490553132,9,5,nsubj,9-10,1-5,1-2,"(1.386, 2.197]",241
newsgroup-groups.google.com_emails_ec0a1064de05e74b_ENG_20040929_023800-0014,9,amount,amount,NOUN,-3,3,After Head,72,4.290459441148391,6,10,obl,5-6,6-10,3-4,"(4.22, 8.54]",460
reviews-120335-0003,14,fact,fact,NOUN,6,6,Before Head,53,3.9889840465642745,4,15,obl,3-4,11-15,5-6,"(3.497, 4.22]",376
