timestamp	feature	model	pid	rss_kb	rss_gb
2026-05-09T09:33:59+02:00	length	gpt2	436793	4568	0.00
2026-05-09T09:34:09+02:00	length	gpt2	436793	1377664	1.31
2026-05-09T09:34:19+02:00	length	gpt2	436793	2674716	2.55
2026-05-09T09:34:29+02:00	length	gpt2	436793	3715140	3.54
2026-05-09T09:34:39+02:00	length	gpt2	436793	4365108	4.16
2026-05-09T09:34:49+02:00	length	gpt2	436793	4744476	4.52
2026-05-09T09:34:59+02:00	length	gpt2	436793	4939044	4.71
2026-05-09T09:35:09+02:00	length	gpt2	436793	5034612	4.80
2026-05-09T09:35:19+02:00	length	gpt2	436793	5072892	4.84
2026-05-09T09:35:29+02:00	length	gpt2	436793	5084244	4.85
2026-05-09T09:35:39+02:00	length	gpt2	436793	5086356	4.85
2026-05-09T09:35:49+02:00	length	gpt2	436793	5634088	5.37
2026-05-09T09:35:59+02:00	length	gpt2	436793	5211516	4.97
2026-05-09T09:36:09+02:00	length	gpt2	436793	5634556	5.37
2026-05-09T09:36:19+02:00	length	gpt2	436793	5634528	5.37
2026-05-09T09:36:29+02:00	length	gpt2	436793	5816988	5.55
2026-05-09T09:36:39+02:00	length	gpt2	436793	5634568	5.37
2026-05-09T09:36:49+02:00	length	gpt2	436793	5634576	5.37
2026-05-09T09:36:59+02:00	length	gpt2	436793	5634364	5.37
2026-05-09T09:37:09+02:00	length	gpt2	436793	5634340	5.37
2026-05-09T09:37:19+02:00	length	gpt2	436793	5994180	5.72
2026-05-09T09:37:29+02:00	length	gpt2	436793	5634384	5.37
2026-05-09T09:37:39+02:00	length	gpt2	436793	5634364	5.37
2026-05-09T09:37:49+02:00	length	gpt2	436793	5816860	5.55
2026-05-09T09:37:59+02:00	length	gpt2	436793	5634440	5.37
2026-05-09T09:38:09+02:00	length	gpt2	436793	5994544	5.72
2026-05-09T09:38:19+02:00	length	gpt2	436793	5634484	5.37
2026-05-09T09:38:29+02:00	length	gpt2	436793	5634460	5.37
2026-05-09T09:38:39+02:00	length	gpt2	436793	5816936	5.55
2026-05-09T09:38:49+02:00	length	gpt2	436793	5634524	5.37
2026-05-09T09:38:59+02:00	length	gpt2	436793	5816972	5.55
2026-05-09T09:39:09+02:00	length	gpt2	436793	5634536	5.37
2026-05-09T09:39:19+02:00	length	gpt2	436793	5634540	5.37
2026-05-09T09:39:29+02:00	length	gpt2	436793	5634596	5.37
2026-05-09T09:39:39+02:00	length	gpt2	436793	5634564	5.37
2026-05-09T09:39:49+02:00	length	gpt2	436793	5817024	5.55
2026-05-09T09:39:59+02:00	length	gpt2	436793	5634584	5.37
2026-05-09T09:40:09+02:00	length	gpt2	436793	5632188	5.37
2026-05-09T09:40:19+02:00	length	gpt2	436793	5634484	5.37
2026-05-09T09:40:29+02:00	length	gpt2	436793	5634492	5.37
2026-05-09T09:40:39+02:00	length	gpt2	436793	5994596	5.72
2026-05-09T09:40:49+02:00	length	gpt2	436793	5634532	5.37
2026-05-09T09:40:59+02:00	length	gpt2	436793	5634536	5.37
2026-05-09T09:41:09+02:00	length	gpt2	436793	5817008	5.55
2026-05-09T09:41:19+02:00	length	gpt2	436793	5634576	5.37
2026-05-09T09:41:30+02:00	length	gpt2	436793	5158160	4.92
2026-05-09T09:41:40+02:00	length	gpt2	436793	5634608	5.37
2026-05-09T09:41:50+02:00	length	gpt2	436793	5634604	5.37
2026-05-09T09:42:00+02:00	length	gpt2	436793	5817080	5.55
2026-05-09T09:42:10+02:00	length	gpt2	436793	5634380	5.37
2026-05-09T09:42:20+02:00	length	gpt2	436793	5506360	5.25
2026-05-09T09:42:30+02:00	length	gpt2	436793	5634372	5.37
2026-05-09T09:42:40+02:00	length	gpt2	436793	5634364	5.37
2026-05-09T09:42:50+02:00	length	gpt2	436793	5646564	5.38
2026-05-09T09:43:00+02:00	length	gpt2	436793	5634420	5.37
2026-05-09T09:43:10+02:00	length	gpt2	436793	5994512	5.72
2026-05-09T09:43:20+02:00	length	gpt2	436793	5634456	5.37
2026-05-09T09:43:30+02:00	length	gpt2	436793	5634428	5.37
2026-05-09T09:43:40+02:00	length	gpt2	436793	5816856	5.55
2026-05-09T09:43:50+02:00	length	gpt2	436793	5634432	5.37
2026-05-09T09:44:00+02:00	length	gpt2	436793	5994532	5.72
2026-05-09T09:44:10+02:00	length	gpt2	436793	5634448	5.37
2026-05-09T09:44:20+02:00	length	gpt2	436793	5599848	5.34
2026-05-09T09:44:30+02:00	length	gpt2	436793	5634476	5.37
2026-05-09T09:44:40+02:00	length	gpt2	436793	5634476	5.37
2026-05-09T09:44:50+02:00	length	gpt2	436793	5816928	5.55
2026-05-09T09:45:00+02:00	length	gpt2	436793	5634504	5.37
2026-05-09T09:45:10+02:00	length	gpt2	436793	5211256	4.97
2026-05-09T09:45:20+02:00	length	gpt2	436793	5639780	5.38
2026-05-09T09:45:30+02:00	length	gpt2	436793	5616124	5.36
2026-05-09T09:45:40+02:00	length	gpt2	436793	5639876	5.38
2026-05-09T09:45:50+02:00	length	gpt2	436793	5639960	5.38
2026-05-09T09:46:00+02:00	length	gpt2	436793	5652348	5.39
2026-05-09T09:46:10+02:00	length	gpt2	436793	5639772	5.38
2026-05-09T09:46:20+02:00	length	gpt2	436793	5824004	5.55
2026-05-09T09:46:30+02:00	length	gpt2	436793	5639840	5.38
2026-05-09T09:46:40+02:00	length	gpt2	436793	5770956	5.50
2026-05-09T09:46:50+02:00	length	gpt2	436793	5639932	5.38
2026-05-09T09:47:00+02:00	length	gpt2	436793	5538644	5.28
2026-05-09T09:47:10+02:00	length	gpt2	436793	5639724	5.38
2026-05-09T09:47:20+02:00	length	gpt2	436793	5639828	5.38
2026-05-09T09:47:30+02:00	length	gpt2	436793	5639792	5.38
2026-05-09T09:47:40+02:00	length	gpt2	436793	5639892	5.38
2026-05-09T09:47:50+02:00	length	gpt2	436793	5823876	5.55
2026-05-09T09:48:00+02:00	length	gpt2	436793	5639720	5.38
2026-05-09T09:48:10+02:00	length	gpt2	436793	5289880	5.04
2026-05-09T09:48:20+02:00	length	gpt2	436793	5639816	5.38
2026-05-09T09:48:30+02:00	length	gpt2	436793	5639912	5.38
2026-05-09T09:48:40+02:00	length	gpt2	436793	5823932	5.55
2026-05-09T09:48:50+02:00	length	gpt2	436793	5639788	5.38
2026-05-09T09:49:00+02:00	length	gpt2	436793	5530888	5.27
2026-05-09T09:49:10+02:00	length	gpt2	436793	5639912	5.38
2026-05-09T09:49:20+02:00	length	gpt2	436793	5639768	5.38
2026-05-09T09:49:30+02:00	length	gpt2	436793	6003172	5.73
2026-05-09T09:49:40+02:00	length	gpt2	436793	5639892	5.38
2026-05-09T09:49:50+02:00	length	gpt2	436793	5528356	5.27
2026-05-09T09:50:00+02:00	length	gpt2	436793	5639764	5.38
2026-05-09T09:50:10+02:00	length	gpt2	436793	5639872	5.38
2026-05-09T09:50:20+02:00	length	gpt2	436793	5926484	5.65
2026-05-09T09:50:30+02:00	length	gpt2	436793	5639720	5.38
2026-05-09T09:50:40+02:00	length	gpt2	436793	5618736	5.36
2026-05-09T09:50:50+02:00	length	gpt2	436793	5639828	5.38
2026-05-09T09:51:00+02:00	length	gpt2	436793	5639948	5.38
2026-05-09T09:51:10+02:00	length	gpt2	436793	6003096	5.72
2026-05-09T09:51:20+02:00	length	gpt2	436793	5639800	5.38
2026-05-09T09:51:30+02:00	length	gpt2	436793	5610096	5.35
2026-05-09T09:51:40+02:00	length	gpt2	436793	5639932	5.38
2026-05-09T09:51:50+02:00	length	gpt2	436793	5639812	5.38
2026-05-09T09:52:00+02:00	length	gpt2	436793	5924648	5.65
2026-05-09T09:52:10+02:00	length	gpt2	436793	5639932	5.38
2026-05-09T09:52:20+02:00	length	gpt2	436793	5573252	5.32
2026-05-09T09:52:30+02:00	length	gpt2	436793	5639788	5.38
2026-05-09T09:52:40+02:00	length	gpt2	436793	5639936	5.38
2026-05-09T09:52:50+02:00	length	gpt2	436793	6003356	5.73
2026-05-09T09:53:00+02:00	length	gpt2	436793	5639800	5.38
2026-05-09T09:53:10+02:00	length	gpt2	436793	5616176	5.36
2026-05-09T09:53:20+02:00	length	gpt2	436793	5652352	5.39
2026-05-09T09:53:30+02:00	length	gpt2	436793	5639816	5.38
2026-05-09T09:53:40+02:00	length	gpt2	436793	6003244	5.73
2026-05-09T09:53:50+02:00	length	gpt2	436793	5639960	5.38
2026-05-09T09:54:00+02:00	length	gpt2	436793	5639832	5.38
2026-05-09T09:54:10+02:00	length	gpt2	436793	5824104	5.55
2026-05-09T09:54:20+02:00	length	gpt2	436793	5639980	5.38
2026-05-09T09:54:30+02:00	length	gpt2	436793	5654504	5.39
2026-05-09T09:54:40+02:00	length	gpt2	436793	5641388	5.38
2026-05-09T09:54:50+02:00	length	gpt2	436793	5503292	5.25
2026-05-09T09:55:00+02:00	length	gpt2	436793	5641492	5.38
2026-05-09T09:55:10+02:00	length	gpt2	436793	5641484	5.38
2026-05-09T09:55:20+02:00	length	gpt2	436793	5825888	5.56
2026-05-09T09:55:30+02:00	length	gpt2	436793	5641340	5.38
2026-05-09T09:55:40+02:00	length	gpt2	436793	6005956	5.73
2026-05-09T09:55:50+02:00	length	gpt2	436793	5641456	5.38
2026-05-09T09:56:00+02:00	length	gpt2	436793	5618476	5.36
2026-05-09T09:56:10+02:00	length	gpt2	436793	5641328	5.38
2026-05-09T09:56:20+02:00	length	gpt2	436793	5641332	5.38
2026-05-09T09:56:30+02:00	length	gpt2	436793	5825744	5.56
2026-05-09T09:56:40+02:00	length	gpt2	436793	5641448	5.38
2026-05-09T09:56:50+02:00	length	gpt2	436793	5524484	5.27
2026-05-09T09:57:00+02:00	length	gpt2	436793	5641340	5.38
2026-05-09T09:57:10+02:00	length	gpt2	436793	5641324	5.38
2026-05-09T09:57:20+02:00	length	gpt2	436793	5653604	5.39
2026-05-09T09:57:30+02:00	length	gpt2	436793	5641448	5.38
2026-05-09T09:57:40+02:00	length	gpt2	436793	6005276	5.73
2026-05-09T09:57:50+02:00	length	gpt2	436793	5641320	5.38
2026-05-09T09:58:00+02:00	length	gpt2	436793	5540216	5.28
2026-05-09T09:58:10+02:00	length	gpt2	436793	5641480	5.38
2026-05-09T09:58:20+02:00	length	gpt2	436793	5641484	5.38
2026-05-09T09:58:30+02:00	length	gpt2	436793	5825912	5.56
2026-05-09T09:58:40+02:00	length	gpt2	436793	5641352	5.38
2026-05-09T09:58:50+02:00	length	gpt2	436793	5281348	5.04
2026-05-09T09:59:00+02:00	length	gpt2	436793	5641500	5.38
2026-05-09T09:59:10+02:00	length	gpt2	436793	5641464	5.38
2026-05-09T09:59:20+02:00	length	gpt2	436793	5737716	5.47
2026-05-09T09:59:30+02:00	length	gpt2	436793	5641500	5.38
2026-05-09T09:59:40+02:00	length	gpt2	436793	6006116	5.73
2026-05-09T09:59:50+02:00	length	gpt2	436793	5641376	5.38
2026-05-09T10:00:00+02:00	length	gpt2	436793	5641388	5.38
2026-05-09T10:00:10+02:00	length	gpt2	436793	5641528	5.38
2026-05-09T10:00:20+02:00	length	gpt2	436793	5641492	5.38
2026-05-09T10:00:30+02:00	length	gpt2	436793	5825896	5.56
2026-05-09T10:00:40+02:00	length	gpt2	436793	5641368	5.38
2026-05-09T10:00:50+02:00	length	gpt2	436793	5319796	5.07
2026-05-09T10:01:00+02:00	length	gpt2	436793	5641484	5.38
2026-05-09T10:01:10+02:00	length	gpt2	436793	5641460	5.38
2026-05-09T10:01:20+02:00	length	gpt2	436793	5825868	5.56
2026-05-09T10:01:30+02:00	length	gpt2	436793	5641296	5.38
2026-05-09T10:01:40+02:00	length	gpt2	436793	6006180	5.73
2026-05-09T10:01:50+02:00	length	gpt2	436793	5641428	5.38
2026-05-09T10:02:00+02:00	length	gpt2	436793	5634800	5.37
2026-05-09T10:02:10+02:00	length	gpt2	436793	5641304	5.38
2026-05-09T10:02:20+02:00	length	gpt2	436793	5641296	5.38
2026-05-09T10:02:30+02:00	length	gpt2	436793	5825972	5.56
2026-05-09T10:02:40+02:00	length	gpt2	436793	5641428	5.38
2026-05-09T10:02:50+02:00	length	gpt2	436793	5189268	4.95
2026-05-09T10:03:00+02:00	length	gpt2	436793	5641548	5.38
2026-05-09T10:03:10+02:00	length	gpt2	436793	5641540	5.38
2026-05-09T10:03:20+02:00	length	gpt2	436793	5644064	5.38
2026-05-09T10:03:30+02:00	length	gpt2	436793	5641420	5.38
2026-05-09T10:03:40+02:00	length	gpt2	436793	5825868	5.56
2026-05-09T10:03:50+02:00	length	gpt2	436793	5641300	5.38
2026-05-09T10:04:00+02:00	length	gpt2	436793	5509540	5.25
2026-05-09T10:04:10+02:00	length	gpt2	436793	5641432	5.38
2026-05-09T10:04:20+02:00	length	gpt2	436793	5641404	5.38
2026-05-09T10:04:30+02:00	length	gpt2	436793	5760868	5.49
2026-05-09T10:04:40+02:00	length	gpt2	436793	5641536	5.38
2026-05-09T10:04:50+02:00	length	gpt2	436793	6006160	5.73
2026-05-09T10:05:00+02:00	length	gpt2	436793	5641324	5.38
2026-05-09T10:05:10+02:00	length	gpt2	436793	5639740	5.38
2026-05-09T10:05:20+02:00	length	gpt2	436793	5641416	5.38
2026-05-09T10:05:30+02:00	length	gpt2	436793	5641416	5.38
2026-05-09T10:05:40+02:00	length	gpt2	436793	5825856	5.56
2026-05-09T10:05:50+02:00	length	gpt2	436793	5641304	5.38
2026-05-09T10:06:00+02:00	length	gpt2	436793	5219972	4.98
2026-05-09T10:06:10+02:00	length	gpt2	436793	5641548	5.38
2026-05-09T10:06:20+02:00	length	gpt2	436793	5641548	5.38
2026-05-09T10:06:30+02:00	length	gpt2	436793	5653564	5.39
2026-05-09T10:06:40+02:00	length	gpt2	436793	5641408	5.38
2026-05-09T10:06:50+02:00	length	gpt2	436793	6005232	5.73
2026-05-09T10:07:00+02:00	length	gpt2	436793	5641540	5.38
2026-05-09T10:07:10+02:00	length	gpt2	436793	5577344	5.32
2026-05-09T10:07:20+02:00	length	gpt2	436793	5641396	5.38
2026-05-09T10:07:30+02:00	length	gpt2	436793	5641372	5.38
2026-05-09T10:07:40+02:00	length	gpt2	436793	5825788	5.56
2026-05-09T10:07:50+02:00	length	gpt2	436793	5641504	5.38
2026-05-09T10:08:00+02:00	length	gpt2	436793	6006124	5.73
2026-05-09T10:08:10+02:00	length	gpt2	436793	5641352	5.38
2026-05-09T10:08:20+02:00	length	gpt2	436793	5559236	5.30
2026-05-09T10:08:30+02:00	length	gpt2	436793	5641484	5.38
2026-05-09T10:08:40+02:00	length	gpt2	436793	5641484	5.38
2026-05-09T10:08:50+02:00	length	gpt2	436793	5825888	5.56
2026-05-09T10:09:00+02:00	length	gpt2	436793	5641344	5.38
2026-05-09T10:09:10+02:00	length	gpt2	436793	5474720	5.22
2026-05-09T10:09:20+02:00	length	gpt2	436793	5641412	5.38
2026-05-09T10:09:30+02:00	length	gpt2	436793	5641408	5.38
2026-05-09T10:09:40+02:00	length	gpt2	436793	5825828	5.56
2026-05-09T10:09:50+02:00	length	gpt2	436793	5641548	5.38
2026-05-09T10:10:00+02:00	length	gpt2	436793	6006176	5.73
2026-05-09T10:10:10+02:00	length	gpt2	436793	5641408	5.38
2026-05-09T10:10:20+02:00	length	gpt2	436793	5525236	5.27
2026-05-09T10:10:30+02:00	length	gpt2	436793	5641540	5.38
2026-05-09T10:10:40+02:00	length	gpt2	436793	5641532	5.38
2026-05-09T10:10:50+02:00	length	gpt2	436793	5825924	5.56
2026-05-09T10:11:00+02:00	length	gpt2	436793	5641352	5.38
2026-05-09T10:11:10+02:00	length	gpt2	436793	5119564	4.88
2026-05-09T10:11:20+02:00	length	gpt2	436793	5641476	5.38
2026-05-09T10:11:30+02:00	length	gpt2	436793	5638000	5.38
2026-05-09T10:11:40+02:00	length	gpt2	436793	5641320	5.38
2026-05-09T10:11:50+02:00	length	gpt2	436793	5641312	5.38
2026-05-09T10:12:00+02:00	length	gpt2	436793	5825964	5.56
2026-05-09T10:12:10+02:00	length	gpt2	436793	5641364	5.38
2026-05-09T10:12:20+02:00	length	gpt2	436793	5481904	5.23
2026-05-09T10:12:30+02:00	length	gpt2	436793	5641516	5.38
2026-05-09T10:12:40+02:00	length	gpt2	436793	5641424	5.38
2026-05-09T10:12:50+02:00	length	gpt2	436793	5825824	5.56
2026-05-09T10:13:00+02:00	length	gpt2	436793	5641296	5.38
2026-05-09T10:13:10+02:00	length	gpt2	436793	6006180	5.73
2026-05-09T10:13:20+02:00	length	gpt2	436793	5641440	5.38
2026-05-09T10:13:30+02:00	length	gpt2	436793	5637216	5.38
2026-05-09T10:13:40+02:00	length	gpt2	436793	5571340	5.31
2026-05-09T10:13:50+02:00	length	gpt2	436793	5453216	5.20
2026-05-09T10:14:00+02:00	length	gpt2	436793	5453120	5.20
2026-05-09T10:14:10+02:00	length	gpt2	436793	5465436	5.21
2026-05-09T10:14:20+02:00	length	gpt2	436793	5379504	5.13
2026-05-09T10:14:30+02:00	length	gpt2	436793	5453336	5.20
2026-05-09T10:14:40+02:00	length	gpt2	436793	5465396	5.21
2026-05-09T10:14:50+02:00	length	gpt2	436793	5417188	5.17
2026-05-09T10:15:00+02:00	length	gpt2	436793	5453276	5.20
2026-05-09T10:15:10+02:00	length	gpt2	436793	5453188	5.20
2026-05-09T10:15:20+02:00	length	gpt2	436793	5684620	5.42
2026-05-09T10:15:30+02:00	length	gpt2	436793	5453212	5.20
2026-05-09T10:15:40+02:00	length	gpt2	436793	5453104	5.20
2026-05-09T10:15:50+02:00	length	gpt2	436793	5684572	5.42
2026-05-09T10:16:00+02:00	length	gpt2	436793	5453160	5.20
2026-05-09T10:16:10+02:00	length	gpt2	436793	5453096	5.20
2026-05-09T10:16:20+02:00	length	gpt2	436793	5683516	5.42
2026-05-09T10:16:30+02:00	length	gpt2	436793	5453144	5.20
2026-05-09T10:16:40+02:00	length	gpt2	436793	5453320	5.20
2026-05-09T10:16:50+02:00	length	gpt2	436793	5465364	5.21
2026-05-09T10:17:00+02:00	length	gpt2	436793	5426408	5.18
2026-05-09T10:17:10+02:00	length	gpt2	436793	5453248	5.20
2026-05-09T10:17:20+02:00	length	gpt2	436793	5465276	5.21
2026-05-09T10:17:30+02:00	length	gpt2	436793	5388532	5.14
2026-05-09T10:17:40+02:00	length	gpt2	436793	5453348	5.20
2026-05-09T10:17:50+02:00	length	gpt2	436793	5453260	5.20
2026-05-09T10:18:00+02:00	length	gpt2	436793	5684436	5.42
2026-05-09T10:18:10+02:00	length	gpt2	436793	5453304	5.20
2026-05-09T10:18:20+02:00	length	gpt2	436793	5453200	5.20
2026-05-09T10:18:30+02:00	length	gpt2	436793	5571372	5.31
2026-05-09T10:18:40+02:00	length	gpt2	436793	5453240	5.20
2026-05-09T10:18:50+02:00	length	gpt2	436793	5453152	5.20
2026-05-09T10:19:00+02:00	length	gpt2	436793	5571336	5.31
2026-05-09T10:19:10+02:00	length	gpt2	436793	5453164	5.20
2026-05-09T10:19:20+02:00	length	gpt2	436793	5453324	5.20
2026-05-09T10:19:30+02:00	length	gpt2	436793	5370084	5.12
2026-05-09T10:19:40+02:00	length	gpt2	436793	5460352	5.21
2026-05-09T10:19:50+02:00	length	gpt2	436793	5370112	5.12
2026-05-09T10:20:00+02:00	length	gpt2	436793	5350632	5.10
2026-05-09T10:20:10+02:00	length	gpt2	436793	5460428	5.21
2026-05-09T10:20:20+02:00	length	gpt2	436793	5370192	5.12
2026-05-09T10:20:30+02:00	length	gpt2	436793	5546092	5.29
2026-05-09T10:20:40+02:00	length	gpt2	436793	5370208	5.12
2026-05-09T10:20:50+02:00	length	gpt2	436793	5370024	5.12
2026-05-09T10:21:00+02:00	length	gpt2	436793	5460284	5.21
2026-05-09T10:21:10+02:00	length	gpt2	436793	5370052	5.12
2026-05-09T10:21:20+02:00	length	gpt2	436793	5309884	5.06
2026-05-09T10:21:30+02:00	length	gpt2	436793	5382192	5.13
2026-05-09T10:21:40+02:00	length	gpt2	436793	5370084	5.12
2026-05-09T10:21:50+02:00	length	gpt2	436793	5460328	5.21
2026-05-09T10:22:00+02:00	length	gpt2	436793	5370088	5.12
2026-05-09T10:22:10+02:00	length	gpt2	436793	5342416	5.09
2026-05-09T10:22:20+02:00	length	gpt2	436793	5460392	5.21
2026-05-09T10:22:30+02:00	length	gpt2	436793	5370132	5.12
2026-05-09T10:22:40+02:00	length	gpt2	436793	5353004	5.11
2026-05-09T10:22:50+02:00	length	gpt2	436793	5370136	5.12
2026-05-09T10:23:00+02:00	length	gpt2	436793	5370188	5.12
2026-05-09T10:23:10+02:00	length	gpt2	436793	5460412	5.21
2026-05-09T10:23:20+02:00	length	gpt2	436793	5370188	5.12
2026-05-09T10:23:30+02:00	length	gpt2	436793	5370204	5.12
2026-05-09T10:23:41+02:00	length	gpt2	436793	5460200	5.21
2026-05-09T10:23:51+02:00	length	gpt2	436793	5370212	5.12
2026-05-09T10:24:01+02:00	length	gpt2	436793	5332372	5.09
2026-05-09T10:24:11+02:00	length	gpt2	436793	5332388	5.09
2026-05-09T10:24:21+02:00	length	gpt2	436793	5344780	5.10
2026-05-09T10:24:31+02:00	length	gpt2	436793	5122976	4.89
2026-05-09T10:24:41+02:00	length	gpt2	436793	5332368	5.09
2026-05-09T10:24:51+02:00	length	gpt2	436793	5332372	5.09
2026-05-09T10:25:01+02:00	length	gpt2	436793	5332356	5.09
2026-05-09T10:25:11+02:00	length	gpt2	436793	5344768	5.10
2026-05-09T10:25:21+02:00	length	gpt2	436793	5483364	5.23
2026-05-09T10:25:31+02:00	length	gpt2	436793	5332400	5.09
2026-05-09T10:25:41+02:00	length	gpt2	436793	5332424	5.09
2026-05-09T10:25:51+02:00	length	gpt2	436793	5332400	5.09
2026-05-09T10:26:01+02:00	length	gpt2	436793	5332424	5.09
2026-05-09T10:26:11+02:00	length	gpt2	436793	5483456	5.23
2026-05-09T10:26:21+02:00	length	gpt2	436793	5269132	5.03
2026-05-09T10:26:31+02:00	length	gpt2	436793	5332460	5.09
2026-05-09T10:26:41+02:00	length	gpt2	436793	5332508	5.09
2026-05-09T10:26:51+02:00	length	gpt2	436793	5332280	5.09
2026-05-09T10:27:01+02:00	length	gpt2	436793	5410148	5.16
2026-05-09T10:27:11+02:00	length	gpt2	436793	5203708	4.96
2026-05-09T10:27:21+02:00	length	gpt2	436793	5332284	5.09
2026-05-09T10:27:31+02:00	length	gpt2	436793	5332472	5.09
2026-05-09T10:27:41+02:00	length	gpt2	436793	5332488	5.09
2026-05-09T10:27:51+02:00	length	gpt2	436793	5410388	5.16
2026-05-09T10:28:01+02:00	length	gpt2	436793	5243524	5.00
2026-05-09T10:28:11+02:00	length	gpt2	436793	5238912	5.00
2026-05-09T10:28:21+02:00	length	gpt2	436793	5179044	4.94
2026-05-09T10:28:31+02:00	length	gpt2	436793	5238872	5.00
2026-05-09T10:28:41+02:00	length	gpt2	436793	5354504	5.11
2026-05-09T10:28:51+02:00	length	gpt2	436793	5307040	5.06
2026-05-09T10:29:01+02:00	length	gpt2	436793	5307440	5.06
2026-05-09T10:29:11+02:00	length	gpt2	436793	5243684	5.00
2026-05-09T10:29:21+02:00	length	gpt2	436793	5243832	5.00
2026-05-09T10:29:31+02:00	length	gpt2	436793	5243692	5.00
2026-05-09T10:29:41+02:00	length	gpt2	436793	5239036	5.00
2026-05-09T10:29:51+02:00	length	gpt2	436793	5239140	5.00
2026-05-09T10:30:01+02:00	length	gpt2	436793	5239032	5.00
2026-05-09T10:30:11+02:00	length	gpt2	436793	5239136	5.00
2026-05-09T10:30:21+02:00	length	gpt2	436793	5354488	5.11
2026-05-09T10:30:31+02:00	length	gpt2	436793	5221388	4.98
2026-05-09T10:30:41+02:00	length	gpt2	436793	5192552	4.95
2026-05-09T10:30:51+02:00	length	gpt2	436793	5197568	4.96
2026-05-09T10:31:01+02:00	length	gpt2	436793	5192976	4.95
2026-05-09T10:31:11+02:00	length	gpt2	436793	5197436	4.96
2026-05-09T10:31:21+02:00	length	gpt2	436793	5192592	4.95
2026-05-09T10:31:31+02:00	length	gpt2	436793	5197336	4.96
2026-05-09T10:31:41+02:00	length	gpt2	436793	5241264	5.00
2026-05-09T10:31:51+02:00	length	gpt2	436793	5197216	4.96
2026-05-09T10:32:01+02:00	length	gpt2	436793	5217256	4.98
2026-05-09T10:32:11+02:00	length	gpt2	436793	5197360	4.96
2026-05-09T10:32:21+02:00	length	gpt2	436793	5235496	4.99
2026-05-09T10:32:31+02:00	length	gpt2	436793	5231136	4.99
2026-05-09T10:32:41+02:00	length	gpt2	436793	5296792	5.05
2026-05-09T10:32:51+02:00	length	gpt2	436793	5231168	4.99
2026-05-09T10:33:01+02:00	length	gpt2	436793	5231204	4.99
2026-05-09T10:33:11+02:00	length	gpt2	436793	5296864	5.05
2026-05-09T10:33:21+02:00	length	gpt2	436793	5230972	4.99
2026-05-09T10:33:31+02:00	length	gpt2	436793	5231048	4.99
2026-05-09T10:33:41+02:00	length	gpt2	436793	5296964	5.05
2026-05-09T10:33:51+02:00	length	gpt2	436793	5231012	4.99
2026-05-09T10:34:01+02:00	length	gpt2	436793	5191752	4.95
2026-05-09T10:34:11+02:00	length	gpt2	436793	5341348	5.09
2026-05-09T10:34:21+02:00	length	gpt2	436793	5235496	4.99
2026-05-09T10:34:31+02:00	length	gpt2	436793	5341660	5.09
2026-05-09T10:34:41+02:00	length	gpt2	436793	5296976	5.05
2026-05-09T10:34:51+02:00	length	gpt2	436793	5108660	4.87
2026-05-09T10:35:01+02:00	length	gpt2	436793	5113284	4.88
2026-05-09T10:35:11+02:00	length	gpt2	436793	5107340	4.87
2026-05-09T10:35:21+02:00	length	gpt2	436793	5148036	4.91
2026-05-09T10:35:31+02:00	length	gpt2	436793	5145988	4.91
2026-05-09T10:35:41+02:00	length	gpt2	436793	5115584	4.88
2026-05-09T10:35:51+02:00	length	gpt2	436793	5115584	4.88
2026-05-09T10:36:01+02:00	length	gpt2	436793	5152132	4.91
2026-05-09T10:36:11+02:00	length	gpt2	436793	5145464	4.91
2026-05-09T10:36:21+02:00	length	gpt2	436793	5107340	4.87
2026-05-09T10:36:31+02:00	length	gpt2	436793	5145464	4.91
2026-05-09T10:36:41+02:00	length	gpt2	436793	5145464	4.91
2026-05-09T10:36:51+02:00	length	gpt2	436793	5145988	4.91
2026-05-09T10:37:01+02:00	length	gpt2	436793	5145988	4.91
2026-05-09T10:37:11+02:00	length	gpt2	436793	5152200	4.91
2026-05-09T10:37:21+02:00	length	gpt2	436793	5152200	4.91
2026-05-09T10:37:31+02:00	length	gpt2	436793	5152132	4.91
2026-05-09T10:37:41+02:00	length	gpt2	436793	5148100	4.91
2026-05-09T10:37:51+02:00	length	gpt2	436793	5114596	4.88
2026-05-09T10:38:01+02:00	length	gpt2	436793	5145792	4.91
2026-05-09T10:38:11+02:00	length	gpt2	436793	5143220	4.90
2026-05-09T10:38:21+02:00	length	gpt2	436793	5107092	4.87
2026-05-09T10:38:31+02:00	length	gpt2	436793	5152200	4.91
2026-05-09T10:38:41+02:00	length	gpt2	436793	5114596	4.88
2026-05-09T10:38:51+02:00	length	gpt2	436793	5129976	4.89
2026-05-09T10:39:01+02:00	length	gpt2	436793	5129976	4.89
2026-05-09T10:39:11+02:00	length	gpt2	436793	5129976	4.89
2026-05-09T10:39:21+02:00	length	gpt2	436793	5129976	4.89
2026-05-09T10:39:31+02:00	length	gpt2	436793	5129976	4.89
2026-05-09T10:39:41+02:00	length	gpt2	436793	5129976	4.89
2026-05-09T10:39:51+02:00	length	gpt2	436793	5129976	4.89
2026-05-09T10:40:01+02:00	length	gpt2	436793	5129976	4.89
2026-05-09T10:40:11+02:00	length	gpt2	436793	5129976	4.89
2026-05-09T10:40:21+02:00	length	gpt2	436793	5129976	4.89
2026-05-09T10:40:31+02:00	length	gpt2	436793	5129976	4.89
2026-05-09T10:40:41+02:00	length	gpt2	436793	5129976	4.89
2026-05-09T10:40:51+02:00	length	gpt2	436793	5129976	4.89
2026-05-09T10:41:01+02:00	length	gpt2	436793	5129976	4.89
2026-05-09T10:41:11+02:00	length	gpt2	436793	5129976	4.89
2026-05-09T10:41:21+02:00	length	gpt2	436793	5129976	4.89
2026-05-09T10:41:31+02:00	length	gpt2	436793	5129976	4.89
2026-05-09T10:41:41+02:00	length	gpt2	436793	5129976	4.89
2026-05-09T10:41:51+02:00	length	gpt2	436793	5129976	4.89
2026-05-09T10:42:01+02:00	length	gpt2	436793	5129976	4.89
2026-05-09T10:42:11+02:00	length	gpt2	436793	5129976	4.89
2026-05-09T10:42:21+02:00	length	gpt2	436793	5129976	4.89
2026-05-09T10:42:31+02:00	length	gpt2	436793	5129976	4.89
2026-05-09T10:42:41+02:00	length	gpt2	436793	5129976	4.89
2026-05-09T10:42:51+02:00	length	gpt2	436793	5165792	4.93
2026-05-09T10:43:01+02:00	length	gpt2	436793	5130732	4.89
2026-05-09T10:43:11+02:00	length	gpt2	436793	5161696	4.92
2026-05-09T10:43:21+02:00	length	gpt2	436793	5130732	4.89
2026-05-09T10:43:31+02:00	length	gpt2	436793	5147360	4.91
2026-05-09T10:43:41+02:00	length	gpt2	436793	5130732	4.89
2026-05-09T10:43:51+02:00	length	gpt2	436793	5139168	4.90
2026-05-09T10:44:01+02:00	length	gpt2	436793	5153504	4.91
2026-05-09T10:44:11+02:00	length	gpt2	436793	5130732	4.89
2026-05-09T10:44:21+02:00	length	gpt2	436793	5130732	4.89
2026-05-09T10:44:31+02:00	length	gpt2	436793	5165792	4.93
2026-05-09T10:44:41+02:00	length	gpt2	436793	5130732	4.89
2026-05-09T10:44:51+02:00	length	gpt2	436793	5147360	4.91
2026-05-09T10:45:01+02:00	length	gpt2	436793	5130732	4.89
2026-05-09T10:45:11+02:00	length	gpt2	436793	5138924	4.90
2026-05-09T10:45:21+02:00	length	gpt2	436793	5130732	4.89
2026-05-09T10:45:31+02:00	length	gpt2	436793	5147360	4.91
2026-05-09T10:45:41+02:00	length	gpt2	436793	5139168	4.90
2026-05-09T10:45:51+02:00	length	gpt2	436793	5147360	4.91
2026-05-09T10:46:01+02:00	length	gpt2	436793	5130732	4.89
2026-05-09T10:46:11+02:00	length	gpt2	436793	5130732	4.89
2026-05-09T10:46:21+02:00	length	gpt2	436793	5130732	4.89
2026-05-09T10:46:31+02:00	length	gpt2	436793	5147360	4.91
2026-05-09T10:46:41+02:00	length	gpt2	436793	5130732	4.89
2026-05-09T10:46:51+02:00	length	gpt2	436793	5130732	4.89
2026-05-09T10:47:01+02:00	length	gpt2	436793	5130732	4.89
2026-05-09T10:47:11+02:00	length	gpt2	436793	5130732	4.89
2026-05-09T10:47:21+02:00	length	gpt2	436793	5130732	4.89
2026-05-09T10:47:31+02:00	length	gpt2	436793	5130732	4.89
2026-05-09T10:47:41+02:00	length	gpt2	436793	5130732	4.89
2026-05-09T10:47:51+02:00	length	gpt2	436793	5130732	4.89
2026-05-09T10:48:01+02:00	length	gpt2	436793	5130732	4.89
2026-05-09T10:48:11+02:00	length	gpt2	436793	5165792	4.93
2026-05-09T10:48:21+02:00	length	gpt2	436793	5165792	4.93
2026-05-09T10:48:31+02:00	length	gpt2	436793	5263476	5.02
2026-05-09T10:48:41+02:00	length	gpt2	436793	5278976	5.03
2026-05-09T10:48:51+02:00	length	gpt2	436793	5278976	5.03
2026-05-09T10:49:01+02:00	length	gpt2	436793	5278976	5.03
2026-05-09T10:49:11+02:00	length	gpt2	436793	5283072	5.04
2026-05-09T10:49:21+02:00	length	gpt2	436793	5199360	4.96
2026-05-09T10:49:31+02:00	length	gpt2	436793	5199360	4.96
2026-05-09T10:49:41+02:00	length	gpt2	436793	5199360	4.96
2026-05-09T10:49:51+02:00	length	gpt2	436793	5199360	4.96
2026-05-09T10:50:01+02:00	length	gpt2	436793	5199360	4.96
2026-05-09T10:50:11+02:00	length	gpt2	436793	5214208	4.97
2026-05-09T10:50:21+02:00	length	gpt2	436793	5194620	4.95
2026-05-09T10:50:31+02:00	length	gpt2	436793	5194620	4.95
2026-05-09T10:50:41+02:00	length	gpt2	436793	5241640	5.00
2026-05-09T10:50:51+02:00	length	gpt2	436793	5209328	4.97
2026-05-09T10:51:01+02:00	length	gpt2	436793	5184312	4.94
2026-05-09T10:51:11+02:00	length	gpt2	436793	5199360	4.96
2026-05-09T10:51:21+02:00	length	gpt2	436793	5177976	4.94
2026-05-09T10:51:31+02:00	length	gpt2	436793	5230616	4.99
2026-05-09T10:51:41+02:00	length	gpt2	436793	5199360	4.96
2026-05-09T10:51:51+02:00	length	gpt2	436793	5199360	4.96
2026-05-09T10:52:01+02:00	length	gpt2	436793	5199360	4.96
2026-05-09T10:52:11+02:00	length	gpt2	436793	5198568	4.96
2026-05-09T10:52:21+02:00	length	gpt2	436793	5199360	4.96
2026-05-09T10:52:31+02:00	length	gpt2	436793	5178504	4.94
2026-05-09T10:52:41+02:00	length	gpt2	436793	5198820	4.96
2026-05-09T10:52:51+02:00	length	gpt2	436793	5182980	4.94
2026-05-09T10:53:01+02:00	length	gpt2	436793	5183772	4.94
2026-05-09T10:53:11+02:00	length	gpt2	436793	5198820	4.96
2026-05-09T10:53:21+02:00	length	gpt2	436793	5198820	4.96
2026-05-09T10:53:31+02:00	length	gpt2	436793	5230076	4.99
2026-05-09T10:53:41+02:00	length	gpt2	436793	5183772	4.94
2026-05-09T10:53:51+02:00	length	gpt2	436793	5198820	4.96
2026-05-09T10:54:01+02:00	length	gpt2	436793	5230076	4.99
2026-05-09T10:54:11+02:00	length	gpt2	436793	5198820	4.96
2026-05-09T10:54:21+02:00	length	gpt2	436793	5198820	4.96
2026-05-09T10:54:31+02:00	length	gpt2	436793	5183772	4.94
2026-05-09T10:54:41+02:00	length	gpt2	436793	5230076	4.99
2026-05-09T10:54:51+02:00	length	gpt2	436793	5198820	4.96
2026-05-09T10:55:01+02:00	length	gpt2	436793	5230076	4.99
2026-05-09T10:55:11+02:00	length	gpt2	436793	5230076	4.99
2026-05-09T10:55:21+02:00	length	gpt2	436793	5198820	4.96
2026-05-09T10:55:31+02:00	length	gpt2	436793	5230076	4.99
2026-05-09T10:55:41+02:00	length	gpt2	436793	5198820	4.96
2026-05-09T10:55:51+02:00	length	gpt2	436793	5198820	4.96
2026-05-09T10:56:01+02:00	length	gpt2	436793	5230076	4.99
2026-05-09T10:56:11+02:00	length	gpt2	436793	5230076	4.99
2026-05-09T10:56:21+02:00	length	gpt2	436793	5198820	4.96
2026-05-09T10:56:31+02:00	length	gpt2	436793	5198820	4.96
2026-05-09T10:56:41+02:00	length	gpt2	436793	5198820	4.96
2026-05-09T10:56:51+02:00	length	gpt2	436793	5198820	4.96
2026-05-09T10:57:01+02:00	length	gpt2	436793	5198820	4.96
2026-05-09T10:57:11+02:00	length	gpt2	436793	5198820	4.96
2026-05-09T10:57:21+02:00	length	gpt2	436793	5198820	4.96
2026-05-09T10:57:31+02:00	length	gpt2	436793	5198820	4.96
2026-05-09T10:57:41+02:00	length	gpt2	436793	5198820	4.96
2026-05-09T10:57:51+02:00	length	gpt2	436793	5198820	4.96
2026-05-09T10:58:01+02:00	length	gpt2	436793	5198820	4.96
2026-05-09T10:58:11+02:00	length	gpt2	436793	5198820	4.96
2026-05-09T10:58:21+02:00	length	gpt2	436793	5198820	4.96
2026-05-09T10:58:31+02:00	length	gpt2	436793	5198820	4.96
2026-05-09T10:58:41+02:00	length	gpt2	436793	5198820	4.96
2026-05-09T10:58:51+02:00	length	gpt2	436793	5198820	4.96
2026-05-09T10:59:01+02:00	length	gpt2	436793	5198820	4.96
2026-05-09T10:59:11+02:00	length	gpt2	436793	5198820	4.96
2026-05-09T10:59:21+02:00	length	gpt2	436793	5198820	4.96
2026-05-09T10:59:31+02:00	length	gpt2	436793	5198820	4.96
2026-05-09T10:59:41+02:00	length	gpt2	436793	5198820	4.96
2026-05-09T10:59:51+02:00	length	gpt2	436793	5198820	4.96
2026-05-09T11:00:01+02:00	length	gpt2	436793	5198820	4.96
2026-05-09T11:00:11+02:00	length	gpt2	436793	5198820	4.96
2026-05-09T11:00:21+02:00	length	gpt2	436793	5198820	4.96
2026-05-09T11:00:31+02:00	length	gpt2	436793	5249060	5.01
2026-05-09T11:00:41+02:00	length	gpt2	436793	5237564	4.99
2026-05-09T11:00:51+02:00	length	gpt2	436793	5221180	4.98
2026-05-09T11:01:01+02:00	length	gpt2	436793	5260356	5.02
2026-05-09T11:01:11+02:00	length	gpt2	436793	5268548	5.02
2026-05-09T11:01:21+02:00	length	gpt2	436793	5209156	4.97
2026-05-09T11:01:31+02:00	length	gpt2	436793	5222964	4.98
2026-05-09T11:01:41+02:00	length	gpt2	436793	5211204	4.97
2026-05-09T11:01:51+02:00	length	gpt2	436793	5199120	4.96
2026-05-09T11:02:01+02:00	length	gpt2	436793	5281828	5.04
2026-05-09T11:02:11+02:00	length	gpt2	436793	5732316	5.47
2026-05-09T11:02:21+02:00	length	gpt2	436793	5732340	5.47
2026-05-09T11:02:31+02:00	length	gpt2	436793	5730500	5.47
2026-05-09T11:02:41+02:00	length	gpt2	436793	5914816	5.64
2026-05-09T11:02:51+02:00	length	gpt2	436793	5732404	5.47
2026-05-09T11:03:01+02:00	length	gpt2	436793	5732428	5.47
2026-05-09T11:03:11+02:00	length	gpt2	436793	5914928	5.64
2026-05-09T11:03:21+02:00	length	gpt2	436793	5732504	5.47
2026-05-09T11:03:31+02:00	length	gpt2	436793	5732272	5.47
2026-05-09T11:03:41+02:00	length	gpt2	436793	5914792	5.64
2026-05-09T11:03:51+02:00	length	gpt2	436793	5732396	5.47
2026-05-09T11:04:01+02:00	length	gpt2	436793	5732416	5.47
2026-05-09T11:04:11+02:00	length	gpt2	436793	5914920	5.64
2026-05-09T11:04:21+02:00	length	gpt2	436793	5732504	5.47
2026-05-09T11:04:31+02:00	length	gpt2	436793	5732264	5.47
2026-05-09T11:04:41+02:00	length	gpt2	436793	5914760	5.64
2026-05-09T11:04:51+02:00	length	gpt2	436793	5732356	5.47
2026-05-09T11:05:01+02:00	length	gpt2	436793	5732388	5.47
2026-05-09T11:05:11+02:00	length	gpt2	436793	5914876	5.64
2026-05-09T11:05:21+02:00	length	gpt2	436793	5732476	5.47
2026-05-09T11:05:31+02:00	length	gpt2	436793	5732500	5.47
2026-05-09T11:05:41+02:00	length	gpt2	436793	5914988	5.64
2026-05-09T11:05:51+02:00	length	gpt2	436793	5732336	5.47
2026-05-09T11:06:01+02:00	length	gpt2	436793	5696204	5.43
2026-05-09T11:06:11+02:00	length	gpt2	436793	5914868	5.64
2026-05-09T11:06:21+02:00	length	gpt2	436793	5732476	5.47
2026-05-09T11:06:31+02:00	length	gpt2	436793	5625320	5.36
2026-05-09T11:06:41+02:00	length	gpt2	436793	5744456	5.48
2026-05-09T11:06:51+02:00	length	gpt2	436793	5732344	5.47
2026-05-09T11:07:01+02:00	length	gpt2	436793	5619088	5.36
2026-05-09T11:07:11+02:00	length	gpt2	436793	5744568	5.48
2026-05-09T11:07:21+02:00	length	gpt2	436793	5732456	5.47
2026-05-09T11:07:31+02:00	length	gpt2	436793	5331764	5.08
2026-05-09T11:07:41+02:00	length	gpt2	436793	5732288	5.47
2026-05-09T11:07:51+02:00	length	gpt2	436793	5732320	5.47
2026-05-09T11:08:01+02:00	length	gpt2	436793	5281864	5.04
2026-05-09T11:08:11+02:00	length	gpt2	436793	5732416	5.47
2026-05-09T11:08:21+02:00	length	gpt2	436793	5732444	5.47
2026-05-09T11:08:31+02:00	length	gpt2	436793	6092648	5.81
2026-05-09T11:08:41+02:00	length	gpt2	436793	5732280	5.47
2026-05-09T11:08:52+02:00	length	gpt2	436793	5732280	5.47
2026-05-09T11:09:02+02:00	length	gpt2	436793	6092492	5.81
2026-05-09T11:09:12+02:00	length	gpt2	436793	5732392	5.47
2026-05-09T11:09:22+02:00	length	gpt2	436793	5732424	5.47
2026-05-09T11:09:32+02:00	length	gpt2	436793	5914936	5.64
2026-05-09T11:09:42+02:00	length	gpt2	436793	5732276	5.47
2026-05-09T11:09:52+02:00	length	gpt2	436793	5732308	5.47
2026-05-09T11:10:02+02:00	length	gpt2	436793	5914796	5.64
2026-05-09T11:10:12+02:00	length	gpt2	436793	5732372	5.47
2026-05-09T11:10:22+02:00	length	gpt2	436793	5725288	5.46
2026-05-09T11:10:32+02:00	length	gpt2	436793	5744608	5.48
2026-05-09T11:10:42+02:00	length	gpt2	436793	5732496	5.47
2026-05-09T11:10:52+02:00	length	gpt2	436793	5593916	5.33
2026-05-09T11:11:02+02:00	length	gpt2	436793	5744480	5.48
2026-05-09T11:11:12+02:00	length	gpt2	436793	5732356	5.47
2026-05-09T11:11:22+02:00	length	gpt2	436793	6101056	5.82
2026-05-09T11:11:32+02:00	length	gpt2	436793	5737500	5.47
2026-05-09T11:11:42+02:00	length	gpt2	436793	5737648	5.47
2026-05-09T11:11:52+02:00	length	gpt2	436793	5921720	5.65
2026-05-09T11:12:02+02:00	length	gpt2	436793	5737588	5.47
2026-05-09T11:12:12+02:00	length	gpt2	436793	5628940	5.37
2026-05-09T11:12:22+02:00	length	gpt2	436793	5737716	5.47
2026-05-09T11:12:32+02:00	length	gpt2	436793	5737580	5.47
2026-05-09T11:12:42+02:00	length	gpt2	436793	5921852	5.65
2026-05-09T11:12:52+02:00	length	gpt2	436793	5737476	5.47
2026-05-09T11:13:02+02:00	length	gpt2	436793	5693232	5.43
2026-05-09T11:13:12+02:00	length	gpt2	436793	5737568	5.47
2026-05-09T11:13:22+02:00	length	gpt2	436793	5737712	5.47
2026-05-09T11:13:32+02:00	length	gpt2	436793	6101128	5.82
2026-05-09T11:13:42+02:00	length	gpt2	436793	5737556	5.47
2026-05-09T11:13:52+02:00	length	gpt2	436793	5737696	5.47
2026-05-09T11:14:02+02:00	length	gpt2	436793	5921700	5.65
2026-05-09T11:14:12+02:00	length	gpt2	436793	5737568	5.47
2026-05-09T11:14:22+02:00	length	gpt2	436793	5289060	5.04
2026-05-09T11:14:32+02:00	length	gpt2	436793	5737704	5.47
2026-05-09T11:14:42+02:00	length	gpt2	436793	5737564	5.47
2026-05-09T11:14:52+02:00	length	gpt2	436793	5921828	5.65
2026-05-09T11:15:02+02:00	length	gpt2	436793	5737692	5.47
2026-05-09T11:15:12+02:00	length	gpt2	436793	5641976	5.38
2026-05-09T11:15:22+02:00	length	gpt2	436793	5737560	5.47
2026-05-09T11:15:32+02:00	length	gpt2	436793	5737688	5.47
2026-05-09T11:15:42+02:00	length	gpt2	436793	5985424	5.71
2026-05-09T11:15:52+02:00	length	gpt2	436793	5737576	5.47
2026-05-09T11:16:02+02:00	length	gpt2	436793	5737728	5.47
2026-05-09T11:16:12+02:00	length	gpt2	436793	5749896	5.48
2026-05-09T11:16:22+02:00	length	gpt2	436793	5737612	5.47
2026-05-09T11:16:32+02:00	length	gpt2	436793	6101040	5.82
2026-05-09T11:16:42+02:00	length	gpt2	436793	5737484	5.47
2026-05-09T11:16:52+02:00	length	gpt2	436793	5737604	5.47
2026-05-09T11:17:02+02:00	length	gpt2	436793	5921616	5.65
2026-05-09T11:17:12+02:00	length	gpt2	436793	5737484	5.47
2026-05-09T11:17:22+02:00	length	gpt2	436793	5258132	5.01
2026-05-09T11:17:32+02:00	length	gpt2	436793	5737616	5.47
2026-05-09T11:17:42+02:00	length	gpt2	436793	5737588	5.47
2026-05-09T11:17:52+02:00	length	gpt2	436793	5921852	5.65
2026-05-09T11:18:02+02:00	length	gpt2	436793	5737696	5.47
2026-05-09T11:18:12+02:00	length	gpt2	436793	5341692	5.09
2026-05-09T11:18:22+02:00	length	gpt2	436793	5737588	5.47
2026-05-09T11:18:32+02:00	length	gpt2	436793	5737476	5.47
2026-05-09T11:18:42+02:00	length	gpt2	436793	5921744	5.65
2026-05-09T11:18:52+02:00	length	gpt2	436793	5737580	5.47
2026-05-09T11:19:02+02:00	length	gpt2	436793	5671424	5.41
2026-05-09T11:19:12+02:00	length	gpt2	436793	5737704	5.47
2026-05-09T11:19:22+02:00	length	gpt2	436793	5737564	5.47
2026-05-09T11:19:32+02:00	length	gpt2	436793	6101260	5.82
2026-05-09T11:19:42+02:00	length	gpt2	436793	5737720	5.47
2026-05-09T11:19:52+02:00	length	gpt2	436793	5737580	5.47
2026-05-09T11:20:02+02:00	length	gpt2	436793	5749984	5.48
2026-05-09T11:20:12+02:00	length	gpt2	436793	5737708	5.47
2026-05-09T11:20:22+02:00	length	gpt2	436793	5199188	4.96
2026-05-09T11:20:32+02:00	length	gpt2	436793	5737620	5.47
2026-05-09T11:20:42+02:00	length	gpt2	436793	5737496	5.47
2026-05-09T11:20:52+02:00	length	gpt2	436793	5751412	5.48
2026-05-09T11:21:02+02:00	length	gpt2	436793	5739256	5.47
2026-05-09T11:21:12+02:00	length	gpt2	436793	6103040	5.82
2026-05-09T11:21:22+02:00	length	gpt2	436793	5739112	5.47
2026-05-09T11:21:32+02:00	length	gpt2	436793	5679696	5.42
2026-05-09T11:21:42+02:00	length	gpt2	436793	5739228	5.47
2026-05-09T11:21:52+02:00	length	gpt2	436793	5739208	5.47
2026-05-09T11:22:02+02:00	length	gpt2	436793	5923620	5.65
2026-05-09T11:22:12+02:00	length	gpt2	436793	5739084	5.47
2026-05-09T11:22:22+02:00	length	gpt2	436793	5657196	5.40
2026-05-09T11:22:32+02:00	length	gpt2	436793	5739192	5.47
2026-05-09T11:22:42+02:00	length	gpt2	436793	5739196	5.47
2026-05-09T11:22:52+02:00	length	gpt2	436793	5923600	5.65
2026-05-09T11:23:02+02:00	length	gpt2	436793	5739064	5.47
2026-05-09T11:23:12+02:00	length	gpt2	436793	5660904	5.40
2026-05-09T11:23:22+02:00	length	gpt2	436793	5739196	5.47
2026-05-09T11:23:32+02:00	length	gpt2	436793	5739172	5.47
2026-05-09T11:23:42+02:00	length	gpt2	436793	5923584	5.65
2026-05-09T11:23:52+02:00	length	gpt2	436793	5739320	5.47
2026-05-09T11:24:02+02:00	length	gpt2	436793	5617304	5.36
2026-05-09T11:24:12+02:00	length	gpt2	436793	5739168	5.47
2026-05-09T11:24:22+02:00	length	gpt2	436793	5739164	5.47
2026-05-09T11:24:32+02:00	length	gpt2	436793	5923572	5.65
2026-05-09T11:24:42+02:00	length	gpt2	436793	5739288	5.47
2026-05-09T11:24:52+02:00	length	gpt2	436793	5607256	5.35
2026-05-09T11:25:02+02:00	length	gpt2	436793	5739160	5.47
2026-05-09T11:25:12+02:00	length	gpt2	436793	5739144	5.47
2026-05-09T11:25:22+02:00	length	gpt2	436793	5923540	5.65
2026-05-09T11:25:32+02:00	length	gpt2	436793	5739288	5.47
2026-05-09T11:25:42+02:00	length	gpt2	436793	5244116	5.00
2026-05-09T11:25:52+02:00	length	gpt2	436793	5739152	5.47
2026-05-09T11:26:02+02:00	length	gpt2	436793	5739136	5.47
2026-05-09T11:26:12+02:00	length	gpt2	436793	5739280	5.47
2026-05-09T11:26:22+02:00	length	gpt2	436793	5739248	5.47
2026-05-09T11:26:32+02:00	length	gpt2	436793	6103864	5.82
2026-05-09T11:26:42+02:00	length	gpt2	436793	5739120	5.47
2026-05-09T11:26:52+02:00	length	gpt2	436793	5739112	5.47
2026-05-09T11:27:02+02:00	length	gpt2	436793	5751236	5.48
2026-05-09T11:27:12+02:00	length	gpt2	436793	5739324	5.47
2026-05-09T11:27:22+02:00	length	gpt2	436793	6103936	5.82
2026-05-09T11:27:32+02:00	length	gpt2	436793	5739204	5.47
2026-05-09T11:27:42+02:00	length	gpt2	436793	5576828	5.32
2026-05-09T11:27:52+02:00	length	gpt2	436793	5739308	5.47
2026-05-09T11:28:02+02:00	length	gpt2	436793	5739288	5.47
2026-05-09T11:28:12+02:00	length	gpt2	436793	5751328	5.48
2026-05-09T11:28:22+02:00	length	gpt2	436793	5739116	5.47
2026-05-09T11:28:32+02:00	length	gpt2	436793	6102952	5.82
2026-05-09T11:28:42+02:00	length	gpt2	436793	5739260	5.47
2026-05-09T11:28:52+02:00	length	gpt2	436793	5719996	5.46
2026-05-09T11:29:02+02:00	length	gpt2	436793	5740728	5.47
2026-05-09T11:29:12+02:00	length	gpt2	436793	5739140	5.47
2026-05-09T11:29:22+02:00	length	gpt2	436793	6102940	5.82
2026-05-09T11:29:32+02:00	length	gpt2	436793	5739252	5.47
2026-05-09T11:29:42+02:00	length	gpt2	436793	5612544	5.35
2026-05-09T11:29:52+02:00	length	gpt2	436793	5739160	5.47
2026-05-09T11:30:02+02:00	length	gpt2	436793	5739132	5.47
2026-05-09T11:30:12+02:00	length	gpt2	436793	5923572	5.65
2026-05-09T11:30:22+02:00	length	gpt2	436793	5739288	5.47
2026-05-09T11:30:32+02:00	length	gpt2	436793	6103888	5.82
2026-05-09T11:30:42+02:00	length	gpt2	436793	5739148	5.47
2026-05-09T11:30:52+02:00	length	gpt2	436793	5739120	5.47
2026-05-09T11:31:02+02:00	length	gpt2	436793	5739272	5.47
2026-05-09T11:31:12+02:00	length	gpt2	436793	5739232	5.47
2026-05-09T11:31:22+02:00	length	gpt2	436793	5923660	5.65
2026-05-09T11:31:32+02:00	length	gpt2	436793	5739084	5.47
2026-05-09T11:31:42+02:00	length	gpt2	436793	5577508	5.32
2026-05-09T11:31:52+02:00	length	gpt2	436793	5739244	5.47
2026-05-09T11:32:02+02:00	length	gpt2	436793	5739212	5.47
2026-05-09T11:32:12+02:00	length	gpt2	436793	5923652	5.65
2026-05-09T11:32:22+02:00	length	gpt2	436793	5739116	5.47
2026-05-09T11:32:32+02:00	length	gpt2	436793	5340068	5.09
2026-05-09T11:32:42+02:00	length	gpt2	436793	5739220	5.47
2026-05-09T11:32:52+02:00	length	gpt2	436793	5739220	5.47
2026-05-09T11:33:02+02:00	length	gpt2	436793	5923628	5.65
2026-05-09T11:33:12+02:00	length	gpt2	436793	5739084	5.47
2026-05-09T11:33:22+02:00	length	gpt2	436793	6103696	5.82
2026-05-09T11:33:32+02:00	length	gpt2	436793	5739224	5.47
2026-05-09T11:33:42+02:00	length	gpt2	436793	5739228	5.47
2026-05-09T11:33:52+02:00	length	gpt2	436793	5739124	5.47
2026-05-09T11:34:02+02:00	length	gpt2	436793	5739124	5.47
2026-05-09T11:34:12+02:00	length	gpt2	436793	5923536	5.65
2026-05-09T11:34:22+02:00	length	gpt2	436793	5739244	5.47
2026-05-09T11:34:32+02:00	length	gpt2	436793	5656072	5.39
2026-05-09T11:34:42+02:00	length	gpt2	436793	5739124	5.47
2026-05-09T11:34:52+02:00	length	gpt2	436793	5739140	5.47
2026-05-09T11:35:02+02:00	length	gpt2	436793	5923564	5.65
2026-05-09T11:35:12+02:00	length	gpt2	436793	5739308	5.47
2026-05-09T11:35:22+02:00	length	gpt2	436793	5268708	5.02
2026-05-09T11:35:32+02:00	length	gpt2	436793	5739144	5.47
2026-05-09T11:35:42+02:00	length	gpt2	436793	5739136	5.47
2026-05-09T11:35:52+02:00	length	gpt2	436793	5923572	5.65
2026-05-09T11:36:02+02:00	length	gpt2	436793	5739288	5.47
2026-05-09T11:36:12+02:00	length	gpt2	436793	6103116	5.82
2026-05-09T11:36:22+02:00	length	gpt2	436793	5739180	5.47
2026-05-09T11:36:32+02:00	length	gpt2	436793	5739188	5.47
2026-05-09T11:36:42+02:00	length	gpt2	436793	5852584	5.58
2026-05-09T11:36:52+02:00	length	gpt2	436793	5739076	5.47
2026-05-09T11:37:02+02:00	length	gpt2	436793	5832200	5.56
2026-05-09T11:37:12+02:00	length	gpt2	436793	5739228	5.47
2026-05-09T11:37:22+02:00	length	gpt2	436793	5739236	5.47
2026-05-09T11:37:32+02:00	length	gpt2	436793	5751272	5.48
2026-05-09T11:37:42+02:00	length	gpt2	436793	5739096	5.47
2026-05-09T11:37:52+02:00	length	gpt2	436793	5923524	5.65
2026-05-09T11:38:02+02:00	length	gpt2	436793	5739244	5.47
2026-05-09T11:38:12+02:00	length	gpt2	436793	5721276	5.46
2026-05-09T11:38:22+02:00	length	gpt2	436793	5739108	5.47
2026-05-09T11:38:32+02:00	length	gpt2	436793	5739080	5.47
2026-05-09T11:38:42+02:00	length	gpt2	436793	5923480	5.65
2026-05-09T11:38:52+02:00	length	gpt2	436793	5739208	5.47
2026-05-09T11:39:02+02:00	length	gpt2	436793	5579760	5.32
2026-05-09T11:39:12+02:00	length	gpt2	436793	5739100	5.47
2026-05-09T11:39:22+02:00	length	gpt2	436793	5739096	5.47
2026-05-09T11:39:32+02:00	length	gpt2	436793	5923524	5.65
2026-05-09T11:39:42+02:00	length	gpt2	436793	5657208	5.40
2026-05-09T11:39:52+02:00	length	gpt2	436793	5539076	5.28
2026-05-09T11:40:02+02:00	length	gpt2	436793	5539204	5.28
2026-05-09T11:40:12+02:00	length	gpt2	436793	5657368	5.40
2026-05-09T11:40:22+02:00	length	gpt2	436793	5539192	5.28
2026-05-09T11:40:32+02:00	length	gpt2	436793	5539076	5.28
2026-05-09T11:40:42+02:00	length	gpt2	436793	5657240	5.40
2026-05-09T11:40:52+02:00	length	gpt2	436793	5539092	5.28
2026-05-09T11:41:02+02:00	length	gpt2	436793	5539268	5.28
2026-05-09T11:41:12+02:00	length	gpt2	436793	5657176	5.40
2026-05-09T11:41:22+02:00	length	gpt2	436793	5539304	5.28
2026-05-09T11:41:32+02:00	length	gpt2	436793	5539208	5.28
2026-05-09T11:41:42+02:00	length	gpt2	436793	5657400	5.40
2026-05-09T11:41:52+02:00	length	gpt2	436793	5539216	5.28
2026-05-09T11:42:02+02:00	length	gpt2	436793	5539148	5.28
2026-05-09T11:42:12+02:00	length	gpt2	436793	5657348	5.40
2026-05-09T11:42:22+02:00	length	gpt2	436793	5539176	5.28
2026-05-09T11:42:32+02:00	length	gpt2	436793	5539324	5.28
2026-05-09T11:42:42+02:00	length	gpt2	436793	5770508	5.50
2026-05-09T11:42:52+02:00	length	gpt2	436793	5539084	5.28
2026-05-09T11:43:02+02:00	length	gpt2	436793	5539244	5.28
2026-05-09T11:43:12+02:00	length	gpt2	436793	5474148	5.22
2026-05-09T11:43:22+02:00	length	gpt2	436793	5539268	5.28
2026-05-09T11:43:32+02:00	length	gpt2	436793	5539164	5.28
2026-05-09T11:43:42+02:00	length	gpt2	436793	5769636	5.50
2026-05-09T11:43:52+02:00	length	gpt2	436793	5539172	5.28
2026-05-09T11:44:02+02:00	length	gpt2	436793	5539220	5.28
2026-05-09T11:44:12+02:00	length	gpt2	436793	5725684	5.46
2026-05-09T11:44:22+02:00	length	gpt2	436793	5539128	5.28
2026-05-09T11:44:32+02:00	length	gpt2	436793	5539292	5.28
2026-05-09T11:44:42+02:00	length	gpt2	436793	5657016	5.39
2026-05-09T11:44:52+02:00	length	gpt2	436793	5539240	5.28
2026-05-09T11:45:02+02:00	length	gpt2	436793	5539112	5.28
2026-05-09T11:45:12+02:00	length	gpt2	436793	5656996	5.39
2026-05-09T11:45:22+02:00	length	gpt2	436793	5539272	5.28
2026-05-09T11:45:32+02:00	length	gpt2	436793	5413064	5.16
2026-05-09T11:45:42+02:00	length	gpt2	436793	5416724	5.17
2026-05-09T11:45:52+02:00	length	gpt2	436793	5429092	5.18
2026-05-09T11:46:02+02:00	length	gpt2	436793	5416736	5.17
2026-05-09T11:46:12+02:00	length	gpt2	436793	5416748	5.17
2026-05-09T11:46:22+02:00	length	gpt2	436793	5429124	5.18
2026-05-09T11:46:32+02:00	length	gpt2	436793	5416740	5.17
2026-05-09T11:46:42+02:00	length	gpt2	436793	5354464	5.11
2026-05-09T11:46:52+02:00	length	gpt2	436793	5416712	5.17
2026-05-09T11:47:02+02:00	length	gpt2	436793	5416732	5.17
2026-05-09T11:47:12+02:00	length	gpt2	436793	5592856	5.33
2026-05-09T11:47:22+02:00	length	gpt2	436793	5416684	5.17
2026-05-09T11:47:32+02:00	length	gpt2	436793	5416712	5.17
2026-05-09T11:47:42+02:00	length	gpt2	436793	5592260	5.33
2026-05-09T11:47:52+02:00	length	gpt2	436793	5416720	5.17
2026-05-09T11:48:02+02:00	length	gpt2	436793	5416768	5.17
2026-05-09T11:48:12+02:00	length	gpt2	436793	5507264	5.25
2026-05-09T11:48:22+02:00	length	gpt2	436793	5416744	5.17
2026-05-09T11:48:32+02:00	length	gpt2	436793	5416768	5.17
2026-05-09T11:48:42+02:00	length	gpt2	436793	5507260	5.25
2026-05-09T11:48:52+02:00	length	gpt2	436793	5416744	5.17
2026-05-09T11:49:02+02:00	length	gpt2	436793	5416772	5.17
2026-05-09T11:49:12+02:00	length	gpt2	436793	5507264	5.25
2026-05-09T11:49:22+02:00	length	gpt2	436793	5416732	5.17
2026-05-09T11:49:32+02:00	length	gpt2	436793	5331140	5.08
2026-05-09T11:49:42+02:00	length	gpt2	436793	5429144	5.18
2026-05-09T11:49:52+02:00	length	gpt2	436793	5416768	5.17
2026-05-09T11:50:02+02:00	length	gpt2	436793	5175440	4.94
2026-05-09T11:50:12+02:00	length	gpt2	436793	5380912	5.13
2026-05-09T11:50:22+02:00	length	gpt2	436793	5380864	5.13
2026-05-09T11:50:32+02:00	length	gpt2	436793	5426512	5.18
2026-05-09T11:50:42+02:00	length	gpt2	436793	5177568	4.94
2026-05-09T11:50:52+02:00	length	gpt2	436793	5380792	5.13
2026-05-09T11:51:02+02:00	length	gpt2	436793	5380756	5.13
2026-05-09T11:51:12+02:00	length	gpt2	436793	5393164	5.14
2026-05-09T11:51:22+02:00	length	gpt2	436793	5531740	5.28
2026-05-09T11:51:32+02:00	length	gpt2	436793	5380716	5.13
2026-05-09T11:51:43+02:00	length	gpt2	436793	5380708	5.13
2026-05-09T11:51:53+02:00	length	gpt2	436793	5380680	5.13
2026-05-09T11:52:03+02:00	length	gpt2	436793	5458536	5.21
2026-05-09T11:52:13+02:00	length	gpt2	436793	5311988	5.07
2026-05-09T11:52:23+02:00	length	gpt2	436793	5380840	5.13
2026-05-09T11:52:33+02:00	length	gpt2	436793	5380864	5.13
2026-05-09T11:52:43+02:00	length	gpt2	436793	5393280	5.14
2026-05-09T11:52:53+02:00	length	gpt2	436793	5531848	5.28
2026-05-09T11:53:03+02:00	length	gpt2	436793	5380844	5.13
2026-05-09T11:53:13+02:00	length	gpt2	436793	5380836	5.13
2026-05-09T11:53:23+02:00	length	gpt2	436793	5380820	5.13
2026-05-09T11:53:33+02:00	length	gpt2	436793	5458696	5.21
2026-05-09T11:53:43+02:00	length	gpt2	436793	5324564	5.08
2026-05-09T11:53:53+02:00	length	gpt2	436793	5380792	5.13
2026-05-09T11:54:03+02:00	length	gpt2	436793	5301916	5.06
2026-05-09T11:54:13+02:00	length	gpt2	436793	5302036	5.06
2026-05-09T11:54:23+02:00	length	gpt2	436793	5297400	5.05
2026-05-09T11:54:33+02:00	length	gpt2	436793	5297544	5.05
2026-05-09T11:54:43+02:00	length	gpt2	436793	5297416	5.05
2026-05-09T11:54:53+02:00	length	gpt2	436793	5302032	5.06
2026-05-09T11:55:03+02:00	length	gpt2	436793	5297432	5.05
2026-05-09T11:55:13+02:00	length	gpt2	436793	5188940	4.95
2026-05-09T11:55:23+02:00	length	gpt2	436793	5412936	5.16
2026-05-09T11:55:33+02:00	length	gpt2	436793	5362576	5.11
2026-05-09T11:55:43+02:00	length	gpt2	436793	5365636	5.12
2026-05-09T11:55:53+02:00	length	gpt2	436793	5365536	5.12
2026-05-09T11:56:03+02:00	length	gpt2	436793	5365904	5.12
2026-05-09T11:56:13+02:00	length	gpt2	436793	5301856	5.06
2026-05-09T11:56:23+02:00	length	gpt2	436793	5301956	5.06
2026-05-09T11:56:33+02:00	length	gpt2	436793	5259248	5.02
2026-05-09T11:56:43+02:00	length	gpt2	436793	5271660	5.03
2026-05-09T11:56:53+02:00	length	gpt2	436793	5259404	5.02
2026-05-09T11:57:03+02:00	length	gpt2	436793	5262272	5.02
2026-05-09T11:57:13+02:00	length	gpt2	436793	5259272	5.02
2026-05-09T11:57:23+02:00	length	gpt2	436793	5254968	5.01
2026-05-09T11:57:33+02:00	length	gpt2	436793	5259180	5.02
2026-05-09T11:57:43+02:00	length	gpt2	436793	5251432	5.01
2026-05-09T11:57:53+02:00	length	gpt2	436793	5271704	5.03
2026-05-09T11:58:03+02:00	length	gpt2	436793	5259208	5.02
2026-05-09T11:58:13+02:00	length	gpt2	436793	5259192	5.02
2026-05-09T11:58:23+02:00	length	gpt2	436793	5289608	5.04
2026-05-09T11:58:33+02:00	length	gpt2	436793	5355520	5.11
2026-05-09T11:58:43+02:00	length	gpt2	436793	5318104	5.07
2026-05-09T11:58:53+02:00	length	gpt2	436793	5294136	5.05
2026-05-09T11:59:03+02:00	length	gpt2	436793	5289424	5.04
2026-05-09T11:59:13+02:00	length	gpt2	436793	5288196	5.04
2026-05-09T11:59:23+02:00	length	gpt2	436793	5238376	5.00
2026-05-09T11:59:33+02:00	length	gpt2	436793	5400048	5.15
2026-05-09T11:59:43+02:00	length	gpt2	436793	5318176	5.07
2026-05-09T11:59:53+02:00	length	gpt2	436793	5294200	5.05
2026-05-09T12:00:03+02:00	length	gpt2	436793	5294304	5.05
2026-05-09T12:00:13+02:00	length	gpt2	436793	5289608	5.04
2026-05-09T12:00:23+02:00	length	gpt2	436793	5280392	5.04
2026-05-09T12:00:33+02:00	length	gpt2	436793	5294360	5.05
2026-05-09T12:00:43+02:00	length	gpt2	436793	5294164	5.05
2026-05-09T12:00:53+02:00	length	gpt2	436793	5170036	4.93
2026-05-09T12:01:03+02:00	length	gpt2	436793	5170036	4.93
2026-05-09T12:01:13+02:00	length	gpt2	436793	5170036	4.93
2026-05-09T12:01:23+02:00	length	gpt2	436793	5170036	4.93
2026-05-09T12:01:33+02:00	length	gpt2	436793	5170036	4.93
2026-05-09T12:01:43+02:00	length	gpt2	436793	5170036	4.93
2026-05-09T12:01:53+02:00	length	gpt2	436793	5170036	4.93
2026-05-09T12:02:03+02:00	length	gpt2	436793	5170036	4.93
2026-05-09T12:02:13+02:00	length	gpt2	436793	5170036	4.93
2026-05-09T12:02:23+02:00	length	gpt2	436793	5170036	4.93
2026-05-09T12:02:33+02:00	length	gpt2	436793	5170036	4.93
2026-05-09T12:02:43+02:00	length	gpt2	436793	5170036	4.93
2026-05-09T12:02:53+02:00	length	gpt2	436793	5170036	4.93
2026-05-09T12:03:03+02:00	length	gpt2	436793	5170036	4.93
2026-05-09T12:03:13+02:00	length	gpt2	436793	5179108	4.94
2026-05-09T12:03:23+02:00	length	gpt2	436793	5179108	4.94
2026-05-09T12:03:33+02:00	length	gpt2	436793	5179108	4.94
2026-05-09T12:03:43+02:00	length	gpt2	436793	5179108	4.94
2026-05-09T12:03:53+02:00	length	gpt2	436793	5179108	4.94
2026-05-09T12:04:03+02:00	length	gpt2	436793	5179108	4.94
2026-05-09T12:04:13+02:00	length	gpt2	436793	5179108	4.94
2026-05-09T12:04:23+02:00	length	gpt2	436793	5179108	4.94
2026-05-09T12:04:33+02:00	length	gpt2	436793	5179108	4.94
2026-05-09T12:04:43+02:00	length	gpt2	436793	5179108	4.94
2026-05-09T12:04:53+02:00	length	gpt2	436793	5179108	4.94
2026-05-09T12:05:03+02:00	length	gpt2	436793	5179108	4.94
2026-05-09T12:05:13+02:00	length	gpt2	436793	5179108	4.94
2026-05-09T12:05:23+02:00	length	gpt2	436793	5179108	4.94
2026-05-09T12:05:33+02:00	length	gpt2	436793	5179108	4.94
2026-05-09T12:05:43+02:00	length	gpt2	436793	5179108	4.94
2026-05-09T12:05:53+02:00	length	gpt2	436793	5179108	4.94
2026-05-09T12:06:03+02:00	length	gpt2	436793	5179108	4.94
2026-05-09T12:06:13+02:00	length	gpt2	436793	5179108	4.94
2026-05-09T12:06:23+02:00	length	gpt2	436793	5179108	4.94
2026-05-09T12:06:33+02:00	length	gpt2	436793	5179108	4.94
2026-05-09T12:06:43+02:00	length	gpt2	436793	5179108	4.94
2026-05-09T12:06:53+02:00	length	gpt2	436793	5179108	4.94
2026-05-09T12:07:03+02:00	length	gpt2	436793	5179108	4.94
2026-05-09T12:07:13+02:00	length	gpt2	436793	5179108	4.94
2026-05-09T12:07:23+02:00	length	gpt2	436793	5179108	4.94
2026-05-09T12:07:33+02:00	length	gpt2	436793	5179108	4.94
2026-05-09T12:07:43+02:00	length	gpt2	436793	5179108	4.94
2026-05-09T12:07:53+02:00	length	gpt2	436793	5179108	4.94
2026-05-09T12:08:03+02:00	length	gpt2	436793	5179108	4.94
2026-05-09T12:08:13+02:00	length	gpt2	436793	5179108	4.94
2026-05-09T12:08:23+02:00	length	gpt2	436793	5179108	4.94
2026-05-09T12:08:33+02:00	length	gpt2	436793	5179108	4.94
2026-05-09T12:08:43+02:00	length	gpt2	436793	5179108	4.94
2026-05-09T12:08:53+02:00	length	gpt2	436793	5179108	4.94
2026-05-09T12:09:03+02:00	length	gpt2	436793	5179108	4.94
2026-05-09T12:09:13+02:00	length	gpt2	436793	5179108	4.94
2026-05-09T12:09:23+02:00	length	gpt2	436793	5179108	4.94
2026-05-09T12:09:33+02:00	length	gpt2	436793	5179108	4.94
2026-05-09T12:09:43+02:00	length	gpt2	436793	5179108	4.94
2026-05-09T12:09:53+02:00	length	gpt2	436793	5179108	4.94
2026-05-09T12:10:03+02:00	length	gpt2	436793	5179108	4.94
2026-05-09T12:10:13+02:00	length	gpt2	436793	5179108	4.94
2026-05-09T12:10:23+02:00	length	gpt2	436793	5179108	4.94
2026-05-09T12:10:33+02:00	length	gpt2	436793	5179108	4.94
2026-05-09T12:10:43+02:00	length	gpt2	436793	5179108	4.94
2026-05-09T12:10:53+02:00	length	gpt2	436793	5179108	4.94
2026-05-09T12:11:03+02:00	length	gpt2	436793	5179108	4.94
2026-05-09T12:11:13+02:00	length	gpt2	436793	5179108	4.94
2026-05-09T12:11:23+02:00	length	gpt2	436793	5179108	4.94
2026-05-09T12:11:33+02:00	length	gpt2	436793	5179108	4.94
2026-05-09T12:11:43+02:00	length	gpt2	436793	5179108	4.94
2026-05-09T12:11:53+02:00	length	gpt2	436793	5179108	4.94
2026-05-09T12:12:03+02:00	length	gpt2	436793	5179108	4.94
2026-05-09T12:12:13+02:00	length	gpt2	436793	5179108	4.94
2026-05-09T12:12:23+02:00	length	gpt2	436793	5179108	4.94
2026-05-09T12:12:33+02:00	length	gpt2	436793	5179108	4.94
2026-05-09T12:12:43+02:00	length	gpt2	436793	5179108	4.94
2026-05-09T12:12:53+02:00	length	gpt2	436793	5179108	4.94
2026-05-09T12:13:03+02:00	length	gpt2	436793	5179108	4.94
2026-05-09T12:13:13+02:00	length	gpt2	436793	5179108	4.94
2026-05-09T12:13:23+02:00	length	gpt2	436793	5179108	4.94
2026-05-09T12:13:33+02:00	length	gpt2	436793	5179108	4.94
2026-05-09T12:13:43+02:00	length	gpt2	436793	5179108	4.94
2026-05-09T12:13:53+02:00	length	gpt2	436793	5179108	4.94
2026-05-09T12:14:03+02:00	length	gpt2	436793	5179108	4.94
2026-05-09T12:14:13+02:00	length	gpt2	436793	5179108	4.94
2026-05-09T12:14:23+02:00	length	gpt2	436793	5179108	4.94
2026-05-09T12:14:33+02:00	length	gpt2	436793	5179108	4.94
2026-05-09T12:14:43+02:00	length	gpt2	436793	5179108	4.94
2026-05-09T12:14:53+02:00	length	gpt2	436793	5179108	4.94
2026-05-09T12:15:03+02:00	length	gpt2	436793	5179108	4.94
2026-05-09T12:15:13+02:00	length	gpt2	436793	5179108	4.94
2026-05-09T12:15:23+02:00	length	gpt2	436793	5179108	4.94
2026-05-09T12:15:33+02:00	length	gpt2	436793	5179108	4.94
2026-05-09T12:15:43+02:00	length	gpt2	436793	5179108	4.94
2026-05-09T12:15:53+02:00	length	gpt2	436793	5179108	4.94
2026-05-09T12:16:03+02:00	length	gpt2	436793	5179108	4.94
2026-05-09T12:16:13+02:00	length	gpt2	436793	5179108	4.94
2026-05-09T12:16:23+02:00	length	gpt2	436793	5179108	4.94
2026-05-09T12:16:33+02:00	length	gpt2	436793	5179108	4.94
2026-05-09T12:16:43+02:00	length	gpt2	436793	5179108	4.94
2026-05-09T12:16:53+02:00	length	gpt2	436793	5179108	4.94
2026-05-09T12:17:03+02:00	length	gpt2	436793	5179108	4.94
2026-05-09T12:17:13+02:00	length	gpt2	436793	5179108	4.94
2026-05-09T12:17:23+02:00	length	gpt2	436793	5179108	4.94
2026-05-09T12:17:33+02:00	length	gpt2	436793	5179108	4.94
2026-05-09T12:17:43+02:00	length	gpt2	436793	5179108	4.94
2026-05-09T12:17:53+02:00	length	gpt2	436793	5179108	4.94
2026-05-09T12:18:03+02:00	length	gpt2	436793	5179108	4.94
2026-05-09T12:18:13+02:00	length	gpt2	436793	5179108	4.94
2026-05-09T12:18:23+02:00	length	gpt2	436793	5179108	4.94
2026-05-09T12:18:33+02:00	length	gpt2	436793	5179108	4.94
2026-05-09T12:18:43+02:00	length	gpt2	436793	5179108	4.94
2026-05-09T12:18:53+02:00	index	bert	445684	4440	0.00
2026-05-09T12:19:03+02:00	index	bert	445684	1884404	1.80
2026-05-09T12:19:13+02:00	index	bert	445684	2573708	2.45
2026-05-09T12:19:23+02:00	index	bert	445684	3044684	2.90
2026-05-09T12:19:33+02:00	index	bert	445684	3336404	3.18
2026-05-09T12:19:43+02:00	index	bert	445684	3515396	3.35
2026-05-09T12:19:53+02:00	index	bert	445684	3612020	3.44
2026-05-09T12:20:03+02:00	index	bert	445684	3664028	3.49
2026-05-09T12:20:13+02:00	index	bert	445684	3693860	3.52
2026-05-09T12:20:23+02:00	index	bert	445684	4040396	3.85
2026-05-09T12:20:33+02:00	index	bert	445684	3903060	3.72
2026-05-09T12:20:43+02:00	index	bert	445684	3898220	3.72
2026-05-09T12:20:53+02:00	index	bert	445684	3915752	3.73
2026-05-09T12:21:03+02:00	index	bert	445684	3898484	3.72
2026-05-09T12:21:13+02:00	index	bert	445684	3903072	3.72
2026-05-09T12:21:23+02:00	index	bert	445684	3895048	3.71
2026-05-09T12:21:33+02:00	index	bert	445684	3903044	3.72
2026-05-09T12:21:43+02:00	index	bert	445684	4040356	3.85
2026-05-09T12:21:53+02:00	index	bert	445684	3903048	3.72
2026-05-09T12:22:03+02:00	index	bert	445684	3980228	3.80
2026-05-09T12:22:13+02:00	index	bert	445684	3898564	3.72
2026-05-09T12:22:23+02:00	index	bert	445684	3903132	3.72
2026-05-09T12:22:33+02:00	index	bert	445684	3774988	3.60
2026-05-09T12:22:43+02:00	index	bert	445684	3903144	3.72
2026-05-09T12:22:53+02:00	index	bert	445684	4039392	3.85
2026-05-09T12:23:03+02:00	index	bert	445684	3898664	3.72
2026-05-09T12:23:13+02:00	index	bert	445684	3903496	3.72
2026-05-09T12:23:23+02:00	index	bert	445684	3859332	3.68
2026-05-09T12:23:33+02:00	index	bert	445684	3893920	3.71
2026-05-09T12:23:43+02:00	index	bert	445684	3894112	3.71
2026-05-09T12:23:53+02:00	index	bert	445684	3894020	3.71
2026-05-09T12:24:03+02:00	index	bert	445684	3893936	3.71
2026-05-09T12:24:13+02:00	index	bert	445684	3893872	3.71
2026-05-09T12:24:23+02:00	index	bert	445684	3894064	3.71
2026-05-09T12:24:33+02:00	index	bert	445684	3893980	3.71
2026-05-09T12:24:43+02:00	index	bert	445684	3889408	3.71
2026-05-09T12:24:53+02:00	index	bert	445684	3889580	3.71
2026-05-09T12:25:03+02:00	index	bert	445684	3889508	3.71
2026-05-09T12:25:13+02:00	index	bert	445684	3889416	3.71
2026-05-09T12:25:23+02:00	index	bert	445684	3889568	3.71
2026-05-09T12:25:33+02:00	index	bert	445684	3889480	3.71
2026-05-09T12:25:43+02:00	index	bert	445684	3889400	3.71
2026-05-09T12:25:53+02:00	index	bert	445684	3889596	3.71
2026-05-09T12:26:03+02:00	index	bert	445684	3889520	3.71
2026-05-09T12:26:13+02:00	index	bert	445684	3735200	3.56
2026-05-09T12:26:23+02:00	index	bert	445684	3968552	3.78
2026-05-09T12:26:33+02:00	index	bert	445684	3915412	3.73
2026-05-09T12:26:43+02:00	index	bert	445684	3892344	3.71
2026-05-09T12:26:53+02:00	index	bert	445684	3921016	3.74
2026-05-09T12:27:03+02:00	index	bert	445684	3897156	3.72
2026-05-09T12:27:13+02:00	index	bert	445684	3972268	3.79
2026-05-09T12:27:23+02:00	index	bert	445684	3896952	3.72
2026-05-09T12:27:33+02:00	index	bert	445684	3892340	3.71
2026-05-09T12:27:43+02:00	index	bert	445684	3882472	3.70
2026-05-09T12:27:53+02:00	index	bert	445684	3972380	3.79
2026-05-09T12:28:03+02:00	index	bert	445684	3897056	3.72
2026-05-09T12:28:13+02:00	index	bert	445684	3892208	3.71
2026-05-09T12:28:23+02:00	index	bert	445684	3897384	3.72
2026-05-09T12:28:33+02:00	index	bert	445684	3892300	3.71
2026-05-09T12:28:43+02:00	index	bert	445684	3972180	3.79
2026-05-09T12:28:53+02:00	index	bert	445684	3897136	3.72
2026-05-09T12:29:03+02:00	index	bert	445684	3892296	3.71
2026-05-09T12:29:13+02:00	index	bert	445684	3812980	3.64
2026-05-09T12:29:23+02:00	index	bert	445684	3921432	3.74
2026-05-09T12:29:33+02:00	index	bert	445684	3897064	3.72
2026-05-09T12:29:43+02:00	index	bert	445684	3892224	3.71
2026-05-09T12:29:53+02:00	index	bert	445684	3899932	3.72
2026-05-09T12:30:03+02:00	index	bert	445684	3894776	3.71
2026-05-09T12:30:13+02:00	index	bert	445684	3923780	3.74
2026-05-09T12:30:23+02:00	index	bert	445684	3894876	3.71
2026-05-09T12:30:33+02:00	index	bert	445684	3935512	3.75
2026-05-09T12:30:43+02:00	index	bert	445684	3895032	3.71
2026-05-09T12:30:53+02:00	index	bert	445684	3923728	3.74
2026-05-09T12:31:03+02:00	index	bert	445684	4035284	3.85
2026-05-09T12:31:13+02:00	index	bert	445684	3899528	3.72
2026-05-09T12:31:23+02:00	index	bert	445684	4035352	3.85
2026-05-09T12:31:33+02:00	index	bert	445684	3899560	3.72
2026-05-09T12:31:43+02:00	index	bert	445684	3798532	3.62
2026-05-09T12:31:53+02:00	index	bert	445684	3899696	3.72
2026-05-09T12:32:03+02:00	index	bert	445684	3877372	3.70
2026-05-09T12:32:13+02:00	index	bert	445684	3900044	3.72
2026-05-09T12:32:23+02:00	index	bert	445684	3894888	3.71
2026-05-09T12:32:33+02:00	index	bert	445684	3900660	3.72
2026-05-09T12:32:43+02:00	index	bert	445684	3895028	3.71
2026-05-09T12:32:53+02:00	index	bert	445684	3924044	3.74
2026-05-09T12:33:03+02:00	index	bert	445684	3895448	3.71
2026-05-09T12:33:13+02:00	index	bert	445684	3900000	3.72
2026-05-09T12:33:23+02:00	index	bert	445684	3976108	3.79
2026-05-09T12:33:33+02:00	index	bert	445684	3895284	3.71
2026-05-09T12:33:43+02:00	index	bert	445684	3899864	3.72
2026-05-09T12:33:53+02:00	index	bert	445684	3895320	3.71
2026-05-09T12:34:03+02:00	index	bert	445684	3899872	3.72
2026-05-09T12:34:13+02:00	index	bert	445684	3890864	3.71
2026-05-09T12:34:23+02:00	index	bert	445684	3895400	3.71
2026-05-09T12:34:33+02:00	index	bert	445684	3975996	3.79
2026-05-09T12:34:43+02:00	index	bert	445684	3895432	3.71
2026-05-09T12:34:53+02:00	index	bert	445684	3924276	3.74
2026-05-09T12:35:03+02:00	index	bert	445684	3895432	3.71
2026-05-09T12:35:13+02:00	index	bert	445684	3912400	3.73
2026-05-09T12:35:23+02:00	index	bert	445684	3859000	3.68
2026-05-09T12:35:34+02:00	index	bert	445684	3899968	3.72
2026-05-09T12:35:44+02:00	index	bert	445684	3895140	3.71
2026-05-09T12:35:54+02:00	index	bert	445684	3899976	3.72
2026-05-09T12:36:04+02:00	index	bert	445684	3911812	3.73
2026-05-09T12:36:14+02:00	index	bert	445684	3895464	3.72
2026-05-09T12:36:24+02:00	index	bert	445684	3900732	3.72
2026-05-09T12:36:34+02:00	index	bert	445684	3852416	3.67
2026-05-09T12:36:44+02:00	index	bert	445684	3895564	3.72
2026-05-09T12:36:54+02:00	index	bert	445684	3900488	3.72
2026-05-09T12:37:04+02:00	index	bert	445684	4036804	3.85
2026-05-09T12:37:14+02:00	index	bert	445684	3895568	3.72
2026-05-09T12:37:24+02:00	index	bert	445684	3924764	3.74
2026-05-09T12:37:34+02:00	index	bert	445684	3895632	3.72
2026-05-09T12:37:44+02:00	index	bert	445684	3900576	3.72
2026-05-09T12:37:54+02:00	index	bert	445684	4036640	3.85
2026-05-09T12:38:04+02:00	index	bert	445684	3895656	3.72
2026-05-09T12:38:14+02:00	index	bert	445684	3900552	3.72
2026-05-09T12:38:24+02:00	index	bert	445684	3866668	3.69
2026-05-09T12:38:34+02:00	index	bert	445684	3900368	3.72
2026-05-09T12:38:44+02:00	index	bert	445684	3976564	3.79
2026-05-09T12:38:54+02:00	index	bert	445684	3870664	3.69
2026-05-09T12:39:04+02:00	index	bert	445684	3900384	3.72
2026-05-09T12:39:14+02:00	index	bert	445684	3976588	3.79
2026-05-09T12:39:24+02:00	index	bert	445684	3895772	3.72
2026-05-09T12:39:34+02:00	index	bert	445684	3892524	3.71
2026-05-09T12:39:44+02:00	index	bert	445684	3916444	3.74
2026-05-09T12:39:54+02:00	index	bert	445684	3916316	3.73
2026-05-09T12:40:04+02:00	index	bert	445684	3916468	3.74
2026-05-09T12:40:14+02:00	index	bert	445684	3892620	3.71
2026-05-09T12:40:24+02:00	index	bert	445684	3894888	3.71
2026-05-09T12:40:34+02:00	index	bert	445684	3901372	3.72
2026-05-09T12:40:44+02:00	index	bert	445684	3905224	3.72
2026-05-09T12:40:54+02:00	index	bert	445684	3904856	3.72
2026-05-09T12:41:04+02:00	index	bert	445684	3905264	3.72
2026-05-09T12:41:14+02:00	index	bert	445684	3904880	3.72
2026-05-09T12:41:24+02:00	index	bert	445684	3892368	3.71
2026-05-09T12:41:34+02:00	index	bert	445684	3892792	3.71
2026-05-09T12:41:44+02:00	index	bert	445684	3892392	3.71
2026-05-09T12:41:54+02:00	index	bert	445684	3892272	3.71
2026-05-09T12:42:04+02:00	index	bert	445684	3892420	3.71
2026-05-09T12:42:14+02:00	index	bert	445684	3892308	3.71
2026-05-09T12:42:24+02:00	index	bert	445684	3892484	3.71
2026-05-09T12:42:34+02:00	index	bert	445684	3892360	3.71
2026-05-09T12:42:44+02:00	index	bert	445684	4010208	3.82
2026-05-09T12:42:54+02:00	index	bert	445684	3896668	3.72
2026-05-09T12:43:04+02:00	index	bert	445684	3879820	3.70
2026-05-09T12:43:14+02:00	index	bert	445684	3836564	3.66
2026-05-09T12:43:24+02:00	index	bert	445684	3892408	3.71
2026-05-09T12:43:34+02:00	index	bert	445684	3879772	3.70
2026-05-09T12:43:44+02:00	index	bert	445684	3955672	3.77
2026-05-09T12:43:54+02:00	index	bert	445684	3884188	3.70
2026-05-09T12:44:04+02:00	index	bert	445684	3879748	3.70
2026-05-09T12:44:14+02:00	index	bert	445684	3884100	3.70
2026-05-09T12:44:24+02:00	index	bert	445684	3879664	3.70
2026-05-09T12:44:34+02:00	index	bert	445684	3955580	3.77
2026-05-09T12:44:44+02:00	index	bert	445684	3884100	3.70
2026-05-09T12:44:54+02:00	index	bert	445684	3879672	3.70
2026-05-09T12:45:04+02:00	index	bert	445684	4009776	3.82
2026-05-09T12:45:14+02:00	index	bert	445684	3884100	3.70
2026-05-09T12:45:24+02:00	index	bert	445684	3879416	3.70
2026-05-09T12:45:34+02:00	index	bert	445684	3875592	3.70
2026-05-09T12:45:44+02:00	index	bert	445684	3871204	3.69
2026-05-09T12:45:54+02:00	index	bert	445684	3901420	3.72
2026-05-09T12:46:04+02:00	index	bert	445684	3875696	3.70
2026-05-09T12:46:14+02:00	index	bert	445684	3754680	3.58
2026-05-09T12:46:24+02:00	index	bert	445684	3875756	3.70
2026-05-09T12:46:34+02:00	index	bert	445684	3871040	3.69
2026-05-09T12:46:44+02:00	index	bert	445684	3908032	3.73
2026-05-09T12:46:54+02:00	index	bert	445684	3875744	3.70
2026-05-09T12:47:04+02:00	index	bert	445684	3996348	3.81
2026-05-09T12:47:14+02:00	index	bert	445684	3875564	3.70
2026-05-09T12:47:24+02:00	index	bert	445684	3870820	3.69
2026-05-09T12:47:34+02:00	index	bert	445684	3876028	3.70
2026-05-09T12:47:44+02:00	index	bert	445684	3871056	3.69
2026-05-09T12:47:54+02:00	index	bert	445684	3944496	3.76
2026-05-09T12:48:04+02:00	index	bert	445684	3875772	3.70
2026-05-09T12:48:14+02:00	index	bert	445684	3944636	3.76
2026-05-09T12:48:24+02:00	index	bert	445684	3875528	3.70
2026-05-09T12:48:34+02:00	index	bert	445684	4262572	4.07
2026-05-09T12:48:44+02:00	index	bert	445684	4262676	4.07
2026-05-09T12:48:54+02:00	index	bert	445684	4262636	4.07
2026-05-09T12:49:04+02:00	index	bert	445684	4262476	4.07
2026-05-09T12:49:14+02:00	index	bert	445684	4262676	4.07
2026-05-09T12:49:24+02:00	index	bert	445684	4274688	4.08
2026-05-09T12:49:34+02:00	index	bert	445684	4262496	4.07
2026-05-09T12:49:44+02:00	index	bert	445684	4447148	4.24
2026-05-09T12:49:54+02:00	index	bert	445684	4262528	4.07
2026-05-09T12:50:04+02:00	index	bert	445684	4447156	4.24
2026-05-09T12:50:14+02:00	index	bert	445684	4262540	4.07
2026-05-09T12:50:24+02:00	index	bert	445684	4446928	4.24
2026-05-09T12:50:34+02:00	index	bert	445684	4262548	4.07
2026-05-09T12:50:44+02:00	index	bert	445684	4555120	4.34
2026-05-09T12:50:54+02:00	index	bert	445684	4262608	4.07
2026-05-09T12:51:04+02:00	index	bert	445684	4626628	4.41
2026-05-09T12:51:14+02:00	index	bert	445684	4262672	4.07
2026-05-09T12:51:24+02:00	index	bert	445684	4626680	4.41
2026-05-09T12:51:34+02:00	index	bert	445684	4262724	4.07
2026-05-09T12:51:44+02:00	index	bert	445684	4627320	4.41
2026-05-09T12:51:54+02:00	index	bert	445684	4262536	4.07
2026-05-09T12:52:04+02:00	index	bert	445684	3732536	3.56
2026-05-09T12:52:14+02:00	index	bert	445684	4262628	4.07
2026-05-09T12:52:24+02:00	index	bert	445684	3935128	3.75
2026-05-09T12:52:34+02:00	index	bert	445684	4262696	4.07
2026-05-09T12:52:44+02:00	index	bert	445684	4158088	3.97
2026-05-09T12:52:54+02:00	index	bert	445684	4262720	4.07
2026-05-09T12:53:04+02:00	index	bert	445684	4236536	4.04
2026-05-09T12:53:14+02:00	index	bert	445684	4262764	4.07
2026-05-09T12:53:24+02:00	index	bert	445684	4262720	4.07
2026-05-09T12:53:34+02:00	index	bert	445684	4262508	4.07
2026-05-09T12:53:44+02:00	index	bert	445684	4262628	4.07
2026-05-09T12:53:54+02:00	index	bert	445684	4262740	4.07
2026-05-09T12:54:04+02:00	index	bert	445684	4262672	4.07
2026-05-09T12:54:14+02:00	index	bert	445684	4262544	4.07
2026-05-09T12:54:24+02:00	index	bert	445684	4262764	4.07
2026-05-09T12:54:34+02:00	index	bert	445684	4262588	4.07
2026-05-09T12:54:44+02:00	index	bert	445684	4262536	4.07
2026-05-09T12:54:54+02:00	index	bert	445684	4274732	4.08
2026-05-09T12:55:04+02:00	index	bert	445684	4262748	4.07
2026-05-09T12:55:14+02:00	index	bert	445684	4447092	4.24
2026-05-09T12:55:24+02:00	index	bert	445684	4262512	4.07
2026-05-09T12:55:34+02:00	index	bert	445684	4447160	4.24
2026-05-09T12:55:44+02:00	index	bert	445684	4262592	4.07
2026-05-09T12:55:54+02:00	index	bert	445684	4446988	4.24
2026-05-09T12:56:04+02:00	index	bert	445684	4262672	4.07
2026-05-09T12:56:14+02:00	index	bert	445684	4561160	4.35
2026-05-09T12:56:24+02:00	index	bert	445684	4262724	4.07
2026-05-09T12:56:34+02:00	index	bert	445684	4627284	4.41
2026-05-09T12:56:44+02:00	index	bert	445684	4262748	4.07
2026-05-09T12:56:54+02:00	index	bert	445684	4627304	4.41
2026-05-09T12:57:04+02:00	index	bert	445684	4262528	4.07
2026-05-09T12:57:14+02:00	index	bert	445684	4627140	4.41
2026-05-09T12:57:24+02:00	index	bert	445684	4262632	4.07
2026-05-09T12:57:34+02:00	index	bert	445684	3814508	3.64
2026-05-09T12:57:44+02:00	index	bert	445684	4262656	4.07
2026-05-09T12:57:54+02:00	index	bert	445684	3836712	3.66
2026-05-09T12:58:04+02:00	index	bert	445684	4262696	4.07
2026-05-09T12:58:14+02:00	index	bert	445684	3772640	3.60
2026-05-09T12:58:24+02:00	index	bert	445684	3752060	3.58
2026-05-09T12:58:34+02:00	index	bert	445684	3768544	3.59
2026-05-09T12:58:44+02:00	index	bert	445684	3772640	3.60
2026-05-09T12:58:54+02:00	index	bert	445684	3772640	3.60
2026-05-09T12:59:04+02:00	index	bert	445684	3766236	3.59
2026-05-09T12:59:14+02:00	index	bert	445684	3768544	3.59
2026-05-09T12:59:24+02:00	index	bert	445684	3766236	3.59
2026-05-09T12:59:34+02:00	index	bert	445684	3768544	3.59
2026-05-09T12:59:44+02:00	index	bert	445684	3723504	3.55
2026-05-09T12:59:54+02:00	index	bert	445684	3768544	3.59
2026-05-09T13:00:04+02:00	index	bert	445684	3728112	3.56
2026-05-09T13:00:14+02:00	index	bert	445684	3772640	3.60
2026-05-09T13:00:24+02:00	index	bert	445684	3766236	3.59
2026-05-09T13:00:34+02:00	index	bert	445684	3768544	3.59
2026-05-09T13:00:44+02:00	index	bert	445684	3766236	3.59
2026-05-09T13:00:54+02:00	index	bert	445684	3768544	3.59
2026-05-09T13:01:04+02:00	index	bert	445684	3768544	3.59
2026-05-09T13:01:14+02:00	index	bert	445684	3772640	3.60
2026-05-09T13:01:24+02:00	index	bert	445684	3735840	3.56
2026-05-09T13:01:34+02:00	index	bert	445684	3772640	3.60
2026-05-09T13:01:44+02:00	index	bert	445684	3735840	3.56
2026-05-09T13:01:54+02:00	index	bert	445684	3736884	3.56
2026-05-09T13:02:04+02:00	index	bert	445684	3728112	3.56
2026-05-09T13:02:14+02:00	index	bert	445684	3728112	3.56
2026-05-09T13:02:24+02:00	index	bert	445684	3747848	3.57
2026-05-09T13:02:34+02:00	index	bert	445684	3747848	3.57
2026-05-09T13:02:44+02:00	index	bert	445684	3747848	3.57
2026-05-09T13:02:54+02:00	index	bert	445684	3747848	3.57
2026-05-09T13:03:04+02:00	index	bert	445684	3747848	3.57
2026-05-09T13:03:14+02:00	index	bert	445684	3747848	3.57
2026-05-09T13:03:24+02:00	index	bert	445684	3747848	3.57
2026-05-09T13:03:34+02:00	index	bert	445684	3747848	3.57
2026-05-09T13:03:44+02:00	index	bert	445684	3747848	3.57
2026-05-09T13:03:54+02:00	index	bert	445684	3747848	3.57
2026-05-09T13:04:04+02:00	index	bert	445684	3747848	3.57
2026-05-09T13:04:14+02:00	index	bert	445684	3747848	3.57
2026-05-09T13:04:24+02:00	index	bert	445684	3747848	3.57
2026-05-09T13:04:34+02:00	index	bert	445684	3747848	3.57
2026-05-09T13:04:44+02:00	index	bert	445684	3747848	3.57
2026-05-09T13:04:54+02:00	index	bert	445684	3747848	3.57
2026-05-09T13:05:04+02:00	index	bert	445684	3747848	3.57
2026-05-09T13:05:14+02:00	index	bert	445684	3747848	3.57
2026-05-09T13:05:24+02:00	index	bert	445684	3747848	3.57
2026-05-09T13:05:34+02:00	index	bert	445684	3747848	3.57
2026-05-09T13:05:44+02:00	index	bert	445684	3747848	3.57
2026-05-09T13:05:54+02:00	index	bert	445684	3747848	3.57
2026-05-09T13:06:04+02:00	index	bert	445684	3747848	3.57
2026-05-09T13:06:14+02:00	index	bert	445684	3747848	3.57
2026-05-09T13:06:24+02:00	index	bert	445684	3770808	3.60
2026-05-09T13:06:34+02:00	index	bert	445684	3748036	3.57
2026-05-09T13:06:44+02:00	index	bert	445684	3756472	3.58
2026-05-09T13:06:54+02:00	index	bert	445684	3748036	3.57
2026-05-09T13:07:04+02:00	index	bert	445684	3756228	3.58
2026-05-09T13:07:14+02:00	index	bert	445684	3783096	3.61
2026-05-09T13:07:24+02:00	index	bert	445684	3748036	3.57
2026-05-09T13:07:34+02:00	index	bert	445684	3756472	3.58
2026-05-09T13:07:44+02:00	index	bert	445684	3748036	3.57
2026-05-09T13:07:54+02:00	index	bert	445684	3748036	3.57
2026-05-09T13:08:04+02:00	index	bert	445684	3748036	3.57
2026-05-09T13:08:14+02:00	index	bert	445684	3779000	3.60
2026-05-09T13:08:24+02:00	index	bert	445684	3748036	3.57
2026-05-09T13:08:34+02:00	index	bert	445684	3748036	3.57
2026-05-09T13:08:44+02:00	index	bert	445684	3756472	3.58
2026-05-09T13:08:54+02:00	index	bert	445684	3748036	3.57
2026-05-09T13:09:04+02:00	index	bert	445684	3748036	3.57
2026-05-09T13:09:14+02:00	index	bert	445684	3748036	3.57
2026-05-09T13:09:24+02:00	index	bert	445684	3783096	3.61
2026-05-09T13:09:34+02:00	index	bert	445684	3748036	3.57
2026-05-09T13:09:44+02:00	index	bert	445684	3748036	3.57
2026-05-09T13:09:54+02:00	index	bert	445684	3748036	3.57
2026-05-09T13:10:04+02:00	index	bert	445684	3748036	3.57
2026-05-09T13:10:14+02:00	index	bert	445684	3748036	3.57
2026-05-09T13:10:24+02:00	index	bert	445684	3748036	3.57
2026-05-09T13:10:34+02:00	index	bert	445684	3783096	3.61
2026-05-09T13:10:44+02:00	index	bert	445684	3748036	3.57
2026-05-09T13:10:54+02:00	index	bert	445684	3748036	3.57
2026-05-09T13:11:04+02:00	index	bert	445684	3756472	3.58
2026-05-09T13:11:14+02:00	index	bert	445684	3748036	3.57
2026-05-09T13:11:24+02:00	index	bert	445684	3756228	3.58
2026-05-09T13:11:34+02:00	index	bert	445684	3779000	3.60
2026-05-09T13:11:44+02:00	index	bert	445684	3764664	3.59
2026-05-09T13:11:54+02:00	index	bert	445684	3748036	3.57
2026-05-09T13:12:04+02:00	index	bert	445684	3929532	3.75
2026-05-09T13:12:14+02:00	index	bert	445684	3896712	3.72
2026-05-09T13:12:24+02:00	index	bert	445684	3929532	3.75
2026-05-09T13:12:34+02:00	index	bert	445684	3896712	3.72
2026-05-09T13:12:44+02:00	index	bert	445684	3929532	3.75
2026-05-09T13:12:54+02:00	index	bert	445684	3896712	3.72
2026-05-09T13:13:04+02:00	index	bert	445684	3815552	3.64
2026-05-09T13:13:14+02:00	index	bert	445684	3816796	3.64
2026-05-09T13:13:24+02:00	index	bert	445684	3855544	3.68
2026-05-09T13:13:34+02:00	index	bert	445684	3858496	3.68
2026-05-09T13:13:44+02:00	index	bert	445684	3812540	3.64
2026-05-09T13:13:54+02:00	index	bert	445684	3812400	3.64
2026-05-09T13:14:04+02:00	index	bert	445684	3813176	3.64
2026-05-09T13:14:14+02:00	index	bert	445684	3816652	3.64
2026-05-09T13:14:24+02:00	index	bert	445684	3860036	3.68
2026-05-09T13:14:34+02:00	index	bert	445684	3859688	3.68
2026-05-09T13:14:44+02:00	index	bert	445684	3860336	3.68
2026-05-09T13:14:54+02:00	index	bert	445684	3859876	3.68
2026-05-09T13:15:04+02:00	index	bert	445684	3812964	3.64
2026-05-09T13:15:14+02:00	index	bert	445684	3859564	3.68
2026-05-09T13:15:24+02:00	index	bert	445684	3812632	3.64
2026-05-09T13:15:34+02:00	index	bert	445684	3859712	3.68
2026-05-09T13:15:44+02:00	index	bert	445684	3812564	3.64
2026-05-09T13:15:54+02:00	index	bert	445684	3859812	3.68
2026-05-09T13:16:04+02:00	index	bert	445684	3797464	3.62
2026-05-09T13:16:14+02:00	index	bert	445684	3813292	3.64
2026-05-09T13:16:24+02:00	index	bert	445684	3838000	3.66
2026-05-09T13:16:34+02:00	index	bert	445684	3859848	3.68
2026-05-09T13:16:44+02:00	index	bert	445684	3859660	3.68
2026-05-09T13:16:54+02:00	index	bert	445684	3813080	3.64
2026-05-09T13:17:04+02:00	index	bert	445684	3812892	3.64
2026-05-09T13:17:14+02:00	index	bert	445684	3812848	3.64
2026-05-09T13:17:24+02:00	index	bert	445684	3859320	3.68
2026-05-09T13:17:34+02:00	index	bert	445684	3811688	3.64
2026-05-09T13:17:44+02:00	index	bert	445684	3812680	3.64
2026-05-09T13:17:54+02:00	index	bert	445684	3811452	3.63
2026-05-09T13:18:04+02:00	index	bert	445684	3812804	3.64
2026-05-09T13:18:14+02:00	index	bert	445684	3806440	3.63
2026-05-09T13:18:24+02:00	index	bert	445684	3812940	3.64
2026-05-09T13:18:34+02:00	index	bert	445684	3858600	3.68
2026-05-09T13:18:44+02:00	index	bert	445684	3860012	3.68
2026-05-09T13:18:54+02:00	index	bert	445684	3859608	3.68
2026-05-09T13:19:04+02:00	index	bert	445684	3859656	3.68
2026-05-09T13:19:14+02:00	index	bert	445684	3818860	3.64
2026-05-09T13:19:24+02:00	index	bert	445684	3820812	3.64
2026-05-09T13:19:35+02:00	index	bert	445684	3812824	3.64
2026-05-09T13:19:45+02:00	index	bert	445684	3812492	3.64
2026-05-09T13:19:55+02:00	index	bert	445684	3858416	3.68
2026-05-09T13:20:05+02:00	index	bert	445684	3816472	3.64
2026-05-09T13:20:15+02:00	index	bert	445684	3811676	3.64
2026-05-09T13:20:25+02:00	index	bert	445684	3806956	3.63
2026-05-09T13:20:35+02:00	index	bert	445684	3811700	3.64
2026-05-09T13:20:45+02:00	index	bert	445684	3822004	3.64
2026-05-09T13:20:55+02:00	index	bert	445684	3822004	3.64
2026-05-09T13:21:05+02:00	index	bert	445684	3822004	3.64
2026-05-09T13:21:15+02:00	index	bert	445684	3822004	3.64
2026-05-09T13:21:25+02:00	index	bert	445684	3822004	3.64
2026-05-09T13:21:35+02:00	index	bert	445684	3822004	3.64
2026-05-09T13:21:45+02:00	index	bert	445684	3822004	3.64
2026-05-09T13:21:55+02:00	index	bert	445684	3822004	3.64
2026-05-09T13:22:05+02:00	index	bert	445684	3822004	3.64
2026-05-09T13:22:15+02:00	index	bert	445684	3822004	3.64
2026-05-09T13:22:25+02:00	index	bert	445684	3822004	3.64
2026-05-09T13:22:35+02:00	index	bert	445684	3822004	3.64
2026-05-09T13:22:45+02:00	index	bert	445684	3822004	3.64
2026-05-09T13:22:55+02:00	index	bert	445684	3822004	3.64
2026-05-09T13:23:05+02:00	index	bert	445684	3822004	3.64
2026-05-09T13:23:15+02:00	index	bert	445684	3822004	3.64
2026-05-09T13:23:25+02:00	index	bert	445684	3822004	3.64
2026-05-09T13:23:35+02:00	index	bert	445684	3822004	3.64
2026-05-09T13:23:45+02:00	index	bert	445684	3822004	3.64
2026-05-09T13:23:55+02:00	index	bert	445684	3822004	3.64
2026-05-09T13:24:05+02:00	index	bert	445684	3822004	3.64
2026-05-09T13:24:15+02:00	index	bert	445684	3822004	3.64
2026-05-09T13:24:25+02:00	index	bert	445684	3822004	3.64
2026-05-09T13:24:35+02:00	index	bert	445684	3822004	3.64
2026-05-09T13:24:45+02:00	index	bert	445684	3822004	3.64
2026-05-09T13:24:55+02:00	index	bert	445684	3822004	3.64
2026-05-09T13:25:05+02:00	index	bert	445684	3822004	3.64
2026-05-09T13:25:15+02:00	index	bert	445684	3822004	3.64
2026-05-09T13:25:25+02:00	index	bert	445684	3822244	3.65
2026-05-09T13:25:35+02:00	index	bert	445684	3962920	3.78
2026-05-09T13:25:45+02:00	index	bert	445684	4044072	3.86
2026-05-09T13:25:55+02:00	index	bert	445684	3962952	3.78
2026-05-09T13:26:05+02:00	index	bert	445684	3991276	3.81
2026-05-09T13:26:15+02:00	index	bert	445684	3962668	3.78
2026-05-09T13:26:25+02:00	index	bert	445684	3967264	3.78
2026-05-09T13:26:35+02:00	index	bert	445684	3991360	3.81
2026-05-09T13:26:45+02:00	index	bert	445684	3931044	3.75
2026-05-09T13:26:55+02:00	index	bert	445684	3967328	3.78
2026-05-09T13:27:05+02:00	index	bert	445684	4007796	3.82
2026-05-09T13:27:15+02:00	index	bert	445684	3962548	3.78
2026-05-09T13:27:25+02:00	index	bert	445684	3967392	3.78
2026-05-09T13:27:35+02:00	index	bert	445684	3990996	3.81
2026-05-09T13:27:45+02:00	index	bert	445684	3811652	3.64
2026-05-09T13:27:55+02:00	index	bert	445684	3962772	3.78
2026-05-09T13:28:05+02:00	index	bert	445684	3967620	3.78
2026-05-09T13:28:15+02:00	index	bert	445684	4104340	3.91
2026-05-09T13:28:25+02:00	index	bert	445684	3962884	3.78
2026-05-09T13:28:35+02:00	index	bert	445684	3967212	3.78
2026-05-09T13:28:45+02:00	index	bert	445684	4104304	3.91
2026-05-09T13:28:55+02:00	index	bert	445684	3959144	3.78
2026-05-09T13:29:05+02:00	index	bert	445684	3912072	3.73
2026-05-09T13:29:15+02:00	index	bert	445684	4091192	3.90
2026-05-09T13:29:25+02:00	index	bert	445684	4033604	3.85
2026-05-09T13:29:35+02:00	index	bert	445684	3983364	3.80
2026-05-09T13:29:45+02:00	index	bert	445684	3958996	3.78
2026-05-09T13:29:55+02:00	index	bert	445684	3954688	3.77
2026-05-09T13:30:05+02:00	index	bert	445684	3954604	3.77
2026-05-09T13:30:15+02:00	index	bert	445684	3914132	3.73
2026-05-09T13:30:25+02:00	index	bert	445684	3997628	3.81
2026-05-09T13:30:35+02:00	index	bert	445684	4091580	3.90
2026-05-09T13:30:45+02:00	index	bert	445684	4033480	3.85
2026-05-09T13:30:55+02:00	index	bert	445684	3983244	3.80
2026-05-09T13:31:05+02:00	index	bert	445684	3959140	3.78
2026-05-09T13:31:15+02:00	index	bert	445684	3954576	3.77
2026-05-09T13:31:25+02:00	index	bert	445684	4091196	3.90
2026-05-09T13:31:35+02:00	index	bert	445684	4033608	3.85
2026-05-09T13:31:45+02:00	index	bert	445684	3983348	3.80
2026-05-09T13:31:55+02:00	index	bert	445684	3958980	3.78
2026-05-09T13:32:05+02:00	index	bert	445684	4037352	3.85
2026-05-09T13:32:15+02:00	index	bert	445684	3962292	3.78
2026-05-09T13:32:25+02:00	index	bert	445684	3957468	3.77
2026-05-09T13:32:35+02:00	index	bert	445684	4095752	3.91
2026-05-09T13:32:45+02:00	index	bert	445684	3962544	3.78
2026-05-09T13:32:55+02:00	index	bert	445684	3957412	3.77
2026-05-09T13:33:05+02:00	index	bert	445684	4095684	3.91
2026-05-09T13:33:15+02:00	index	bert	445684	3962240	3.78
2026-05-09T13:33:25+02:00	index	bert	445684	3957396	3.77
2026-05-09T13:33:35+02:00	index	bert	445684	4037260	3.85
2026-05-09T13:33:45+02:00	index	bert	445684	3957448	3.77
2026-05-09T13:33:55+02:00	index	bert	445684	3986128	3.80
2026-05-09T13:34:05+02:00	index	bert	445684	3957540	3.77
2026-05-09T13:34:15+02:00	index	bert	445684	4037420	3.85
2026-05-09T13:34:25+02:00	index	bert	445684	3962076	3.78
2026-05-09T13:34:35+02:00	index	bert	445684	3941652	3.76
2026-05-09T13:34:45+02:00	index	bert	445684	3986148	3.80
2026-05-09T13:34:55+02:00	index	bert	445684	3957292	3.77
2026-05-09T13:35:05+02:00	index	bert	445684	3796276	3.62
2026-05-09T13:35:15+02:00	index	bert	445684	3964668	3.78
2026-05-09T13:35:25+02:00	index	bert	445684	4035548	3.85
2026-05-09T13:35:35+02:00	index	bert	445684	3959916	3.78
2026-05-09T13:35:45+02:00	index	bert	445684	3964924	3.78
2026-05-09T13:35:55+02:00	index	bert	445684	3960044	3.78
2026-05-09T13:36:05+02:00	index	bert	445684	3988788	3.80
2026-05-09T13:36:15+02:00	index	bert	445684	3933968	3.75
2026-05-09T13:36:25+02:00	index	bert	445684	3964772	3.78
2026-05-09T13:36:35+02:00	index	bert	445684	3937712	3.76
2026-05-09T13:36:45+02:00	index	bert	445684	3964868	3.78
2026-05-09T13:36:55+02:00	index	bert	445684	3940724	3.76
2026-05-09T13:37:05+02:00	index	bert	445684	3964684	3.78
2026-05-09T13:37:15+02:00	index	bert	445684	3920164	3.74
2026-05-09T13:37:25+02:00	index	bert	445684	3959936	3.78
2026-05-09T13:37:35+02:00	index	bert	445684	4040916	3.85
2026-05-09T13:37:45+02:00	index	bert	445684	3960008	3.78
2026-05-09T13:37:55+02:00	index	bert	445684	4040748	3.85
2026-05-09T13:38:05+02:00	index	bert	445684	3960028	3.78
2026-05-09T13:38:15+02:00	index	bert	445684	3988724	3.80
2026-05-09T13:38:25+02:00	index	bert	445684	3960532	3.78
2026-05-09T13:38:35+02:00	index	bert	445684	3965068	3.78
2026-05-09T13:38:45+02:00	index	bert	445684	4100976	3.91
2026-05-09T13:38:55+02:00	index	bert	445684	3960564	3.78
2026-05-09T13:39:05+02:00	index	bert	445684	3965116	3.78
2026-05-09T13:39:15+02:00	index	bert	445684	4100856	3.91
2026-05-09T13:39:25+02:00	index	bert	445684	3960596	3.78
2026-05-09T13:39:35+02:00	index	bert	445684	3964892	3.78
2026-05-09T13:39:45+02:00	index	bert	445684	3960340	3.78
2026-05-09T13:39:55+02:00	index	bert	445684	3964880	3.78
2026-05-09T13:40:05+02:00	index	bert	445684	4101044	3.91
2026-05-09T13:40:15+02:00	index	bert	445684	3964876	3.78
2026-05-09T13:40:25+02:00	index	bert	445684	4041232	3.85
2026-05-09T13:40:35+02:00	index	bert	445684	3960376	3.78
2026-05-09T13:40:45+02:00	index	bert	445684	3964900	3.78
2026-05-09T13:40:55+02:00	index	bert	445684	4045348	3.86
2026-05-09T13:41:05+02:00	index	bert	445684	3965132	3.78
2026-05-09T13:41:15+02:00	index	bert	445684	4041208	3.85
2026-05-09T13:41:25+02:00	index	bert	445684	3960608	3.78
2026-05-09T13:41:35+02:00	index	bert	445684	3965176	3.78
2026-05-09T13:41:45+02:00	index	bert	445684	4101480	3.91
2026-05-09T13:41:55+02:00	index	bert	445684	3960808	3.78
2026-05-09T13:42:05+02:00	index	bert	445684	3965684	3.78
2026-05-09T13:42:15+02:00	index	bert	445684	4101764	3.91
2026-05-09T13:42:25+02:00	index	bert	445684	3960712	3.78
2026-05-09T13:42:35+02:00	index	bert	445684	3965580	3.78
2026-05-09T13:42:45+02:00	index	bert	445684	4101588	3.91
2026-05-09T13:42:55+02:00	index	bert	445684	3960836	3.78
2026-05-09T13:43:05+02:00	index	bert	445684	3965444	3.78
2026-05-09T13:43:15+02:00	index	bert	445684	4041884	3.85
2026-05-09T13:43:25+02:00	index	bert	445684	3960752	3.78
2026-05-09T13:43:35+02:00	index	bert	445684	3965640	3.78
2026-05-09T13:43:45+02:00	index	bert	445684	4041812	3.85
2026-05-09T13:43:55+02:00	index	bert	445684	3960680	3.78
2026-05-09T13:44:05+02:00	index	bert	445684	3965556	3.78
2026-05-09T13:44:15+02:00	index	bert	445684	4041652	3.85
2026-05-09T13:44:25+02:00	index	bert	445684	3960764	3.78
2026-05-09T13:44:35+02:00	index	bert	445684	3965624	3.78
2026-05-09T13:44:45+02:00	index	bert	445684	4041756	3.85
2026-05-09T13:44:55+02:00	index	bert	445684	3952732	3.77
2026-05-09T13:45:05+02:00	index	bert	445684	3952824	3.77
2026-05-09T13:45:15+02:00	index	bert	445684	3952668	3.77
2026-05-09T13:45:25+02:00	index	bert	445684	3952804	3.77
2026-05-09T13:45:35+02:00	index	bert	445684	3951044	3.77
2026-05-09T13:45:45+02:00	index	bert	445684	3808500	3.63
2026-05-09T13:45:55+02:00	index	bert	445684	3837308	3.66
2026-05-09T13:46:05+02:00	index	bert	445684	3908616	3.73
2026-05-09T13:46:15+02:00	index	bert	445684	3794300	3.62
2026-05-09T13:46:25+02:00	index	bert	445684	4082028	3.89
2026-05-09T13:46:35+02:00	index	bert	445684	4011316	3.83
2026-05-09T13:46:45+02:00	index	bert	445684	4031360	3.84
2026-05-09T13:46:55+02:00	index	bert	445684	4031476	3.84
2026-05-09T13:47:05+02:00	index	bert	445684	4031356	3.84
2026-05-09T13:47:15+02:00	index	bert	445684	3981864	3.80
2026-05-09T13:47:25+02:00	index	bert	445684	3981724	3.80
2026-05-09T13:47:35+02:00	index	bert	445684	3977360	3.79
2026-05-09T13:47:45+02:00	index	bert	445684	3969820	3.79
2026-05-09T13:47:55+02:00	index	bert	445684	3969940	3.79
2026-05-09T13:48:05+02:00	index	bert	445684	4038168	3.85
2026-05-09T13:48:15+02:00	index	bert	445684	3949212	3.77
2026-05-09T13:48:25+02:00	index	bert	445684	3944500	3.76
2026-05-09T13:48:35+02:00	index	bert	445684	3973668	3.79
2026-05-09T13:48:45+02:00	index	bert	445684	3949408	3.77
2026-05-09T13:48:55+02:00	index	bert	445684	3921188	3.74
2026-05-09T13:49:05+02:00	index	bert	445684	3962752	3.78
2026-05-09T13:49:15+02:00	index	bert	445684	3944832	3.76
2026-05-09T13:49:25+02:00	index	bert	445684	4020708	3.83
2026-05-09T13:49:35+02:00	index	bert	445684	3949200	3.77
2026-05-09T13:49:45+02:00	index	bert	445684	3944488	3.76
2026-05-09T13:49:55+02:00	index	bert	445684	3949596	3.77
2026-05-09T13:50:05+02:00	index	bert	445684	3944876	3.76
2026-05-09T13:50:15+02:00	index	bert	445684	4075748	3.89
2026-05-09T13:50:25+02:00	index	bert	445684	3949264	3.77
2026-05-09T13:50:35+02:00	index	bert	445684	4020648	3.83
2026-05-09T13:50:45+02:00	index	bert	445684	3949388	3.77
2026-05-09T13:50:55+02:00	index	bert	445684	3804548	3.63
2026-05-09T13:51:05+02:00	index	bert	445684	3940792	3.76
2026-05-09T13:51:15+02:00	index	bert	445684	3900456	3.72
2026-05-09T13:51:25+02:00	index	bert	445684	3940656	3.76
2026-05-09T13:51:35+02:00	index	bert	445684	3896608	3.72
2026-05-09T13:51:45+02:00	index	bert	445684	3940892	3.76
2026-05-09T13:51:55+02:00	index	bert	445684	3936188	3.75
2026-05-09T13:52:05+02:00	index	bert	445684	3957552	3.77
2026-05-09T13:52:15+02:00	index	bert	445684	3936352	3.75
2026-05-09T13:52:25+02:00	index	bert	445684	3948300	3.77
2026-05-09T13:52:35+02:00	index	bert	445684	3936156	3.75
2026-05-09T13:52:45+02:00	index	bert	445684	4009444	3.82
2026-05-09T13:52:55+02:00	index	bert	445684	3936180	3.75
2026-05-09T13:53:05+02:00	index	bert	445684	3995072	3.81
2026-05-09T13:53:15+02:00	index	bert	445684	3936144	3.75
2026-05-09T13:53:25+02:00	index	bert	445684	4009528	3.82
2026-05-09T13:53:35+02:00	index	bert	445684	3936364	3.75
2026-05-09T13:53:45+02:00	index	bert	445684	4009492	3.82
2026-05-09T13:53:55+02:00	index	bert	445684	4306352	4.11
2026-05-09T13:54:05+02:00	index	bert	445684	4686960	4.47
2026-05-09T13:54:15+02:00	index	bert	445684	4323164	4.12
2026-05-09T13:54:25+02:00	index	bert	445684	4687696	4.47
2026-05-09T13:54:35+02:00	index	bert	445684	4323184	4.12
2026-05-09T13:54:45+02:00	index	bert	445684	3795228	3.62
2026-05-09T13:54:55+02:00	index	bert	445684	4323216	4.12
2026-05-09T13:55:05+02:00	index	bert	445684	3907892	3.73
2026-05-09T13:55:15+02:00	index	bert	445684	4322992	4.12
2026-05-09T13:55:25+02:00	index	bert	445684	3899692	3.72
2026-05-09T13:55:35+02:00	index	bert	445684	4323016	4.12
2026-05-09T13:55:45+02:00	index	bert	445684	4160868	3.97
2026-05-09T13:55:55+02:00	index	bert	445684	4323100	4.12
2026-05-09T13:56:05+02:00	index	bert	445684	4268912	4.07
2026-05-09T13:56:15+02:00	index	bert	445684	4323180	4.12
2026-05-09T13:56:25+02:00	index	bert	445684	4323096	4.12
2026-05-09T13:56:35+02:00	index	bert	445684	4323224	4.12
2026-05-09T13:56:45+02:00	index	bert	445684	4323180	4.12
2026-05-09T13:56:55+02:00	index	bert	445684	4323016	4.12
2026-05-09T13:57:05+02:00	index	bert	445684	4322984	4.12
2026-05-09T13:57:15+02:00	index	bert	445684	4323092	4.12
2026-05-09T13:57:25+02:00	index	bert	445684	4323024	4.12
2026-05-09T13:57:35+02:00	index	bert	445684	4323160	4.12
2026-05-09T13:57:45+02:00	index	bert	445684	4323128	4.12
2026-05-09T13:57:55+02:00	index	bert	445684	4323000	4.12
2026-05-09T13:58:05+02:00	index	bert	445684	4323204	4.12
2026-05-09T13:58:15+02:00	index	bert	445684	4323060	4.12
2026-05-09T13:58:25+02:00	index	bert	445684	4323004	4.12
2026-05-09T13:58:35+02:00	index	bert	445684	4392036	4.19
2026-05-09T13:58:45+02:00	index	bert	445684	4323072	4.12
2026-05-09T13:58:55+02:00	index	bert	445684	4507424	4.30
2026-05-09T13:59:05+02:00	index	bert	445684	4323092	4.12
2026-05-09T13:59:15+02:00	index	bert	445684	4507460	4.30
2026-05-09T13:59:25+02:00	index	bert	445684	4323056	4.12
2026-05-09T13:59:35+02:00	index	bert	445684	4507432	4.30
2026-05-09T13:59:45+02:00	index	bert	445684	4323116	4.12
2026-05-09T13:59:55+02:00	index	bert	445684	4514688	4.31
2026-05-09T14:00:05+02:00	index	bert	445684	4323180	4.12
2026-05-09T14:00:15+02:00	index	bert	445684	4686920	4.47
2026-05-09T14:00:25+02:00	index	bert	445684	4323176	4.12
2026-05-09T14:00:35+02:00	index	bert	445684	4687740	4.47
2026-05-09T14:00:45+02:00	index	bert	445684	4323192	4.12
2026-05-09T14:00:55+02:00	index	bert	445684	4687744	4.47
2026-05-09T14:01:05+02:00	index	bert	445684	4323208	4.12
2026-05-09T14:01:15+02:00	index	bert	445684	4687692	4.47
2026-05-09T14:01:25+02:00	index	bert	445684	4323120	4.12
2026-05-09T14:01:35+02:00	index	bert	445684	3825880	3.65
2026-05-09T14:01:45+02:00	index	bert	445684	4323188	4.12
2026-05-09T14:01:55+02:00	index	bert	445684	4151516	3.96
2026-05-09T14:02:05+02:00	index	bert	445684	4322980	4.12
2026-05-09T14:02:15+02:00	index	bert	445684	4232636	4.04
2026-05-09T14:02:25+02:00	index	bert	445684	4323020	4.12
2026-05-09T14:02:35+02:00	index	bert	445684	4323232	4.12
2026-05-09T14:02:45+02:00	index	bert	445684	4323104	4.12
2026-05-09T14:02:56+02:00	index	bert	445684	4322996	4.12
2026-05-09T14:03:06+02:00	index	bert	445684	4323080	4.12
2026-05-09T14:03:16+02:00	index	bert	445684	4323208	4.12
2026-05-09T14:03:26+02:00	index	bert	445684	4323060	4.12
2026-05-09T14:03:36+02:00	index	bert	445684	3793184	3.62
2026-05-09T14:03:46+02:00	index	bert	445684	3793184	3.62
2026-05-09T14:03:56+02:00	index	bert	445684	3793184	3.62
2026-05-09T14:04:06+02:00	index	bert	445684	3793184	3.62
2026-05-09T14:04:16+02:00	index	bert	445684	3793184	3.62
2026-05-09T14:04:26+02:00	index	bert	445684	3793184	3.62
2026-05-09T14:04:36+02:00	index	bert	445684	3793184	3.62
2026-05-09T14:04:46+02:00	index	bert	445684	3793184	3.62
2026-05-09T14:04:56+02:00	index	bert	445684	3793184	3.62
2026-05-09T14:05:06+02:00	index	bert	445684	3793184	3.62
2026-05-09T14:05:16+02:00	index	bert	445684	3793184	3.62
2026-05-09T14:05:26+02:00	index	bert	445684	3793184	3.62
2026-05-09T14:05:36+02:00	index	bert	445684	3793184	3.62
2026-05-09T14:05:46+02:00	index	bert	445684	3793184	3.62
2026-05-09T14:05:56+02:00	index	bert	445684	3793184	3.62
2026-05-09T14:06:06+02:00	index	bert	445684	3793184	3.62
2026-05-09T14:06:16+02:00	index	bert	445684	3793184	3.62
2026-05-09T14:06:26+02:00	index	bert	445684	3793184	3.62
2026-05-09T14:06:36+02:00	index	bert	445684	3793184	3.62
2026-05-09T14:06:46+02:00	index	bert	445684	3793184	3.62
2026-05-09T14:06:56+02:00	index	bert	445684	3793184	3.62
2026-05-09T14:07:06+02:00	index	bert	445684	3793184	3.62
2026-05-09T14:07:16+02:00	index	bert	445684	3793184	3.62
2026-05-09T14:07:26+02:00	index	bert	445684	3793184	3.62
2026-05-09T14:07:36+02:00	index	bert	445684	3793184	3.62
2026-05-09T14:07:46+02:00	index	bert	445684	3793184	3.62
2026-05-09T14:07:56+02:00	index	bert	445684	3793184	3.62
2026-05-09T14:08:06+02:00	index	bert	445684	3793184	3.62
2026-05-09T14:08:16+02:00	index	bert	445684	3793184	3.62
2026-05-09T14:08:26+02:00	index	bert	445684	3793184	3.62
2026-05-09T14:08:36+02:00	index	bert	445684	3793184	3.62
2026-05-09T14:08:46+02:00	index	bert	445684	3793184	3.62
2026-05-09T14:08:56+02:00	index	bert	445684	3793184	3.62
2026-05-09T14:09:06+02:00	index	bert	445684	3793184	3.62
2026-05-09T14:09:16+02:00	index	bert	445684	3793184	3.62
2026-05-09T14:09:26+02:00	index	bert	445684	3793184	3.62
2026-05-09T14:09:36+02:00	index	bert	445684	3793184	3.62
2026-05-09T14:09:46+02:00	index	bert	445684	3793184	3.62
2026-05-09T14:09:56+02:00	index	bert	445684	3793184	3.62
2026-05-09T14:10:06+02:00	index	bert	445684	3793184	3.62
2026-05-09T14:10:16+02:00	index	bert	445684	3793184	3.62
2026-05-09T14:10:26+02:00	index	bert	445684	3793184	3.62
2026-05-09T14:10:36+02:00	index	bert	445684	3793184	3.62
2026-05-09T14:10:46+02:00	index	bert	445684	3793184	3.62
2026-05-09T14:10:56+02:00	index	bert	445684	3793184	3.62
2026-05-09T14:11:06+02:00	index	bert	445684	3793184	3.62
2026-05-09T14:11:16+02:00	index	bert	445684	3793184	3.62
2026-05-09T14:11:26+02:00	index	bert	445684	3793184	3.62
2026-05-09T14:11:36+02:00	index	bert	445684	3793184	3.62
2026-05-09T14:11:46+02:00	index	bert	445684	3793184	3.62
2026-05-09T14:11:56+02:00	index	bert	445684	3793184	3.62
2026-05-09T14:12:06+02:00	index	bert	445684	3793184	3.62
2026-05-09T14:12:16+02:00	index	bert	445684	3793184	3.62
2026-05-09T14:12:26+02:00	index	bert	445684	3793184	3.62
2026-05-09T14:12:36+02:00	index	bert	445684	3793184	3.62
2026-05-09T14:12:46+02:00	index	bert	445684	3793184	3.62
2026-05-09T14:12:56+02:00	index	bert	445684	3793184	3.62
2026-05-09T14:13:06+02:00	index	bert	445684	3793184	3.62
2026-05-09T14:13:16+02:00	index	bert	445684	3793184	3.62
2026-05-09T14:13:26+02:00	index	bert	445684	3793184	3.62
2026-05-09T14:13:36+02:00	index	bert	445684	3793184	3.62
2026-05-09T14:13:46+02:00	index	bert	445684	3793184	3.62
2026-05-09T14:13:56+02:00	index	bert	445684	3793184	3.62
2026-05-09T14:14:06+02:00	index	bert	445684	3793184	3.62
2026-05-09T14:14:16+02:00	index	bert	445684	3793184	3.62
2026-05-09T14:14:26+02:00	index	bert	445684	3793184	3.62
2026-05-09T14:14:36+02:00	index	bert	445684	3793184	3.62
2026-05-09T14:14:46+02:00	index	bert	445684	3793184	3.62
2026-05-09T14:14:56+02:00	index	bert	445684	3793184	3.62
2026-05-09T14:15:06+02:00	index	bert	445684	3793184	3.62
2026-05-09T14:15:16+02:00	index	bert	445684	3793184	3.62
2026-05-09T14:15:26+02:00	index	bert	445684	3793184	3.62
2026-05-09T14:15:36+02:00	index	bert	445684	3793184	3.62
2026-05-09T14:15:46+02:00	index	bert	445684	3793184	3.62
2026-05-09T14:15:56+02:00	index	bert	445684	3793184	3.62
2026-05-09T14:16:06+02:00	index	bert	445684	3793184	3.62
2026-05-09T14:16:16+02:00	index	bert	445684	3793184	3.62
2026-05-09T14:16:26+02:00	index	bert	445684	3793184	3.62
2026-05-09T14:16:36+02:00	index	bert	445684	3793184	3.62
2026-05-09T14:16:46+02:00	index	bert	445684	3793184	3.62
2026-05-09T14:16:56+02:00	index	bert	445684	3793184	3.62
2026-05-09T14:17:06+02:00	index	bert	445684	3793184	3.62
2026-05-09T14:17:16+02:00	index	bert	445684	3793184	3.62
2026-05-09T14:17:26+02:00	index	bert	445684	3793184	3.62
2026-05-09T14:17:36+02:00	index	bert	445684	3793184	3.62
2026-05-09T14:17:46+02:00	index	bert	445684	3793184	3.62
2026-05-09T14:17:56+02:00	index	bert	445684	3793184	3.62
2026-05-09T14:18:06+02:00	index	bert	445684	3793184	3.62
2026-05-09T14:18:16+02:00	index	bert	445684	3793184	3.62
2026-05-09T14:18:26+02:00	index	bert	445684	3793184	3.62
2026-05-09T14:18:36+02:00	index	bert	445684	3793184	3.62
2026-05-09T14:18:46+02:00	index	bert	445684	3793184	3.62
2026-05-09T14:18:56+02:00	index	bert	445684	3793184	3.62
2026-05-09T14:19:06+02:00	index	bert	445684	3793184	3.62
2026-05-09T14:19:16+02:00	index	bert	445684	3793184	3.62
2026-05-09T14:19:26+02:00	index	bert	445684	3793184	3.62
2026-05-09T14:19:36+02:00	index	bert	445684	3793184	3.62
2026-05-09T14:19:46+02:00	index	bert	445684	3793184	3.62
2026-05-09T14:19:56+02:00	index	bert	445684	3793184	3.62
2026-05-09T14:20:06+02:00	index	bert	445684	3793184	3.62
2026-05-09T14:20:16+02:00	index	bert	445684	3793184	3.62
2026-05-09T14:20:26+02:00	index	bert	445684	3793184	3.62
2026-05-09T14:20:36+02:00	index	bert	445684	3793184	3.62
2026-05-09T14:20:46+02:00	index	bert	445684	3793184	3.62
2026-05-09T14:20:56+02:00	index	bert	445684	3793184	3.62
2026-05-09T14:21:06+02:00	index	bert	445684	3793184	3.62
2026-05-09T14:21:16+02:00	index	bert	445684	3793184	3.62
2026-05-09T14:21:26+02:00	index	bert	445684	3793184	3.62
2026-05-09T14:21:36+02:00	index	bert	445684	3793184	3.62
2026-05-09T14:21:46+02:00	index	bert	445684	3793184	3.62
2026-05-09T14:21:56+02:00	index	bert	445684	3793184	3.62
2026-05-09T14:22:06+02:00	index	bert	445684	3793184	3.62
2026-05-09T14:22:16+02:00	index	bert	445684	3793184	3.62
2026-05-09T14:22:26+02:00	index	bert	445684	1514556	1.44
2026-05-09T14:22:36+02:00	index	gpt2	450296	4556	0.00
2026-05-09T14:22:46+02:00	index	gpt2	450296	1853484	1.77
2026-05-09T14:22:56+02:00	index	gpt2	450296	2474940	2.36
2026-05-09T14:23:06+02:00	index	gpt2	450296	2923740	2.79
2026-05-09T14:23:16+02:00	index	gpt2	450296	3233940	3.08
2026-05-09T14:23:26+02:00	index	gpt2	450296	3440652	3.28
2026-05-09T14:23:36+02:00	index	gpt2	450296	3570540	3.41
2026-05-09T14:23:46+02:00	index	gpt2	450296	3647628	3.48
2026-05-09T14:23:56+02:00	index	gpt2	450296	3692244	3.52
2026-05-09T14:24:06+02:00	index	gpt2	450296	3719700	3.55
2026-05-09T14:24:16+02:00	index	gpt2	450296	3780180	3.61
2026-05-09T14:24:26+02:00	index	gpt2	450296	3935756	3.75
2026-05-09T14:24:36+02:00	index	gpt2	450296	3931156	3.75
2026-05-09T14:24:46+02:00	index	gpt2	450296	4012292	3.83
2026-05-09T14:24:56+02:00	index	gpt2	450296	3935636	3.75
2026-05-09T14:25:06+02:00	index	gpt2	450296	3873744	3.69
2026-05-09T14:25:16+02:00	index	gpt2	450296	3935628	3.75
2026-05-09T14:25:26+02:00	index	gpt2	450296	3780052	3.60
2026-05-09T14:25:36+02:00	index	gpt2	450296	3935620	3.75
2026-05-09T14:25:46+02:00	index	gpt2	450296	4072652	3.88
2026-05-09T14:25:56+02:00	index	gpt2	450296	3935572	3.75
2026-05-09T14:26:06+02:00	index	gpt2	450296	4071564	3.88
2026-05-09T14:26:16+02:00	index	gpt2	450296	3931080	3.75
2026-05-09T14:26:26+02:00	index	gpt2	450296	4012464	3.83
2026-05-09T14:26:36+02:00	index	gpt2	450296	3931028	3.75
2026-05-09T14:26:46+02:00	index	gpt2	450296	3935628	3.75
2026-05-09T14:26:56+02:00	index	gpt2	450296	3790808	3.62
2026-05-09T14:27:06+02:00	index	gpt2	450296	3935604	3.75
2026-05-09T14:27:16+02:00	index	gpt2	450296	4071604	3.88
2026-05-09T14:27:26+02:00	index	gpt2	450296	3935612	3.75
2026-05-09T14:27:36+02:00	index	gpt2	450296	3923076	3.74
2026-05-09T14:27:46+02:00	index	gpt2	450296	3922988	3.74
2026-05-09T14:27:56+02:00	index	gpt2	450296	3923160	3.74
2026-05-09T14:28:06+02:00	index	gpt2	450296	3923064	3.74
2026-05-09T14:28:16+02:00	index	gpt2	450296	3922976	3.74
2026-05-09T14:28:26+02:00	index	gpt2	450296	3923160	3.74
2026-05-09T14:28:36+02:00	index	gpt2	450296	4059820	3.87
2026-05-09T14:28:46+02:00	index	gpt2	450296	4059716	3.87
2026-05-09T14:28:56+02:00	index	gpt2	450296	3939568	3.76
2026-05-09T14:29:06+02:00	index	gpt2	450296	4059804	3.87
2026-05-09T14:29:16+02:00	index	gpt2	450296	4059696	3.87
2026-05-09T14:29:26+02:00	index	gpt2	450296	4059856	3.87
2026-05-09T14:29:36+02:00	index	gpt2	450296	4059780	3.87
2026-05-09T14:29:46+02:00	index	gpt2	450296	4059432	3.87
2026-05-09T14:29:56+02:00	index	gpt2	450296	4059088	3.87
2026-05-09T14:30:06+02:00	index	gpt2	450296	4001964	3.82
2026-05-09T14:30:16+02:00	index	gpt2	450296	4001860	3.82
2026-05-09T14:30:26+02:00	index	gpt2	450296	3927584	3.75
2026-05-09T14:30:36+02:00	index	gpt2	450296	3882684	3.70
2026-05-09T14:30:46+02:00	index	gpt2	450296	3930592	3.75
2026-05-09T14:30:56+02:00	index	gpt2	450296	3926000	3.74
2026-05-09T14:31:06+02:00	index	gpt2	450296	4064680	3.88
2026-05-09T14:31:16+02:00	index	gpt2	450296	3954560	3.77
2026-05-09T14:31:26+02:00	index	gpt2	450296	3930700	3.75
2026-05-09T14:31:36+02:00	index	gpt2	450296	4064636	3.88
2026-05-09T14:31:46+02:00	index	gpt2	450296	3930516	3.75
2026-05-09T14:31:56+02:00	index	gpt2	450296	3925952	3.74
2026-05-09T14:32:06+02:00	index	gpt2	450296	4064656	3.88
2026-05-09T14:32:16+02:00	index	gpt2	450296	3930764	3.75
2026-05-09T14:32:26+02:00	index	gpt2	450296	3925948	3.74
2026-05-09T14:32:36+02:00	index	gpt2	450296	3930588	3.75
2026-05-09T14:32:46+02:00	index	gpt2	450296	3925764	3.74
2026-05-09T14:32:56+02:00	index	gpt2	450296	4064464	3.88
2026-05-09T14:33:06+02:00	index	gpt2	450296	3930884	3.75
2026-05-09T14:33:16+02:00	index	gpt2	450296	3930544	3.75
2026-05-09T14:33:26+02:00	index	gpt2	450296	3925984	3.74
2026-05-09T14:33:36+02:00	index	gpt2	450296	3979732	3.80
2026-05-09T14:33:46+02:00	index	gpt2	450296	3928544	3.75
2026-05-09T14:33:56+02:00	index	gpt2	450296	3949332	3.77
2026-05-09T14:34:06+02:00	index	gpt2	450296	3928356	3.75
2026-05-09T14:34:16+02:00	index	gpt2	450296	3957360	3.77
2026-05-09T14:34:26+02:00	index	gpt2	450296	3823840	3.65
2026-05-09T14:34:36+02:00	index	gpt2	450296	3933132	3.75
2026-05-09T14:34:46+02:00	index	gpt2	450296	3928556	3.75
2026-05-09T14:34:56+02:00	index	gpt2	450296	3933264	3.75
2026-05-09T14:35:06+02:00	index	gpt2	450296	3890632	3.71
2026-05-09T14:35:16+02:00	index	gpt2	450296	3933340	3.75
2026-05-09T14:35:26+02:00	index	gpt2	450296	3922376	3.74
2026-05-09T14:35:36+02:00	index	gpt2	450296	3933176	3.75
2026-05-09T14:35:46+02:00	index	gpt2	450296	3928536	3.75
2026-05-09T14:35:56+02:00	index	gpt2	450296	3957268	3.77
2026-05-09T14:36:06+02:00	index	gpt2	450296	3928368	3.75
2026-05-09T14:36:16+02:00	index	gpt2	450296	4009392	3.82
2026-05-09T14:36:26+02:00	index	gpt2	450296	3928472	3.75
2026-05-09T14:36:36+02:00	index	gpt2	450296	3980940	3.80
2026-05-09T14:36:46+02:00	index	gpt2	450296	3928536	3.75
2026-05-09T14:36:56+02:00	index	gpt2	450296	3933512	3.75
2026-05-09T14:37:06+02:00	index	gpt2	450296	4069268	3.88
2026-05-09T14:37:16+02:00	index	gpt2	450296	3933580	3.75
2026-05-09T14:37:26+02:00	index	gpt2	450296	4009924	3.82
2026-05-09T14:37:36+02:00	index	gpt2	450296	3929068	3.75
2026-05-09T14:37:46+02:00	index	gpt2	450296	3933608	3.75
2026-05-09T14:37:56+02:00	index	gpt2	450296	3929060	3.75
2026-05-09T14:38:06+02:00	index	gpt2	450296	3933348	3.75
2026-05-09T14:38:16+02:00	index	gpt2	450296	4009704	3.82
2026-05-09T14:38:26+02:00	index	gpt2	450296	3928860	3.75
2026-05-09T14:38:36+02:00	index	gpt2	450296	3933432	3.75
2026-05-09T14:38:46+02:00	index	gpt2	450296	3928600	3.75
2026-05-09T14:38:56+02:00	index	gpt2	450296	3933412	3.75
2026-05-09T14:39:06+02:00	index	gpt2	450296	3957772	3.77
2026-05-09T14:39:16+02:00	index	gpt2	450296	3928916	3.75
2026-05-09T14:39:26+02:00	index	gpt2	450296	3933468	3.75
2026-05-09T14:39:36+02:00	index	gpt2	450296	3913580	3.73
2026-05-09T14:39:46+02:00	index	gpt2	450296	3933432	3.75
2026-05-09T14:39:56+02:00	index	gpt2	450296	3900372	3.72
2026-05-09T14:40:06+02:00	index	gpt2	450296	3928956	3.75
2026-05-09T14:40:16+02:00	index	gpt2	450296	3934216	3.75
2026-05-09T14:40:26+02:00	index	gpt2	450296	3776684	3.60
2026-05-09T14:40:36+02:00	index	gpt2	450296	3929564	3.75
2026-05-09T14:40:46+02:00	index	gpt2	450296	3933968	3.75
2026-05-09T14:40:56+02:00	index	gpt2	450296	4010404	3.82
2026-05-09T14:41:06+02:00	index	gpt2	450296	3929576	3.75
2026-05-09T14:41:16+02:00	index	gpt2	450296	3933920	3.75
2026-05-09T14:41:26+02:00	index	gpt2	450296	4069988	3.88
2026-05-09T14:41:36+02:00	index	gpt2	450296	3929540	3.75
2026-05-09T14:41:46+02:00	index	gpt2	450296	3933924	3.75
2026-05-09T14:41:56+02:00	index	gpt2	450296	4039528	3.85
2026-05-09T14:42:06+02:00	index	gpt2	450296	3929512	3.75
2026-05-09T14:42:16+02:00	index	gpt2	450296	3933892	3.75
2026-05-09T14:42:26+02:00	index	gpt2	450296	4069928	3.88
2026-05-09T14:42:36+02:00	index	gpt2	450296	3929476	3.75
2026-05-09T14:42:46+02:00	index	gpt2	450296	3933860	3.75
2026-05-09T14:42:56+02:00	index	gpt2	450296	4069124	3.88
2026-05-09T14:43:06+02:00	index	gpt2	450296	3929460	3.75
2026-05-09T14:43:16+02:00	index	gpt2	450296	3933840	3.75
2026-05-09T14:43:26+02:00	index	gpt2	450296	3950324	3.77
2026-05-09T14:43:36+02:00	index	gpt2	450296	3999796	3.81
2026-05-09T14:43:46+02:00	index	gpt2	450296	3926276	3.74
2026-05-09T14:43:56+02:00	index	gpt2	450296	3999796	3.81
2026-05-09T14:44:06+02:00	index	gpt2	450296	3926272	3.74
2026-05-09T14:44:16+02:00	index	gpt2	450296	3949884	3.77
2026-05-09T14:44:26+02:00	index	gpt2	450296	3925984	3.74
2026-05-09T14:44:36+02:00	index	gpt2	450296	3926120	3.74
2026-05-09T14:44:46+02:00	index	gpt2	450296	3925988	3.74
2026-05-09T14:44:56+02:00	index	gpt2	450296	3926136	3.74
2026-05-09T14:45:06+02:00	index	gpt2	450296	3926264	3.74
2026-05-09T14:45:16+02:00	index	gpt2	450296	3925864	3.74
2026-05-09T14:45:26+02:00	index	gpt2	450296	3926244	3.74
2026-05-09T14:45:36+02:00	index	gpt2	450296	3926116	3.74
2026-05-09T14:45:46+02:00	index	gpt2	450296	3926236	3.74
2026-05-09T14:45:56+02:00	index	gpt2	450296	3926100	3.74
2026-05-09T14:46:06+02:00	index	gpt2	450296	3926236	3.74
2026-05-09T14:46:17+02:00	index	gpt2	450296	3926104	3.74
2026-05-09T14:46:27+02:00	index	gpt2	450296	3925960	3.74
2026-05-09T14:46:37+02:00	index	gpt2	450296	3941996	3.76
2026-05-09T14:46:47+02:00	index	gpt2	450296	3913268	3.73
2026-05-09T14:46:57+02:00	index	gpt2	450296	3989176	3.80
2026-05-09T14:47:07+02:00	index	gpt2	450296	3917680	3.74
2026-05-09T14:47:17+02:00	index	gpt2	450296	3913232	3.73
2026-05-09T14:47:27+02:00	index	gpt2	450296	3942136	3.76
2026-05-09T14:47:37+02:00	index	gpt2	450296	3917884	3.74
2026-05-09T14:47:47+02:00	index	gpt2	450296	3942032	3.76
2026-05-09T14:47:57+02:00	index	gpt2	450296	3917788	3.74
2026-05-09T14:48:07+02:00	index	gpt2	450296	3797308	3.62
2026-05-09T14:48:17+02:00	index	gpt2	450296	3917724	3.74
2026-05-09T14:48:27+02:00	index	gpt2	450296	3913284	3.73
2026-05-09T14:48:37+02:00	index	gpt2	450296	3797264	3.62
2026-05-09T14:48:47+02:00	index	gpt2	450296	3917696	3.74
2026-05-09T14:48:57+02:00	index	gpt2	450296	3913260	3.73
2026-05-09T14:49:07+02:00	index	gpt2	450296	3989136	3.80
2026-05-09T14:49:17+02:00	index	gpt2	450296	3917904	3.74
2026-05-09T14:49:27+02:00	index	gpt2	450296	3913192	3.73
2026-05-09T14:49:37+02:00	index	gpt2	450296	3909344	3.73
2026-05-09T14:49:47+02:00	index	gpt2	450296	3904636	3.72
2026-05-09T14:49:57+02:00	index	gpt2	450296	3977620	3.79
2026-05-09T14:50:07+02:00	index	gpt2	450296	3909272	3.73
2026-05-09T14:50:17+02:00	index	gpt2	450296	3978028	3.79
2026-05-09T14:50:27+02:00	index	gpt2	450296	3909232	3.73
2026-05-09T14:50:37+02:00	index	gpt2	450296	3904716	3.72
2026-05-09T14:50:47+02:00	index	gpt2	450296	3909524	3.73
2026-05-09T14:50:57+02:00	index	gpt2	450296	3904680	3.72
2026-05-09T14:51:07+02:00	index	gpt2	450296	3934784	3.75
2026-05-09T14:51:17+02:00	index	gpt2	450296	3904800	3.72
2026-05-09T14:51:27+02:00	index	gpt2	450296	3978332	3.79
2026-05-09T14:51:37+02:00	index	gpt2	450296	3904800	3.72
2026-05-09T14:51:47+02:00	index	gpt2	450296	4030120	3.84
2026-05-09T14:51:57+02:00	index	gpt2	450296	3909108	3.73
2026-05-09T14:52:07+02:00	index	gpt2	450296	4030144	3.84
2026-05-09T14:52:17+02:00	index	gpt2	450296	3909280	3.73
2026-05-09T14:52:27+02:00	index	gpt2	450296	3904824	3.72
2026-05-09T14:52:37+02:00	index	gpt2	450296	4291424	4.09
2026-05-09T14:52:47+02:00	index	gpt2	450296	4291624	4.09
2026-05-09T14:52:57+02:00	index	gpt2	450296	4291464	4.09
2026-05-09T14:53:07+02:00	index	gpt2	450296	4291664	4.09
2026-05-09T14:53:17+02:00	index	gpt2	450296	4291472	4.09
2026-05-09T14:53:27+02:00	index	gpt2	450296	4291656	4.09
2026-05-09T14:53:37+02:00	index	gpt2	450296	4291480	4.09
2026-05-09T14:53:47+02:00	index	gpt2	450296	4291684	4.09
2026-05-09T14:53:57+02:00	index	gpt2	450296	4291560	4.09
2026-05-09T14:54:07+02:00	index	gpt2	450296	4291508	4.09
2026-05-09T14:54:17+02:00	index	gpt2	450296	4476096	4.27
2026-05-09T14:54:27+02:00	index	gpt2	450296	4291508	4.09
2026-05-09T14:54:37+02:00	index	gpt2	450296	4476140	4.27
2026-05-09T14:54:47+02:00	index	gpt2	450296	4291516	4.09
2026-05-09T14:54:57+02:00	index	gpt2	450296	4475876	4.27
2026-05-09T14:55:07+02:00	index	gpt2	450296	4291544	4.09
2026-05-09T14:55:17+02:00	index	gpt2	450296	4655352	4.44
2026-05-09T14:55:27+02:00	index	gpt2	450296	4291588	4.09
2026-05-09T14:55:37+02:00	index	gpt2	450296	4656172	4.44
2026-05-09T14:55:47+02:00	index	gpt2	450296	4291572	4.09
2026-05-09T14:55:57+02:00	index	gpt2	450296	4656148	4.44
2026-05-09T14:56:07+02:00	index	gpt2	450296	4291616	4.09
2026-05-09T14:56:17+02:00	index	gpt2	450296	3841564	3.66
2026-05-09T14:56:27+02:00	index	gpt2	450296	4291636	4.09
2026-05-09T14:56:37+02:00	index	gpt2	450296	4197840	4.00
2026-05-09T14:56:47+02:00	index	gpt2	450296	4291652	4.09
2026-05-09T14:56:57+02:00	index	gpt2	450296	4291568	4.09
2026-05-09T14:57:07+02:00	index	gpt2	450296	4291624	4.09
2026-05-09T14:57:17+02:00	index	gpt2	450296	4291520	4.09
2026-05-09T14:57:27+02:00	index	gpt2	450296	4291612	4.09
2026-05-09T14:57:37+02:00	index	gpt2	450296	4291568	4.09
2026-05-09T14:57:47+02:00	index	gpt2	450296	4303820	4.10
2026-05-09T14:57:57+02:00	index	gpt2	450296	4291600	4.09
2026-05-09T14:58:07+02:00	index	gpt2	450296	4331812	4.13
2026-05-09T14:58:17+02:00	index	gpt2	450296	4291632	4.09
2026-05-09T14:58:27+02:00	index	gpt2	450296	4475996	4.27
2026-05-09T14:58:37+02:00	index	gpt2	450296	4291680	4.09
2026-05-09T14:58:47+02:00	index	gpt2	450296	4476012	4.27
2026-05-09T14:58:57+02:00	index	gpt2	450296	4291664	4.09
2026-05-09T14:59:07+02:00	index	gpt2	450296	4476056	4.27
2026-05-09T14:59:17+02:00	index	gpt2	450296	4291484	4.09
2026-05-09T14:59:27+02:00	index	gpt2	450296	4655516	4.44
2026-05-09T14:59:37+02:00	index	gpt2	450296	4291500	4.09
2026-05-09T14:59:47+02:00	index	gpt2	450296	4620712	4.41
2026-05-09T14:59:57+02:00	index	gpt2	450296	4291512	4.09
2026-05-09T15:00:07+02:00	index	gpt2	450296	4655568	4.44
2026-05-09T15:00:17+02:00	index	gpt2	450296	4291540	4.09
2026-05-09T15:00:27+02:00	index	gpt2	450296	4656120	4.44
2026-05-09T15:00:37+02:00	index	gpt2	450296	4291592	4.09
2026-05-09T15:00:47+02:00	index	gpt2	450296	3780136	3.61
2026-05-09T15:00:57+02:00	index	gpt2	450296	4291508	4.09
2026-05-09T15:01:07+02:00	index	gpt2	450296	4044024	3.86
2026-05-09T15:01:17+02:00	index	gpt2	450296	4291564	4.09
2026-05-09T15:01:27+02:00	index	gpt2	450296	4231856	4.04
2026-05-09T15:01:37+02:00	index	gpt2	450296	4291648	4.09
2026-05-09T15:01:47+02:00	index	gpt2	450296	4291532	4.09
2026-05-09T15:01:57+02:00	index	gpt2	450296	4291632	4.09
2026-05-09T15:02:07+02:00	index	gpt2	450296	3775176	3.60
2026-05-09T15:02:17+02:00	index	gpt2	450296	3795752	3.62
2026-05-09T15:02:27+02:00	index	gpt2	450296	3795752	3.62
2026-05-09T15:02:37+02:00	index	gpt2	450296	3795820	3.62
2026-05-09T15:02:47+02:00	index	gpt2	450296	3768044	3.59
2026-05-09T15:02:57+02:00	index	gpt2	450296	3765944	3.59
2026-05-09T15:03:07+02:00	index	gpt2	450296	3801964	3.63
2026-05-09T15:03:17+02:00	index	gpt2	450296	3795752	3.62
2026-05-09T15:03:27+02:00	index	gpt2	450296	3801964	3.63
2026-05-09T15:03:37+02:00	index	gpt2	450296	3801964	3.63
2026-05-09T15:03:47+02:00	index	gpt2	450296	3801964	3.63
2026-05-09T15:03:57+02:00	index	gpt2	450296	3795820	3.62
2026-05-09T15:04:07+02:00	index	gpt2	450296	3795032	3.62
2026-05-09T15:04:17+02:00	index	gpt2	450296	3744516	3.57
2026-05-09T15:04:27+02:00	index	gpt2	450296	3756856	3.58
2026-05-09T15:04:37+02:00	index	gpt2	450296	3757104	3.58
2026-05-09T15:04:47+02:00	index	gpt2	450296	3795820	3.62
2026-05-09T15:04:57+02:00	index	gpt2	450296	3795820	3.62
2026-05-09T15:05:07+02:00	index	gpt2	450296	3757104	3.58
2026-05-09T15:05:17+02:00	index	gpt2	450296	3764888	3.59
2026-05-09T15:05:27+02:00	index	gpt2	450296	3764624	3.59
2026-05-09T15:05:37+02:00	index	gpt2	450296	3795752	3.62
2026-05-09T15:05:47+02:00	index	gpt2	450296	3795032	3.62
2026-05-09T15:05:57+02:00	index	gpt2	450296	3757104	3.58
2026-05-09T15:06:07+02:00	index	gpt2	450296	3801896	3.63
2026-05-09T15:06:17+02:00	index	gpt2	450296	3797868	3.62
2026-05-09T15:06:27+02:00	index	gpt2	450296	3778720	3.60
2026-05-09T15:06:37+02:00	index	gpt2	450296	3778720	3.60
2026-05-09T15:06:47+02:00	index	gpt2	450296	3778720	3.60
2026-05-09T15:06:57+02:00	index	gpt2	450296	3778720	3.60
2026-05-09T15:07:07+02:00	index	gpt2	450296	3778720	3.60
2026-05-09T15:07:17+02:00	index	gpt2	450296	3778720	3.60
2026-05-09T15:07:27+02:00	index	gpt2	450296	3778720	3.60
2026-05-09T15:07:37+02:00	index	gpt2	450296	3778720	3.60
2026-05-09T15:07:47+02:00	index	gpt2	450296	3778720	3.60
2026-05-09T15:07:57+02:00	index	gpt2	450296	3778720	3.60
2026-05-09T15:08:07+02:00	index	gpt2	450296	3778720	3.60
2026-05-09T15:08:17+02:00	index	gpt2	450296	3778720	3.60
2026-05-09T15:08:27+02:00	index	gpt2	450296	3778720	3.60
2026-05-09T15:08:37+02:00	index	gpt2	450296	3778720	3.60
2026-05-09T15:08:47+02:00	index	gpt2	450296	3778720	3.60
2026-05-09T15:08:57+02:00	index	gpt2	450296	3778720	3.60
2026-05-09T15:09:07+02:00	index	gpt2	450296	3778720	3.60
2026-05-09T15:09:17+02:00	index	gpt2	450296	3778720	3.60
2026-05-09T15:09:27+02:00	index	gpt2	450296	3778720	3.60
2026-05-09T15:09:37+02:00	index	gpt2	450296	3778720	3.60
2026-05-09T15:09:47+02:00	index	gpt2	450296	3778720	3.60
2026-05-09T15:09:57+02:00	index	gpt2	450296	3778720	3.60
2026-05-09T15:10:07+02:00	index	gpt2	450296	3778720	3.60
2026-05-09T15:10:17+02:00	index	gpt2	450296	3778720	3.60
2026-05-09T15:10:27+02:00	index	gpt2	450296	3778720	3.60
2026-05-09T15:10:37+02:00	index	gpt2	450296	3778960	3.60
2026-05-09T15:10:47+02:00	index	gpt2	450296	3778960	3.60
2026-05-09T15:10:57+02:00	index	gpt2	450296	3778960	3.60
2026-05-09T15:11:07+02:00	index	gpt2	450296	3778960	3.60
2026-05-09T15:11:17+02:00	index	gpt2	450296	3807876	3.63
2026-05-09T15:11:27+02:00	index	gpt2	450296	3778960	3.60
2026-05-09T15:11:37+02:00	index	gpt2	450296	3787396	3.61
2026-05-09T15:11:47+02:00	index	gpt2	450296	3801732	3.63
2026-05-09T15:11:57+02:00	index	gpt2	450296	3795588	3.62
2026-05-09T15:12:07+02:00	index	gpt2	450296	3801732	3.63
2026-05-09T15:12:17+02:00	index	gpt2	450296	3787396	3.61
2026-05-09T15:12:27+02:00	index	gpt2	450296	3778960	3.60
2026-05-09T15:12:37+02:00	index	gpt2	450296	3778960	3.60
2026-05-09T15:12:47+02:00	index	gpt2	450296	3778960	3.60
2026-05-09T15:12:57+02:00	index	gpt2	450296	3778960	3.60
2026-05-09T15:13:07+02:00	index	gpt2	450296	3778960	3.60
2026-05-09T15:13:17+02:00	index	gpt2	450296	3778960	3.60
2026-05-09T15:13:27+02:00	index	gpt2	450296	3778960	3.60
2026-05-09T15:13:37+02:00	index	gpt2	450296	3778960	3.60
2026-05-09T15:13:47+02:00	index	gpt2	450296	3778960	3.60
2026-05-09T15:13:57+02:00	index	gpt2	450296	3778960	3.60
2026-05-09T15:14:07+02:00	index	gpt2	450296	3814020	3.64
2026-05-09T15:14:17+02:00	index	gpt2	450296	3778960	3.60
2026-05-09T15:14:27+02:00	index	gpt2	450296	3814020	3.64
2026-05-09T15:14:37+02:00	index	gpt2	450296	3778960	3.60
2026-05-09T15:14:47+02:00	index	gpt2	450296	3778960	3.60
2026-05-09T15:14:57+02:00	index	gpt2	450296	3795588	3.62
2026-05-09T15:15:07+02:00	index	gpt2	450296	3778960	3.60
2026-05-09T15:15:17+02:00	index	gpt2	450296	3778960	3.60
2026-05-09T15:15:27+02:00	index	gpt2	450296	3801732	3.63
2026-05-09T15:15:37+02:00	index	gpt2	450296	3778960	3.60
2026-05-09T15:15:47+02:00	index	gpt2	450296	3778960	3.60
2026-05-09T15:15:57+02:00	index	gpt2	450296	3778960	3.60
2026-05-09T15:16:07+02:00	index	gpt2	450296	3814020	3.64
2026-05-09T15:16:17+02:00	index	gpt2	450296	3809924	3.63
2026-05-09T15:16:27+02:00	index	gpt2	450296	3925116	3.74
2026-05-09T15:16:37+02:00	index	gpt2	450296	3917388	3.74
2026-05-09T15:16:47+02:00	index	gpt2	450296	3917652	3.74
2026-05-09T15:16:57+02:00	index	gpt2	450296	3917652	3.74
2026-05-09T15:17:07+02:00	index	gpt2	450296	3917652	3.74
2026-05-09T15:17:17+02:00	index	gpt2	450296	3948908	3.77
2026-05-09T15:17:27+02:00	index	gpt2	450296	3841292	3.66
2026-05-09T15:17:37+02:00	index	gpt2	450296	3852176	3.67
2026-05-09T15:17:47+02:00	index	gpt2	450296	3841288	3.66
2026-05-09T15:17:57+02:00	index	gpt2	450296	3883420	3.70
2026-05-09T15:18:07+02:00	index	gpt2	450296	3841248	3.66
2026-05-09T15:18:17+02:00	index	gpt2	450296	3852176	3.67
2026-05-09T15:18:27+02:00	index	gpt2	450296	3841212	3.66
2026-05-09T15:18:37+02:00	index	gpt2	450296	3842152	3.66
2026-05-09T15:18:47+02:00	index	gpt2	450296	3852176	3.67
2026-05-09T15:18:57+02:00	index	gpt2	450296	3851448	3.67
2026-05-09T15:19:07+02:00	index	gpt2	450296	3852176	3.67
2026-05-09T15:19:17+02:00	index	gpt2	450296	3889016	3.71
2026-05-09T15:19:27+02:00	index	gpt2	450296	3852176	3.67
2026-05-09T15:19:37+02:00	index	gpt2	450296	3841284	3.66
2026-05-09T15:19:47+02:00	index	gpt2	450296	3841300	3.66
2026-05-09T15:19:57+02:00	index	gpt2	450296	3852176	3.67
2026-05-09T15:20:07+02:00	index	gpt2	450296	3847416	3.67
2026-05-09T15:20:17+02:00	index	gpt2	450296	3851636	3.67
2026-05-09T15:20:27+02:00	index	gpt2	450296	3841288	3.66
2026-05-09T15:20:37+02:00	index	gpt2	450296	3882904	3.70
2026-05-09T15:20:47+02:00	index	gpt2	450296	3888128	3.71
2026-05-09T15:20:57+02:00	index	gpt2	450296	3888000	3.71
2026-05-09T15:21:07+02:00	index	gpt2	450296	3883420	3.70
2026-05-09T15:21:17+02:00	index	gpt2	450296	3851584	3.67
2026-05-09T15:21:27+02:00	index	gpt2	450296	3836588	3.66
2026-05-09T15:21:37+02:00	index	gpt2	450296	3851548	3.67
2026-05-09T15:21:47+02:00	index	gpt2	450296	3852176	3.67
2026-05-09T15:21:57+02:00	index	gpt2	450296	3852176	3.67
2026-05-09T15:22:07+02:00	index	gpt2	450296	3837920	3.66
2026-05-09T15:22:17+02:00	index	gpt2	450296	3851636	3.67
2026-05-09T15:22:27+02:00	index	gpt2	450296	3888064	3.71
2026-05-09T15:22:37+02:00	index	gpt2	450296	3851636	3.67
2026-05-09T15:22:47+02:00	index	gpt2	450296	3847384	3.67
2026-05-09T15:22:57+02:00	index	gpt2	450296	3841304	3.66
2026-05-09T15:23:07+02:00	index	gpt2	450296	3883420	3.70
2026-05-09T15:23:17+02:00	index	gpt2	450296	3847476	3.67
2026-05-09T15:23:27+02:00	index	gpt2	450296	3882892	3.70
2026-05-09T15:23:37+02:00	index	gpt2	450296	3841224	3.66
2026-05-09T15:23:47+02:00	index	gpt2	450296	3837128	3.66
2026-05-09T15:23:57+02:00	index	gpt2	450296	3883432	3.70
2026-05-09T15:24:07+02:00	index	gpt2	450296	3851572	3.67
2026-05-09T15:24:17+02:00	index	gpt2	450296	3882892	3.70
2026-05-09T15:24:27+02:00	index	gpt2	450296	3841236	3.66
2026-05-09T15:24:37+02:00	index	gpt2	450296	3845564	3.67
2026-05-09T15:24:47+02:00	index	gpt2	450296	3841152	3.66
2026-05-09T15:24:57+02:00	index	gpt2	450296	3841496	3.66
2026-05-09T15:25:07+02:00	index	gpt2	450296	3887908	3.71
2026-05-09T15:25:17+02:00	index	gpt2	450296	3843264	3.67
2026-05-09T15:25:27+02:00	index	gpt2	450296	3841880	3.66
2026-05-09T15:25:37+02:00	index	gpt2	450296	3847384	3.67
2026-05-09T15:25:47+02:00	index	gpt2	450296	3852176	3.67
2026-05-09T15:25:57+02:00	index	gpt2	450296	3852176	3.67
2026-05-09T15:26:07+02:00	index	gpt2	450296	3852176	3.67
2026-05-09T15:26:17+02:00	index	gpt2	450296	3852176	3.67
2026-05-09T15:26:27+02:00	index	gpt2	450296	3852176	3.67
2026-05-09T15:26:37+02:00	index	gpt2	450296	3852176	3.67
2026-05-09T15:26:47+02:00	index	gpt2	450296	3852176	3.67
2026-05-09T15:26:57+02:00	index	gpt2	450296	3852176	3.67
2026-05-09T15:27:07+02:00	index	gpt2	450296	3852176	3.67
2026-05-09T15:27:17+02:00	index	gpt2	450296	3852176	3.67
2026-05-09T15:27:27+02:00	index	gpt2	450296	3852176	3.67
2026-05-09T15:27:37+02:00	index	gpt2	450296	3852176	3.67
2026-05-09T15:27:47+02:00	index	gpt2	450296	3852176	3.67
2026-05-09T15:27:57+02:00	index	gpt2	450296	3852176	3.67
2026-05-09T15:28:07+02:00	index	gpt2	450296	3852176	3.67
2026-05-09T15:28:17+02:00	index	gpt2	450296	3852176	3.67
2026-05-09T15:28:27+02:00	index	gpt2	450296	3852176	3.67
2026-05-09T15:28:37+02:00	index	gpt2	450296	3852176	3.67
2026-05-09T15:28:47+02:00	index	gpt2	450296	3852176	3.67
2026-05-09T15:28:57+02:00	index	gpt2	450296	3852176	3.67
2026-05-09T15:29:07+02:00	index	gpt2	450296	3852176	3.67
2026-05-09T15:29:17+02:00	index	gpt2	450296	3852176	3.67
2026-05-09T15:29:27+02:00	index	gpt2	450296	3852176	3.67
2026-05-09T15:29:37+02:00	index	gpt2	450296	3852176	3.67
2026-05-09T15:29:47+02:00	index	gpt2	450296	3852176	3.67
2026-05-09T15:29:57+02:00	index	gpt2	450296	3852176	3.67
2026-05-09T15:30:07+02:00	index	gpt2	450296	3852176	3.67
2026-05-09T15:30:17+02:00	index	gpt2	450296	3852176	3.67
2026-05-09T15:30:28+02:00	index	gpt2	450296	3852176	3.67
2026-05-09T15:30:38+02:00	index	gpt2	450296	3899376	3.72
2026-05-09T15:30:48+02:00	index	gpt2	450296	3863768	3.68
2026-05-09T15:30:58+02:00	index	gpt2	450296	3997112	3.81
2026-05-09T15:31:08+02:00	index	gpt2	450296	3992508	3.81
2026-05-09T15:31:18+02:00	index	gpt2	450296	4012124	3.83
2026-05-09T15:31:28+02:00	index	gpt2	450296	3992464	3.81
2026-05-09T15:31:38+02:00	index	gpt2	450296	3997044	3.81
2026-05-09T15:31:48+02:00	index	gpt2	450296	3968424	3.78
2026-05-09T15:31:58+02:00	index	gpt2	450296	3997024	3.81
2026-05-09T15:32:08+02:00	index	gpt2	450296	3954852	3.77
2026-05-09T15:32:18+02:00	index	gpt2	450296	3996996	3.81
2026-05-09T15:32:28+02:00	index	gpt2	450296	4073364	3.88
2026-05-09T15:32:38+02:00	index	gpt2	450296	3992472	3.81
2026-05-09T15:32:48+02:00	index	gpt2	450296	3996780	3.81
2026-05-09T15:32:58+02:00	index	gpt2	450296	3980840	3.80
2026-05-09T15:33:08+02:00	index	gpt2	450296	3996780	3.81
2026-05-09T15:33:18+02:00	index	gpt2	450296	4073408	3.88
2026-05-09T15:33:28+02:00	index	gpt2	450296	3992488	3.81
2026-05-09T15:33:38+02:00	index	gpt2	450296	3997048	3.81
2026-05-09T15:33:48+02:00	index	gpt2	450296	3845308	3.67
2026-05-09T15:33:58+02:00	index	gpt2	450296	3992292	3.81
2026-05-09T15:34:08+02:00	index	gpt2	450296	4120208	3.93
2026-05-09T15:34:18+02:00	index	gpt2	450296	4063064	3.87
2026-05-09T15:34:28+02:00	index	gpt2	450296	4062952	3.87
2026-05-09T15:34:38+02:00	index	gpt2	450296	3997136	3.81
2026-05-09T15:34:48+02:00	index	gpt2	450296	3988832	3.80
2026-05-09T15:34:58+02:00	index	gpt2	450296	3988736	3.80
2026-05-09T15:35:08+02:00	index	gpt2	450296	3984136	3.80
2026-05-09T15:35:18+02:00	index	gpt2	450296	3984036	3.80
2026-05-09T15:35:28+02:00	index	gpt2	450296	3984212	3.80
2026-05-09T15:35:38+02:00	index	gpt2	450296	3899512	3.72
2026-05-09T15:35:48+02:00	index	gpt2	450296	3820556	3.64
2026-05-09T15:35:58+02:00	index	gpt2	450296	3828908	3.65
2026-05-09T15:36:08+02:00	index	gpt2	450296	4062988	3.87
2026-05-09T15:36:18+02:00	index	gpt2	450296	4063148	3.87
2026-05-09T15:36:28+02:00	index	gpt2	450296	3988876	3.80
2026-05-09T15:36:38+02:00	index	gpt2	450296	3988788	3.80
2026-05-09T15:36:48+02:00	index	gpt2	450296	3988928	3.80
2026-05-09T15:36:58+02:00	index	gpt2	450296	3988824	3.80
2026-05-09T15:37:08+02:00	index	gpt2	450296	3988732	3.80
2026-05-09T15:37:18+02:00	index	gpt2	450296	3843240	3.67
2026-05-09T15:37:28+02:00	index	gpt2	450296	3991648	3.81
2026-05-09T15:37:38+02:00	index	gpt2	450296	3812548	3.64
2026-05-09T15:37:48+02:00	index	gpt2	450296	3991952	3.81
2026-05-09T15:37:58+02:00	index	gpt2	450296	3991872	3.81
2026-05-09T15:38:08+02:00	index	gpt2	450296	4066980	3.88
2026-05-09T15:38:18+02:00	index	gpt2	450296	3991640	3.81
2026-05-09T15:38:28+02:00	index	gpt2	450296	3987060	3.80
2026-05-09T15:38:38+02:00	index	gpt2	450296	3991680	3.81
2026-05-09T15:38:48+02:00	index	gpt2	450296	3987112	3.80
2026-05-09T15:38:58+02:00	index	gpt2	450296	3936600	3.75
2026-05-09T15:39:08+02:00	index	gpt2	450296	4066892	3.88
2026-05-09T15:39:18+02:00	index	gpt2	450296	3991824	3.81
2026-05-09T15:39:28+02:00	index	gpt2	450296	3986976	3.80
2026-05-09T15:39:38+02:00	index	gpt2	450296	3881020	3.70
2026-05-09T15:39:48+02:00	index	gpt2	450296	4015820	3.83
2026-05-09T15:39:58+02:00	index	gpt2	450296	3991724	3.81
2026-05-09T15:40:08+02:00	index	gpt2	450296	3986884	3.80
2026-05-09T15:40:18+02:00	index	gpt2	450296	4087104	3.90
2026-05-09T15:40:28+02:00	index	gpt2	450296	3994380	3.81
2026-05-09T15:40:38+02:00	index	gpt2	450296	3994588	3.81
2026-05-09T15:40:48+02:00	index	gpt2	450296	3989680	3.80
2026-05-09T15:40:58+02:00	index	gpt2	450296	4018672	3.83
2026-05-09T15:41:08+02:00	index	gpt2	450296	3989732	3.80
2026-05-09T15:41:18+02:00	index	gpt2	450296	4070484	3.88
2026-05-09T15:41:28+02:00	index	gpt2	450296	3994308	3.81
2026-05-09T15:41:38+02:00	index	gpt2	450296	4006940	3.82
2026-05-09T15:41:48+02:00	index	gpt2	450296	4129088	3.94
2026-05-09T15:41:58+02:00	index	gpt2	450296	3994384	3.81
2026-05-09T15:42:08+02:00	index	gpt2	450296	3974992	3.79
2026-05-09T15:42:18+02:00	index	gpt2	450296	3994512	3.81
2026-05-09T15:42:28+02:00	index	gpt2	450296	3989904	3.81
2026-05-09T15:42:38+02:00	index	gpt2	450296	4018616	3.83
2026-05-09T15:42:48+02:00	index	gpt2	450296	3989724	3.80
2026-05-09T15:42:58+02:00	index	gpt2	450296	3994144	3.81
2026-05-09T15:43:08+02:00	index	gpt2	450296	3951748	3.77
2026-05-09T15:43:18+02:00	index	gpt2	450296	3994464	3.81
2026-05-09T15:43:28+02:00	index	gpt2	450296	3989860	3.81
2026-05-09T15:43:38+02:00	index	gpt2	450296	3994648	3.81
2026-05-09T15:43:48+02:00	index	gpt2	450296	4070732	3.88
2026-05-09T15:43:58+02:00	index	gpt2	450296	3990136	3.81
2026-05-09T15:44:08+02:00	index	gpt2	450296	4070716	3.88
2026-05-09T15:44:18+02:00	index	gpt2	450296	3994620	3.81
2026-05-09T15:44:28+02:00	index	gpt2	450296	4101976	3.91
2026-05-09T15:44:38+02:00	index	gpt2	450296	3984328	3.80
2026-05-09T15:44:48+02:00	index	gpt2	450296	3994424	3.81
2026-05-09T15:44:58+02:00	index	gpt2	450296	3930304	3.75
2026-05-09T15:45:08+02:00	index	gpt2	450296	3994412	3.81
2026-05-09T15:45:18+02:00	index	gpt2	450296	3971652	3.79
2026-05-09T15:45:28+02:00	index	gpt2	450296	3994428	3.81
2026-05-09T15:45:38+02:00	index	gpt2	450296	3988000	3.80
2026-05-09T15:45:48+02:00	index	gpt2	450296	3994640	3.81
2026-05-09T15:45:58+02:00	index	gpt2	450296	3938584	3.76
2026-05-09T15:46:08+02:00	index	gpt2	450296	3994604	3.81
2026-05-09T15:46:18+02:00	index	gpt2	450296	4053536	3.87
2026-05-09T15:46:28+02:00	index	gpt2	450296	3990108	3.81
2026-05-09T15:46:38+02:00	index	gpt2	450296	3994680	3.81
2026-05-09T15:46:48+02:00	index	gpt2	450296	4131216	3.94
2026-05-09T15:46:58+02:00	index	gpt2	450296	3990532	3.81
2026-05-09T15:47:08+02:00	index	gpt2	450296	3995416	3.81
2026-05-09T15:47:18+02:00	index	gpt2	450296	3990636	3.81
2026-05-09T15:47:28+02:00	index	gpt2	450296	3995016	3.81
2026-05-09T15:47:38+02:00	index	gpt2	450296	4114980	3.92
2026-05-09T15:47:48+02:00	index	gpt2	450296	3990616	3.81
2026-05-09T15:47:58+02:00	index	gpt2	450296	3994984	3.81
2026-05-09T15:48:08+02:00	index	gpt2	450296	4071692	3.88
2026-05-09T15:48:18+02:00	index	gpt2	450296	3990584	3.81
2026-05-09T15:48:28+02:00	index	gpt2	450296	3994960	3.81
2026-05-09T15:48:38+02:00	index	gpt2	450296	3796140	3.62
2026-05-09T15:48:48+02:00	index	gpt2	450296	3995000	3.81
2026-05-09T15:48:58+02:00	index	gpt2	450296	4019428	3.83
2026-05-09T15:49:08+02:00	index	gpt2	450296	3990332	3.81
2026-05-09T15:49:18+02:00	index	gpt2	450296	3994968	3.81
2026-05-09T15:49:28+02:00	index	gpt2	450296	4071648	3.88
2026-05-09T15:49:38+02:00	index	gpt2	450296	3977888	3.79
2026-05-09T15:49:48+02:00	index	gpt2	450296	3994944	3.81
2026-05-09T15:49:58+02:00	index	gpt2	450296	4016472	3.83
2026-05-09T15:50:08+02:00	index	gpt2	450296	3987160	3.80
2026-05-09T15:50:18+02:00	index	gpt2	450296	3982264	3.80
2026-05-09T15:50:28+02:00	index	gpt2	450296	3987148	3.80
2026-05-09T15:50:38+02:00	index	gpt2	450296	3987036	3.80
2026-05-09T15:50:48+02:00	index	gpt2	450296	3987140	3.80
2026-05-09T15:50:58+02:00	index	gpt2	450296	3987020	3.80
2026-05-09T15:51:08+02:00	index	gpt2	450296	3987132	3.80
2026-05-09T15:51:18+02:00	index	gpt2	450296	3987012	3.80
2026-05-09T15:51:28+02:00	index	gpt2	450296	3987140	3.80
2026-05-09T15:51:38+02:00	index	gpt2	450296	3982236	3.80
2026-05-09T15:51:48+02:00	index	gpt2	450296	3982372	3.80
2026-05-09T15:51:58+02:00	index	gpt2	450296	3982248	3.80
2026-05-09T15:52:08+02:00	index	gpt2	450296	3982404	3.80
2026-05-09T15:52:18+02:00	index	gpt2	450296	3982276	3.80
2026-05-09T15:52:28+02:00	index	gpt2	450296	3987172	3.80
2026-05-09T15:52:38+02:00	index	gpt2	450296	3982304	3.80
2026-05-09T15:52:48+02:00	index	gpt2	450296	3982428	3.80
2026-05-09T15:52:58+02:00	index	gpt2	450296	3982308	3.80
2026-05-09T15:53:08+02:00	index	gpt2	450296	3974232	3.79
2026-05-09T15:53:18+02:00	index	gpt2	450296	4050124	3.86
2026-05-09T15:53:28+02:00	index	gpt2	450296	3974416	3.79
2026-05-09T15:53:38+02:00	index	gpt2	450296	4050316	3.86
2026-05-09T15:53:48+02:00	index	gpt2	450296	3974360	3.79
2026-05-09T15:53:58+02:00	index	gpt2	450296	3824828	3.65
2026-05-09T15:54:08+02:00	index	gpt2	450296	4015192	3.83
2026-05-09T15:54:18+02:00	index	gpt2	450296	3974324	3.79
2026-05-09T15:54:28+02:00	index	gpt2	450296	3832996	3.66
2026-05-09T15:54:38+02:00	index	gpt2	450296	3998800	3.81
2026-05-09T15:54:48+02:00	index	gpt2	450296	3974040	3.79
2026-05-09T15:54:58+02:00	index	gpt2	450296	4003200	3.82
2026-05-09T15:55:08+02:00	index	gpt2	450296	3974480	3.79
2026-05-09T15:55:18+02:00	index	gpt2	450296	4050104	3.86
2026-05-09T15:55:28+02:00	index	gpt2	450296	3978860	3.79
2026-05-09T15:55:38+02:00	index	gpt2	450296	3974428	3.79
2026-05-09T15:55:48+02:00	index	gpt2	450296	3979048	3.79
2026-05-09T15:55:58+02:00	index	gpt2	450296	3974344	3.79
2026-05-09T15:56:08+02:00	index	gpt2	450296	3970252	3.79
2026-05-09T15:56:18+02:00	index	gpt2	450296	3965600	3.78
2026-05-09T15:56:28+02:00	index	gpt2	450296	3984268	3.80
2026-05-09T15:56:38+02:00	index	gpt2	450296	3965968	3.78
2026-05-09T15:56:48+02:00	index	gpt2	450296	4039024	3.85
2026-05-09T15:56:58+02:00	index	gpt2	450296	3970296	3.79
2026-05-09T15:57:08+02:00	index	gpt2	450296	3965480	3.78
2026-05-09T15:57:18+02:00	index	gpt2	450296	3970684	3.79
2026-05-09T15:57:28+02:00	index	gpt2	450296	3965800	3.78
2026-05-09T15:57:38+02:00	index	gpt2	450296	4039184	3.85
2026-05-09T15:57:48+02:00	index	gpt2	450296	3970200	3.79
2026-05-09T15:57:58+02:00	index	gpt2	450296	4091132	3.90
2026-05-09T15:58:08+02:00	index	gpt2	450296	3970424	3.79
2026-05-09T15:58:18+02:00	index	gpt2	450296	3965792	3.78
2026-05-09T15:58:28+02:00	index	gpt2	450296	3996272	3.81
2026-05-09T15:58:38+02:00	index	gpt2	450296	3965844	3.78
2026-05-09T15:58:48+02:00	index	gpt2	450296	3984212	3.80
2026-05-09T15:58:58+02:00	index	gpt2	450296	3965844	3.78
2026-05-09T15:59:08+02:00	index	gpt2	450296	4352656	4.15
2026-05-09T15:59:18+02:00	index	gpt2	450296	4537024	4.33
2026-05-09T15:59:28+02:00	index	gpt2	450296	4352676	4.15
2026-05-09T15:59:38+02:00	index	gpt2	450296	4537052	4.33
2026-05-09T15:59:48+02:00	index	gpt2	450296	4352720	4.15
2026-05-09T15:59:58+02:00	index	gpt2	450296	4537084	4.33
2026-05-09T16:00:08+02:00	index	gpt2	450296	4352744	4.15
2026-05-09T16:00:18+02:00	index	gpt2	450296	4537128	4.33
2026-05-09T16:00:28+02:00	index	gpt2	450296	4352796	4.15
2026-05-09T16:00:38+02:00	index	gpt2	450296	4537148	4.33
2026-05-09T16:00:48+02:00	index	gpt2	450296	4352744	4.15
2026-05-09T16:00:58+02:00	index	gpt2	450296	4537068	4.33
2026-05-09T16:01:08+02:00	index	gpt2	450296	4352716	4.15
2026-05-09T16:01:18+02:00	index	gpt2	450296	4717236	4.50
2026-05-09T16:01:28+02:00	index	gpt2	450296	4352680	4.15
2026-05-09T16:01:38+02:00	index	gpt2	450296	4717252	4.50
2026-05-09T16:01:48+02:00	index	gpt2	450296	4352688	4.15
2026-05-09T16:01:58+02:00	index	gpt2	450296	4717284	4.50
2026-05-09T16:02:08+02:00	index	gpt2	450296	4352748	4.15
2026-05-09T16:02:18+02:00	index	gpt2	450296	4717348	4.50
2026-05-09T16:02:28+02:00	index	gpt2	450296	4352768	4.15
2026-05-09T16:02:38+02:00	index	gpt2	450296	4717360	4.50
2026-05-09T16:02:48+02:00	index	gpt2	450296	4352776	4.15
2026-05-09T16:02:58+02:00	index	gpt2	450296	4717340	4.50
2026-05-09T16:03:08+02:00	index	gpt2	450296	4352768	4.15
2026-05-09T16:03:18+02:00	index	gpt2	450296	4484608	4.28
2026-05-09T16:03:28+02:00	index	gpt2	450296	4352800	4.15
2026-05-09T16:03:38+02:00	index	gpt2	450296	4562216	4.35
2026-05-09T16:03:48+02:00	index	gpt2	450296	4352800	4.15
2026-05-09T16:03:58+02:00	index	gpt2	450296	4518944	4.31
2026-05-09T16:04:08+02:00	index	gpt2	450296	4352812	4.15
2026-05-09T16:04:18+02:00	index	gpt2	450296	4717368	4.50
2026-05-09T16:04:28+02:00	index	gpt2	450296	4352584	4.15
2026-05-09T16:04:38+02:00	index	gpt2	450296	4174388	3.98
2026-05-09T16:04:48+02:00	index	gpt2	450296	4352656	4.15
2026-05-09T16:04:58+02:00	index	gpt2	450296	4717472	4.50
2026-05-09T16:05:08+02:00	index	gpt2	450296	4352688	4.15
2026-05-09T16:05:18+02:00	index	gpt2	450296	4717288	4.50
2026-05-09T16:05:28+02:00	index	gpt2	450296	4352748	4.15
2026-05-09T16:05:38+02:00	index	gpt2	450296	3843200	3.67
2026-05-09T16:05:48+02:00	index	gpt2	450296	4352748	4.15
2026-05-09T16:05:58+02:00	index	gpt2	450296	3923020	3.74
2026-05-09T16:06:08+02:00	index	gpt2	450296	4352772	4.15
2026-05-09T16:06:18+02:00	index	gpt2	450296	3879996	3.70
2026-05-09T16:06:28+02:00	index	gpt2	450296	4352712	4.15
2026-05-09T16:06:38+02:00	index	gpt2	450296	3812608	3.64
2026-05-09T16:06:48+02:00	index	gpt2	450296	4352696	4.15
2026-05-09T16:06:58+02:00	index	gpt2	450296	3849272	3.67
2026-05-09T16:07:08+02:00	index	gpt2	450296	4352700	4.15
2026-05-09T16:07:18+02:00	index	gpt2	450296	3867700	3.69
2026-05-09T16:07:28+02:00	index	gpt2	450296	4352720	4.15
2026-05-09T16:07:38+02:00	index	gpt2	450296	3929168	3.75
2026-05-09T16:07:48+02:00	index	gpt2	450296	4352748	4.15
2026-05-09T16:07:58+02:00	index	gpt2	450296	3923044	3.74
2026-05-09T16:08:08+02:00	index	gpt2	450296	4352776	4.15
2026-05-09T16:08:18+02:00	index	gpt2	450296	4216244	4.02
2026-05-09T16:08:28+02:00	index	gpt2	450296	4352592	4.15
2026-05-09T16:08:38+02:00	index	gpt2	450296	4258816	4.06
2026-05-09T16:08:48+02:00	index	gpt2	450296	3822680	3.65
2026-05-09T16:08:58+02:00	index	gpt2	450296	3822680	3.65
2026-05-09T16:09:08+02:00	index	gpt2	450296	3822680	3.65
2026-05-09T16:09:18+02:00	index	gpt2	450296	3822680	3.65
2026-05-09T16:09:28+02:00	index	gpt2	450296	3822680	3.65
2026-05-09T16:09:38+02:00	index	gpt2	450296	3822680	3.65
2026-05-09T16:09:48+02:00	index	gpt2	450296	3822680	3.65
2026-05-09T16:09:58+02:00	index	gpt2	450296	3822680	3.65
2026-05-09T16:10:08+02:00	index	gpt2	450296	3822680	3.65
2026-05-09T16:10:18+02:00	index	gpt2	450296	3822680	3.65
2026-05-09T16:10:28+02:00	index	gpt2	450296	3822680	3.65
2026-05-09T16:10:38+02:00	index	gpt2	450296	3822680	3.65
2026-05-09T16:10:48+02:00	index	gpt2	450296	3822680	3.65
2026-05-09T16:10:58+02:00	index	gpt2	450296	3822680	3.65
2026-05-09T16:11:08+02:00	index	gpt2	450296	3822680	3.65
2026-05-09T16:11:18+02:00	index	gpt2	450296	3822680	3.65
2026-05-09T16:11:28+02:00	index	gpt2	450296	3822680	3.65
2026-05-09T16:11:38+02:00	index	gpt2	450296	3822680	3.65
2026-05-09T16:11:48+02:00	index	gpt2	450296	3822680	3.65
2026-05-09T16:11:58+02:00	index	gpt2	450296	3822680	3.65
2026-05-09T16:12:08+02:00	index	gpt2	450296	3822680	3.65
2026-05-09T16:12:18+02:00	index	gpt2	450296	3822680	3.65
2026-05-09T16:12:28+02:00	index	gpt2	450296	3822680	3.65
2026-05-09T16:12:38+02:00	index	gpt2	450296	3822680	3.65
2026-05-09T16:12:48+02:00	index	gpt2	450296	3822680	3.65
2026-05-09T16:12:58+02:00	index	gpt2	450296	3822680	3.65
2026-05-09T16:13:08+02:00	index	gpt2	450296	3822680	3.65
2026-05-09T16:13:19+02:00	index	gpt2	450296	3822680	3.65
2026-05-09T16:13:29+02:00	index	gpt2	450296	3822680	3.65
2026-05-09T16:13:39+02:00	index	gpt2	450296	3822680	3.65
2026-05-09T16:13:49+02:00	index	gpt2	450296	3822680	3.65
2026-05-09T16:13:59+02:00	index	gpt2	450296	3822680	3.65
2026-05-09T16:14:09+02:00	index	gpt2	450296	3822680	3.65
2026-05-09T16:14:19+02:00	index	gpt2	450296	3822680	3.65
2026-05-09T16:14:29+02:00	index	gpt2	450296	3822680	3.65
2026-05-09T16:14:39+02:00	index	gpt2	450296	3822680	3.65
2026-05-09T16:14:49+02:00	index	gpt2	450296	3822680	3.65
2026-05-09T16:14:59+02:00	index	gpt2	450296	3822680	3.65
2026-05-09T16:15:09+02:00	index	gpt2	450296	3822680	3.65
2026-05-09T16:15:19+02:00	index	gpt2	450296	3822680	3.65
2026-05-09T16:15:29+02:00	index	gpt2	450296	3822680	3.65
2026-05-09T16:15:39+02:00	index	gpt2	450296	3822680	3.65
2026-05-09T16:15:49+02:00	index	gpt2	450296	3822680	3.65
2026-05-09T16:15:59+02:00	index	gpt2	450296	3822680	3.65
2026-05-09T16:16:09+02:00	index	gpt2	450296	3822680	3.65
2026-05-09T16:16:19+02:00	index	gpt2	450296	3822680	3.65
2026-05-09T16:16:29+02:00	index	gpt2	450296	3822680	3.65
2026-05-09T16:16:39+02:00	index	gpt2	450296	3822680	3.65
2026-05-09T16:16:49+02:00	index	gpt2	450296	3822680	3.65
2026-05-09T16:16:59+02:00	index	gpt2	450296	3822680	3.65
2026-05-09T16:17:09+02:00	index	gpt2	450296	3822680	3.65
2026-05-09T16:17:19+02:00	index	gpt2	450296	3822680	3.65
2026-05-09T16:17:29+02:00	index	gpt2	450296	3822680	3.65
2026-05-09T16:17:39+02:00	index	gpt2	450296	3822680	3.65
2026-05-09T16:17:49+02:00	index	gpt2	450296	3822680	3.65
2026-05-09T16:17:59+02:00	index	gpt2	450296	3822680	3.65
2026-05-09T16:18:09+02:00	index	gpt2	450296	3822680	3.65
2026-05-09T16:18:19+02:00	index	gpt2	450296	3822680	3.65
2026-05-09T16:18:29+02:00	index	gpt2	450296	3822680	3.65
2026-05-09T16:18:39+02:00	index	gpt2	450296	3822680	3.65
2026-05-09T16:18:49+02:00	index	gpt2	450296	3822680	3.65
2026-05-09T16:18:59+02:00	index	gpt2	450296	3822680	3.65
2026-05-09T16:19:09+02:00	index	gpt2	450296	3822680	3.65
2026-05-09T16:19:19+02:00	index	gpt2	450296	3822680	3.65
2026-05-09T16:19:29+02:00	index	gpt2	450296	3822680	3.65
2026-05-09T16:19:39+02:00	index	gpt2	450296	3822680	3.65
2026-05-09T16:19:49+02:00	index	gpt2	450296	3822680	3.65
2026-05-09T16:19:59+02:00	index	gpt2	450296	3822680	3.65
2026-05-09T16:20:09+02:00	index	gpt2	450296	3822680	3.65
2026-05-09T16:20:19+02:00	index	gpt2	450296	3822680	3.65
2026-05-09T16:20:29+02:00	index	gpt2	450296	3822680	3.65
2026-05-09T16:20:39+02:00	index	gpt2	450296	3822680	3.65
2026-05-09T16:20:49+02:00	index	gpt2	450296	3822680	3.65
2026-05-09T16:20:59+02:00	index	gpt2	450296	3822680	3.65
2026-05-09T16:21:09+02:00	index	gpt2	450296	3822680	3.65
2026-05-09T16:21:19+02:00	index	gpt2	450296	3822680	3.65
2026-05-09T16:21:29+02:00	index	gpt2	450296	3822680	3.65
2026-05-09T16:21:39+02:00	index	gpt2	450296	3822680	3.65
2026-05-09T16:21:49+02:00	index	gpt2	450296	3822680	3.65
2026-05-09T16:21:59+02:00	index	gpt2	450296	3822680	3.65
2026-05-09T16:22:09+02:00	index	gpt2	450296	3822680	3.65
2026-05-09T16:22:19+02:00	index	gpt2	450296	3822680	3.65
2026-05-09T16:22:29+02:00	index	gpt2	450296	3822680	3.65
2026-05-09T16:22:39+02:00	index	gpt2	450296	3822680	3.65
2026-05-09T16:22:49+02:00	index	gpt2	450296	3822680	3.65
2026-05-09T16:22:59+02:00	index	gpt2	450296	3822680	3.65
2026-05-09T16:23:09+02:00	index	gpt2	450296	3822680	3.65
2026-05-09T16:23:19+02:00	index	gpt2	450296	3822680	3.65
2026-05-09T16:23:29+02:00	index	gpt2	450296	3822680	3.65
2026-05-09T16:23:39+02:00	index	gpt2	450296	3822680	3.65
2026-05-09T16:23:49+02:00	index	gpt2	450296	3822680	3.65
2026-05-09T16:23:59+02:00	index	gpt2	450296	3822680	3.65
2026-05-09T16:24:09+02:00	index	gpt2	450296	3822680	3.65
2026-05-09T16:24:19+02:00	index	gpt2	450296	3822680	3.65
2026-05-09T16:24:29+02:00	index	gpt2	450296	3822680	3.65
2026-05-09T16:24:39+02:00	index	gpt2	450296	3822680	3.65
2026-05-09T16:24:49+02:00	index	gpt2	450296	3822680	3.65
2026-05-09T16:24:59+02:00	index	gpt2	450296	3822680	3.65
2026-05-09T16:25:09+02:00	index	gpt2	450296	3822680	3.65
2026-05-09T16:25:19+02:00	index	gpt2	450296	3822680	3.65
2026-05-09T16:25:29+02:00	index	gpt2	450296	3822680	3.65
2026-05-09T16:25:39+02:00	index	gpt2	450296	3822680	3.65
2026-05-09T16:25:49+02:00	index	gpt2	450296	3822680	3.65
2026-05-09T16:25:59+02:00	index	gpt2	450296	3822680	3.65
2026-05-09T16:26:09+02:00	index	gpt2	450296	3822680	3.65
2026-05-09T16:26:19+02:00	index	gpt2	450296	3822680	3.65
2026-05-09T16:26:29+02:00	index	gpt2	450296	3822680	3.65
2026-05-09T16:26:39+02:00	index	gpt2	450296	3822680	3.65
2026-05-09T16:26:49+02:00	index	gpt2	450296	3822680	3.65
2026-05-09T16:26:59+02:00	index	gpt2	450296	3822680	3.65
2026-05-09T16:27:09+02:00	index	gpt2	450296	3822680	3.65
2026-05-09T16:27:19+02:00	relation_type	bert	454955	4596	0.00
2026-05-09T16:27:29+02:00	relation_type	bert	454955	1892076	1.80
2026-05-09T16:27:39+02:00	relation_type	bert	454955	2636028	2.51
2026-05-09T16:27:49+02:00	relation_type	bert	454955	3143816	3.00
2026-05-09T16:27:59+02:00	relation_type	bert	454955	3463256	3.30
2026-05-09T16:28:09+02:00	relation_type	bert	454955	3664424	3.49
2026-05-09T16:28:19+02:00	relation_type	bert	454955	3765800	3.59
2026-05-09T16:28:29+02:00	relation_type	bert	454955	3821504	3.64
2026-05-09T16:28:39+02:00	relation_type	bert	454955	3853712	3.68
2026-05-09T16:28:49+02:00	relation_type	bert	454955	4069520	3.88
2026-05-09T16:28:59+02:00	relation_type	bert	454955	4090784	3.90
2026-05-09T16:29:09+02:00	relation_type	bert	454955	4019376	3.83
2026-05-09T16:29:19+02:00	relation_type	bert	454955	4065080	3.88
2026-05-09T16:29:29+02:00	relation_type	bert	454955	4053640	3.87
2026-05-09T16:29:39+02:00	relation_type	bert	454955	4064892	3.88
2026-05-09T16:29:49+02:00	relation_type	bert	454955	3961924	3.78
2026-05-09T16:29:59+02:00	relation_type	bert	454955	4019452	3.83
2026-05-09T16:30:09+02:00	relation_type	bert	454955	4014176	3.83
2026-05-09T16:30:19+02:00	relation_type	bert	454955	4147812	3.96
2026-05-09T16:30:29+02:00	relation_type	bert	454955	4093068	3.90
2026-05-09T16:30:39+02:00	relation_type	bert	454955	4069468	3.88
2026-05-09T16:30:49+02:00	relation_type	bert	454955	4069372	3.88
2026-05-09T16:30:59+02:00	relation_type	bert	454955	4069544	3.88
2026-05-09T16:31:09+02:00	relation_type	bert	454955	4069432	3.88
2026-05-09T16:31:19+02:00	relation_type	bert	454955	4069616	3.88
2026-05-09T16:31:29+02:00	relation_type	bert	454955	4065036	3.88
2026-05-09T16:31:39+02:00	relation_type	bert	454955	4032488	3.85
2026-05-09T16:31:49+02:00	relation_type	bert	454955	4162528	3.97
2026-05-09T16:31:59+02:00	relation_type	bert	454955	4093460	3.90
2026-05-09T16:32:09+02:00	relation_type	bert	454955	4045644	3.86
2026-05-09T16:32:19+02:00	relation_type	bert	454955	4050328	3.86
2026-05-09T16:32:29+02:00	relation_type	bert	454955	4177852	3.98
2026-05-09T16:32:39+02:00	relation_type	bert	454955	4008348	3.82
2026-05-09T16:32:49+02:00	relation_type	bert	454955	4050236	3.86
2026-05-09T16:32:59+02:00	relation_type	bert	454955	4177488	3.98
2026-05-09T16:33:09+02:00	relation_type	bert	454955	3905620	3.72
2026-05-09T16:33:19+02:00	relation_type	bert	454955	4050140	3.86
2026-05-09T16:33:29+02:00	relation_type	bert	454955	4050072	3.86
2026-05-09T16:33:39+02:00	relation_type	bert	454955	3890200	3.71
2026-05-09T16:33:49+02:00	relation_type	bert	454955	4045608	3.86
2026-05-09T16:33:59+02:00	relation_type	bert	454955	4050296	3.86
2026-05-09T16:34:09+02:00	relation_type	bert	454955	4074244	3.89
2026-05-09T16:34:19+02:00	relation_type	bert	454955	4045768	3.86
2026-05-09T16:34:29+02:00	relation_type	bert	454955	4050220	3.86
2026-05-09T16:34:39+02:00	relation_type	bert	454955	4122444	3.93
2026-05-09T16:34:49+02:00	relation_type	bert	454955	4045688	3.86
2026-05-09T16:34:59+02:00	relation_type	bert	454955	4045624	3.86
2026-05-09T16:35:09+02:00	relation_type	bert	454955	4291336	4.09
2026-05-09T16:35:19+02:00	relation_type	bert	454955	4186956	3.99
2026-05-09T16:35:29+02:00	relation_type	bert	454955	4186948	3.99
2026-05-09T16:35:39+02:00	relation_type	bert	454955	4291228	4.09
2026-05-09T16:35:49+02:00	relation_type	bert	454955	4187056	3.99
2026-05-09T16:35:59+02:00	relation_type	bert	454955	4187008	3.99
2026-05-09T16:36:09+02:00	relation_type	bert	454955	4291120	4.09
2026-05-09T16:36:19+02:00	relation_type	bert	454955	4186892	3.99
2026-05-09T16:36:29+02:00	relation_type	bert	454955	4187036	3.99
2026-05-09T16:36:39+02:00	relation_type	bert	454955	4291372	4.09
2026-05-09T16:36:49+02:00	relation_type	bert	454955	4390740	4.19
2026-05-09T16:36:59+02:00	relation_type	bert	454955	4186872	3.99
2026-05-09T16:37:09+02:00	relation_type	bert	454955	4187000	3.99
2026-05-09T16:37:19+02:00	relation_type	bert	454955	4199496	4.00
2026-05-09T16:37:29+02:00	relation_type	bert	454955	4157080	3.96
2026-05-09T16:37:39+02:00	relation_type	bert	454955	4187036	3.99
2026-05-09T16:37:49+02:00	relation_type	bert	454955	4199504	4.00
2026-05-09T16:37:59+02:00	relation_type	bert	454955	4142972	3.95
2026-05-09T16:38:09+02:00	relation_type	bert	454955	4187000	3.99
2026-05-09T16:38:19+02:00	relation_type	bert	454955	4186980	3.99
2026-05-09T16:38:29+02:00	relation_type	bert	454955	4114840	3.92
2026-05-09T16:38:39+02:00	relation_type	bert	454955	4187104	3.99
2026-05-09T16:38:49+02:00	relation_type	bert	454955	4186956	3.99
2026-05-09T16:38:59+02:00	relation_type	bert	454955	4291136	4.09
2026-05-09T16:39:09+02:00	relation_type	bert	454955	4187048	3.99
2026-05-09T16:39:19+02:00	relation_type	bert	454955	4187060	3.99
2026-05-09T16:39:29+02:00	relation_type	bert	454955	4291348	4.09
2026-05-09T16:39:39+02:00	relation_type	bert	454955	4186916	3.99
2026-05-09T16:39:49+02:00	relation_type	bert	454955	4186952	3.99
2026-05-09T16:39:59+02:00	relation_type	bert	454955	4186888	3.99
2026-05-09T16:40:09+02:00	relation_type	bert	454955	4390888	4.19
2026-05-09T16:40:19+02:00	relation_type	bert	454955	4186960	3.99
2026-05-09T16:40:29+02:00	relation_type	bert	454955	4030988	3.84
2026-05-09T16:40:39+02:00	relation_type	bert	454955	4077640	3.89
2026-05-09T16:40:49+02:00	relation_type	bert	454955	4009916	3.82
2026-05-09T16:40:59+02:00	relation_type	bert	454955	4011408	3.83
2026-05-09T16:41:09+02:00	relation_type	bert	454955	4011336	3.83
2026-05-09T16:41:19+02:00	relation_type	bert	454955	4011532	3.83
2026-05-09T16:41:29+02:00	relation_type	bert	454955	4040240	3.85
2026-05-09T16:41:39+02:00	relation_type	bert	454955	4077648	3.89
2026-05-09T16:41:49+02:00	relation_type	bert	454955	4123164	3.93
2026-05-09T16:41:59+02:00	relation_type	bert	454955	3892372	3.71
2026-05-09T16:42:09+02:00	relation_type	bert	454955	4011120	3.83
2026-05-09T16:42:19+02:00	relation_type	bert	454955	4015808	3.83
2026-05-09T16:42:29+02:00	relation_type	bert	454955	4016260	3.83
2026-05-09T16:42:39+02:00	relation_type	bert	454955	4016160	3.83
2026-05-09T16:42:49+02:00	relation_type	bert	454955	4040144	3.85
2026-05-09T16:42:59+02:00	relation_type	bert	454955	4167324	3.97
2026-05-09T16:43:09+02:00	relation_type	bert	454955	4167384	3.97
2026-05-09T16:43:19+02:00	relation_type	bert	454955	4167424	3.97
2026-05-09T16:43:29+02:00	relation_type	bert	454955	4129728	3.94
2026-05-09T16:43:39+02:00	relation_type	bert	454955	4358908	4.16
2026-05-09T16:43:49+02:00	relation_type	bert	454955	4179504	3.99
2026-05-09T16:43:59+02:00	relation_type	bert	454955	4167408	3.97
2026-05-09T16:44:09+02:00	relation_type	bert	454955	4167464	3.97
2026-05-09T16:44:19+02:00	relation_type	bert	454955	4167516	3.97
2026-05-09T16:44:29+02:00	relation_type	bert	454955	4112132	3.92
2026-05-09T16:44:39+02:00	relation_type	bert	454955	4265364	4.07
2026-05-09T16:44:49+02:00	relation_type	bert	454955	4167476	3.97
2026-05-09T16:44:59+02:00	relation_type	bert	454955	4167528	3.97
2026-05-09T16:45:09+02:00	relation_type	bert	454955	4167300	3.97
2026-05-09T16:45:19+02:00	relation_type	bert	454955	3976056	3.79
2026-05-09T16:45:29+02:00	relation_type	bert	454955	4265424	4.07
2026-05-09T16:45:39+02:00	relation_type	bert	454955	4167280	3.97
2026-05-09T16:45:49+02:00	relation_type	bert	454955	4167320	3.97
2026-05-09T16:45:59+02:00	relation_type	bert	454955	4167372	3.97
2026-05-09T16:46:09+02:00	relation_type	bert	454955	4083024	3.89
2026-05-09T16:46:19+02:00	relation_type	bert	454955	4179664	3.99
2026-05-09T16:46:29+02:00	relation_type	bert	454955	4167280	3.97
2026-05-09T16:46:39+02:00	relation_type	bert	454955	4167300	3.97
2026-05-09T16:46:49+02:00	relation_type	bert	454955	4167324	3.97
2026-05-09T16:46:59+02:00	relation_type	bert	454955	4140196	3.95
2026-05-09T16:47:09+02:00	relation_type	bert	454955	4265460	4.07
2026-05-09T16:47:19+02:00	relation_type	bert	454955	4167280	3.97
2026-05-09T16:47:29+02:00	relation_type	bert	454955	4167320	3.97
2026-05-09T16:47:39+02:00	relation_type	bert	454955	4167352	3.97
2026-05-09T16:47:49+02:00	relation_type	bert	454955	4267576	4.07
2026-05-09T16:47:59+02:00	relation_type	bert	454955	4168892	3.98
2026-05-09T16:48:09+02:00	relation_type	bert	454955	4168972	3.98
2026-05-09T16:48:19+02:00	relation_type	bert	454955	4111484	3.92
2026-05-09T16:48:29+02:00	relation_type	bert	454955	4181340	3.99
2026-05-09T16:48:39+02:00	relation_type	bert	454955	4168964	3.98
2026-05-09T16:48:49+02:00	relation_type	bert	454955	4168760	3.98
2026-05-09T16:48:59+02:00	relation_type	bert	454955	4105556	3.92
2026-05-09T16:49:09+02:00	relation_type	bert	454955	4168916	3.98
2026-05-09T16:49:19+02:00	relation_type	bert	454955	4168728	3.98
2026-05-09T16:49:29+02:00	relation_type	bert	454955	4156620	3.96
2026-05-09T16:49:39+02:00	relation_type	bert	454955	4267460	4.07
2026-05-09T16:49:49+02:00	relation_type	bert	454955	4168772	3.98
2026-05-09T16:49:59+02:00	relation_type	bert	454955	4168844	3.98
2026-05-09T16:50:09+02:00	relation_type	bert	454955	4109768	3.92
2026-05-09T16:50:19+02:00	relation_type	bert	454955	4267596	4.07
2026-05-09T16:50:29+02:00	relation_type	bert	454955	4168924	3.98
2026-05-09T16:50:39+02:00	relation_type	bert	454955	4168980	3.98
2026-05-09T16:50:49+02:00	relation_type	bert	454955	4267412	4.07
2026-05-09T16:50:59+02:00	relation_type	bert	454955	4168740	3.98
2026-05-09T16:51:09+02:00	relation_type	bert	454955	4110448	3.92
2026-05-09T16:51:19+02:00	relation_type	bert	454955	4168796	3.98
2026-05-09T16:51:29+02:00	relation_type	bert	454955	4168868	3.98
2026-05-09T16:51:39+02:00	relation_type	bert	454955	4168912	3.98
2026-05-09T16:51:49+02:00	relation_type	bert	454955	4267608	4.07
2026-05-09T16:51:59+02:00	relation_type	bert	454955	4168904	3.98
2026-05-09T16:52:09+02:00	relation_type	bert	454955	4168856	3.98
2026-05-09T16:52:19+02:00	relation_type	bert	454955	4081248	3.89
2026-05-09T16:52:29+02:00	relation_type	bert	454955	4267612	4.07
2026-05-09T16:52:39+02:00	relation_type	bert	454955	4168908	3.98
2026-05-09T16:52:49+02:00	relation_type	bert	454955	4132136	3.94
2026-05-09T16:52:59+02:00	relation_type	bert	454955	4057348	3.87
2026-05-09T16:53:09+02:00	relation_type	bert	454955	4053072	3.87
2026-05-09T16:53:19+02:00	relation_type	bert	454955	4132028	3.94
2026-05-09T16:53:29+02:00	relation_type	bert	454955	4057512	3.87
2026-05-09T16:53:39+02:00	relation_type	bert	454955	4048180	3.86
2026-05-09T16:53:49+02:00	relation_type	bert	454955	4077752	3.89
2026-05-09T16:53:59+02:00	relation_type	bert	454955	4057568	3.87
2026-05-09T16:54:09+02:00	relation_type	bert	454955	4052720	3.86
2026-05-09T16:54:19+02:00	relation_type	bert	454955	4190016	4.00
2026-05-09T16:54:29+02:00	relation_type	bert	454955	4057404	3.87
2026-05-09T16:54:39+02:00	relation_type	bert	454955	4053088	3.87
2026-05-09T16:54:49+02:00	relation_type	bert	454955	4132068	3.94
2026-05-09T16:54:59+02:00	relation_type	bert	454955	4057836	3.87
2026-05-09T16:55:09+02:00	relation_type	bert	454955	4053000	3.87
2026-05-09T16:55:19+02:00	relation_type	bert	454955	4131972	3.94
2026-05-09T16:55:29+02:00	relation_type	bert	454955	4052956	3.87
2026-05-09T16:55:39+02:00	relation_type	bert	454955	4052636	3.86
2026-05-09T16:55:49+02:00	relation_type	bert	454955	4189988	4.00
2026-05-09T16:55:59+02:00	relation_type	bert	454955	4021780	3.84
2026-05-09T16:56:09+02:00	relation_type	bert	454955	4160360	3.97
2026-05-09T16:56:19+02:00	relation_type	bert	454955	4108104	3.92
2026-05-09T16:56:30+02:00	relation_type	bert	454955	4160412	3.97
2026-05-09T16:56:40+02:00	relation_type	bert	454955	4107876	3.92
2026-05-09T16:56:50+02:00	relation_type	bert	454955	4016192	3.83
2026-05-09T16:57:00+02:00	relation_type	bert	454955	4160324	3.97
2026-05-09T16:57:10+02:00	relation_type	bert	454955	4108060	3.92
2026-05-09T16:57:20+02:00	relation_type	bert	454955	4063048	3.87
2026-05-09T16:57:30+02:00	relation_type	bert	454955	3965664	3.78
2026-05-09T16:57:40+02:00	relation_type	bert	454955	4034632	3.85
2026-05-09T16:57:50+02:00	relation_type	bert	454955	4039008	3.85
2026-05-09T16:58:00+02:00	relation_type	bert	454955	4034668	3.85
2026-05-09T16:58:10+02:00	relation_type	bert	454955	4039048	3.85
2026-05-09T16:58:20+02:00	relation_type	bert	454955	4108096	3.92
2026-05-09T16:58:30+02:00	relation_type	bert	454955	4063080	3.87
2026-05-09T16:58:40+02:00	relation_type	bert	454955	4112448	3.92
2026-05-09T16:58:50+02:00	relation_type	bert	454955	4262372	4.06
2026-05-09T16:59:00+02:00	relation_type	bert	454955	4283008	4.08
2026-05-09T16:59:10+02:00	relation_type	bert	454955	4283072	4.08
2026-05-09T16:59:20+02:00	relation_type	bert	454955	4420624	4.22
2026-05-09T16:59:30+02:00	relation_type	bert	454955	3956188	3.77
2026-05-09T16:59:40+02:00	relation_type	bert	454955	4283292	4.08
2026-05-09T16:59:50+02:00	relation_type	bert	454955	4283204	4.08
2026-05-09T17:00:00+02:00	relation_type	bert	454955	4283288	4.08
2026-05-09T17:00:10+02:00	relation_type	bert	454955	4283272	4.08
2026-05-09T17:00:20+02:00	relation_type	bert	454955	4420624	4.22
2026-05-09T17:00:30+02:00	relation_type	bert	454955	4553428	4.34
2026-05-09T17:00:40+02:00	relation_type	bert	454955	4283372	4.08
2026-05-09T17:00:50+02:00	relation_type	bert	454955	4283372	4.08
2026-05-09T17:01:00+02:00	relation_type	bert	454955	4283140	4.08
2026-05-09T17:01:10+02:00	relation_type	bert	454955	4283204	4.08
2026-05-09T17:01:20+02:00	relation_type	bert	454955	4295676	4.10
2026-05-09T17:01:30+02:00	relation_type	bert	454955	4553268	4.34
2026-05-09T17:01:40+02:00	relation_type	bert	454955	4226524	4.03
2026-05-09T17:01:50+02:00	relation_type	bert	454955	4283292	4.08
2026-05-09T17:02:00+02:00	relation_type	bert	454955	4283344	4.08
2026-05-09T17:02:10+02:00	relation_type	bert	454955	4283152	4.08
2026-05-09T17:02:20+02:00	relation_type	bert	454955	4283324	4.08
2026-05-09T17:02:30+02:00	relation_type	bert	454955	4420392	4.22
2026-05-09T17:02:40+02:00	relation_type	bert	454955	4553372	4.34
2026-05-09T17:02:50+02:00	relation_type	bert	454955	4283264	4.08
2026-05-09T17:03:00+02:00	relation_type	bert	454955	4283196	4.08
2026-05-09T17:03:10+02:00	relation_type	bert	454955	4283216	4.08
2026-05-09T17:03:20+02:00	relation_type	bert	454955	4283276	4.08
2026-05-09T17:03:30+02:00	relation_type	bert	454955	4420472	4.22
2026-05-09T17:03:40+02:00	relation_type	bert	454955	3925628	3.74
2026-05-09T17:03:50+02:00	relation_type	bert	454955	4283280	4.08
2026-05-09T17:04:00+02:00	relation_type	bert	454955	4283292	4.08
2026-05-09T17:04:10+02:00	relation_type	bert	454955	4283348	4.08
2026-05-09T17:04:20+02:00	relation_type	bert	454955	4283132	4.08
2026-05-09T17:04:30+02:00	relation_type	bert	454955	4420612	4.22
2026-05-09T17:04:40+02:00	relation_type	bert	454955	4180200	3.99
2026-05-09T17:04:50+02:00	relation_type	bert	454955	4268732	4.07
2026-05-09T17:05:00+02:00	relation_type	bert	454955	4283124	4.08
2026-05-09T17:05:10+02:00	relation_type	bert	454955	4283356	4.08
2026-05-09T17:05:20+02:00	relation_type	bert	454955	4283344	4.08
2026-05-09T17:05:30+02:00	relation_type	bert	454955	4420640	4.22
2026-05-09T17:05:40+02:00	relation_type	bert	454955	4477216	4.27
2026-05-09T17:05:50+02:00	relation_type	bert	454955	4212260	4.02
2026-05-09T17:06:00+02:00	relation_type	bert	454955	4060084	3.87
2026-05-09T17:06:10+02:00	relation_type	bert	454955	4064368	3.88
2026-05-09T17:06:20+02:00	relation_type	bert	454955	4141232	3.95
2026-05-09T17:06:30+02:00	relation_type	bert	454955	4060092	3.87
2026-05-09T17:06:40+02:00	relation_type	bert	454955	4064372	3.88
2026-05-09T17:06:50+02:00	relation_type	bert	454955	4141288	3.95
2026-05-09T17:07:00+02:00	relation_type	bert	454955	3908824	3.73
2026-05-09T17:07:10+02:00	relation_type	bert	454955	3896404	3.72
2026-05-09T17:07:20+02:00	relation_type	bert	454955	4028996	3.84
2026-05-09T17:07:30+02:00	relation_type	bert	454955	3909012	3.73
2026-05-09T17:07:40+02:00	relation_type	bert	454955	4064352	3.88
2026-05-09T17:07:50+02:00	relation_type	bert	454955	4088692	3.90
2026-05-09T17:08:00+02:00	relation_type	bert	454955	4018644	3.83
2026-05-09T17:08:10+02:00	relation_type	bert	454955	4064388	3.88
2026-05-09T17:08:20+02:00	relation_type	bert	454955	4078968	3.89
2026-05-09T17:08:30+02:00	relation_type	bert	454955	4016076	3.83
2026-05-09T17:08:40+02:00	relation_type	bert	454955	4059924	3.87
2026-05-09T17:08:50+02:00	relation_type	bert	454955	4064744	3.88
2026-05-09T17:09:00+02:00	relation_type	bert	454955	4201472	4.01
2026-05-09T17:09:10+02:00	relation_type	bert	454955	3929756	3.75
2026-05-09T17:09:20+02:00	relation_type	bert	454955	3927664	3.75
2026-05-09T17:09:30+02:00	relation_type	bert	454955	3889592	3.71
2026-05-09T17:09:40+02:00	relation_type	bert	454955	3889592	3.71
2026-05-09T17:09:50+02:00	relation_type	bert	454955	3867436	3.69
2026-05-09T17:10:00+02:00	relation_type	bert	454955	3881348	3.70
2026-05-09T17:10:10+02:00	relation_type	bert	454955	3888812	3.71
2026-05-09T17:10:20+02:00	relation_type	bert	454955	3927664	3.75
2026-05-09T17:10:30+02:00	relation_type	bert	454955	3907596	3.73
2026-05-09T17:10:40+02:00	relation_type	bert	454955	3929756	3.75
2026-05-09T17:10:50+02:00	relation_type	bert	454955	3929756	3.75
2026-05-09T17:11:00+02:00	relation_type	bert	454955	3929756	3.75
2026-05-09T17:11:10+02:00	relation_type	bert	454955	3929756	3.75
2026-05-09T17:11:20+02:00	relation_type	bert	454955	3933852	3.75
2026-05-09T17:11:30+02:00	relation_type	bert	454955	3913276	3.73
2026-05-09T17:11:40+02:00	relation_type	bert	454955	3929756	3.75
2026-05-09T17:11:50+02:00	relation_type	bert	454955	3929756	3.75
2026-05-09T17:12:00+02:00	relation_type	bert	454955	3927664	3.75
2026-05-09T17:12:10+02:00	relation_type	bert	454955	3933852	3.75
2026-05-09T17:12:20+02:00	relation_type	bert	454955	3933852	3.75
2026-05-09T17:12:30+02:00	relation_type	bert	454955	3933852	3.75
2026-05-09T17:12:40+02:00	relation_type	bert	454955	3927664	3.75
2026-05-09T17:12:50+02:00	relation_type	bert	454955	3933852	3.75
2026-05-09T17:13:00+02:00	relation_type	bert	454955	3933852	3.75
2026-05-09T17:13:10+02:00	relation_type	bert	454955	3929756	3.75
2026-05-09T17:13:20+02:00	relation_type	bert	454955	3909088	3.73
2026-05-09T17:13:30+02:00	relation_type	bert	454955	3909088	3.73
2026-05-09T17:13:40+02:00	relation_type	bert	454955	3909088	3.73
2026-05-09T17:13:50+02:00	relation_type	bert	454955	3909088	3.73
2026-05-09T17:14:00+02:00	relation_type	bert	454955	3909088	3.73
2026-05-09T17:14:10+02:00	relation_type	bert	454955	3909088	3.73
2026-05-09T17:14:20+02:00	relation_type	bert	454955	3909088	3.73
2026-05-09T17:14:30+02:00	relation_type	bert	454955	3909088	3.73
2026-05-09T17:14:40+02:00	relation_type	bert	454955	3909088	3.73
2026-05-09T17:14:50+02:00	relation_type	bert	454955	3909088	3.73
2026-05-09T17:15:00+02:00	relation_type	bert	454955	3909088	3.73
2026-05-09T17:15:10+02:00	relation_type	bert	454955	3909088	3.73
2026-05-09T17:15:20+02:00	relation_type	bert	454955	3909088	3.73
2026-05-09T17:15:30+02:00	relation_type	bert	454955	3909088	3.73
2026-05-09T17:15:40+02:00	relation_type	bert	454955	3909088	3.73
2026-05-09T17:15:50+02:00	relation_type	bert	454955	3909088	3.73
2026-05-09T17:16:00+02:00	relation_type	bert	454955	3909088	3.73
2026-05-09T17:16:10+02:00	relation_type	bert	454955	3909088	3.73
2026-05-09T17:16:20+02:00	relation_type	bert	454955	3909088	3.73
2026-05-09T17:16:30+02:00	relation_type	bert	454955	3909088	3.73
2026-05-09T17:16:40+02:00	relation_type	bert	454955	3909088	3.73
2026-05-09T17:16:50+02:00	relation_type	bert	454955	3909088	3.73
2026-05-09T17:17:00+02:00	relation_type	bert	454955	3909088	3.73
2026-05-09T17:17:10+02:00	relation_type	bert	454955	3909088	3.73
2026-05-09T17:17:20+02:00	relation_type	bert	454955	3926004	3.74
2026-05-09T17:17:30+02:00	relation_type	bert	454955	3909376	3.73
2026-05-09T17:17:40+02:00	relation_type	bert	454955	3909376	3.73
2026-05-09T17:17:50+02:00	relation_type	bert	454955	3909376	3.73
2026-05-09T17:18:00+02:00	relation_type	bert	454955	3932148	3.75
2026-05-09T17:18:10+02:00	relation_type	bert	454955	3909376	3.73
2026-05-09T17:18:20+02:00	relation_type	bert	454955	3909376	3.73
2026-05-09T17:18:30+02:00	relation_type	bert	454955	3926004	3.74
2026-05-09T17:18:40+02:00	relation_type	bert	454955	3944436	3.76
2026-05-09T17:18:50+02:00	relation_type	bert	454955	3909376	3.73
2026-05-09T17:19:00+02:00	relation_type	bert	454955	3909376	3.73
2026-05-09T17:19:10+02:00	relation_type	bert	454955	3909376	3.73
2026-05-09T17:19:20+02:00	relation_type	bert	454955	3909376	3.73
2026-05-09T17:19:30+02:00	relation_type	bert	454955	3909376	3.73
2026-05-09T17:19:40+02:00	relation_type	bert	454955	3944436	3.76
2026-05-09T17:19:50+02:00	relation_type	bert	454955	3909376	3.73
2026-05-09T17:20:00+02:00	relation_type	bert	454955	3926004	3.74
2026-05-09T17:20:10+02:00	relation_type	bert	454955	3932148	3.75
2026-05-09T17:20:20+02:00	relation_type	bert	454955	3909376	3.73
2026-05-09T17:20:30+02:00	relation_type	bert	454955	3909376	3.73
2026-05-09T17:20:40+02:00	relation_type	bert	454955	3909376	3.73
2026-05-09T17:20:50+02:00	relation_type	bert	454955	3926004	3.74
2026-05-09T17:21:00+02:00	relation_type	bert	454955	3917812	3.74
2026-05-09T17:21:10+02:00	relation_type	bert	454955	3909376	3.73
2026-05-09T17:21:20+02:00	relation_type	bert	454955	3909376	3.73
2026-05-09T17:21:30+02:00	relation_type	bert	454955	3909376	3.73
2026-05-09T17:21:40+02:00	relation_type	bert	454955	3909376	3.73
2026-05-09T17:21:50+02:00	relation_type	bert	454955	3932148	3.75
2026-05-09T17:22:00+02:00	relation_type	bert	454955	3944436	3.76
2026-05-09T17:22:10+02:00	relation_type	bert	454955	3909376	3.73
2026-05-09T17:22:20+02:00	relation_type	bert	454955	3926004	3.74
2026-05-09T17:22:30+02:00	relation_type	bert	454955	3932148	3.75
2026-05-09T17:22:40+02:00	relation_type	bert	454955	3917812	3.74
2026-05-09T17:22:50+02:00	relation_type	bert	454955	3909376	3.73
2026-05-09T17:23:00+02:00	relation_type	bert	454955	3909376	3.73
2026-05-09T17:23:10+02:00	relation_type	bert	454955	4096428	3.91
2026-05-09T17:23:20+02:00	relation_type	bert	454955	4096432	3.91
2026-05-09T17:23:30+02:00	relation_type	bert	454955	4096432	3.91
2026-05-09T17:23:40+02:00	relation_type	bert	454955	4069540	3.88
2026-05-09T17:23:50+02:00	relation_type	bert	454955	4065444	3.88
2026-05-09T17:24:00+02:00	relation_type	bert	454955	3980308	3.80
2026-05-09T17:24:10+02:00	relation_type	bert	454955	4026620	3.84
2026-05-09T17:24:20+02:00	relation_type	bert	454955	3980284	3.80
2026-05-09T17:24:30+02:00	relation_type	bert	454955	3969256	3.79
2026-05-09T17:24:40+02:00	relation_type	bert	454955	3985456	3.80
2026-05-09T17:24:50+02:00	relation_type	bert	454955	4006120	3.82
2026-05-09T17:25:00+02:00	relation_type	bert	454955	3985472	3.80
2026-05-09T17:25:10+02:00	relation_type	bert	454955	3990076	3.81
2026-05-09T17:25:20+02:00	relation_type	bert	454955	3979860	3.80
2026-05-09T17:25:30+02:00	relation_type	bert	454955	3987436	3.80
2026-05-09T17:25:40+02:00	relation_type	bert	454955	3979980	3.80
2026-05-09T17:25:50+02:00	relation_type	bert	454955	3981412	3.80
2026-05-09T17:26:00+02:00	relation_type	bert	454955	3989680	3.80
2026-05-09T17:26:10+02:00	relation_type	bert	454955	3980732	3.80
2026-05-09T17:26:20+02:00	relation_type	bert	454955	3985416	3.80
2026-05-09T17:26:30+02:00	relation_type	bert	454955	4027160	3.84
2026-05-09T17:26:40+02:00	relation_type	bert	454955	3985636	3.80
2026-05-09T17:26:50+02:00	relation_type	bert	454955	3989540	3.80
2026-05-09T17:27:00+02:00	relation_type	bert	454955	3990080	3.81
2026-05-09T17:27:10+02:00	relation_type	bert	454955	3989540	3.80
2026-05-09T17:27:20+02:00	relation_type	bert	454955	3989540	3.80
2026-05-09T17:27:30+02:00	relation_type	bert	454955	3985408	3.80
2026-05-09T17:27:40+02:00	relation_type	bert	454955	3983744	3.80
2026-05-09T17:27:50+02:00	relation_type	bert	454955	3969752	3.79
2026-05-09T17:28:00+02:00	relation_type	bert	454955	4021336	3.84
2026-05-09T17:28:10+02:00	relation_type	bert	454955	3990080	3.81
2026-05-09T17:28:20+02:00	relation_type	bert	454955	3990080	3.81
2026-05-09T17:28:30+02:00	relation_type	bert	454955	3960512	3.78
2026-05-09T17:28:40+02:00	relation_type	bert	454955	3980052	3.80
2026-05-09T17:28:50+02:00	relation_type	bert	454955	3985500	3.80
2026-05-09T17:29:00+02:00	relation_type	bert	454955	4027288	3.84
2026-05-09T17:29:10+02:00	relation_type	bert	454955	3980032	3.80
2026-05-09T17:29:20+02:00	relation_type	bert	454955	3985572	3.80
2026-05-09T17:29:30+02:00	relation_type	bert	454955	3989624	3.80
2026-05-09T17:29:40+02:00	relation_type	bert	454955	3980148	3.80
2026-05-09T17:29:50+02:00	relation_type	bert	454955	3981012	3.80
2026-05-09T17:30:00+02:00	relation_type	bert	454955	3989560	3.80
2026-05-09T17:30:10+02:00	relation_type	bert	454955	4027688	3.84
2026-05-09T17:30:20+02:00	relation_type	bert	454955	3989540	3.80
2026-05-09T17:30:30+02:00	relation_type	bert	454955	3974504	3.79
2026-05-09T17:30:40+02:00	relation_type	bert	454955	3989540	3.80
2026-05-09T17:30:50+02:00	relation_type	bert	454955	3989540	3.80
2026-05-09T17:31:00+02:00	relation_type	bert	454955	4021336	3.84
2026-05-09T17:31:10+02:00	relation_type	bert	454955	3989540	3.80
2026-05-09T17:31:20+02:00	relation_type	bert	454955	3985432	3.80
2026-05-09T17:31:30+02:00	relation_type	bert	454955	4027304	3.84
2026-05-09T17:31:40+02:00	relation_type	bert	454955	3980660	3.80
2026-05-09T17:31:50+02:00	relation_type	bert	454955	3985392	3.80
2026-05-09T17:32:00+02:00	relation_type	bert	454955	4027244	3.84
2026-05-09T17:32:10+02:00	relation_type	bert	454955	3990080	3.81
2026-05-09T17:32:20+02:00	relation_type	bert	454955	3990080	3.81
2026-05-09T17:32:30+02:00	relation_type	bert	454955	3990080	3.81
2026-05-09T17:32:40+02:00	relation_type	bert	454955	3990080	3.81
2026-05-09T17:32:50+02:00	relation_type	bert	454955	3990080	3.81
2026-05-09T17:33:00+02:00	relation_type	bert	454955	3990080	3.81
2026-05-09T17:33:10+02:00	relation_type	bert	454955	3990080	3.81
2026-05-09T17:33:20+02:00	relation_type	bert	454955	3990080	3.81
2026-05-09T17:33:30+02:00	relation_type	bert	454955	3990080	3.81
2026-05-09T17:33:40+02:00	relation_type	bert	454955	3990080	3.81
2026-05-09T17:33:50+02:00	relation_type	bert	454955	3990080	3.81
2026-05-09T17:34:00+02:00	relation_type	bert	454955	3990080	3.81
2026-05-09T17:34:10+02:00	relation_type	bert	454955	3990080	3.81
2026-05-09T17:34:20+02:00	relation_type	bert	454955	3990080	3.81
2026-05-09T17:34:30+02:00	relation_type	bert	454955	3990080	3.81
2026-05-09T17:34:40+02:00	relation_type	bert	454955	3990080	3.81
2026-05-09T17:34:50+02:00	relation_type	bert	454955	3990080	3.81
2026-05-09T17:35:00+02:00	relation_type	bert	454955	3990080	3.81
2026-05-09T17:35:10+02:00	relation_type	bert	454955	3990080	3.81
2026-05-09T17:35:20+02:00	relation_type	bert	454955	3990080	3.81
2026-05-09T17:35:30+02:00	relation_type	bert	454955	3990080	3.81
2026-05-09T17:35:40+02:00	relation_type	bert	454955	3990080	3.81
2026-05-09T17:35:50+02:00	relation_type	bert	454955	3990080	3.81
2026-05-09T17:36:00+02:00	relation_type	bert	454955	3990080	3.81
2026-05-09T17:36:10+02:00	relation_type	bert	454955	4037944	3.85
2026-05-09T17:36:20+02:00	relation_type	bert	454955	4026712	3.84
2026-05-09T17:36:30+02:00	relation_type	bert	454955	4026976	3.84
2026-05-09T17:36:40+02:00	relation_type	bert	454955	3990316	3.81
2026-05-09T17:36:50+02:00	relation_type	bert	454955	4009536	3.82
2026-05-09T17:37:00+02:00	relation_type	bert	454955	3990316	3.81
2026-05-09T17:37:10+02:00	relation_type	bert	454955	4139512	3.95
2026-05-09T17:37:20+02:00	relation_type	bert	454955	4139448	3.95
2026-05-09T17:37:30+02:00	relation_type	bert	454955	4139488	3.95
2026-05-09T17:37:40+02:00	relation_type	bert	454955	4139472	3.95
2026-05-09T17:37:50+02:00	relation_type	bert	454955	4135012	3.94
2026-05-09T17:38:00+02:00	relation_type	bert	454955	4135084	3.94
2026-05-09T17:38:10+02:00	relation_type	bert	454955	4103644	3.91
2026-05-09T17:38:20+02:00	relation_type	bert	454955	4279720	4.08
2026-05-09T17:38:30+02:00	relation_type	bert	454955	4152216	3.96
2026-05-09T17:38:40+02:00	relation_type	bert	454955	4139620	3.95
2026-05-09T17:38:50+02:00	relation_type	bert	454955	4139624	3.95
2026-05-09T17:39:00+02:00	relation_type	bert	454955	4134928	3.94
2026-05-09T17:39:10+02:00	relation_type	bert	454955	4074136	3.89
2026-05-09T17:39:20+02:00	relation_type	bert	454955	4139820	3.95
2026-05-09T17:39:30+02:00	relation_type	bert	454955	4139644	3.95
2026-05-09T17:39:40+02:00	relation_type	bert	454955	4139456	3.95
2026-05-09T17:39:50+02:00	relation_type	bert	454955	4135108	3.94
2026-05-09T17:40:00+02:00	relation_type	bert	454955	4134692	3.94
2026-05-09T17:40:10+02:00	relation_type	bert	454955	4217868	4.02
2026-05-09T17:40:20+02:00	relation_type	bert	454955	4139588	3.95
2026-05-09T17:40:31+02:00	relation_type	bert	454955	4120192	3.93
2026-05-09T17:40:41+02:00	relation_type	bert	454955	4120144	3.93
2026-05-09T17:40:51+02:00	relation_type	bert	454955	4144116	3.95
2026-05-09T17:41:01+02:00	relation_type	bert	454955	4192368	4.00
2026-05-09T17:41:11+02:00	relation_type	bert	454955	4192324	4.00
2026-05-09T17:41:21+02:00	relation_type	bert	454955	4248292	4.05
2026-05-09T17:41:31+02:00	relation_type	bert	454955	4108576	3.92
2026-05-09T17:41:41+02:00	relation_type	bert	454955	4115644	3.92
2026-05-09T17:41:51+02:00	relation_type	bert	454955	4115608	3.92
2026-05-09T17:42:01+02:00	relation_type	bert	454955	4115792	3.93
2026-05-09T17:42:11+02:00	relation_type	bert	454955	4120212	3.93
2026-05-09T17:42:21+02:00	relation_type	bert	454955	4120156	3.93
2026-05-09T17:42:31+02:00	relation_type	bert	454955	4192380	4.00
2026-05-09T17:42:41+02:00	relation_type	bert	454955	4135532	3.94
2026-05-09T17:42:51+02:00	relation_type	bert	454955	4248560	4.05
2026-05-09T17:43:01+02:00	relation_type	bert	454955	4115716	3.93
2026-05-09T17:43:11+02:00	relation_type	bert	454955	4115364	3.92
2026-05-09T17:43:21+02:00	relation_type	bert	454955	4120312	3.93
2026-05-09T17:43:31+02:00	relation_type	bert	454955	4256944	4.06
2026-05-09T17:43:41+02:00	relation_type	bert	454955	4361076	4.16
2026-05-09T17:43:51+02:00	relation_type	bert	454955	3965544	3.78
2026-05-09T17:44:01+02:00	relation_type	bert	454955	4257092	4.06
2026-05-09T17:44:11+02:00	relation_type	bert	454955	4256976	4.06
2026-05-09T17:44:21+02:00	relation_type	bert	454955	4460636	4.25
2026-05-09T17:44:31+02:00	relation_type	bert	454955	4256876	4.06
2026-05-09T17:44:41+02:00	relation_type	bert	454955	4256924	4.06
2026-05-09T17:44:51+02:00	relation_type	bert	454955	4282700	4.08
2026-05-09T17:45:01+02:00	relation_type	bert	454955	4058412	3.87
2026-05-09T17:45:11+02:00	relation_type	bert	454955	4257004	4.06
2026-05-09T17:45:21+02:00	relation_type	bert	454955	4257072	4.06
2026-05-09T17:45:31+02:00	relation_type	bert	454955	4269412	4.07
2026-05-09T17:45:41+02:00	relation_type	bert	454955	4032256	3.85
2026-05-09T17:45:51+02:00	relation_type	bert	454955	4257076	4.06
2026-05-09T17:46:01+02:00	relation_type	bert	454955	4256960	4.06
2026-05-09T17:46:11+02:00	relation_type	bert	454955	4269284	4.07
2026-05-09T17:46:21+02:00	relation_type	bert	454955	4008472	3.82
2026-05-09T17:46:31+02:00	relation_type	bert	454955	4257020	4.06
2026-05-09T17:46:41+02:00	relation_type	bert	454955	4257032	4.06
2026-05-09T17:46:51+02:00	relation_type	bert	454955	4269352	4.07
2026-05-09T17:47:01+02:00	relation_type	bert	454955	3958880	3.78
2026-05-09T17:47:11+02:00	relation_type	bert	454955	4256964	4.06
2026-05-09T17:47:21+02:00	relation_type	bert	454955	4257056	4.06
2026-05-09T17:47:31+02:00	relation_type	bert	454955	4256992	4.06
2026-05-09T17:47:41+02:00	relation_type	bert	454955	4361364	4.16
2026-05-09T17:47:51+02:00	relation_type	bert	454955	4226740	4.03
2026-05-09T17:48:01+02:00	relation_type	bert	454955	4256916	4.06
2026-05-09T17:48:11+02:00	relation_type	bert	454955	4256916	4.06
2026-05-09T17:48:21+02:00	relation_type	bert	454955	4256876	4.06
2026-05-09T17:48:31+02:00	relation_type	bert	454955	4256900	4.06
2026-05-09T17:48:41+02:00	relation_type	bert	454955	4361412	4.16
2026-05-09T17:48:51+02:00	relation_type	bert	454955	4081276	3.89
2026-05-09T17:49:01+02:00	relation_type	bert	454955	4081464	3.89
2026-05-09T17:49:11+02:00	relation_type	bert	454955	4081384	3.89
2026-05-09T17:49:21+02:00	relation_type	bert	454955	3934032	3.75
2026-05-09T17:49:31+02:00	relation_type	bert	454955	4081216	3.89
2026-05-09T17:49:41+02:00	relation_type	bert	454955	4086140	3.90
2026-05-09T17:49:51+02:00	relation_type	bert	454955	4110104	3.92
2026-05-09T17:50:01+02:00	relation_type	bert	454955	4192540	4.00
2026-05-09T17:50:11+02:00	relation_type	bert	454955	4101224	3.91
2026-05-09T17:50:21+02:00	relation_type	bert	454955	4147592	3.96
2026-05-09T17:50:31+02:00	relation_type	bert	454955	4079036	3.89
2026-05-09T17:50:41+02:00	relation_type	bert	454955	4081328	3.89
2026-05-09T17:50:51+02:00	relation_type	bert	454955	4139680	3.95
2026-05-09T17:51:01+02:00	relation_type	bert	454955	4192288	4.00
2026-05-09T17:51:11+02:00	relation_type	bert	454955	4147976	3.96
2026-05-09T17:51:21+02:00	relation_type	bert	454955	4335324	4.13
2026-05-09T17:51:31+02:00	relation_type	bert	454955	4237352	4.04
2026-05-09T17:51:41+02:00	relation_type	bert	454955	4237392	4.04
2026-05-09T17:51:51+02:00	relation_type	bert	454955	4237404	4.04
2026-05-09T17:52:01+02:00	relation_type	bert	454955	4428384	4.22
2026-05-09T17:52:11+02:00	relation_type	bert	454955	4237516	4.04
2026-05-09T17:52:21+02:00	relation_type	bert	454955	4237284	4.04
2026-05-09T17:52:31+02:00	relation_type	bert	454955	4237284	4.04
2026-05-09T17:52:41+02:00	relation_type	bert	454955	4335344	4.13
2026-05-09T17:52:51+02:00	relation_type	bert	454955	4237416	4.04
2026-05-09T17:53:01+02:00	relation_type	bert	454955	4237444	4.04
2026-05-09T17:53:11+02:00	relation_type	bert	454955	4249440	4.05
2026-05-09T17:53:21+02:00	relation_type	bert	454955	4237288	4.04
2026-05-09T17:53:31+02:00	relation_type	bert	454955	4181108	3.99
2026-05-09T17:53:41+02:00	relation_type	bert	454955	4335348	4.13
2026-05-09T17:53:51+02:00	relation_type	bert	454955	4237448	4.04
2026-05-09T17:54:01+02:00	relation_type	bert	454955	4237468	4.04
2026-05-09T17:54:11+02:00	relation_type	bert	454955	4335528	4.13
2026-05-09T17:54:21+02:00	relation_type	bert	454955	4237312	4.04
2026-05-09T17:54:31+02:00	relation_type	bert	454955	4237344	4.04
2026-05-09T17:54:41+02:00	relation_type	bert	454955	4160012	3.97
2026-05-09T17:54:51+02:00	relation_type	bert	454955	4335396	4.13
2026-05-09T17:55:01+02:00	relation_type	bert	454955	4237492	4.04
2026-05-09T17:55:11+02:00	relation_type	bert	454955	4237504	4.04
2026-05-09T17:55:21+02:00	relation_type	bert	454955	3997884	3.81
2026-05-09T17:55:31+02:00	relation_type	bert	454955	4335536	4.13
2026-05-09T17:55:41+02:00	relation_type	bert	454955	4237368	4.04
2026-05-09T17:55:51+02:00	relation_type	bert	454955	4237352	4.04
2026-05-09T17:56:01+02:00	relation_type	bert	454955	4335360	4.13
2026-05-09T17:56:11+02:00	relation_type	bert	454955	4237456	4.04
2026-05-09T17:56:21+02:00	relation_type	bert	454955	4238800	4.04
2026-05-09T17:56:31+02:00	relation_type	bert	454955	4337568	4.14
2026-05-09T17:56:41+02:00	relation_type	bert	454955	4238832	4.04
2026-05-09T17:56:51+02:00	relation_type	bert	454955	3971668	3.79
2026-05-09T17:57:01+02:00	relation_type	bert	454955	4238740	4.04
2026-05-09T17:57:11+02:00	relation_type	bert	454955	4238812	4.04
2026-05-09T17:57:21+02:00	relation_type	bert	454955	4337596	4.14
2026-05-09T17:57:31+02:00	relation_type	bert	454955	4238896	4.04
2026-05-09T17:57:41+02:00	relation_type	bert	454955	4159600	3.97
2026-05-09T17:57:51+02:00	relation_type	bert	454955	4238876	4.04
2026-05-09T17:58:01+02:00	relation_type	bert	454955	4238896	4.04
2026-05-09T17:58:11+02:00	relation_type	bert	454955	4430956	4.23
2026-05-09T17:58:21+02:00	relation_type	bert	454955	4238880	4.04
2026-05-09T17:58:31+02:00	relation_type	bert	454955	4238952	4.04
2026-05-09T17:58:41+02:00	relation_type	bert	454955	4337464	4.14
2026-05-09T17:58:51+02:00	relation_type	bert	454955	4238844	4.04
2026-05-09T17:59:01+02:00	relation_type	bert	454955	4431064	4.23
2026-05-09T17:59:11+02:00	relation_type	bert	454955	4238760	4.04
2026-05-09T17:59:21+02:00	relation_type	bert	454955	4238900	4.04
2026-05-09T17:59:31+02:00	relation_type	bert	454955	4337604	4.14
2026-05-09T17:59:41+02:00	relation_type	bert	454955	4238832	4.04
2026-05-09T17:59:51+02:00	relation_type	bert	454955	4430824	4.23
2026-05-09T18:00:01+02:00	relation_type	bert	454955	4238784	4.04
2026-05-09T18:00:11+02:00	relation_type	bert	454955	4161888	3.97
2026-05-09T18:00:21+02:00	relation_type	bert	454955	4238876	4.04
2026-05-09T18:00:31+02:00	relation_type	bert	454955	4238884	4.04
2026-05-09T18:00:41+02:00	relation_type	bert	454955	4238768	4.04
2026-05-09T18:00:51+02:00	relation_type	bert	454955	4238876	4.04
2026-05-09T18:01:01+02:00	relation_type	bert	454955	3965340	3.78
2026-05-09T18:01:11+02:00	relation_type	bert	454955	4238776	4.04
2026-05-09T18:01:21+02:00	relation_type	bert	454955	4122696	3.93
2026-05-09T18:01:31+02:00	relation_type	bert	454955	4151588	3.96
2026-05-09T18:01:41+02:00	relation_type	bert	454955	4127416	3.94
2026-05-09T18:01:51+02:00	relation_type	bert	454955	4260092	4.06
2026-05-09T18:02:01+02:00	relation_type	bert	454955	4127340	3.94
2026-05-09T18:02:11+02:00	relation_type	bert	454955	4122896	3.93
2026-05-09T18:02:21+02:00	relation_type	bert	454955	4202056	4.01
2026-05-09T18:02:31+02:00	relation_type	bert	454955	4122984	3.93
2026-05-09T18:02:41+02:00	relation_type	bert	454955	4127392	3.94
2026-05-09T18:02:51+02:00	relation_type	bert	454955	4122808	3.93
2026-05-09T18:03:01+02:00	relation_type	bert	454955	4201984	4.01
2026-05-09T18:03:11+02:00	relation_type	bert	454955	4127284	3.94
2026-05-09T18:03:21+02:00	relation_type	bert	454955	4122836	3.93
2026-05-09T18:03:31+02:00	relation_type	bert	454955	4202228	4.01
2026-05-09T18:03:41+02:00	relation_type	bert	454955	4260008	4.06
2026-05-09T18:03:51+02:00	relation_type	bert	454955	4127280	3.94
2026-05-09T18:04:01+02:00	relation_type	bert	454955	4122872	3.93
2026-05-09T18:04:11+02:00	relation_type	bert	454955	4201944	4.01
2026-05-09T18:04:21+02:00	relation_type	bert	454955	4127364	3.94
2026-05-09T18:04:31+02:00	relation_type	bert	454955	4104652	3.91
2026-05-09T18:04:41+02:00	relation_type	bert	454955	4104748	3.91
2026-05-09T18:04:51+02:00	relation_type	bert	454955	4104608	3.91
2026-05-09T18:05:01+02:00	relation_type	bert	454955	4104696	3.91
2026-05-09T18:05:11+02:00	relation_type	bert	454955	4104544	3.91
2026-05-09T18:05:21+02:00	relation_type	bert	454955	4178028	3.98
2026-05-09T18:05:31+02:00	relation_type	bert	454955	4178148	3.98
2026-05-09T18:05:41+02:00	relation_type	bert	454955	4109364	3.92
2026-05-09T18:05:51+02:00	relation_type	bert	454955	4109200	3.92
2026-05-09T18:06:01+02:00	relation_type	bert	454955	4109032	3.92
2026-05-09T18:06:11+02:00	relation_type	bert	454955	4104644	3.91
2026-05-09T18:06:21+02:00	relation_type	bert	454955	4177848	3.98
2026-05-09T18:06:31+02:00	relation_type	bert	454955	4104332	3.91
2026-05-09T18:06:41+02:00	relation_type	bert	454955	4082296	3.89
2026-05-09T18:06:51+02:00	relation_type	bert	454955	3972992	3.79
2026-05-09T18:07:01+02:00	relation_type	bert	454955	4068624	3.88
2026-05-09T18:07:11+02:00	relation_type	bert	454955	4002648	3.82
2026-05-09T18:07:21+02:00	relation_type	bert	454955	4089572	3.90
2026-05-09T18:07:31+02:00	relation_type	bert	454955	4485592	4.28
2026-05-09T18:07:41+02:00	relation_type	bert	454955	4229544	4.03
2026-05-09T18:07:51+02:00	relation_type	bert	454955	4348428	4.15
2026-05-09T18:08:01+02:00	relation_type	bert	454955	4348524	4.15
2026-05-09T18:08:11+02:00	relation_type	bert	454955	4348584	4.15
2026-05-09T18:08:21+02:00	relation_type	bert	454955	4348580	4.15
2026-05-09T18:08:31+02:00	relation_type	bert	454955	4486008	4.28
2026-05-09T18:08:41+02:00	relation_type	bert	454955	4618288	4.40
2026-05-09T18:08:51+02:00	relation_type	bert	454955	4300784	4.10
2026-05-09T18:09:01+02:00	relation_type	bert	454955	4348500	4.15
2026-05-09T18:09:11+02:00	relation_type	bert	454955	4348652	4.15
2026-05-09T18:09:21+02:00	relation_type	bert	454955	4348504	4.15
2026-05-09T18:09:31+02:00	relation_type	bert	454955	4348600	4.15
2026-05-09T18:09:41+02:00	relation_type	bert	454955	4486096	4.28
2026-05-09T18:09:51+02:00	relation_type	bert	454955	4485784	4.28
2026-05-09T18:10:01+02:00	relation_type	bert	454955	4016888	3.83
2026-05-09T18:10:11+02:00	relation_type	bert	454955	4348632	4.15
2026-05-09T18:10:21+02:00	relation_type	bert	454955	4348544	4.15
2026-05-09T18:10:31+02:00	relation_type	bert	454955	4348584	4.15
2026-05-09T18:10:41+02:00	relation_type	bert	454955	4348512	4.15
2026-05-09T18:10:51+02:00	relation_type	bert	454955	4348504	4.15
2026-05-09T18:11:01+02:00	relation_type	bert	454955	4348460	4.15
2026-05-09T18:11:11+02:00	relation_type	bert	454955	4348676	4.15
2026-05-09T18:11:21+02:00	relation_type	bert	454955	4486072	4.28
2026-05-09T18:11:31+02:00	relation_type	bert	454955	4618924	4.40
2026-05-09T18:11:41+02:00	relation_type	bert	454955	3997168	3.81
2026-05-09T18:11:51+02:00	relation_type	bert	454955	4348668	4.15
2026-05-09T18:12:01+02:00	relation_type	bert	454955	4348600	4.15
2026-05-09T18:12:11+02:00	relation_type	bert	454955	4348688	4.15
2026-05-09T18:12:21+02:00	relation_type	bert	454955	4348612	4.15
2026-05-09T18:12:31+02:00	relation_type	bert	454955	4348528	4.15
2026-05-09T18:12:41+02:00	relation_type	bert	454955	4486140	4.28
2026-05-09T18:12:51+02:00	relation_type	bert	454955	4019720	3.83
2026-05-09T18:13:01+02:00	relation_type	bert	454955	4348624	4.15
2026-05-09T18:13:11+02:00	relation_type	bert	454955	4348480	4.15
2026-05-09T18:13:21+02:00	relation_type	bert	454955	4348548	4.15
2026-05-09T18:13:31+02:00	relation_type	bert	454955	4348492	4.15
2026-05-09T18:13:41+02:00	relation_type	bert	454955	4361056	4.16
2026-05-09T18:13:51+02:00	relation_type	bert	454955	4618356	4.40
2026-05-09T18:14:01+02:00	relation_type	bert	454955	4149600	3.96
2026-05-09T18:14:11+02:00	relation_type	bert	454955	4348492	4.15
2026-05-09T18:14:21+02:00	relation_type	bert	454955	4348524	4.15
2026-05-09T18:14:31+02:00	relation_type	bert	454955	4129860	3.94
2026-05-09T18:14:41+02:00	relation_type	bert	454955	4129884	3.94
2026-05-09T18:14:51+02:00	relation_type	bert	454955	4271508	4.07
2026-05-09T18:15:01+02:00	relation_type	bert	454955	4129924	3.94
2026-05-09T18:15:11+02:00	relation_type	bert	454955	4211164	4.02
2026-05-09T18:15:21+02:00	relation_type	bert	454955	4006156	3.82
2026-05-09T18:15:31+02:00	relation_type	bert	454955	4129756	3.94
2026-05-09T18:15:41+02:00	relation_type	bert	454955	4129780	3.94
2026-05-09T18:15:51+02:00	relation_type	bert	454955	4134544	3.94
2026-05-09T18:16:01+02:00	relation_type	bert	454955	4211108	4.02
2026-05-09T18:16:11+02:00	relation_type	bert	454955	4134560	3.94
2026-05-09T18:16:21+02:00	relation_type	bert	454955	4211128	4.02
2026-05-09T18:16:31+02:00	relation_type	bert	454955	4129952	3.94
2026-05-09T18:16:41+02:00	relation_type	bert	454955	4129996	3.94
2026-05-09T18:16:51+02:00	relation_type	bert	454955	4134532	3.94
2026-05-09T18:17:01+02:00	relation_type	bert	454955	4211112	4.02
2026-05-09T18:17:11+02:00	relation_type	bert	454955	4129944	3.94
2026-05-09T18:17:21+02:00	relation_type	bert	454955	4129976	3.94
2026-05-09T18:17:31+02:00	relation_type	bert	454955	4130004	3.94
2026-05-09T18:17:41+02:00	relation_type	bert	454955	4134532	3.94
2026-05-09T18:17:51+02:00	relation_type	bert	454955	3960900	3.78
2026-05-09T18:18:01+02:00	relation_type	bert	454955	3960900	3.78
2026-05-09T18:18:11+02:00	relation_type	bert	454955	3960900	3.78
2026-05-09T18:18:21+02:00	relation_type	bert	454955	3960900	3.78
2026-05-09T18:18:31+02:00	relation_type	bert	454955	3960900	3.78
2026-05-09T18:18:41+02:00	relation_type	bert	454955	3960900	3.78
2026-05-09T18:18:51+02:00	relation_type	bert	454955	3960900	3.78
2026-05-09T18:19:01+02:00	relation_type	bert	454955	3960900	3.78
2026-05-09T18:19:11+02:00	relation_type	bert	454955	3960900	3.78
2026-05-09T18:19:21+02:00	relation_type	bert	454955	3960900	3.78
2026-05-09T18:19:31+02:00	relation_type	bert	454955	3960900	3.78
2026-05-09T18:19:41+02:00	relation_type	bert	454955	3960900	3.78
2026-05-09T18:19:51+02:00	relation_type	bert	454955	3960900	3.78
2026-05-09T18:20:01+02:00	relation_type	bert	454955	3960900	3.78
2026-05-09T18:20:11+02:00	relation_type	bert	454955	3960900	3.78
2026-05-09T18:20:21+02:00	relation_type	bert	454955	3960900	3.78
2026-05-09T18:20:31+02:00	relation_type	bert	454955	3960900	3.78
2026-05-09T18:20:41+02:00	relation_type	bert	454955	3960900	3.78
2026-05-09T18:20:51+02:00	relation_type	bert	454955	3960900	3.78
2026-05-09T18:21:01+02:00	relation_type	bert	454955	3960900	3.78
2026-05-09T18:21:11+02:00	relation_type	bert	454955	3960900	3.78
2026-05-09T18:21:21+02:00	relation_type	bert	454955	3960900	3.78
2026-05-09T18:21:31+02:00	relation_type	bert	454955	3960900	3.78
2026-05-09T18:21:41+02:00	relation_type	bert	454955	3960900	3.78
2026-05-09T18:21:51+02:00	relation_type	bert	454955	3960900	3.78
2026-05-09T18:22:01+02:00	relation_type	bert	454955	3960900	3.78
2026-05-09T18:22:11+02:00	relation_type	bert	454955	3960900	3.78
2026-05-09T18:22:21+02:00	relation_type	bert	454955	3960900	3.78
2026-05-09T18:22:31+02:00	relation_type	bert	454955	3960900	3.78
2026-05-09T18:22:41+02:00	relation_type	bert	454955	3960900	3.78
2026-05-09T18:22:52+02:00	relation_type	bert	454955	3960900	3.78
2026-05-09T18:23:02+02:00	relation_type	bert	454955	3960900	3.78
2026-05-09T18:23:12+02:00	relation_type	bert	454955	3960900	3.78
2026-05-09T18:23:22+02:00	relation_type	bert	454955	3960900	3.78
2026-05-09T18:23:32+02:00	relation_type	bert	454955	3960900	3.78
2026-05-09T18:23:42+02:00	relation_type	bert	454955	3960900	3.78
2026-05-09T18:23:52+02:00	relation_type	bert	454955	3960900	3.78
2026-05-09T18:24:02+02:00	relation_type	bert	454955	3960900	3.78
2026-05-09T18:24:12+02:00	relation_type	bert	454955	3960900	3.78
2026-05-09T18:24:22+02:00	relation_type	bert	454955	3960900	3.78
2026-05-09T18:24:32+02:00	relation_type	bert	454955	3960900	3.78
2026-05-09T18:24:42+02:00	relation_type	bert	454955	3960900	3.78
2026-05-09T18:24:52+02:00	relation_type	bert	454955	3960900	3.78
2026-05-09T18:25:02+02:00	relation_type	bert	454955	3960900	3.78
2026-05-09T18:25:12+02:00	relation_type	bert	454955	3960900	3.78
2026-05-09T18:25:22+02:00	relation_type	bert	454955	3960900	3.78
2026-05-09T18:25:32+02:00	relation_type	bert	454955	3960900	3.78
2026-05-09T18:25:42+02:00	relation_type	bert	454955	3960900	3.78
2026-05-09T18:25:52+02:00	relation_type	bert	454955	3960900	3.78
2026-05-09T18:26:02+02:00	relation_type	bert	454955	3960900	3.78
2026-05-09T18:26:12+02:00	relation_type	bert	454955	3960900	3.78
2026-05-09T18:26:22+02:00	relation_type	bert	454955	3960900	3.78
2026-05-09T18:26:32+02:00	relation_type	bert	454955	3960900	3.78
2026-05-09T18:26:42+02:00	relation_type	bert	454955	3960900	3.78
2026-05-09T18:26:52+02:00	relation_type	bert	454955	3960900	3.78
2026-05-09T18:27:02+02:00	relation_type	bert	454955	3960900	3.78
2026-05-09T18:27:12+02:00	relation_type	bert	454955	3960900	3.78
2026-05-09T18:27:22+02:00	relation_type	bert	454955	3960900	3.78
2026-05-09T18:27:32+02:00	relation_type	bert	454955	3960900	3.78
2026-05-09T18:27:42+02:00	relation_type	bert	454955	3960900	3.78
2026-05-09T18:27:52+02:00	relation_type	bert	454955	3960900	3.78
2026-05-09T18:28:02+02:00	relation_type	bert	454955	3960900	3.78
2026-05-09T18:28:12+02:00	relation_type	bert	454955	3960900	3.78
2026-05-09T18:28:22+02:00	relation_type	bert	454955	3960900	3.78
2026-05-09T18:28:32+02:00	relation_type	bert	454955	3960900	3.78
2026-05-09T18:28:42+02:00	relation_type	bert	454955	3960900	3.78
2026-05-09T18:28:52+02:00	relation_type	bert	454955	3960900	3.78
2026-05-09T18:29:02+02:00	relation_type	bert	454955	3960900	3.78
2026-05-09T18:29:12+02:00	relation_type	bert	454955	3960900	3.78
2026-05-09T18:29:22+02:00	relation_type	bert	454955	3960900	3.78
2026-05-09T18:29:32+02:00	relation_type	bert	454955	3960900	3.78
2026-05-09T18:29:42+02:00	relation_type	bert	454955	3960900	3.78
2026-05-09T18:29:52+02:00	relation_type	bert	454955	3960900	3.78
2026-05-09T18:30:02+02:00	relation_type	bert	454955	3960900	3.78
2026-05-09T18:30:12+02:00	relation_type	bert	454955	3960900	3.78
2026-05-09T18:30:22+02:00	relation_type	bert	454955	3960900	3.78
2026-05-09T18:30:32+02:00	relation_type	bert	454955	3960900	3.78
2026-05-09T18:30:42+02:00	relation_type	bert	454955	3960900	3.78
2026-05-09T18:30:52+02:00	relation_type	bert	454955	3960900	3.78
2026-05-09T18:31:02+02:00	relation_type	bert	454955	3960900	3.78
2026-05-09T18:31:12+02:00	relation_type	bert	454955	3960900	3.78
2026-05-09T18:31:22+02:00	relation_type	bert	454955	3960900	3.78
2026-05-09T18:31:32+02:00	relation_type	bert	454955	3960900	3.78
2026-05-09T18:31:42+02:00	relation_type	bert	454955	3960900	3.78
2026-05-09T18:31:52+02:00	relation_type	bert	454955	3960900	3.78
2026-05-09T18:32:02+02:00	relation_type	bert	454955	3960900	3.78
2026-05-09T18:32:12+02:00	relation_type	bert	454955	3960900	3.78
2026-05-09T18:32:22+02:00	relation_type	bert	454955	3960900	3.78
2026-05-09T18:32:32+02:00	relation_type	bert	454955	3960900	3.78
2026-05-09T18:32:42+02:00	relation_type	bert	454955	3960900	3.78
2026-05-09T18:32:52+02:00	relation_type	bert	454955	3960900	3.78
2026-05-09T18:33:02+02:00	relation_type	bert	454955	3960900	3.78
2026-05-09T18:33:12+02:00	relation_type	bert	454955	3960900	3.78
2026-05-09T18:33:22+02:00	relation_type	bert	454955	3960900	3.78
2026-05-09T18:33:32+02:00	relation_type	bert	454955	3960900	3.78
2026-05-09T18:33:42+02:00	relation_type	bert	454955	3960900	3.78
2026-05-09T18:33:52+02:00	relation_type	bert	454955	3960900	3.78
2026-05-09T18:34:02+02:00	relation_type	bert	454955	3960900	3.78
2026-05-09T18:34:12+02:00	relation_type	bert	454955	3960900	3.78
2026-05-09T18:34:22+02:00	relation_type	bert	454955	3960900	3.78
2026-05-09T18:34:32+02:00	relation_type	bert	454955	3960900	3.78
2026-05-09T18:34:42+02:00	relation_type	bert	454955	3960900	3.78
2026-05-09T18:34:52+02:00	relation_type	bert	454955	3960900	3.78
2026-05-09T18:35:02+02:00	relation_type	bert	454955	3960900	3.78
2026-05-09T18:35:12+02:00	relation_type	bert	454955	3960900	3.78
2026-05-09T18:35:22+02:00	relation_type	bert	454955	3960900	3.78
2026-05-09T18:35:32+02:00	relation_type	bert	454955	3960900	3.78
2026-05-09T18:35:42+02:00	relation_type	bert	454955	3960900	3.78
2026-05-09T18:35:52+02:00	relation_type	bert	454955	3960900	3.78
2026-05-09T18:36:02+02:00	relation_type	bert	454955	3960900	3.78
2026-05-09T18:36:12+02:00	relation_type	bert	454955	3960900	3.78
2026-05-09T18:36:22+02:00	relation_type	bert	454955	3960900	3.78
2026-05-09T18:36:32+02:00	relation_type	bert	454955	3960900	3.78
2026-05-09T18:36:42+02:00	relation_type	gpt2	459776	4400	0.00
2026-05-09T18:36:52+02:00	relation_type	gpt2	459776	1849064	1.76
2026-05-09T18:37:02+02:00	relation_type	gpt2	459776	2518040	2.40
2026-05-09T18:37:12+02:00	relation_type	gpt2	459776	3002744	2.86
2026-05-09T18:37:22+02:00	relation_type	gpt2	459776	3338552	3.18
2026-05-09T18:37:32+02:00	relation_type	gpt2	459776	3567704	3.40
2026-05-09T18:37:42+02:00	relation_type	gpt2	459776	3713960	3.54
2026-05-09T18:37:52+02:00	relation_type	gpt2	459776	3793688	3.62
2026-05-09T18:38:02+02:00	relation_type	gpt2	459776	3841736	3.66
2026-05-09T18:38:12+02:00	relation_type	gpt2	459776	3871304	3.69
2026-05-09T18:38:22+02:00	relation_type	gpt2	459776	4232868	4.04
2026-05-09T18:38:32+02:00	relation_type	gpt2	459776	4088612	3.90
2026-05-09T18:38:42+02:00	relation_type	gpt2	459776	4092988	3.90
2026-05-09T18:38:52+02:00	relation_type	gpt2	459776	4093128	3.90
2026-05-09T18:39:02+02:00	relation_type	gpt2	459776	4171164	3.98
2026-05-09T18:39:12+02:00	relation_type	gpt2	459776	4171072	3.98
2026-05-09T18:39:22+02:00	relation_type	gpt2	459776	4171220	3.98
2026-05-09T18:39:32+02:00	relation_type	gpt2	459776	4171112	3.98
2026-05-09T18:39:42+02:00	relation_type	gpt2	459776	4171004	3.98
2026-05-09T18:39:52+02:00	relation_type	gpt2	459776	4171164	3.98
2026-05-09T18:40:02+02:00	relation_type	gpt2	459776	4171072	3.98
2026-05-09T18:40:12+02:00	relation_type	gpt2	459776	4171224	3.98
2026-05-09T18:40:22+02:00	relation_type	gpt2	459776	4116728	3.93
2026-05-09T18:40:32+02:00	relation_type	gpt2	459776	4116888	3.93
2026-05-09T18:40:42+02:00	relation_type	gpt2	459776	4171172	3.98
2026-05-09T18:40:52+02:00	relation_type	gpt2	459776	4093184	3.90
2026-05-09T18:41:02+02:00	relation_type	gpt2	459776	4093336	3.90
2026-05-09T18:41:12+02:00	relation_type	gpt2	459776	4093488	3.90
2026-05-09T18:41:22+02:00	relation_type	gpt2	459776	4093380	3.90
2026-05-09T18:41:32+02:00	relation_type	gpt2	459776	4116776	3.93
2026-05-09T18:41:42+02:00	relation_type	gpt2	459776	4145692	3.95
2026-05-09T18:41:52+02:00	relation_type	gpt2	459776	4201916	4.01
2026-05-09T18:42:02+02:00	relation_type	gpt2	459776	4069348	3.88
2026-05-09T18:42:12+02:00	relation_type	gpt2	459776	4073716	3.88
2026-05-09T18:42:22+02:00	relation_type	gpt2	459776	4097888	3.91
2026-05-09T18:42:32+02:00	relation_type	gpt2	459776	4069176	3.88
2026-05-09T18:42:42+02:00	relation_type	gpt2	459776	4069376	3.88
2026-05-09T18:42:52+02:00	relation_type	gpt2	459776	4073792	3.89
2026-05-09T18:43:02+02:00	relation_type	gpt2	459776	4146040	3.95
2026-05-09T18:43:12+02:00	relation_type	gpt2	459776	4202024	4.01
2026-05-09T18:43:22+02:00	relation_type	gpt2	459776	4069208	3.88
2026-05-09T18:43:32+02:00	relation_type	gpt2	459776	4074132	3.89
2026-05-09T18:43:42+02:00	relation_type	gpt2	459776	3929276	3.75
2026-05-09T18:43:52+02:00	relation_type	gpt2	459776	4069308	3.88
2026-05-09T18:44:02+02:00	relation_type	gpt2	459776	4073952	3.89
2026-05-09T18:44:12+02:00	relation_type	gpt2	459776	4145932	3.95
2026-05-09T18:44:22+02:00	relation_type	gpt2	459776	4069368	3.88
2026-05-09T18:44:32+02:00	relation_type	gpt2	459776	4073704	3.88
2026-05-09T18:44:42+02:00	relation_type	gpt2	459776	4201736	4.01
2026-05-09T18:44:52+02:00	relation_type	gpt2	459776	4210676	4.02
2026-05-09T18:45:02+02:00	relation_type	gpt2	459776	4210540	4.02
2026-05-09T18:45:12+02:00	relation_type	gpt2	459776	4314992	4.12
2026-05-09T18:45:22+02:00	relation_type	gpt2	459776	4163132	3.97
2026-05-09T18:45:32+02:00	relation_type	gpt2	459776	4210744	4.02
2026-05-09T18:45:42+02:00	relation_type	gpt2	459776	4210696	4.02
2026-05-09T18:45:52+02:00	relation_type	gpt2	459776	3962268	3.78
2026-05-09T18:46:02+02:00	relation_type	gpt2	459776	4210680	4.02
2026-05-09T18:46:12+02:00	relation_type	gpt2	459776	4210700	4.02
2026-05-09T18:46:22+02:00	relation_type	gpt2	459776	4314740	4.11
2026-05-09T18:46:32+02:00	relation_type	gpt2	459776	4210748	4.02
2026-05-09T18:46:42+02:00	relation_type	gpt2	459776	4210500	4.02
2026-05-09T18:46:52+02:00	relation_type	gpt2	459776	4210520	4.02
2026-05-09T18:47:02+02:00	relation_type	gpt2	459776	4414268	4.21
2026-05-09T18:47:12+02:00	relation_type	gpt2	459776	4210736	4.02
2026-05-09T18:47:22+02:00	relation_type	gpt2	459776	4210716	4.02
2026-05-09T18:47:32+02:00	relation_type	gpt2	459776	4314744	4.11
2026-05-09T18:47:42+02:00	relation_type	gpt2	459776	4193020	4.00
2026-05-09T18:47:52+02:00	relation_type	gpt2	459776	4210496	4.02
2026-05-09T18:48:02+02:00	relation_type	gpt2	459776	4210576	4.02
2026-05-09T18:48:12+02:00	relation_type	gpt2	459776	4413352	4.21
2026-05-09T18:48:22+02:00	relation_type	gpt2	459776	4210488	4.02
2026-05-09T18:48:32+02:00	relation_type	gpt2	459776	4210572	4.02
2026-05-09T18:48:42+02:00	relation_type	gpt2	459776	4414432	4.21
2026-05-09T18:48:52+02:00	relation_type	gpt2	459776	4210520	4.02
2026-05-09T18:49:02+02:00	relation_type	gpt2	459776	4210604	4.02
2026-05-09T18:49:12+02:00	relation_type	gpt2	459776	4391796	4.19
2026-05-09T18:49:22+02:00	relation_type	gpt2	459776	4210560	4.02
2026-05-09T18:49:32+02:00	relation_type	gpt2	459776	4210620	4.02
2026-05-09T18:49:42+02:00	relation_type	gpt2	459776	4314720	4.11
2026-05-09T18:49:52+02:00	relation_type	gpt2	459776	4210564	4.02
2026-05-09T18:50:02+02:00	relation_type	gpt2	459776	4146788	3.95
2026-05-09T18:50:12+02:00	relation_type	gpt2	459776	4039572	3.85
2026-05-09T18:50:22+02:00	relation_type	gpt2	459776	4101260	3.91
2026-05-09T18:50:32+02:00	relation_type	gpt2	459776	4010068	3.82
2026-05-09T18:50:42+02:00	relation_type	gpt2	459776	4035060	3.85
2026-05-09T18:50:52+02:00	relation_type	gpt2	459776	4039456	3.85
2026-05-09T18:51:02+02:00	relation_type	gpt2	459776	4066336	3.88
2026-05-09T18:51:12+02:00	relation_type	gpt2	459776	3990960	3.81
2026-05-09T18:51:22+02:00	relation_type	gpt2	459776	4034980	3.85
2026-05-09T18:51:32+02:00	relation_type	gpt2	459776	4039656	3.85
2026-05-09T18:51:42+02:00	relation_type	gpt2	459776	4034772	3.85
2026-05-09T18:51:52+02:00	relation_type	gpt2	459776	4039464	3.85
2026-05-09T18:52:02+02:00	relation_type	gpt2	459776	4035092	3.85
2026-05-09T18:52:12+02:00	relation_type	gpt2	459776	4039504	3.85
2026-05-09T18:52:22+02:00	relation_type	gpt2	459776	4063712	3.88
2026-05-09T18:52:32+02:00	relation_type	gpt2	459776	4191084	4.00
2026-05-09T18:52:42+02:00	relation_type	gpt2	459776	4191148	4.00
2026-05-09T18:52:52+02:00	relation_type	gpt2	459776	4190952	4.00
2026-05-09T18:53:02+02:00	relation_type	gpt2	459776	4191012	4.00
2026-05-09T18:53:12+02:00	relation_type	gpt2	459776	4191040	4.00
2026-05-09T18:53:22+02:00	relation_type	gpt2	459776	4191088	4.00
2026-05-09T18:53:32+02:00	relation_type	gpt2	459776	4190368	4.00
2026-05-09T18:53:42+02:00	relation_type	gpt2	459776	4143176	3.95
2026-05-09T18:53:52+02:00	relation_type	gpt2	459776	4382404	4.18
2026-05-09T18:54:02+02:00	relation_type	gpt2	459776	4203280	4.01
2026-05-09T18:54:12+02:00	relation_type	gpt2	459776	4190932	4.00
2026-05-09T18:54:22+02:00	relation_type	gpt2	459776	4190996	4.00
2026-05-09T18:54:32+02:00	relation_type	gpt2	459776	4191072	4.00
2026-05-09T18:54:42+02:00	relation_type	gpt2	459776	4191132	4.00
2026-05-09T18:54:52+02:00	relation_type	gpt2	459776	4190928	4.00
2026-05-09T18:55:02+02:00	relation_type	gpt2	459776	4382392	4.18
2026-05-09T18:55:12+02:00	relation_type	gpt2	459776	4289076	4.09
2026-05-09T18:55:22+02:00	relation_type	gpt2	459776	4203060	4.01
2026-05-09T18:55:32+02:00	relation_type	gpt2	459776	4190976	4.00
2026-05-09T18:55:42+02:00	relation_type	gpt2	459776	4191000	4.00
2026-05-09T18:55:52+02:00	relation_type	gpt2	459776	4191040	4.00
2026-05-09T18:56:02+02:00	relation_type	gpt2	459776	4191092	4.00
2026-05-09T18:56:12+02:00	relation_type	gpt2	459776	4177188	3.98
2026-05-09T18:56:22+02:00	relation_type	gpt2	459776	4382360	4.18
2026-05-09T18:56:32+02:00	relation_type	gpt2	459776	4289024	4.09
2026-05-09T18:56:42+02:00	relation_type	gpt2	459776	4190896	4.00
2026-05-09T18:56:52+02:00	relation_type	gpt2	459776	4190944	4.00
2026-05-09T18:57:02+02:00	relation_type	gpt2	459776	4190992	4.00
2026-05-09T18:57:12+02:00	relation_type	gpt2	459776	4191052	4.00
2026-05-09T18:57:22+02:00	relation_type	gpt2	459776	4109388	3.92
2026-05-09T18:57:32+02:00	relation_type	gpt2	459776	4204912	4.01
2026-05-09T18:57:42+02:00	relation_type	gpt2	459776	4192580	4.00
2026-05-09T18:57:52+02:00	relation_type	gpt2	459776	4192392	4.00
2026-05-09T18:58:02+02:00	relation_type	gpt2	459776	3933376	3.75
2026-05-09T18:58:12+02:00	relation_type	gpt2	459776	4204876	4.01
2026-05-09T18:58:22+02:00	relation_type	gpt2	459776	4192572	4.00
2026-05-09T18:58:32+02:00	relation_type	gpt2	459776	4192392	4.00
2026-05-09T18:58:42+02:00	relation_type	gpt2	459776	4178728	3.99
2026-05-09T18:58:52+02:00	relation_type	gpt2	459776	4291148	4.09
2026-05-09T18:59:02+02:00	relation_type	gpt2	459776	4192508	4.00
2026-05-09T18:59:12+02:00	relation_type	gpt2	459776	4192592	4.00
2026-05-09T18:59:22+02:00	relation_type	gpt2	459776	3971936	3.79
2026-05-09T18:59:32+02:00	relation_type	gpt2	459776	4291148	4.09
2026-05-09T18:59:42+02:00	relation_type	gpt2	459776	4192504	4.00
2026-05-09T18:59:52+02:00	relation_type	gpt2	459776	4192588	4.00
2026-05-09T19:00:02+02:00	relation_type	gpt2	459776	3996464	3.81
2026-05-09T19:00:12+02:00	relation_type	gpt2	459776	4192348	4.00
2026-05-09T19:00:22+02:00	relation_type	gpt2	459776	4192444	4.00
2026-05-09T19:00:32+02:00	relation_type	gpt2	459776	4192536	4.00
2026-05-09T19:00:42+02:00	relation_type	gpt2	459776	4384816	4.18
2026-05-09T19:00:52+02:00	relation_type	gpt2	459776	4204752	4.01
2026-05-09T19:01:02+02:00	relation_type	gpt2	459776	4192420	4.00
2026-05-09T19:01:12+02:00	relation_type	gpt2	459776	4192500	4.00
2026-05-09T19:01:22+02:00	relation_type	gpt2	459776	3925256	3.74
2026-05-09T19:01:32+02:00	relation_type	gpt2	459776	4192548	4.00
2026-05-09T19:01:42+02:00	relation_type	gpt2	459776	4192360	4.00
2026-05-09T19:01:52+02:00	relation_type	gpt2	459776	4192440	4.00
2026-05-09T19:02:02+02:00	relation_type	gpt2	459776	4144212	3.95
2026-05-09T19:02:12+02:00	relation_type	gpt2	459776	4204928	4.01
2026-05-09T19:02:22+02:00	relation_type	gpt2	459776	4081348	3.89
2026-05-09T19:02:32+02:00	relation_type	gpt2	459776	4076528	3.89
2026-05-09T19:02:42+02:00	relation_type	gpt2	459776	4062212	3.87
2026-05-09T19:02:52+02:00	relation_type	gpt2	459776	3887732	3.71
2026-05-09T19:03:02+02:00	relation_type	gpt2	459776	4081428	3.89
2026-05-09T19:03:12+02:00	relation_type	gpt2	459776	4076604	3.89
2026-05-09T19:03:22+02:00	relation_type	gpt2	459776	4076548	3.89
2026-05-09T19:03:32+02:00	relation_type	gpt2	459776	4022344	3.84
2026-05-09T19:03:42+02:00	relation_type	gpt2	459776	4213816	4.02
2026-05-09T19:03:52+02:00	relation_type	gpt2	459776	4080960	3.89
2026-05-09T19:04:02+02:00	relation_type	gpt2	459776	4081180	3.89
2026-05-09T19:04:12+02:00	relation_type	gpt2	459776	4076636	3.89
2026-05-09T19:04:22+02:00	relation_type	gpt2	459776	4076588	3.89
2026-05-09T19:04:32+02:00	relation_type	gpt2	459776	4212136	4.02
2026-05-09T19:04:42+02:00	relation_type	gpt2	459776	4155704	3.96
2026-05-09T19:04:52+02:00	relation_type	gpt2	459776	4081452	3.89
2026-05-09T19:05:02+02:00	relation_type	gpt2	459776	4076636	3.89
2026-05-09T19:05:12+02:00	relation_type	gpt2	459776	4076592	3.89
2026-05-09T19:05:22+02:00	relation_type	gpt2	459776	4213676	4.02
2026-05-09T19:05:32+02:00	relation_type	gpt2	459776	4063108	3.87
2026-05-09T19:05:43+02:00	relation_type	gpt2	459776	4062952	3.87
2026-05-09T19:05:53+02:00	relation_type	gpt2	459776	4131480	3.94
2026-05-09T19:06:03+02:00	relation_type	gpt2	459776	4020800	3.83
2026-05-09T19:06:13+02:00	relation_type	gpt2	459776	4047332	3.86
2026-05-09T19:06:23+02:00	relation_type	gpt2	459776	4058296	3.87
2026-05-09T19:06:33+02:00	relation_type	gpt2	459776	4058196	3.87
2026-05-09T19:06:43+02:00	relation_type	gpt2	459776	4062832	3.87
2026-05-09T19:06:53+02:00	relation_type	gpt2	459776	4062708	3.87
2026-05-09T19:07:03+02:00	relation_type	gpt2	459776	4183924	3.99
2026-05-09T19:07:13+02:00	relation_type	gpt2	459776	4058048	3.87
2026-05-09T19:07:23+02:00	relation_type	gpt2	459776	4062704	3.87
2026-05-09T19:07:33+02:00	relation_type	gpt2	459776	4062844	3.87
2026-05-09T19:07:43+02:00	relation_type	gpt2	459776	4184048	3.99
2026-05-09T19:07:53+02:00	relation_type	gpt2	459776	4183940	3.99
2026-05-09T19:08:03+02:00	relation_type	gpt2	459776	3960560	3.78
2026-05-09T19:08:13+02:00	relation_type	gpt2	459776	4062684	3.87
2026-05-09T19:08:23+02:00	relation_type	gpt2	459776	4439424	4.23
2026-05-09T19:08:33+02:00	relation_type	gpt2	459776	4302028	4.10
2026-05-09T19:08:43+02:00	relation_type	gpt2	459776	4302268	4.10
2026-05-09T19:08:53+02:00	relation_type	gpt2	459776	4302140	4.10
2026-05-09T19:09:03+02:00	relation_type	gpt2	459776	4439812	4.23
2026-05-09T19:09:13+02:00	relation_type	gpt2	459776	4302168	4.10
2026-05-09T19:09:23+02:00	relation_type	gpt2	459776	4302064	4.10
2026-05-09T19:09:33+02:00	relation_type	gpt2	459776	4302208	4.10
2026-05-09T19:09:43+02:00	relation_type	gpt2	459776	4439692	4.23
2026-05-09T19:09:53+02:00	relation_type	gpt2	459776	4278584	4.08
2026-05-09T19:10:03+02:00	relation_type	gpt2	459776	4302256	4.10
2026-05-09T19:10:13+02:00	relation_type	gpt2	459776	4302140	4.10
2026-05-09T19:10:23+02:00	relation_type	gpt2	459776	4439840	4.23
2026-05-09T19:10:33+02:00	relation_type	gpt2	459776	4572392	4.36
2026-05-09T19:10:43+02:00	relation_type	gpt2	459776	4302100	4.10
2026-05-09T19:10:53+02:00	relation_type	gpt2	459776	4302244	4.10
2026-05-09T19:11:03+02:00	relation_type	gpt2	459776	4302108	4.10
2026-05-09T19:11:13+02:00	relation_type	gpt2	459776	4572440	4.36
2026-05-09T19:11:23+02:00	relation_type	gpt2	459776	4302140	4.10
2026-05-09T19:11:33+02:00	relation_type	gpt2	459776	4302316	4.10
2026-05-09T19:11:43+02:00	relation_type	gpt2	459776	4314584	4.11
2026-05-09T19:11:53+02:00	relation_type	gpt2	459776	4475472	4.27
2026-05-09T19:12:03+02:00	relation_type	gpt2	459776	4302244	4.10
2026-05-09T19:12:13+02:00	relation_type	gpt2	459776	4302128	4.10
2026-05-09T19:12:23+02:00	relation_type	gpt2	459776	4302256	4.10
2026-05-09T19:12:33+02:00	relation_type	gpt2	459776	4439672	4.23
2026-05-09T19:12:43+02:00	relation_type	gpt2	459776	4190976	4.00
2026-05-09T19:12:53+02:00	relation_type	gpt2	459776	4292168	4.09
2026-05-09T19:13:03+02:00	relation_type	gpt2	459776	4302084	4.10
2026-05-09T19:13:13+02:00	relation_type	gpt2	459776	4302212	4.10
2026-05-09T19:13:23+02:00	relation_type	gpt2	459776	4439644	4.23
2026-05-09T19:13:33+02:00	relation_type	gpt2	459776	4302284	4.10
2026-05-09T19:13:43+02:00	relation_type	gpt2	459776	4302164	4.10
2026-05-09T19:13:53+02:00	relation_type	gpt2	459776	4302320	4.10
2026-05-09T19:14:03+02:00	relation_type	gpt2	459776	4439744	4.23
2026-05-09T19:14:13+02:00	relation_type	gpt2	459776	4572276	4.36
2026-05-09T19:14:23+02:00	relation_type	gpt2	459776	4302244	4.10
2026-05-09T19:14:33+02:00	relation_type	gpt2	459776	4302128	4.10
2026-05-09T19:14:43+02:00	relation_type	gpt2	459776	4302284	4.10
2026-05-09T19:14:53+02:00	relation_type	gpt2	459776	4439696	4.23
2026-05-09T19:15:03+02:00	relation_type	gpt2	459776	4269324	4.07
2026-05-09T19:15:13+02:00	relation_type	gpt2	459776	4302224	4.10
2026-05-09T19:15:23+02:00	relation_type	gpt2	459776	4111992	3.92
2026-05-09T19:15:33+02:00	relation_type	gpt2	459776	4058312	3.87
2026-05-09T19:15:43+02:00	relation_type	gpt2	459776	4083468	3.89
2026-05-09T19:15:53+02:00	relation_type	gpt2	459776	4164864	3.97
2026-05-09T19:16:03+02:00	relation_type	gpt2	459776	3914036	3.73
2026-05-09T19:16:13+02:00	relation_type	gpt2	459776	4083540	3.89
2026-05-09T19:16:23+02:00	relation_type	gpt2	459776	4112400	3.92
2026-05-09T19:16:33+02:00	relation_type	gpt2	459776	4165008	3.97
2026-05-09T19:16:43+02:00	relation_type	gpt2	459776	4083636	3.89
2026-05-09T19:16:53+02:00	relation_type	gpt2	459776	4101116	3.91
2026-05-09T19:17:03+02:00	relation_type	gpt2	459776	4225204	4.03
2026-05-09T19:17:13+02:00	relation_type	gpt2	459776	4083680	3.89
2026-05-09T19:17:23+02:00	relation_type	gpt2	459776	4087948	3.90
2026-05-09T19:17:33+02:00	relation_type	gpt2	459776	3910088	3.73
2026-05-09T19:17:43+02:00	relation_type	gpt2	459776	4083704	3.89
2026-05-09T19:17:53+02:00	relation_type	gpt2	459776	4087992	3.90
2026-05-09T19:18:03+02:00	relation_type	gpt2	459776	4224488	4.03
2026-05-09T19:18:13+02:00	relation_type	gpt2	459776	4083488	3.89
2026-05-09T19:18:23+02:00	relation_type	gpt2	459776	4088068	3.90
2026-05-09T19:18:33+02:00	relation_type	gpt2	459776	3949312	3.77
2026-05-09T19:18:43+02:00	relation_type	gpt2	459776	3917392	3.74
2026-05-09T19:18:53+02:00	relation_type	gpt2	459776	3949380	3.77
2026-05-09T19:19:03+02:00	relation_type	gpt2	459776	3949380	3.77
2026-05-09T19:19:13+02:00	relation_type	gpt2	459776	3949380	3.77
2026-05-09T19:19:23+02:00	relation_type	gpt2	459776	3953732	3.77
2026-05-09T19:19:33+02:00	relation_type	gpt2	459776	3949380	3.77
2026-05-09T19:19:43+02:00	relation_type	gpt2	459776	3953996	3.77
2026-05-09T19:19:53+02:00	relation_type	gpt2	459776	3953996	3.77
2026-05-09T19:20:03+02:00	relation_type	gpt2	459776	3949380	3.77
2026-05-09T19:20:13+02:00	relation_type	gpt2	459776	3917656	3.74
2026-05-09T19:20:23+02:00	relation_type	gpt2	459776	3927748	3.75
2026-05-09T19:20:33+02:00	relation_type	gpt2	459776	3909940	3.73
2026-05-09T19:20:43+02:00	relation_type	gpt2	459776	3916864	3.74
2026-05-09T19:20:53+02:00	relation_type	gpt2	459776	3947800	3.76
2026-05-09T19:21:03+02:00	relation_type	gpt2	459776	3949380	3.77
2026-05-09T19:21:13+02:00	relation_type	gpt2	459776	3941144	3.76
2026-05-09T19:21:23+02:00	relation_type	gpt2	459776	3954260	3.77
2026-05-09T19:21:33+02:00	relation_type	gpt2	459776	3953996	3.77
2026-05-09T19:21:43+02:00	relation_type	gpt2	459776	3945752	3.76
2026-05-09T19:21:53+02:00	relation_type	gpt2	459776	3947800	3.76
2026-05-09T19:22:03+02:00	relation_type	gpt2	459776	3947800	3.76
2026-05-09T19:22:13+02:00	relation_type	gpt2	459776	3949380	3.77
2026-05-09T19:22:23+02:00	relation_type	gpt2	459776	3904272	3.72
2026-05-09T19:22:33+02:00	relation_type	gpt2	459776	3949380	3.77
2026-05-09T19:22:43+02:00	relation_type	gpt2	459776	3932900	3.75
2026-05-09T19:22:53+02:00	relation_type	gpt2	459776	3932900	3.75
2026-05-09T19:23:03+02:00	relation_type	gpt2	459776	3932900	3.75
2026-05-09T19:23:13+02:00	relation_type	gpt2	459776	3932900	3.75
2026-05-09T19:23:23+02:00	relation_type	gpt2	459776	3932900	3.75
2026-05-09T19:23:33+02:00	relation_type	gpt2	459776	3932900	3.75
2026-05-09T19:23:43+02:00	relation_type	gpt2	459776	3932900	3.75
2026-05-09T19:23:53+02:00	relation_type	gpt2	459776	3932900	3.75
2026-05-09T19:24:03+02:00	relation_type	gpt2	459776	3932900	3.75
2026-05-09T19:24:13+02:00	relation_type	gpt2	459776	3932900	3.75
2026-05-09T19:24:23+02:00	relation_type	gpt2	459776	3932900	3.75
2026-05-09T19:24:33+02:00	relation_type	gpt2	459776	3932900	3.75
2026-05-09T19:24:43+02:00	relation_type	gpt2	459776	3932900	3.75
2026-05-09T19:24:53+02:00	relation_type	gpt2	459776	3932900	3.75
2026-05-09T19:25:03+02:00	relation_type	gpt2	459776	3932900	3.75
2026-05-09T19:25:13+02:00	relation_type	gpt2	459776	3932900	3.75
2026-05-09T19:25:23+02:00	relation_type	gpt2	459776	3932900	3.75
2026-05-09T19:25:33+02:00	relation_type	gpt2	459776	3932900	3.75
2026-05-09T19:25:43+02:00	relation_type	gpt2	459776	3932900	3.75
2026-05-09T19:25:53+02:00	relation_type	gpt2	459776	3932900	3.75
2026-05-09T19:26:03+02:00	relation_type	gpt2	459776	3932900	3.75
2026-05-09T19:26:13+02:00	relation_type	gpt2	459776	3932900	3.75
2026-05-09T19:26:23+02:00	relation_type	gpt2	459776	3932900	3.75
2026-05-09T19:26:33+02:00	relation_type	gpt2	459776	3932900	3.75
2026-05-09T19:26:43+02:00	relation_type	gpt2	459776	3933068	3.75
2026-05-09T19:26:53+02:00	relation_type	gpt2	459776	3933068	3.75
2026-05-09T19:27:03+02:00	relation_type	gpt2	459776	3933068	3.75
2026-05-09T19:27:13+02:00	relation_type	gpt2	459776	3933068	3.75
2026-05-09T19:27:23+02:00	relation_type	gpt2	459776	3968128	3.78
2026-05-09T19:27:33+02:00	relation_type	gpt2	459776	3964032	3.78
2026-05-09T19:27:43+02:00	relation_type	gpt2	459776	3955840	3.77
2026-05-09T19:27:53+02:00	relation_type	gpt2	459776	3933068	3.75
2026-05-09T19:28:03+02:00	relation_type	gpt2	459776	3933068	3.75
2026-05-09T19:28:13+02:00	relation_type	gpt2	459776	3955840	3.77
2026-05-09T19:28:23+02:00	relation_type	gpt2	459776	3933068	3.75
2026-05-09T19:28:33+02:00	relation_type	gpt2	459776	3933068	3.75
2026-05-09T19:28:43+02:00	relation_type	gpt2	459776	3933068	3.75
2026-05-09T19:28:53+02:00	relation_type	gpt2	459776	3933068	3.75
2026-05-09T19:29:03+02:00	relation_type	gpt2	459776	3933068	3.75
2026-05-09T19:29:13+02:00	relation_type	gpt2	459776	3933068	3.75
2026-05-09T19:29:23+02:00	relation_type	gpt2	459776	3933068	3.75
2026-05-09T19:29:33+02:00	relation_type	gpt2	459776	3949696	3.77
2026-05-09T19:29:43+02:00	relation_type	gpt2	459776	3933068	3.75
2026-05-09T19:29:53+02:00	relation_type	gpt2	459776	3968128	3.78
2026-05-09T19:30:03+02:00	relation_type	gpt2	459776	3933068	3.75
2026-05-09T19:30:13+02:00	relation_type	gpt2	459776	3933068	3.75
2026-05-09T19:30:23+02:00	relation_type	gpt2	459776	3933068	3.75
2026-05-09T19:30:33+02:00	relation_type	gpt2	459776	3933068	3.75
2026-05-09T19:30:43+02:00	relation_type	gpt2	459776	3933068	3.75
2026-05-09T19:30:53+02:00	relation_type	gpt2	459776	3933068	3.75
2026-05-09T19:31:03+02:00	relation_type	gpt2	459776	3933068	3.75
2026-05-09T19:31:13+02:00	relation_type	gpt2	459776	3933068	3.75
2026-05-09T19:31:23+02:00	relation_type	gpt2	459776	3933068	3.75
2026-05-09T19:31:33+02:00	relation_type	gpt2	459776	3933068	3.75
2026-05-09T19:31:43+02:00	relation_type	gpt2	459776	3933068	3.75
2026-05-09T19:31:53+02:00	relation_type	gpt2	459776	3933068	3.75
2026-05-09T19:32:03+02:00	relation_type	gpt2	459776	3933068	3.75
2026-05-09T19:32:13+02:00	relation_type	gpt2	459776	3933068	3.75
2026-05-09T19:32:23+02:00	relation_type	gpt2	459776	3955840	3.77
2026-05-09T19:32:33+02:00	relation_type	gpt2	459776	4078316	3.89
2026-05-09T19:32:43+02:00	relation_type	gpt2	459776	4109572	3.92
2026-05-09T19:32:53+02:00	relation_type	gpt2	459776	4078316	3.89
2026-05-09T19:33:03+02:00	relation_type	gpt2	459776	4078316	3.89
2026-05-09T19:33:13+02:00	relation_type	gpt2	459776	4078316	3.89
2026-05-09T19:33:23+02:00	relation_type	gpt2	459776	3981160	3.80
2026-05-09T19:33:33+02:00	relation_type	gpt2	459776	4012044	3.83
2026-05-09T19:33:43+02:00	relation_type	gpt2	459776	3990660	3.81
2026-05-09T19:33:53+02:00	relation_type	gpt2	459776	4043300	3.86
2026-05-09T19:34:03+02:00	relation_type	gpt2	459776	4043300	3.86
2026-05-09T19:34:13+02:00	relation_type	gpt2	459776	4012584	3.83
2026-05-09T19:34:23+02:00	relation_type	gpt2	459776	4009152	3.82
2026-05-09T19:34:33+02:00	relation_type	gpt2	459776	4043840	3.86
2026-05-09T19:34:43+02:00	relation_type	gpt2	459776	4012584	3.83
2026-05-09T19:34:53+02:00	relation_type	gpt2	459776	4043840	3.86
2026-05-09T19:35:03+02:00	relation_type	gpt2	459776	4001620	3.82
2026-05-09T19:35:13+02:00	relation_type	gpt2	459776	4001528	3.82
2026-05-09T19:35:23+02:00	relation_type	gpt2	459776	4048552	3.86
2026-05-09T19:35:33+02:00	relation_type	gpt2	459776	4006760	3.82
2026-05-09T19:35:43+02:00	relation_type	gpt2	459776	4006772	3.82
2026-05-09T19:35:53+02:00	relation_type	gpt2	459776	4012044	3.83
2026-05-09T19:36:03+02:00	relation_type	gpt2	459776	4000164	3.81
2026-05-09T19:36:13+02:00	relation_type	gpt2	459776	4043300	3.86
2026-05-09T19:36:23+02:00	relation_type	gpt2	459776	4043300	3.86
2026-05-09T19:36:33+02:00	relation_type	gpt2	459776	4043300	3.86
2026-05-09T19:36:43+02:00	relation_type	gpt2	459776	4012044	3.83
2026-05-09T19:36:53+02:00	relation_type	gpt2	459776	4012044	3.83
2026-05-09T19:37:03+02:00	relation_type	gpt2	459776	4012044	3.83
2026-05-09T19:37:13+02:00	relation_type	gpt2	459776	4012044	3.83
2026-05-09T19:37:23+02:00	relation_type	gpt2	459776	4012044	3.83
2026-05-09T19:37:33+02:00	relation_type	gpt2	459776	3989604	3.80
2026-05-09T19:37:43+02:00	relation_type	gpt2	459776	4048392	3.86
2026-05-09T19:37:53+02:00	relation_type	gpt2	459776	4012044	3.83
2026-05-09T19:38:03+02:00	relation_type	gpt2	459776	4008624	3.82
2026-05-09T19:38:13+02:00	relation_type	gpt2	459776	4043300	3.86
2026-05-09T19:38:23+02:00	relation_type	gpt2	459776	4012044	3.83
2026-05-09T19:38:33+02:00	relation_type	gpt2	459776	4043300	3.86
2026-05-09T19:38:43+02:00	relation_type	gpt2	459776	4011528	3.83
2026-05-09T19:38:53+02:00	relation_type	gpt2	459776	4012044	3.83
2026-05-09T19:39:03+02:00	relation_type	gpt2	459776	4048372	3.86
2026-05-09T19:39:13+02:00	relation_type	gpt2	459776	4012044	3.83
2026-05-09T19:39:23+02:00	relation_type	gpt2	459776	4012044	3.83
2026-05-09T19:39:33+02:00	relation_type	gpt2	459776	4012584	3.83
2026-05-09T19:39:43+02:00	relation_type	gpt2	459776	4012584	3.83
2026-05-09T19:39:53+02:00	relation_type	gpt2	459776	4043840	3.86
2026-05-09T19:40:03+02:00	relation_type	gpt2	459776	3997008	3.81
2026-05-09T19:40:13+02:00	relation_type	gpt2	459776	4012044	3.83
2026-05-09T19:40:23+02:00	relation_type	gpt2	459776	4012044	3.83
2026-05-09T19:40:33+02:00	relation_type	gpt2	459776	4043300	3.86
2026-05-09T19:40:43+02:00	relation_type	gpt2	459776	4012044	3.83
2026-05-09T19:40:53+02:00	relation_type	gpt2	459776	4012044	3.83
2026-05-09T19:41:03+02:00	relation_type	gpt2	459776	4012044	3.83
2026-05-09T19:41:13+02:00	relation_type	gpt2	459776	4012044	3.83
2026-05-09T19:41:23+02:00	relation_type	gpt2	459776	4012044	3.83
2026-05-09T19:41:33+02:00	relation_type	gpt2	459776	4012044	3.83
2026-05-09T19:41:43+02:00	relation_type	gpt2	459776	4012044	3.83
2026-05-09T19:41:53+02:00	relation_type	gpt2	459776	4012044	3.83
2026-05-09T19:42:03+02:00	relation_type	gpt2	459776	4012044	3.83
2026-05-09T19:42:13+02:00	relation_type	gpt2	459776	4012044	3.83
2026-05-09T19:42:23+02:00	relation_type	gpt2	459776	4012044	3.83
2026-05-09T19:42:33+02:00	relation_type	gpt2	459776	4012044	3.83
2026-05-09T19:42:43+02:00	relation_type	gpt2	459776	4012044	3.83
2026-05-09T19:42:53+02:00	relation_type	gpt2	459776	4012044	3.83
2026-05-09T19:43:03+02:00	relation_type	gpt2	459776	4012044	3.83
2026-05-09T19:43:13+02:00	relation_type	gpt2	459776	4012044	3.83
2026-05-09T19:43:23+02:00	relation_type	gpt2	459776	4012044	3.83
2026-05-09T19:43:33+02:00	relation_type	gpt2	459776	4012044	3.83
2026-05-09T19:43:43+02:00	relation_type	gpt2	459776	4012044	3.83
2026-05-09T19:43:53+02:00	relation_type	gpt2	459776	4012044	3.83
2026-05-09T19:44:03+02:00	relation_type	gpt2	459776	4012044	3.83
2026-05-09T19:44:13+02:00	relation_type	gpt2	459776	4012044	3.83
2026-05-09T19:44:23+02:00	relation_type	gpt2	459776	4012044	3.83
2026-05-09T19:44:33+02:00	relation_type	gpt2	459776	4012044	3.83
2026-05-09T19:44:43+02:00	relation_type	gpt2	459776	4012044	3.83
2026-05-09T19:44:53+02:00	relation_type	gpt2	459776	4012044	3.83
2026-05-09T19:45:03+02:00	relation_type	gpt2	459776	4012044	3.83
2026-05-09T19:45:13+02:00	relation_type	gpt2	459776	4029188	3.84
2026-05-09T19:45:23+02:00	relation_type	gpt2	459776	4050724	3.86
2026-05-09T19:45:33+02:00	relation_type	gpt2	459776	4030508	3.84
2026-05-09T19:45:43+02:00	relation_type	gpt2	459776	4012280	3.83
2026-05-09T19:45:53+02:00	relation_type	gpt2	459776	4012280	3.83
2026-05-09T19:46:03+02:00	relation_type	gpt2	459776	4157468	3.96
2026-05-09T19:46:13+02:00	relation_type	gpt2	459776	4162128	3.97
2026-05-09T19:46:23+02:00	relation_type	gpt2	459776	4188432	3.99
2026-05-09T19:46:33+02:00	relation_type	gpt2	459776	4132496	3.94
2026-05-09T19:46:43+02:00	relation_type	gpt2	459776	4157480	3.96
2026-05-09T19:46:53+02:00	relation_type	gpt2	459776	4162396	3.97
2026-05-09T19:47:03+02:00	relation_type	gpt2	459776	4302100	4.10
2026-05-09T19:47:13+02:00	relation_type	gpt2	459776	4240104	4.04
2026-05-09T19:47:23+02:00	relation_type	gpt2	459776	4301920	4.10
2026-05-09T19:47:33+02:00	relation_type	gpt2	459776	3980316	3.80
2026-05-09T19:47:43+02:00	relation_type	gpt2	459776	4157572	3.96
2026-05-09T19:47:53+02:00	relation_type	gpt2	459776	4157228	3.96
2026-05-09T19:48:03+02:00	relation_type	gpt2	459776	4157664	3.97
2026-05-09T19:48:13+02:00	relation_type	gpt2	459776	4157584	3.96
2026-05-09T19:48:23+02:00	relation_type	gpt2	459776	4157492	3.96
2026-05-09T19:48:33+02:00	relation_type	gpt2	459776	4157676	3.97
2026-05-09T19:48:43+02:00	relation_type	gpt2	459776	4162072	3.97
2026-05-09T19:48:53+02:00	relation_type	gpt2	459776	4161972	3.97
2026-05-09T19:49:03+02:00	relation_type	gpt2	459776	4162164	3.97
2026-05-09T19:49:13+02:00	relation_type	gpt2	459776	4184784	3.99
2026-05-09T19:49:23+02:00	relation_type	gpt2	459776	3988444	3.80
2026-05-09T19:49:33+02:00	relation_type	gpt2	459776	4142716	3.95
2026-05-09T19:49:44+02:00	relation_type	gpt2	459776	4214448	4.02
2026-05-09T19:49:54+02:00	relation_type	gpt2	459776	4138208	3.95
2026-05-09T19:50:04+02:00	relation_type	gpt2	459776	4142656	3.95
2026-05-09T19:50:14+02:00	relation_type	gpt2	459776	4214916	4.02
2026-05-09T19:50:24+02:00	relation_type	gpt2	459776	4138140	3.95
2026-05-09T19:50:34+02:00	relation_type	gpt2	459776	4142820	3.95
2026-05-09T19:50:44+02:00	relation_type	gpt2	459776	4270864	4.07
2026-05-09T19:50:54+02:00	relation_type	gpt2	459776	4138296	3.95
2026-05-09T19:51:04+02:00	relation_type	gpt2	459776	4142724	3.95
2026-05-09T19:51:14+02:00	relation_type	gpt2	459776	4138280	3.95
2026-05-09T19:51:24+02:00	relation_type	gpt2	459776	4142704	3.95
2026-05-09T19:51:34+02:00	relation_type	gpt2	459776	4161400	3.97
2026-05-09T19:51:44+02:00	relation_type	gpt2	459776	4103592	3.91
2026-05-09T19:51:54+02:00	relation_type	gpt2	459776	4138132	3.95
2026-05-09T19:52:04+02:00	relation_type	gpt2	459776	4142820	3.95
2026-05-09T19:52:14+02:00	relation_type	gpt2	459776	4138376	3.95
2026-05-09T19:52:24+02:00	relation_type	gpt2	459776	4194108	4.00
2026-05-09T19:52:34+02:00	relation_type	gpt2	459776	4279468	4.08
2026-05-09T19:52:44+02:00	relation_type	gpt2	459776	4383816	4.18
2026-05-09T19:52:54+02:00	relation_type	gpt2	459776	4279664	4.08
2026-05-09T19:53:04+02:00	relation_type	gpt2	459776	4279460	4.08
2026-05-09T19:53:14+02:00	relation_type	gpt2	459776	4383820	4.18
2026-05-09T19:53:24+02:00	relation_type	gpt2	459776	4279660	4.08
2026-05-09T19:53:34+02:00	relation_type	gpt2	459776	4279464	4.08
2026-05-09T19:53:44+02:00	relation_type	gpt2	459776	4383832	4.18
2026-05-09T19:53:54+02:00	relation_type	gpt2	459776	4279432	4.08
2026-05-09T19:54:04+02:00	relation_type	gpt2	459776	4279516	4.08
2026-05-09T19:54:14+02:00	relation_type	gpt2	459776	4383884	4.18
2026-05-09T19:54:24+02:00	relation_type	gpt2	459776	4279480	4.08
2026-05-09T19:54:34+02:00	relation_type	gpt2	459776	4279564	4.08
2026-05-09T19:54:44+02:00	relation_type	gpt2	459776	4383892	4.18
2026-05-09T19:54:54+02:00	relation_type	gpt2	459776	4279472	4.08
2026-05-09T19:55:04+02:00	relation_type	gpt2	459776	4279556	4.08
2026-05-09T19:55:14+02:00	relation_type	gpt2	459776	4383664	4.18
2026-05-09T19:55:24+02:00	relation_type	gpt2	459776	4279516	4.08
2026-05-09T19:55:34+02:00	relation_type	gpt2	459776	4279596	4.08
2026-05-09T19:55:44+02:00	relation_type	gpt2	459776	4383708	4.18
2026-05-09T19:55:54+02:00	relation_type	gpt2	459776	4216208	4.02
2026-05-09T19:56:04+02:00	relation_type	gpt2	459776	4279628	4.08
2026-05-09T19:56:14+02:00	relation_type	gpt2	459776	4291864	4.09
2026-05-09T19:56:24+02:00	relation_type	gpt2	459776	4199080	4.00
2026-05-09T19:56:34+02:00	relation_type	gpt2	459776	4279432	4.08
2026-05-09T19:56:44+02:00	relation_type	gpt2	459776	4279520	4.08
2026-05-09T19:56:54+02:00	relation_type	gpt2	459776	4483312	4.28
2026-05-09T19:57:04+02:00	relation_type	gpt2	459776	4279472	4.08
2026-05-09T19:57:14+02:00	relation_type	gpt2	459776	4279524	4.08
2026-05-09T19:57:24+02:00	relation_type	gpt2	459776	3981464	3.80
2026-05-09T19:57:34+02:00	relation_type	gpt2	459776	4108440	3.92
2026-05-09T19:57:44+02:00	relation_type	gpt2	459776	4170228	3.98
2026-05-09T19:57:54+02:00	relation_type	gpt2	459776	4103532	3.91
2026-05-09T19:58:04+02:00	relation_type	gpt2	459776	4108716	3.92
2026-05-09T19:58:14+02:00	relation_type	gpt2	459776	4215420	4.02
2026-05-09T19:58:24+02:00	relation_type	gpt2	459776	4108716	3.92
2026-05-09T19:58:34+02:00	relation_type	gpt2	459776	3980132	3.80
2026-05-09T19:58:44+02:00	relation_type	gpt2	459776	4132728	3.94
2026-05-09T19:58:54+02:00	relation_type	gpt2	459776	4103816	3.91
2026-05-09T19:59:04+02:00	relation_type	gpt2	459776	4132776	3.94
2026-05-09T19:59:14+02:00	relation_type	gpt2	459776	4108624	3.92
2026-05-09T19:59:24+02:00	relation_type	gpt2	459776	4120936	3.93
2026-05-09T19:59:34+02:00	relation_type	gpt2	459776	4075104	3.89
2026-05-09T19:59:44+02:00	relation_type	gpt2	459776	4103804	3.91
2026-05-09T19:59:54+02:00	relation_type	gpt2	459776	4132764	3.94
2026-05-09T20:00:04+02:00	relation_type	gpt2	459776	4259932	4.06
2026-05-09T20:00:14+02:00	relation_type	gpt2	459776	4175792	3.98
2026-05-09T20:00:24+02:00	relation_type	gpt2	459776	4358072	4.16
2026-05-09T20:00:34+02:00	relation_type	gpt2	459776	4259920	4.06
2026-05-09T20:00:44+02:00	relation_type	gpt2	459776	4259980	4.06
2026-05-09T20:00:54+02:00	relation_type	gpt2	459776	4260052	4.06
2026-05-09T20:01:04+02:00	relation_type	gpt2	459776	4259840	4.06
2026-05-09T20:01:14+02:00	relation_type	gpt2	459776	4207904	4.01
2026-05-09T20:01:24+02:00	relation_type	gpt2	459776	4451368	4.25
2026-05-09T20:01:34+02:00	relation_type	gpt2	459776	4358032	4.16
2026-05-09T20:01:44+02:00	relation_type	gpt2	459776	4259892	4.06
2026-05-09T20:01:54+02:00	relation_type	gpt2	459776	4259928	4.06
2026-05-09T20:02:04+02:00	relation_type	gpt2	459776	4260008	4.06
2026-05-09T20:02:14+02:00	relation_type	gpt2	459776	4260072	4.06
2026-05-09T20:02:24+02:00	relation_type	gpt2	459776	4259868	4.06
2026-05-09T20:02:34+02:00	relation_type	gpt2	459776	4451320	4.25
2026-05-09T20:02:44+02:00	relation_type	gpt2	459776	4358028	4.16
2026-05-09T20:02:54+02:00	relation_type	gpt2	459776	4259872	4.06
2026-05-09T20:03:04+02:00	relation_type	gpt2	459776	4259928	4.06
2026-05-09T20:03:14+02:00	relation_type	gpt2	459776	4259988	4.06
2026-05-09T20:03:24+02:00	relation_type	gpt2	459776	4260040	4.06
2026-05-09T20:03:34+02:00	relation_type	gpt2	459776	4198024	4.00
2026-05-09T20:03:44+02:00	relation_type	gpt2	459776	4358092	4.16
2026-05-09T20:03:54+02:00	relation_type	gpt2	459776	4259932	4.06
2026-05-09T20:04:04+02:00	relation_type	gpt2	459776	4259992	4.06
2026-05-09T20:04:14+02:00	relation_type	gpt2	459776	4260004	4.06
2026-05-09T20:04:24+02:00	relation_type	gpt2	459776	4260072	4.06
2026-05-09T20:04:34+02:00	relation_type	gpt2	459776	4357880	4.16
2026-05-09T20:04:44+02:00	relation_type	gpt2	459776	4357944	4.16
2026-05-09T20:04:54+02:00	relation_type	gpt2	459776	4259828	4.06
2026-05-09T20:05:04+02:00	relation_type	gpt2	459776	4261348	4.06
2026-05-09T20:05:14+02:00	relation_type	gpt2	459776	4016652	3.83
2026-05-09T20:05:24+02:00	relation_type	gpt2	459776	4360140	4.16
2026-05-09T20:05:34+02:00	relation_type	gpt2	459776	4261496	4.06
2026-05-09T20:05:44+02:00	relation_type	gpt2	459776	4261316	4.06
2026-05-09T20:05:54+02:00	relation_type	gpt2	459776	4261412	4.06
2026-05-09T20:06:04+02:00	relation_type	gpt2	459776	4360120	4.16
2026-05-09T20:06:14+02:00	relation_type	gpt2	459776	4261476	4.06
2026-05-09T20:06:24+02:00	relation_type	gpt2	459776	4261268	4.06
2026-05-09T20:06:34+02:00	relation_type	gpt2	459776	4453804	4.25
2026-05-09T20:06:44+02:00	relation_type	gpt2	459776	4273736	4.08
2026-05-09T20:06:54+02:00	relation_type	gpt2	459776	4261420	4.06
2026-05-09T20:07:04+02:00	relation_type	gpt2	459776	4261504	4.06
2026-05-09T20:07:14+02:00	relation_type	gpt2	459776	4453268	4.25
2026-05-09T20:07:24+02:00	relation_type	gpt2	459776	4261332	4.06
2026-05-09T20:07:34+02:00	relation_type	gpt2	459776	4261412	4.06
2026-05-09T20:07:44+02:00	relation_type	gpt2	459776	4261484	4.06
2026-05-09T20:07:54+02:00	relation_type	gpt2	459776	4359920	4.16
2026-05-09T20:08:04+02:00	relation_type	gpt2	459776	4261284	4.06
2026-05-09T20:08:14+02:00	relation_type	gpt2	459776	4261376	4.06
2026-05-09T20:08:24+02:00	relation_type	gpt2	459776	4261456	4.06
2026-05-09T20:08:34+02:00	relation_type	gpt2	459776	4359896	4.16
2026-05-09T20:08:44+02:00	relation_type	gpt2	459776	4261504	4.06
2026-05-09T20:08:54+02:00	relation_type	gpt2	459776	4261288	4.06
2026-05-09T20:09:04+02:00	relation_type	gpt2	459776	4214368	4.02
2026-05-09T20:09:14+02:00	relation_type	gpt2	459776	4360108	4.16
2026-05-09T20:09:24+02:00	relation_type	gpt2	459776	4261440	4.06
2026-05-09T20:09:34+02:00	relation_type	gpt2	459776	4261520	4.06
2026-05-09T20:09:44+02:00	relation_type	gpt2	459776	4128344	3.94
2026-05-09T20:09:54+02:00	relation_type	gpt2	459776	4261300	4.06
2026-05-09T20:10:04+02:00	relation_type	gpt2	459776	4145584	3.95
2026-05-09T20:10:14+02:00	relation_type	gpt2	459776	4145508	3.95
2026-05-09T20:10:24+02:00	relation_type	gpt2	459776	4282612	4.08
2026-05-09T20:10:34+02:00	relation_type	gpt2	459776	4224188	4.03
2026-05-09T20:10:44+02:00	relation_type	gpt2	459776	4224416	4.03
2026-05-09T20:10:54+02:00	relation_type	gpt2	459776	4150096	3.96
2026-05-09T20:11:04+02:00	relation_type	gpt2	459776	4145552	3.95
2026-05-09T20:11:14+02:00	relation_type	gpt2	459776	4145464	3.95
2026-05-09T20:11:24+02:00	relation_type	gpt2	459776	4145400	3.95
2026-05-09T20:11:34+02:00	relation_type	gpt2	459776	4145620	3.95
2026-05-09T20:11:44+02:00	relation_type	gpt2	459776	3992536	3.81
2026-05-09T20:11:54+02:00	relation_type	gpt2	459776	4282608	4.08
2026-05-09T20:12:04+02:00	relation_type	gpt2	459776	4218420	4.02
2026-05-09T20:12:14+02:00	relation_type	gpt2	459776	4149956	3.96
2026-05-09T20:12:24+02:00	relation_type	gpt2	459776	4145376	3.95
2026-05-09T20:12:34+02:00	relation_type	gpt2	459776	4133184	3.94
2026-05-09T20:12:44+02:00	relation_type	gpt2	459776	4281912	4.08
2026-05-09T20:12:54+02:00	relation_type	gpt2	459776	4224584	4.03
2026-05-09T20:13:04+02:00	relation_type	gpt2	459776	4100144	3.91
2026-05-09T20:13:14+02:00	relation_type	gpt2	459776	4115832	3.93
2026-05-09T20:13:24+02:00	relation_type	gpt2	459776	4127092	3.94
2026-05-09T20:13:34+02:00	relation_type	gpt2	459776	4131732	3.94
2026-05-09T20:13:44+02:00	relation_type	gpt2	459776	4200512	4.01
2026-05-09T20:13:54+02:00	relation_type	gpt2	459776	4127032	3.94
2026-05-09T20:14:04+02:00	relation_type	gpt2	459776	4131672	3.94
2026-05-09T20:14:14+02:00	relation_type	gpt2	459776	4131552	3.94
2026-05-09T20:14:24+02:00	relation_type	gpt2	459776	4021284	3.83
2026-05-09T20:14:34+02:00	relation_type	gpt2	459776	4127096	3.94
2026-05-09T20:14:44+02:00	relation_type	gpt2	459776	4131740	3.94
2026-05-09T20:14:54+02:00	relation_type	gpt2	459776	4200520	4.01
2026-05-09T20:15:04+02:00	relation_type	gpt2	459776	4100916	3.91
2026-05-09T20:15:14+02:00	relation_type	gpt2	459776	4131680	3.94
2026-05-09T20:15:24+02:00	relation_type	gpt2	459776	4131560	3.94
2026-05-09T20:15:34+02:00	relation_type	gpt2	459776	4091212	3.90
2026-05-09T20:15:44+02:00	relation_type	gpt2	459776	4127148	3.94
2026-05-09T20:15:54+02:00	relation_type	gpt2	459776	4640436	4.43
2026-05-09T20:16:04+02:00	relation_type	gpt2	459776	4370768	4.17
2026-05-09T20:16:14+02:00	relation_type	gpt2	459776	4371068	4.17
2026-05-09T20:16:24+02:00	relation_type	gpt2	459776	4370932	4.17
2026-05-09T20:16:34+02:00	relation_type	gpt2	459776	4641276	4.43
2026-05-09T20:16:44+02:00	relation_type	gpt2	459776	4370972	4.17
2026-05-09T20:16:54+02:00	relation_type	gpt2	459776	4371108	4.17
2026-05-09T20:17:04+02:00	relation_type	gpt2	459776	4370988	4.17
2026-05-09T20:17:14+02:00	relation_type	gpt2	459776	4640796	4.43
2026-05-09T20:17:24+02:00	relation_type	gpt2	459776	4371052	4.17
2026-05-09T20:17:34+02:00	relation_type	gpt2	459776	4370964	4.17
2026-05-09T20:17:44+02:00	relation_type	gpt2	459776	4371120	4.17
2026-05-09T20:17:54+02:00	relation_type	gpt2	459776	4640676	4.43
2026-05-09T20:18:04+02:00	relation_type	gpt2	459776	4371148	4.17
2026-05-09T20:18:14+02:00	relation_type	gpt2	459776	4371040	4.17
2026-05-09T20:18:24+02:00	relation_type	gpt2	459776	4371192	4.17
2026-05-09T20:18:34+02:00	relation_type	gpt2	459776	4508596	4.30
2026-05-09T20:18:44+02:00	relation_type	gpt2	459776	4342692	4.14
2026-05-09T20:18:54+02:00	relation_type	gpt2	459776	4371064	4.17
2026-05-09T20:19:04+02:00	relation_type	gpt2	459776	4370940	4.17
2026-05-09T20:19:14+02:00	relation_type	gpt2	459776	4508604	4.30
2026-05-09T20:19:24+02:00	relation_type	gpt2	459776	4314476	4.11
2026-05-09T20:19:34+02:00	relation_type	gpt2	459776	4371088	4.17
2026-05-09T20:19:44+02:00	relation_type	gpt2	459776	4370964	4.17
2026-05-09T20:19:54+02:00	relation_type	gpt2	459776	4508608	4.30
2026-05-09T20:20:04+02:00	relation_type	gpt2	459776	4282788	4.08
2026-05-09T20:20:14+02:00	relation_type	gpt2	459776	4371104	4.17
2026-05-09T20:20:24+02:00	relation_type	gpt2	459776	4370976	4.17
2026-05-09T20:20:34+02:00	relation_type	gpt2	459776	4508672	4.30
2026-05-09T20:20:44+02:00	relation_type	gpt2	459776	4262508	4.07
2026-05-09T20:20:54+02:00	relation_type	gpt2	459776	4371148	4.17
2026-05-09T20:21:04+02:00	relation_type	gpt2	459776	4371040	4.17
2026-05-09T20:21:14+02:00	relation_type	gpt2	459776	4371164	4.17
2026-05-09T20:21:24+02:00	relation_type	gpt2	459776	4641248	4.43
2026-05-09T20:21:34+02:00	relation_type	gpt2	459776	4370936	4.17
2026-05-09T20:21:44+02:00	relation_type	gpt2	459776	4371064	4.17
2026-05-09T20:21:54+02:00	relation_type	gpt2	459776	4370944	4.17
2026-05-09T20:22:04+02:00	relation_type	gpt2	459776	4371084	4.17
2026-05-09T20:22:14+02:00	relation_type	gpt2	459776	4640640	4.43
2026-05-09T20:22:24+02:00	relation_type	gpt2	459776	4371152	4.17
2026-05-09T20:22:34+02:00	relation_type	gpt2	459776	4371040	4.17
2026-05-09T20:22:44+02:00	relation_type	gpt2	459776	4371184	4.17
2026-05-09T20:22:54+02:00	relation_type	gpt2	459776	4124248	3.93
2026-05-09T20:23:04+02:00	relation_type	gpt2	459776	4152544	3.96
2026-05-09T20:23:14+02:00	relation_type	gpt2	459776	4157100	3.96
2026-05-09T20:23:24+02:00	relation_type	gpt2	459776	4233700	4.04
2026-05-09T20:23:34+02:00	relation_type	gpt2	459776	4152536	3.96
2026-05-09T20:23:44+02:00	relation_type	gpt2	459776	4157096	3.96
2026-05-09T20:23:54+02:00	relation_type	gpt2	459776	4233704	4.04
2026-05-09T20:24:04+02:00	relation_type	gpt2	459776	4152308	3.96
2026-05-09T20:24:14+02:00	relation_type	gpt2	459776	4157120	3.96
2026-05-09T20:24:24+02:00	relation_type	gpt2	459776	4175380	3.98
2026-05-09T20:24:34+02:00	relation_type	gpt2	459776	4152308	3.96
2026-05-09T20:24:44+02:00	relation_type	gpt2	459776	4157108	3.96
2026-05-09T20:24:54+02:00	relation_type	gpt2	459776	4180928	3.99
2026-05-09T20:25:04+02:00	relation_type	gpt2	459776	4149416	3.96
2026-05-09T20:25:14+02:00	relation_type	gpt2	459776	4157132	3.96
2026-05-09T20:25:24+02:00	relation_type	gpt2	459776	4179904	3.99
2026-05-09T20:25:34+02:00	relation_type	gpt2	459776	4061900	3.87
2026-05-09T20:25:44+02:00	relation_type	gpt2	459776	4157172	3.96
2026-05-09T20:25:54+02:00	relation_type	gpt2	459776	4233504	4.04
2026-05-09T20:26:04+02:00	relation_type	gpt2	459776	4096936	3.91
2026-05-09T20:26:14+02:00	relation_type	gpt2	459776	3983436	3.80
2026-05-09T20:26:24+02:00	relation_type	gpt2	459776	3983436	3.80
2026-05-09T20:26:34+02:00	relation_type	gpt2	459776	3983436	3.80
2026-05-09T20:26:44+02:00	relation_type	gpt2	459776	3983436	3.80
2026-05-09T20:26:54+02:00	relation_type	gpt2	459776	3983436	3.80
2026-05-09T20:27:04+02:00	relation_type	gpt2	459776	3983436	3.80
2026-05-09T20:27:14+02:00	relation_type	gpt2	459776	3983436	3.80
2026-05-09T20:27:24+02:00	relation_type	gpt2	459776	3983436	3.80
2026-05-09T20:27:34+02:00	relation_type	gpt2	459776	3983436	3.80
2026-05-09T20:27:44+02:00	relation_type	gpt2	459776	3983436	3.80
2026-05-09T20:27:54+02:00	relation_type	gpt2	459776	3983436	3.80
2026-05-09T20:28:04+02:00	relation_type	gpt2	459776	3983436	3.80
2026-05-09T20:28:14+02:00	relation_type	gpt2	459776	3983436	3.80
2026-05-09T20:28:24+02:00	relation_type	gpt2	459776	3983436	3.80
2026-05-09T20:28:34+02:00	relation_type	gpt2	459776	3983436	3.80
2026-05-09T20:28:44+02:00	relation_type	gpt2	459776	3983436	3.80
2026-05-09T20:28:54+02:00	relation_type	gpt2	459776	3983436	3.80
2026-05-09T20:29:04+02:00	relation_type	gpt2	459776	3983436	3.80
2026-05-09T20:29:14+02:00	relation_type	gpt2	459776	3983436	3.80
2026-05-09T20:29:24+02:00	relation_type	gpt2	459776	3983436	3.80
2026-05-09T20:29:34+02:00	relation_type	gpt2	459776	3983436	3.80
2026-05-09T20:29:44+02:00	relation_type	gpt2	459776	3983436	3.80
2026-05-09T20:29:54+02:00	relation_type	gpt2	459776	3983436	3.80
2026-05-09T20:30:04+02:00	relation_type	gpt2	459776	3983436	3.80
2026-05-09T20:30:14+02:00	relation_type	gpt2	459776	3983436	3.80
2026-05-09T20:30:24+02:00	relation_type	gpt2	459776	3983436	3.80
2026-05-09T20:30:34+02:00	relation_type	gpt2	459776	3983436	3.80
2026-05-09T20:30:44+02:00	relation_type	gpt2	459776	3983436	3.80
2026-05-09T20:30:54+02:00	relation_type	gpt2	459776	3983436	3.80
2026-05-09T20:31:04+02:00	relation_type	gpt2	459776	3983436	3.80
2026-05-09T20:31:14+02:00	relation_type	gpt2	459776	3983436	3.80
2026-05-09T20:31:24+02:00	relation_type	gpt2	459776	3983436	3.80
2026-05-09T20:31:34+02:00	relation_type	gpt2	459776	3983436	3.80
2026-05-09T20:31:44+02:00	relation_type	gpt2	459776	3983436	3.80
2026-05-09T20:31:54+02:00	relation_type	gpt2	459776	3983436	3.80
2026-05-09T20:32:05+02:00	relation_type	gpt2	459776	3983436	3.80
2026-05-09T20:32:15+02:00	relation_type	gpt2	459776	3983436	3.80
2026-05-09T20:32:25+02:00	relation_type	gpt2	459776	3983436	3.80
2026-05-09T20:32:35+02:00	relation_type	gpt2	459776	3983436	3.80
2026-05-09T20:32:45+02:00	relation_type	gpt2	459776	3983436	3.80
2026-05-09T20:32:55+02:00	relation_type	gpt2	459776	3983436	3.80
2026-05-09T20:33:05+02:00	relation_type	gpt2	459776	3983436	3.80
2026-05-09T20:33:15+02:00	relation_type	gpt2	459776	3983436	3.80
2026-05-09T20:33:25+02:00	relation_type	gpt2	459776	3983436	3.80
2026-05-09T20:33:35+02:00	relation_type	gpt2	459776	3983436	3.80
2026-05-09T20:33:45+02:00	relation_type	gpt2	459776	3983436	3.80
2026-05-09T20:33:55+02:00	relation_type	gpt2	459776	3983436	3.80
2026-05-09T20:34:05+02:00	relation_type	gpt2	459776	3983436	3.80
2026-05-09T20:34:15+02:00	relation_type	gpt2	459776	3983436	3.80
2026-05-09T20:34:25+02:00	relation_type	gpt2	459776	3983436	3.80
2026-05-09T20:34:35+02:00	relation_type	gpt2	459776	3983436	3.80
2026-05-09T20:34:45+02:00	relation_type	gpt2	459776	3983436	3.80
2026-05-09T20:34:55+02:00	relation_type	gpt2	459776	3983436	3.80
2026-05-09T20:35:05+02:00	relation_type	gpt2	459776	3983436	3.80
2026-05-09T20:35:15+02:00	relation_type	gpt2	459776	3983436	3.80
2026-05-09T20:35:25+02:00	relation_type	gpt2	459776	3983436	3.80
2026-05-09T20:35:35+02:00	relation_type	gpt2	459776	3983436	3.80
2026-05-09T20:35:45+02:00	relation_type	gpt2	459776	3983436	3.80
2026-05-09T20:35:55+02:00	relation_type	gpt2	459776	3983436	3.80
2026-05-09T20:36:05+02:00	relation_type	gpt2	459776	3983436	3.80
2026-05-09T20:36:15+02:00	relation_type	gpt2	459776	3983436	3.80
2026-05-09T20:36:25+02:00	relation_type	gpt2	459776	3983436	3.80
2026-05-09T20:36:35+02:00	relation_type	gpt2	459776	3983436	3.80
2026-05-09T20:36:45+02:00	relation_type	gpt2	459776	3983436	3.80
2026-05-09T20:36:55+02:00	relation_type	gpt2	459776	3983436	3.80
2026-05-09T20:37:05+02:00	relation_type	gpt2	459776	3983436	3.80
2026-05-09T20:37:15+02:00	relation_type	gpt2	459776	3983436	3.80
2026-05-09T20:37:25+02:00	relation_type	gpt2	459776	3983436	3.80
2026-05-09T20:37:35+02:00	relation_type	gpt2	459776	3983436	3.80
2026-05-09T20:37:45+02:00	relation_type	gpt2	459776	3983436	3.80
2026-05-09T20:37:55+02:00	relation_type	gpt2	459776	3983436	3.80
2026-05-09T20:38:05+02:00	relation_type	gpt2	459776	3983436	3.80
2026-05-09T20:38:15+02:00	relation_type	gpt2	459776	3983436	3.80
2026-05-09T20:38:25+02:00	relation_type	gpt2	459776	3983436	3.80
2026-05-09T20:38:35+02:00	relation_type	gpt2	459776	3983436	3.80
2026-05-09T20:38:45+02:00	relation_type	gpt2	459776	3983436	3.80
2026-05-09T20:38:55+02:00	relation_type	gpt2	459776	3983436	3.80
2026-05-09T20:39:05+02:00	relation_type	gpt2	459776	3983436	3.80
2026-05-09T20:39:15+02:00	relation_type	gpt2	459776	3983436	3.80
2026-05-09T20:39:25+02:00	relation_type	gpt2	459776	3983436	3.80
2026-05-09T20:39:35+02:00	relation_type	gpt2	459776	3983436	3.80
2026-05-09T20:39:45+02:00	relation_type	gpt2	459776	3983436	3.80
2026-05-09T20:39:55+02:00	relation_type	gpt2	459776	3983436	3.80
2026-05-09T20:40:05+02:00	relation_type	gpt2	459776	3983436	3.80
2026-05-09T20:40:15+02:00	relation_type	gpt2	459776	3983436	3.80
2026-05-09T20:40:25+02:00	relation_type	gpt2	459776	3983436	3.80
2026-05-09T20:40:35+02:00	relation_type	gpt2	459776	3983436	3.80
2026-05-09T20:40:45+02:00	relation_type	gpt2	459776	3983436	3.80
2026-05-09T20:40:55+02:00	relation_type	gpt2	459776	3983436	3.80
2026-05-09T20:41:05+02:00	relation_type	gpt2	459776	3983436	3.80
2026-05-09T20:41:15+02:00	relation_type	gpt2	459776	3983436	3.80
2026-05-09T20:41:25+02:00	relation_type	gpt2	459776	3983436	3.80
2026-05-09T20:41:35+02:00	relation_type	gpt2	459776	3983436	3.80
2026-05-09T20:41:45+02:00	relation_type	gpt2	459776	3983436	3.80
2026-05-09T20:41:55+02:00	relation_type	gpt2	459776	3983436	3.80
2026-05-09T20:42:05+02:00	relation_type	gpt2	459776	3983436	3.80
2026-05-09T20:42:15+02:00	relation_type	gpt2	459776	3983436	3.80
2026-05-09T20:42:25+02:00	relation_type	gpt2	459776	3983436	3.80
2026-05-09T20:42:35+02:00	relation_type	gpt2	459776	3983436	3.80
2026-05-09T20:42:45+02:00	relation_type	gpt2	459776	3983436	3.80
2026-05-09T20:42:55+02:00	relation_type	gpt2	459776	3983436	3.80
2026-05-09T20:43:05+02:00	relation_type	gpt2	459776	3983436	3.80
2026-05-09T20:43:15+02:00	relation_type	gpt2	459776	3983436	3.80
2026-05-09T20:43:25+02:00	arity	bert	464532	4544	0.00
2026-05-09T20:43:35+02:00	arity	bert	464532	1912068	1.82
2026-05-09T20:43:45+02:00	arity	bert	464532	2555172	2.44
2026-05-09T20:43:55+02:00	arity	bert	464532	2943516	2.81
2026-05-09T20:44:05+02:00	arity	bert	464532	3142836	3.00
2026-05-09T20:44:15+02:00	arity	bert	464532	3241836	3.09
2026-05-09T20:44:25+02:00	arity	bert	464532	3283020	3.13
2026-05-09T20:44:35+02:00	arity	bert	464532	3296220	3.14
2026-05-09T20:44:45+02:00	arity	bert	464532	3298068	3.15
2026-05-09T20:44:55+02:00	arity	bert	464532	3852688	3.67
2026-05-09T20:45:05+02:00	arity	bert	464532	3852900	3.67
2026-05-09T20:45:15+02:00	arity	bert	464532	3335348	3.18
2026-05-09T20:45:25+02:00	arity	bert	464532	3852856	3.67
2026-05-09T20:45:35+02:00	arity	bert	464532	4037524	3.85
2026-05-09T20:45:45+02:00	arity	bert	464532	3852868	3.67
2026-05-09T20:45:55+02:00	arity	bert	464532	3852972	3.67
2026-05-09T20:46:05+02:00	arity	bert	464532	3852920	3.67
2026-05-09T20:46:15+02:00	arity	bert	464532	3852988	3.67
2026-05-09T20:46:25+02:00	arity	bert	464532	4217360	4.02
2026-05-09T20:46:35+02:00	arity	bert	464532	3852868	3.67
2026-05-09T20:46:45+02:00	arity	bert	464532	4037340	3.85
2026-05-09T20:46:55+02:00	arity	bert	464532	3853064	3.67
2026-05-09T20:47:05+02:00	arity	bert	464532	3852944	3.67
2026-05-09T20:47:15+02:00	arity	bert	464532	3686064	3.52
2026-05-09T20:47:25+02:00	arity	bert	464532	3852868	3.67
2026-05-09T20:47:35+02:00	arity	bert	464532	4037512	3.85
2026-05-09T20:47:45+02:00	arity	bert	464532	3853056	3.67
2026-05-09T20:47:55+02:00	arity	bert	464532	3852948	3.67
2026-05-09T20:48:05+02:00	arity	bert	464532	3402892	3.25
2026-05-09T20:48:15+02:00	arity	bert	464532	3853044	3.67
2026-05-09T20:48:25+02:00	arity	bert	464532	4037556	3.85
2026-05-09T20:48:35+02:00	arity	bert	464532	3853040	3.67
2026-05-09T20:48:45+02:00	arity	bert	464532	3853016	3.67
2026-05-09T20:48:55+02:00	arity	bert	464532	3443948	3.28
2026-05-09T20:49:05+02:00	arity	bert	464532	3852880	3.67
2026-05-09T20:49:15+02:00	arity	bert	464532	4037468	3.85
2026-05-09T20:49:25+02:00	arity	bert	464532	3852836	3.67
2026-05-09T20:49:35+02:00	arity	bert	464532	3852944	3.67
2026-05-09T20:49:45+02:00	arity	bert	464532	4217388	4.02
2026-05-09T20:49:55+02:00	arity	bert	464532	3852848	3.67
2026-05-09T20:50:05+02:00	arity	bert	464532	4037368	3.85
2026-05-09T20:50:15+02:00	arity	bert	464532	3852868	3.67
2026-05-09T20:50:25+02:00	arity	bert	464532	3852988	3.67
2026-05-09T20:50:35+02:00	arity	bert	464532	3441660	3.28
2026-05-09T20:50:45+02:00	arity	bert	464532	3852952	3.67
2026-05-09T20:50:55+02:00	arity	bert	464532	4037380	3.85
2026-05-09T20:51:05+02:00	arity	bert	464532	3852944	3.67
2026-05-09T20:51:15+02:00	arity	bert	464532	3852868	3.67
2026-05-09T20:51:25+02:00	arity	bert	464532	3760964	3.59
2026-05-09T20:51:35+02:00	arity	bert	464532	3852928	3.67
2026-05-09T20:51:45+02:00	arity	bert	464532	4037456	3.85
2026-05-09T20:51:55+02:00	arity	bert	464532	3853056	3.67
2026-05-09T20:52:05+02:00	arity	bert	464532	3853076	3.67
2026-05-09T20:52:15+02:00	arity	bert	464532	3771108	3.60
2026-05-09T20:52:25+02:00	arity	bert	464532	3852960	3.67
2026-05-09T20:52:35+02:00	arity	bert	464532	4037580	3.85
2026-05-09T20:52:45+02:00	arity	bert	464532	3853056	3.67
2026-05-09T20:52:55+02:00	arity	bert	464532	3853056	3.67
2026-05-09T20:53:05+02:00	arity	bert	464532	3852992	3.67
2026-05-09T20:53:15+02:00	arity	bert	464532	3852884	3.67
2026-05-09T20:53:25+02:00	arity	bert	464532	4217568	4.02
2026-05-09T20:53:35+02:00	arity	bert	464532	3853064	3.67
2026-05-09T20:53:45+02:00	arity	bert	464532	3853012	3.67
2026-05-09T20:53:55+02:00	arity	bert	464532	3829800	3.65
2026-05-09T20:54:05+02:00	arity	bert	464532	3852944	3.67
2026-05-09T20:54:15+02:00	arity	bert	464532	4217400	4.02
2026-05-09T20:54:25+02:00	arity	bert	464532	3852908	3.67
2026-05-09T20:54:35+02:00	arity	bert	464532	3865144	3.69
2026-05-09T20:54:45+02:00	arity	bert	464532	3686084	3.52
2026-05-09T20:54:55+02:00	arity	bert	464532	3686392	3.52
2026-05-09T20:55:05+02:00	arity	bert	464532	3686312	3.52
2026-05-09T20:55:15+02:00	arity	bert	464532	3686520	3.52
2026-05-09T20:55:25+02:00	arity	bert	464532	3686408	3.52
2026-05-09T20:55:35+02:00	arity	bert	464532	3812524	3.64
2026-05-09T20:55:45+02:00	arity	bert	464532	3686492	3.52
2026-05-09T20:55:55+02:00	arity	bert	464532	3354140	3.20
2026-05-09T20:56:05+02:00	arity	bert	464532	3686456	3.52
2026-05-09T20:56:15+02:00	arity	bert	464532	3686288	3.52
2026-05-09T20:56:25+02:00	arity	bert	464532	3698500	3.53
2026-05-09T20:56:35+02:00	arity	bert	464532	3686404	3.52
2026-05-09T20:56:45+02:00	arity	bert	464532	3812360	3.64
2026-05-09T20:56:55+02:00	arity	bert	464532	3686380	3.52
2026-05-09T20:57:05+02:00	arity	bert	464532	3577064	3.41
2026-05-09T20:57:15+02:00	arity	bert	464532	3686320	3.52
2026-05-09T20:57:25+02:00	arity	bert	464532	3686468	3.52
2026-05-09T20:57:35+02:00	arity	bert	464532	3686324	3.52
2026-05-09T20:57:45+02:00	arity	bert	464532	3686484	3.52
2026-05-09T20:57:55+02:00	arity	bert	464532	3812572	3.64
2026-05-09T20:58:05+02:00	arity	bert	464532	3686504	3.52
2026-05-09T20:58:15+02:00	arity	bert	464532	3812412	3.64
2026-05-09T20:58:25+02:00	arity	bert	464532	3686292	3.52
2026-05-09T20:58:35+02:00	arity	bert	464532	3666760	3.50
2026-05-09T20:58:45+02:00	arity	bert	464532	3686328	3.52
2026-05-09T20:58:55+02:00	arity	bert	464532	3686388	3.52
2026-05-09T20:59:05+02:00	arity	bert	464532	3698516	3.53
2026-05-09T20:59:15+02:00	arity	bert	464532	3686496	3.52
2026-05-09T20:59:25+02:00	arity	bert	464532	3812520	3.64
2026-05-09T20:59:35+02:00	arity	bert	464532	3686416	3.52
2026-05-09T20:59:45+02:00	arity	bert	464532	3637784	3.47
2026-05-09T20:59:55+02:00	arity	bert	464532	3686460	3.52
2026-05-09T21:00:05+02:00	arity	bert	464532	3686480	3.52
2026-05-09T21:00:15+02:00	arity	bert	464532	3698576	3.53
2026-05-09T21:00:25+02:00	arity	bert	464532	3686352	3.52
2026-05-09T21:00:35+02:00	arity	bert	464532	3812352	3.64
2026-05-09T21:00:45+02:00	arity	bert	464532	3686424	3.52
2026-05-09T21:00:55+02:00	arity	bert	464532	3570556	3.41
2026-05-09T21:01:05+02:00	arity	bert	464532	3686504	3.52
2026-05-09T21:01:15+02:00	arity	bert	464532	3663492	3.49
2026-05-09T21:01:25+02:00	arity	bert	464532	3646580	3.48
2026-05-09T21:01:35+02:00	arity	bert	464532	3659096	3.49
2026-05-09T21:01:45+02:00	arity	bert	464532	3646808	3.48
2026-05-09T21:01:55+02:00	arity	bert	464532	3646564	3.48
2026-05-09T21:02:05+02:00	arity	bert	464532	3867796	3.69
2026-05-09T21:02:15+02:00	arity	bert	464532	3646568	3.48
2026-05-09T21:02:25+02:00	arity	bert	464532	3646688	3.48
2026-05-09T21:02:35+02:00	arity	bert	464532	3627884	3.46
2026-05-09T21:02:45+02:00	arity	bert	464532	3646764	3.48
2026-05-09T21:02:55+02:00	arity	bert	464532	3867412	3.69
2026-05-09T21:03:05+02:00	arity	bert	464532	3646560	3.48
2026-05-09T21:03:15+02:00	arity	bert	464532	3646792	3.48
2026-05-09T21:03:25+02:00	arity	bert	464532	3562956	3.40
2026-05-09T21:03:35+02:00	arity	bert	464532	3646688	3.48
2026-05-09T21:03:45+02:00	arity	bert	464532	3759608	3.59
2026-05-09T21:03:55+02:00	arity	bert	464532	3646780	3.48
2026-05-09T21:04:05+02:00	arity	bert	464532	3646704	3.48
2026-05-09T21:04:15+02:00	arity	bert	464532	3867752	3.69
2026-05-09T21:04:25+02:00	arity	bert	464532	3646776	3.48
2026-05-09T21:04:35+02:00	arity	bert	464532	3646660	3.48
2026-05-09T21:04:45+02:00	arity	bert	464532	3607368	3.44
2026-05-09T21:04:55+02:00	arity	bert	464532	3646588	3.48
2026-05-09T21:05:05+02:00	arity	bert	464532	3759644	3.59
2026-05-09T21:05:15+02:00	arity	bert	464532	3646688	3.48
2026-05-09T21:05:25+02:00	arity	bert	464532	3646572	3.48
2026-05-09T21:05:35+02:00	arity	bert	464532	3604516	3.44
2026-05-09T21:05:45+02:00	arity	bert	464532	3646604	3.48
2026-05-09T21:05:55+02:00	arity	bert	464532	3759548	3.59
2026-05-09T21:06:05+02:00	arity	bert	464532	3646676	3.48
2026-05-09T21:06:15+02:00	arity	bert	464532	3646796	3.48
2026-05-09T21:06:25+02:00	arity	bert	464532	3555412	3.39
2026-05-09T21:06:35+02:00	arity	bert	464532	3646620	3.48
2026-05-09T21:06:45+02:00	arity	bert	464532	3646708	3.48
2026-05-09T21:06:55+02:00	arity	bert	464532	3569088	3.40
2026-05-09T21:07:05+02:00	arity	bert	464532	3646788	3.48
2026-05-09T21:07:15+02:00	arity	bert	464532	3565716	3.40
2026-05-09T21:07:25+02:00	arity	bert	464532	3732920	3.56
2026-05-09T21:07:35+02:00	arity	bert	464532	3565824	3.40
2026-05-09T21:07:45+02:00	arity	bert	464532	3565804	3.40
2026-05-09T21:07:55+02:00	arity	bert	464532	3506124	3.34
2026-05-09T21:08:05+02:00	arity	bert	464532	3565872	3.40
2026-05-09T21:08:15+02:00	arity	bert	464532	3565860	3.40
2026-05-09T21:08:25+02:00	arity	bert	464532	3565860	3.40
2026-05-09T21:08:35+02:00	arity	bert	464532	3585216	3.42
2026-05-09T21:08:45+02:00	arity	bert	464532	3565928	3.40
2026-05-09T21:08:55+02:00	arity	bert	464532	3565936	3.40
2026-05-09T21:09:05+02:00	arity	bert	464532	3651832	3.48
2026-05-09T21:09:15+02:00	arity	bert	464532	3565776	3.40
2026-05-09T21:09:25+02:00	arity	bert	464532	3565784	3.40
2026-05-09T21:09:35+02:00	arity	bert	464532	3732980	3.56
2026-05-09T21:09:45+02:00	arity	bert	464532	3578316	3.41
2026-05-09T21:09:55+02:00	arity	bert	464532	3565896	3.40
2026-05-09T21:10:05+02:00	arity	bert	464532	3565880	3.40
2026-05-09T21:10:15+02:00	arity	bert	464532	3574444	3.41
2026-05-09T21:10:25+02:00	arity	bert	464532	3565724	3.40
2026-05-09T21:10:35+02:00	arity	bert	464532	3565720	3.40
2026-05-09T21:10:45+02:00	arity	bert	464532	3651616	3.48
2026-05-09T21:10:55+02:00	arity	bert	464532	3565808	3.40
2026-05-09T21:11:05+02:00	arity	bert	464532	3565804	3.40
2026-05-09T21:11:15+02:00	arity	bert	464532	3485696	3.32
2026-05-09T21:11:25+02:00	arity	bert	464532	3565876	3.40
2026-05-09T21:11:35+02:00	arity	bert	464532	3565844	3.40
2026-05-09T21:11:45+02:00	arity	bert	464532	3663304	3.49
2026-05-09T21:11:55+02:00	arity	bert	464532	3574596	3.41
2026-05-09T21:12:05+02:00	arity	bert	464532	3586716	3.42
2026-05-09T21:12:15+02:00	arity	bert	464532	3574564	3.41
2026-05-09T21:12:25+02:00	arity	bert	464532	3574548	3.41
2026-05-09T21:12:35+02:00	arity	bert	464532	3747548	3.57
2026-05-09T21:12:45+02:00	arity	bert	464532	3574496	3.41
2026-05-09T21:12:55+02:00	arity	bert	464532	3747740	3.57
2026-05-09T21:13:05+02:00	arity	bert	464532	3574680	3.41
2026-05-09T21:13:15+02:00	arity	bert	464532	3574656	3.41
2026-05-09T21:13:25+02:00	arity	bert	464532	3508132	3.35
2026-05-09T21:13:35+02:00	arity	bert	464532	3574652	3.41
2026-05-09T21:13:45+02:00	arity	bert	464532	3747636	3.57
2026-05-09T21:13:55+02:00	arity	bert	464532	3574592	3.41
2026-05-09T21:14:05+02:00	arity	bert	464532	3574564	3.41
2026-05-09T21:14:15+02:00	arity	bert	464532	3574572	3.41
2026-05-09T21:14:26+02:00	arity	bert	464532	3574704	3.41
2026-05-09T21:14:36+02:00	arity	bert	464532	3535636	3.37
2026-05-09T21:14:46+02:00	arity	bert	464532	3574664	3.41
2026-05-09T21:14:56+02:00	arity	bert	464532	3747692	3.57
2026-05-09T21:15:06+02:00	arity	bert	464532	3574648	3.41
2026-05-09T21:15:16+02:00	arity	bert	464532	3663308	3.49
2026-05-09T21:15:26+02:00	arity	bert	464532	3574628	3.41
2026-05-09T21:15:36+02:00	arity	bert	464532	3663280	3.49
2026-05-09T21:15:46+02:00	arity	bert	464532	3525984	3.36
2026-05-09T21:15:56+02:00	arity	bert	464532	3574500	3.41
2026-05-09T21:16:06+02:00	arity	bert	464532	3663180	3.49
2026-05-09T21:16:16+02:00	arity	bert	464532	3354592	3.20
2026-05-09T21:16:26+02:00	arity	bert	464532	3362836	3.21
2026-05-09T21:16:36+02:00	arity	bert	464532	3354592	3.20
2026-05-09T21:16:46+02:00	arity	bert	464532	3358024	3.20
2026-05-09T21:16:56+02:00	arity	bert	464532	3358024	3.20
2026-05-09T21:17:06+02:00	arity	bert	464532	3356708	3.20
2026-05-09T21:17:16+02:00	arity	bert	464532	3362904	3.21
2026-05-09T21:17:26+02:00	arity	bert	464532	3302624	3.15
2026-05-09T21:17:36+02:00	arity	bert	464532	3358024	3.20
2026-05-09T21:17:46+02:00	arity	bert	464532	3317012	3.16
2026-05-09T21:17:56+02:00	arity	bert	464532	3362120	3.21
2026-05-09T21:18:06+02:00	arity	bert	464532	3318584	3.16
2026-05-09T21:18:16+02:00	arity	bert	464532	3338204	3.18
2026-05-09T21:18:26+02:00	arity	bert	464532	3338204	3.18
2026-05-09T21:18:36+02:00	arity	bert	464532	3338204	3.18
2026-05-09T21:18:46+02:00	arity	bert	464532	3338204	3.18
2026-05-09T21:18:56+02:00	arity	bert	464532	3338204	3.18
2026-05-09T21:19:06+02:00	arity	bert	464532	3338204	3.18
2026-05-09T21:19:16+02:00	arity	bert	464532	3338204	3.18
2026-05-09T21:19:26+02:00	arity	bert	464532	3338204	3.18
2026-05-09T21:19:36+02:00	arity	bert	464532	3338204	3.18
2026-05-09T21:19:46+02:00	arity	bert	464532	3338204	3.18
2026-05-09T21:19:56+02:00	arity	bert	464532	3338204	3.18
2026-05-09T21:20:06+02:00	arity	bert	464532	3338204	3.18
2026-05-09T21:20:16+02:00	arity	bert	464532	3338508	3.18
2026-05-09T21:20:26+02:00	arity	bert	464532	3338508	3.18
2026-05-09T21:20:36+02:00	arity	bert	464532	3369472	3.21
2026-05-09T21:20:46+02:00	arity	bert	464532	3338508	3.18
2026-05-09T21:20:56+02:00	arity	bert	464532	3369472	3.21
2026-05-09T21:21:06+02:00	arity	bert	464532	3373568	3.22
2026-05-09T21:21:16+02:00	arity	bert	464532	3338508	3.18
2026-05-09T21:21:26+02:00	arity	bert	464532	3338508	3.18
2026-05-09T21:21:36+02:00	arity	bert	464532	3338508	3.18
2026-05-09T21:21:46+02:00	arity	bert	464532	3338508	3.18
2026-05-09T21:21:56+02:00	arity	bert	464532	3338508	3.18
2026-05-09T21:22:06+02:00	arity	bert	464532	3369472	3.21
2026-05-09T21:22:16+02:00	arity	bert	464532	3338508	3.18
2026-05-09T21:22:26+02:00	arity	bert	464532	3338508	3.18
2026-05-09T21:22:36+02:00	arity	bert	464532	3338508	3.18
2026-05-09T21:22:46+02:00	arity	bert	464532	3338508	3.18
2026-05-09T21:22:56+02:00	arity	bert	464532	3346944	3.19
2026-05-09T21:23:06+02:00	arity	bert	464532	3346944	3.19
2026-05-09T21:23:16+02:00	arity	bert	464532	3479560	3.32
2026-05-09T21:23:26+02:00	arity	bert	464532	3526316	3.36
2026-05-09T21:23:36+02:00	arity	bert	464532	3526316	3.36
2026-05-09T21:23:46+02:00	arity	bert	464532	3494004	3.33
2026-05-09T21:23:56+02:00	arity	bert	464532	3479560	3.32
2026-05-09T21:24:06+02:00	arity	bert	464532	3452808	3.29
2026-05-09T21:24:16+02:00	arity	bert	464532	3404296	3.25
2026-05-09T21:24:26+02:00	arity	bert	464532	3452040	3.29
2026-05-09T21:24:36+02:00	arity	bert	464532	3404932	3.25
2026-05-09T21:24:46+02:00	arity	bert	464532	3407992	3.25
2026-05-09T21:24:56+02:00	arity	bert	464532	3451456	3.29
2026-05-09T21:25:06+02:00	arity	bert	464532	3404532	3.25
2026-05-09T21:25:16+02:00	arity	bert	464532	3414092	3.26
2026-05-09T21:25:26+02:00	arity	bert	464532	3404252	3.25
2026-05-09T21:25:36+02:00	arity	bert	464532	3414168	3.26
2026-05-09T21:25:46+02:00	arity	bert	464532	3451536	3.29
2026-05-09T21:25:56+02:00	arity	bert	464532	3407928	3.25
2026-05-09T21:26:06+02:00	arity	bert	464532	3404672	3.25
2026-05-09T21:26:16+02:00	arity	bert	464532	3451096	3.29
2026-05-09T21:26:26+02:00	arity	bert	464532	3404368	3.25
2026-05-09T21:26:36+02:00	arity	bert	464532	3450712	3.29
2026-05-09T21:26:46+02:00	arity	bert	464532	3404464	3.25
2026-05-09T21:26:56+02:00	arity	bert	464532	3451488	3.29
2026-05-09T21:27:06+02:00	arity	bert	464532	3404324	3.25
2026-05-09T21:27:16+02:00	arity	bert	464532	3451472	3.29
2026-05-09T21:27:26+02:00	arity	bert	464532	3407804	3.25
2026-05-09T21:27:36+02:00	arity	bert	464532	3404392	3.25
2026-05-09T21:27:46+02:00	arity	bert	464532	3404392	3.25
2026-05-09T21:27:56+02:00	arity	bert	464532	3404392	3.25
2026-05-09T21:28:06+02:00	arity	bert	464532	3404392	3.25
2026-05-09T21:28:16+02:00	arity	bert	464532	3404392	3.25
2026-05-09T21:28:26+02:00	arity	bert	464532	3404392	3.25
2026-05-09T21:28:36+02:00	arity	bert	464532	3404392	3.25
2026-05-09T21:28:46+02:00	arity	bert	464532	3404392	3.25
2026-05-09T21:28:56+02:00	arity	bert	464532	3404392	3.25
2026-05-09T21:29:06+02:00	arity	bert	464532	3404392	3.25
2026-05-09T21:29:16+02:00	arity	bert	464532	3404392	3.25
2026-05-09T21:29:26+02:00	arity	bert	464532	3465764	3.31
2026-05-09T21:29:36+02:00	arity	bert	464532	3438612	3.28
2026-05-09T21:29:46+02:00	arity	bert	464532	3458564	3.30
2026-05-09T21:29:56+02:00	arity	bert	464532	3404788	3.25
2026-05-09T21:30:06+02:00	arity	bert	464532	3421964	3.26
2026-05-09T21:30:16+02:00	arity	bert	464532	3467912	3.31
2026-05-09T21:30:26+02:00	arity	bert	464532	3944704	3.76
2026-05-09T21:30:36+02:00	arity	bert	464532	4308644	4.11
2026-05-09T21:30:46+02:00	arity	bert	464532	3944532	3.76
2026-05-09T21:30:56+02:00	arity	bert	464532	4129168	3.94
2026-05-09T21:31:06+02:00	arity	bert	464532	3944552	3.76
2026-05-09T21:31:16+02:00	arity	bert	464532	3944676	3.76
2026-05-09T21:31:26+02:00	arity	bert	464532	3821788	3.64
2026-05-09T21:31:36+02:00	arity	bert	464532	3944568	3.76
2026-05-09T21:31:46+02:00	arity	bert	464532	4309032	4.11
2026-05-09T21:31:56+02:00	arity	bert	464532	3944772	3.76
2026-05-09T21:32:06+02:00	arity	bert	464532	4086456	3.90
2026-05-09T21:32:16+02:00	arity	bert	464532	3944556	3.76
2026-05-09T21:32:26+02:00	arity	bert	464532	3944608	3.76
2026-05-09T21:32:36+02:00	arity	bert	464532	3650072	3.48
2026-05-09T21:32:46+02:00	arity	bert	464532	3944720	3.76
2026-05-09T21:32:56+02:00	arity	bert	464532	4129176	3.94
2026-05-09T21:33:06+02:00	arity	bert	464532	3944744	3.76
2026-05-09T21:33:16+02:00	arity	bert	464532	3944712	3.76
2026-05-09T21:33:26+02:00	arity	bert	464532	3930188	3.75
2026-05-09T21:33:36+02:00	arity	bert	464532	3944628	3.76
2026-05-09T21:33:46+02:00	arity	bert	464532	4309136	4.11
2026-05-09T21:33:56+02:00	arity	bert	464532	3944532	3.76
2026-05-09T21:34:06+02:00	arity	bert	464532	4046792	3.86
2026-05-09T21:34:16+02:00	arity	bert	464532	3944648	3.76
2026-05-09T21:34:26+02:00	arity	bert	464532	3944776	3.76
2026-05-09T21:34:36+02:00	arity	bert	464532	3478304	3.32
2026-05-09T21:34:46+02:00	arity	bert	464532	3944636	3.76
2026-05-09T21:34:56+02:00	arity	bert	464532	4129136	3.94
2026-05-09T21:35:06+02:00	arity	bert	464532	3944556	3.76
2026-05-09T21:35:16+02:00	arity	bert	464532	3944716	3.76
2026-05-09T21:35:26+02:00	arity	bert	464532	3944592	3.76
2026-05-09T21:35:36+02:00	arity	bert	464532	3944652	3.76
2026-05-09T21:35:46+02:00	arity	bert	464532	4309068	4.11
2026-05-09T21:35:56+02:00	arity	bert	464532	3944648	3.76
2026-05-09T21:36:06+02:00	arity	bert	464532	4129208	3.94
2026-05-09T21:36:16+02:00	arity	bert	464532	3944748	3.76
2026-05-09T21:36:26+02:00	arity	bert	464532	3944572	3.76
2026-05-09T21:36:36+02:00	arity	bert	464532	3406204	3.25
2026-05-09T21:36:46+02:00	arity	bert	464532	3944712	3.76
2026-05-09T21:36:56+02:00	arity	bert	464532	4129092	3.94
2026-05-09T21:37:06+02:00	arity	bert	464532	3944772	3.76
2026-05-09T21:37:16+02:00	arity	bert	464532	3944528	3.76
2026-05-09T21:37:26+02:00	arity	bert	464532	3905984	3.73
2026-05-09T21:37:36+02:00	arity	bert	464532	3944616	3.76
2026-05-09T21:37:46+02:00	arity	bert	464532	4308432	4.11
2026-05-09T21:37:56+02:00	arity	bert	464532	3944648	3.76
2026-05-09T21:38:06+02:00	arity	bert	464532	3956680	3.77
2026-05-09T21:38:16+02:00	arity	bert	464532	3944764	3.76
2026-05-09T21:38:26+02:00	arity	bert	464532	4129072	3.94
2026-05-09T21:38:36+02:00	arity	bert	464532	3944560	3.76
2026-05-09T21:38:46+02:00	arity	bert	464532	4129240	3.94
2026-05-09T21:38:56+02:00	arity	bert	464532	3944544	3.76
2026-05-09T21:39:06+02:00	arity	bert	464532	4129076	3.94
2026-05-09T21:39:16+02:00	arity	bert	464532	3944684	3.76
2026-05-09T21:39:26+02:00	arity	bert	464532	4129016	3.94
2026-05-09T21:39:36+02:00	arity	bert	464532	3944632	3.76
2026-05-09T21:39:46+02:00	arity	bert	464532	4238488	4.04
2026-05-09T21:39:56+02:00	arity	bert	464532	3768708	3.59
2026-05-09T21:40:06+02:00	arity	bert	464532	3768836	3.59
2026-05-09T21:40:16+02:00	arity	bert	464532	4016312	3.83
2026-05-09T21:40:26+02:00	arity	bert	464532	3768680	3.59
2026-05-09T21:40:36+02:00	arity	bert	464532	3768836	3.59
2026-05-09T21:40:46+02:00	arity	bert	464532	4016184	3.83
2026-05-09T21:40:56+02:00	arity	bert	464532	3768672	3.59
2026-05-09T21:41:06+02:00	arity	bert	464532	3768692	3.59
2026-05-09T21:41:16+02:00	arity	bert	464532	4016312	3.83
2026-05-09T21:41:26+02:00	arity	bert	464532	3768812	3.59
2026-05-09T21:41:36+02:00	arity	bert	464532	3768628	3.59
2026-05-09T21:41:46+02:00	arity	bert	464532	3636680	3.47
2026-05-09T21:41:56+02:00	arity	bert	464532	3894880	3.71
2026-05-09T21:42:06+02:00	arity	bert	464532	3768724	3.59
2026-05-09T21:42:16+02:00	arity	bert	464532	3768732	3.59
2026-05-09T21:42:26+02:00	arity	bert	464532	4016284	3.83
2026-05-09T21:42:36+02:00	arity	bert	464532	3768764	3.59
2026-05-09T21:42:46+02:00	arity	bert	464532	3768840	3.59
2026-05-09T21:42:56+02:00	arity	bert	464532	3894800	3.71
2026-05-09T21:43:06+02:00	arity	bert	464532	3768776	3.59
2026-05-09T21:43:16+02:00	arity	bert	464532	3768660	3.59
2026-05-09T21:43:26+02:00	arity	bert	464532	3461276	3.30
2026-05-09T21:43:36+02:00	arity	bert	464532	3894872	3.71
2026-05-09T21:43:46+02:00	arity	bert	464532	3768840	3.59
2026-05-09T21:43:56+02:00	arity	bert	464532	3768812	3.59
2026-05-09T21:44:06+02:00	arity	bert	464532	3895124	3.71
2026-05-09T21:44:16+02:00	arity	bert	464532	3768776	3.59
2026-05-09T21:44:26+02:00	arity	bert	464532	3768820	3.59
2026-05-09T21:44:36+02:00	arity	bert	464532	4016436	3.83
2026-05-09T21:44:46+02:00	arity	bert	464532	3894728	3.71
2026-05-09T21:44:56+02:00	arity	bert	464532	3768668	3.59
2026-05-09T21:45:06+02:00	arity	bert	464532	3729628	3.56
2026-05-09T21:45:16+02:00	arity	bert	464532	3894708	3.71
2026-05-09T21:45:26+02:00	arity	bert	464532	3768644	3.59
2026-05-09T21:45:36+02:00	arity	bert	464532	3768816	3.59
2026-05-09T21:45:46+02:00	arity	bert	464532	3895116	3.71
2026-05-09T21:45:56+02:00	arity	bert	464532	3768628	3.59
2026-05-09T21:46:06+02:00	arity	bert	464532	3768692	3.59
2026-05-09T21:46:16+02:00	arity	bert	464532	3884484	3.70
2026-05-09T21:46:26+02:00	arity	bert	464532	3729236	3.56
2026-05-09T21:46:36+02:00	arity	bert	464532	3729280	3.56
2026-05-09T21:46:46+02:00	arity	bert	464532	3949700	3.77
2026-05-09T21:46:56+02:00	arity	bert	464532	3729236	3.56
2026-05-09T21:47:06+02:00	arity	bert	464532	3729216	3.56
2026-05-09T21:47:16+02:00	arity	bert	464532	3841932	3.66
2026-05-09T21:47:26+02:00	arity	bert	464532	3729208	3.56
2026-05-09T21:47:36+02:00	arity	bert	464532	3950444	3.77
2026-05-09T21:47:46+02:00	arity	bert	464532	3729136	3.56
2026-05-09T21:47:56+02:00	arity	bert	464532	3729184	3.56
2026-05-09T21:48:06+02:00	arity	bert	464532	3842024	3.66
2026-05-09T21:48:16+02:00	arity	bert	464532	3729120	3.56
2026-05-09T21:48:26+02:00	arity	bert	464532	3950432	3.77
2026-05-09T21:48:36+02:00	arity	bert	464532	3729260	3.56
2026-05-09T21:48:46+02:00	arity	bert	464532	3729120	3.56
2026-05-09T21:48:56+02:00	arity	bert	464532	3729144	3.56
2026-05-09T21:49:06+02:00	arity	bert	464532	3729208	3.56
2026-05-09T21:49:16+02:00	arity	bert	464532	3949700	3.77
2026-05-09T21:49:26+02:00	arity	bert	464532	3729080	3.56
2026-05-09T21:49:36+02:00	arity	bert	464532	3655000	3.49
2026-05-09T21:49:46+02:00	arity	bert	464532	3729148	3.56
2026-05-09T21:49:56+02:00	arity	bert	464532	3729268	3.56
2026-05-09T21:50:06+02:00	arity	bert	464532	3841880	3.66
2026-05-09T21:50:16+02:00	arity	bert	464532	3729276	3.56
2026-05-09T21:50:26+02:00	arity	bert	464532	3631192	3.46
2026-05-09T21:50:36+02:00	arity	bert	464532	3729124	3.56
2026-05-09T21:50:46+02:00	arity	bert	464532	3694056	3.52
2026-05-09T21:50:56+02:00	arity	bert	464532	3741616	3.57
2026-05-09T21:51:06+02:00	arity	bert	464532	3729168	3.56
2026-05-09T21:51:16+02:00	arity	bert	464532	3448344	3.29
2026-05-09T21:51:26+02:00	arity	bert	464532	3729100	3.56
2026-05-09T21:51:36+02:00	arity	bert	464532	3458676	3.30
2026-05-09T21:51:46+02:00	arity	bert	464532	3729120	3.56
2026-05-09T21:51:56+02:00	arity	bert	464532	3729132	3.56
2026-05-09T21:52:06+02:00	arity	bert	464532	3741472	3.57
2026-05-09T21:52:16+02:00	arity	bert	464532	3618376	3.45
2026-05-09T21:52:26+02:00	arity	bert	464532	3618368	3.45
2026-05-09T21:52:36+02:00	arity	bert	464532	3618368	3.45
2026-05-09T21:52:46+02:00	arity	bert	464532	3618316	3.45
2026-05-09T21:52:56+02:00	arity	bert	464532	3618280	3.45
2026-05-09T21:53:06+02:00	arity	bert	464532	3618256	3.45
2026-05-09T21:53:16+02:00	arity	bert	464532	3618232	3.45
2026-05-09T21:53:26+02:00	arity	bert	464532	3618224	3.45
2026-05-09T21:53:36+02:00	arity	bert	464532	3618228	3.45
2026-05-09T21:53:46+02:00	arity	bert	464532	3618224	3.45
2026-05-09T21:53:56+02:00	arity	bert	464532	3617940	3.45
2026-05-09T21:54:06+02:00	arity	bert	464532	3618184	3.45
2026-05-09T21:54:16+02:00	arity	bert	464532	3618168	3.45
2026-05-09T21:54:26+02:00	arity	bert	464532	3618424	3.45
2026-05-09T21:54:36+02:00	arity	bert	464532	3618400	3.45
2026-05-09T21:54:46+02:00	arity	bert	464532	3618380	3.45
2026-05-09T21:54:56+02:00	arity	bert	464532	3590920	3.42
2026-05-09T21:55:06+02:00	arity	bert	464532	3618324	3.45
2026-05-09T21:55:16+02:00	arity	bert	464532	3583700	3.42
2026-05-09T21:55:26+02:00	arity	bert	464532	3600052	3.43
2026-05-09T21:55:36+02:00	arity	bert	464532	3618256	3.45
2026-05-09T21:55:46+02:00	arity	bert	464532	3455704	3.30
2026-05-09T21:55:56+02:00	arity	bert	464532	3599480	3.43
2026-05-09T21:56:06+02:00	arity	bert	464532	3601836	3.43
2026-05-09T21:56:16+02:00	arity	bert	464532	3685188	3.51
2026-05-09T21:56:26+02:00	arity	bert	464532	3598916	3.43
2026-05-09T21:56:36+02:00	arity	bert	464532	3715852	3.54
2026-05-09T21:56:46+02:00	arity	bert	464532	3626908	3.46
2026-05-09T21:56:56+02:00	arity	bert	464532	3626932	3.46
2026-05-09T21:57:06+02:00	arity	bert	464532	3799992	3.62
2026-05-09T21:57:16+02:00	arity	bert	464532	3715868	3.54
2026-05-09T21:57:27+02:00	arity	bert	464532	3626892	3.46
2026-05-09T21:57:37+02:00	arity	bert	464532	3556928	3.39
2026-05-09T21:57:47+02:00	arity	bert	464532	3626832	3.46
2026-05-09T21:57:57+02:00	arity	bert	464532	3592528	3.43
2026-05-09T21:58:07+02:00	arity	bert	464532	3627076	3.46
2026-05-09T21:58:17+02:00	arity	bert	464532	3458876	3.30
2026-05-09T21:58:27+02:00	arity	bert	464532	3627040	3.46
2026-05-09T21:58:37+02:00	arity	bert	464532	3800120	3.62
2026-05-09T21:58:47+02:00	arity	bert	464532	3627016	3.46
2026-05-09T21:58:57+02:00	arity	bert	464532	3548224	3.38
2026-05-09T21:59:07+02:00	arity	bert	464532	3626976	3.46
2026-05-09T21:59:17+02:00	arity	bert	464532	3799244	3.62
2026-05-09T21:59:27+02:00	arity	bert	464532	3626940	3.46
2026-05-09T21:59:37+02:00	arity	bert	464532	3800048	3.62
2026-05-09T21:59:47+02:00	arity	bert	464532	3626932	3.46
2026-05-09T21:59:57+02:00	arity	bert	464532	3715872	3.54
2026-05-09T22:00:07+02:00	arity	bert	464532	3626908	3.46
2026-05-09T22:00:17+02:00	arity	bert	464532	3626912	3.46
2026-05-09T22:00:27+02:00	arity	bert	464532	3554300	3.39
2026-05-09T22:00:37+02:00	arity	bert	464532	3626856	3.46
2026-05-09T22:00:47+02:00	arity	bert	464532	3458656	3.30
2026-05-09T22:00:57+02:00	arity	bert	464532	3627076	3.46
2026-05-09T22:01:07+02:00	arity	bert	464532	3416696	3.26
2026-05-09T22:01:17+02:00	arity	bert	464532	3416696	3.26
2026-05-09T22:01:27+02:00	arity	bert	464532	3416696	3.26
2026-05-09T22:01:37+02:00	arity	bert	464532	3416696	3.26
2026-05-09T22:01:47+02:00	arity	bert	464532	3416696	3.26
2026-05-09T22:01:57+02:00	arity	bert	464532	3416696	3.26
2026-05-09T22:02:07+02:00	arity	bert	464532	3416696	3.26
2026-05-09T22:02:17+02:00	arity	bert	464532	3416696	3.26
2026-05-09T22:02:27+02:00	arity	bert	464532	3416696	3.26
2026-05-09T22:02:37+02:00	arity	bert	464532	3416696	3.26
2026-05-09T22:02:47+02:00	arity	bert	464532	3416696	3.26
2026-05-09T22:02:57+02:00	arity	bert	464532	3416696	3.26
2026-05-09T22:03:07+02:00	arity	bert	464532	3416696	3.26
2026-05-09T22:03:17+02:00	arity	bert	464532	3416696	3.26
2026-05-09T22:03:27+02:00	arity	bert	464532	3416696	3.26
2026-05-09T22:03:37+02:00	arity	bert	464532	3416696	3.26
2026-05-09T22:03:47+02:00	arity	bert	464532	3416696	3.26
2026-05-09T22:03:57+02:00	arity	bert	464532	3416696	3.26
2026-05-09T22:04:07+02:00	arity	bert	464532	3416696	3.26
2026-05-09T22:04:17+02:00	arity	bert	464532	3416696	3.26
2026-05-09T22:04:27+02:00	arity	bert	464532	3416696	3.26
2026-05-09T22:04:37+02:00	arity	bert	464532	3416696	3.26
2026-05-09T22:04:47+02:00	arity	bert	464532	3416696	3.26
2026-05-09T22:04:57+02:00	arity	bert	464532	3416696	3.26
2026-05-09T22:05:07+02:00	arity	bert	464532	3416696	3.26
2026-05-09T22:05:17+02:00	arity	bert	464532	3416696	3.26
2026-05-09T22:05:27+02:00	arity	bert	464532	3416696	3.26
2026-05-09T22:05:37+02:00	arity	bert	464532	3416696	3.26
2026-05-09T22:05:47+02:00	arity	bert	464532	3416696	3.26
2026-05-09T22:05:57+02:00	arity	bert	464532	3416696	3.26
2026-05-09T22:06:07+02:00	arity	bert	464532	3416696	3.26
2026-05-09T22:06:17+02:00	arity	bert	464532	3416696	3.26
2026-05-09T22:06:27+02:00	arity	bert	464532	3416696	3.26
2026-05-09T22:06:37+02:00	arity	bert	464532	3416696	3.26
2026-05-09T22:06:47+02:00	arity	bert	464532	3416696	3.26
2026-05-09T22:06:57+02:00	arity	bert	464532	3416696	3.26
2026-05-09T22:07:07+02:00	arity	bert	464532	3416696	3.26
2026-05-09T22:07:17+02:00	arity	bert	464532	3416696	3.26
2026-05-09T22:07:27+02:00	arity	bert	464532	3416696	3.26
2026-05-09T22:07:37+02:00	arity	bert	464532	3416696	3.26
2026-05-09T22:07:47+02:00	arity	bert	464532	3416696	3.26
2026-05-09T22:07:57+02:00	arity	bert	464532	3416696	3.26
2026-05-09T22:08:07+02:00	arity	bert	464532	3416696	3.26
2026-05-09T22:08:17+02:00	arity	bert	464532	3416696	3.26
2026-05-09T22:08:27+02:00	arity	bert	464532	3416696	3.26
2026-05-09T22:08:37+02:00	arity	bert	464532	3416696	3.26
2026-05-09T22:08:47+02:00	arity	bert	464532	3416696	3.26
2026-05-09T22:08:57+02:00	arity	bert	464532	3416696	3.26
2026-05-09T22:09:07+02:00	arity	bert	464532	3416696	3.26
2026-05-09T22:09:17+02:00	arity	bert	464532	3416696	3.26
2026-05-09T22:09:27+02:00	arity	bert	464532	3416696	3.26
2026-05-09T22:09:37+02:00	arity	bert	464532	3416696	3.26
2026-05-09T22:09:47+02:00	arity	bert	464532	3416696	3.26
2026-05-09T22:09:57+02:00	arity	bert	464532	3416696	3.26
2026-05-09T22:10:07+02:00	arity	bert	464532	3416696	3.26
2026-05-09T22:10:17+02:00	arity	bert	464532	3416696	3.26
2026-05-09T22:10:27+02:00	arity	gpt2	467730	4572	0.00
2026-05-09T22:10:37+02:00	arity	gpt2	467730	1873128	1.79
2026-05-09T22:10:47+02:00	arity	gpt2	467730	2478216	2.36
2026-05-09T22:10:57+02:00	arity	gpt2	467730	2870520	2.74
2026-05-09T22:11:07+02:00	arity	gpt2	467730	3098088	2.95
2026-05-09T22:11:17+02:00	arity	gpt2	467730	3218472	3.07
2026-05-09T22:11:27+02:00	arity	gpt2	467730	3280776	3.13
2026-05-09T22:11:37+02:00	arity	gpt2	467730	3307968	3.15
2026-05-09T22:11:47+02:00	arity	gpt2	467730	3316944	3.16
2026-05-09T22:11:57+02:00	arity	gpt2	467730	3318000	3.16
2026-05-09T22:12:07+02:00	arity	gpt2	467730	4058040	3.87
2026-05-09T22:12:17+02:00	arity	gpt2	467730	3873556	3.69
2026-05-09T22:12:27+02:00	arity	gpt2	467730	3603464	3.44
2026-05-09T22:12:37+02:00	arity	gpt2	467730	3873508	3.69
2026-05-09T22:12:47+02:00	arity	gpt2	467730	3777936	3.60
2026-05-09T22:12:57+02:00	arity	gpt2	467730	3873456	3.69
2026-05-09T22:13:07+02:00	arity	gpt2	467730	3873564	3.69
2026-05-09T22:13:17+02:00	arity	gpt2	467730	3873552	3.69
2026-05-09T22:13:27+02:00	arity	gpt2	467730	3873620	3.69
2026-05-09T22:13:37+02:00	arity	gpt2	467730	3873644	3.69
2026-05-09T22:13:47+02:00	arity	gpt2	467730	3873564	3.69
2026-05-09T22:13:57+02:00	arity	gpt2	467730	3873496	3.69
2026-05-09T22:14:07+02:00	arity	gpt2	467730	3873596	3.69
2026-05-09T22:14:17+02:00	arity	gpt2	467730	3873508	3.69
2026-05-09T22:14:27+02:00	arity	gpt2	467730	3873564	3.69
2026-05-09T22:14:37+02:00	arity	gpt2	467730	3873448	3.69
2026-05-09T22:14:47+02:00	arity	gpt2	467730	3873568	3.69
2026-05-09T22:14:57+02:00	arity	gpt2	467730	3873548	3.69
2026-05-09T22:15:07+02:00	arity	gpt2	467730	3873600	3.69
2026-05-09T22:15:17+02:00	arity	gpt2	467730	3873612	3.69
2026-05-09T22:15:27+02:00	arity	gpt2	467730	3873444	3.69
2026-05-09T22:15:37+02:00	arity	gpt2	467730	3873460	3.69
2026-05-09T22:15:47+02:00	arity	gpt2	467730	3873684	3.69
2026-05-09T22:15:57+02:00	arity	gpt2	467730	3873684	3.69
2026-05-09T22:16:07+02:00	arity	gpt2	467730	3855108	3.68
2026-05-09T22:16:17+02:00	arity	gpt2	467730	3873564	3.69
2026-05-09T22:16:27+02:00	arity	gpt2	467730	3825304	3.65
2026-05-09T22:16:37+02:00	arity	gpt2	467730	3873652	3.69
2026-05-09T22:16:47+02:00	arity	gpt2	467730	3810456	3.63
2026-05-09T22:16:57+02:00	arity	gpt2	467730	3873616	3.69
2026-05-09T22:17:07+02:00	arity	gpt2	467730	3768020	3.59
2026-05-09T22:17:17+02:00	arity	gpt2	467730	3873488	3.69
2026-05-09T22:17:27+02:00	arity	gpt2	467730	3739176	3.57
2026-05-09T22:17:37+02:00	arity	gpt2	467730	3873596	3.69
2026-05-09T22:17:47+02:00	arity	gpt2	467730	3745976	3.57
2026-05-09T22:17:57+02:00	arity	gpt2	467730	3873472	3.69
2026-05-09T22:18:07+02:00	arity	gpt2	467730	3735712	3.56
2026-05-09T22:18:17+02:00	arity	gpt2	467730	3873656	3.69
2026-05-09T22:18:27+02:00	arity	gpt2	467730	3725120	3.55
2026-05-09T22:18:37+02:00	arity	gpt2	467730	3873536	3.69
2026-05-09T22:18:47+02:00	arity	gpt2	467730	3709040	3.54
2026-05-09T22:18:57+02:00	arity	gpt2	467730	3873512	3.69
2026-05-09T22:19:07+02:00	arity	gpt2	467730	3695232	3.52
2026-05-09T22:19:17+02:00	arity	gpt2	467730	3873520	3.69
2026-05-09T22:19:27+02:00	arity	gpt2	467730	3717312	3.55
2026-05-09T22:19:37+02:00	arity	gpt2	467730	3873640	3.69
2026-05-09T22:19:47+02:00	arity	gpt2	467730	3739896	3.57
2026-05-09T22:19:57+02:00	arity	gpt2	467730	3873548	3.69
2026-05-09T22:20:07+02:00	arity	gpt2	467730	3710036	3.54
2026-05-09T22:20:17+02:00	arity	gpt2	467730	3873520	3.69
2026-05-09T22:20:27+02:00	arity	gpt2	467730	3743792	3.57
2026-05-09T22:20:37+02:00	arity	gpt2	467730	3873692	3.69
2026-05-09T22:20:47+02:00	arity	gpt2	467730	3729084	3.56
2026-05-09T22:20:57+02:00	arity	gpt2	467730	3873632	3.69
2026-05-09T22:21:07+02:00	arity	gpt2	467730	3744904	3.57
2026-05-09T22:21:17+02:00	arity	gpt2	467730	3873608	3.69
2026-05-09T22:21:27+02:00	arity	gpt2	467730	3735820	3.56
2026-05-09T22:21:37+02:00	arity	gpt2	467730	3873608	3.69
2026-05-09T22:21:47+02:00	arity	gpt2	467730	3711332	3.54
2026-05-09T22:21:57+02:00	arity	gpt2	467730	3711416	3.54
2026-05-09T22:22:07+02:00	arity	gpt2	467730	3933184	3.75
2026-05-09T22:22:17+02:00	arity	gpt2	467730	3711368	3.54
2026-05-09T22:22:27+02:00	arity	gpt2	467730	3711504	3.54
2026-05-09T22:22:37+02:00	arity	gpt2	467730	3837420	3.66
2026-05-09T22:22:47+02:00	arity	gpt2	467730	3711356	3.54
2026-05-09T22:22:57+02:00	arity	gpt2	467730	3711484	3.54
2026-05-09T22:23:07+02:00	arity	gpt2	467730	3837652	3.66
2026-05-09T22:23:17+02:00	arity	gpt2	467730	3711328	3.54
2026-05-09T22:23:27+02:00	arity	gpt2	467730	3711464	3.54
2026-05-09T22:23:37+02:00	arity	gpt2	467730	3837656	3.66
2026-05-09T22:23:47+02:00	arity	gpt2	467730	3711360	3.54
2026-05-09T22:23:57+02:00	arity	gpt2	467730	3711424	3.54
2026-05-09T22:24:07+02:00	arity	gpt2	467730	3711432	3.54
2026-05-09T22:24:17+02:00	arity	gpt2	467730	3837828	3.66
2026-05-09T22:24:27+02:00	arity	gpt2	467730	3711468	3.54
2026-05-09T22:24:37+02:00	arity	gpt2	467730	3711324	3.54
2026-05-09T22:24:47+02:00	arity	gpt2	467730	3837712	3.66
2026-05-09T22:24:57+02:00	arity	gpt2	467730	3711424	3.54
2026-05-09T22:25:07+02:00	arity	gpt2	467730	3711564	3.54
2026-05-09T22:25:17+02:00	arity	gpt2	467730	3461956	3.30
2026-05-09T22:25:27+02:00	arity	gpt2	467730	3837892	3.66
2026-05-09T22:25:37+02:00	arity	gpt2	467730	3711468	3.54
2026-05-09T22:25:47+02:00	arity	gpt2	467730	3711584	3.54
2026-05-09T22:25:57+02:00	arity	gpt2	467730	3837800	3.66
2026-05-09T22:26:07+02:00	arity	gpt2	467730	3711448	3.54
2026-05-09T22:26:17+02:00	arity	gpt2	467730	3711524	3.54
2026-05-09T22:26:27+02:00	arity	gpt2	467730	3837660	3.66
2026-05-09T22:26:37+02:00	arity	gpt2	467730	3711380	3.54
2026-05-09T22:26:47+02:00	arity	gpt2	467730	3711480	3.54
2026-05-09T22:26:57+02:00	arity	gpt2	467730	3958280	3.77
2026-05-09T22:27:07+02:00	arity	gpt2	467730	3711504	3.54
2026-05-09T22:27:17+02:00	arity	gpt2	467730	3711336	3.54
2026-05-09T22:27:27+02:00	arity	gpt2	467730	3682116	3.51
2026-05-09T22:27:37+02:00	arity	gpt2	467730	3723792	3.55
2026-05-09T22:27:47+02:00	arity	gpt2	467730	3711500	3.54
2026-05-09T22:27:57+02:00	arity	gpt2	467730	3711572	3.54
2026-05-09T22:28:07+02:00	arity	gpt2	467730	3426804	3.27
2026-05-09T22:28:17+02:00	arity	gpt2	467730	3672020	3.50
2026-05-09T22:28:27+02:00	arity	gpt2	467730	3892828	3.71
2026-05-09T22:28:37+02:00	arity	gpt2	467730	3672076	3.50
2026-05-09T22:28:47+02:00	arity	gpt2	467730	3671824	3.50
2026-05-09T22:28:57+02:00	arity	gpt2	467730	3684404	3.51
2026-05-09T22:29:07+02:00	arity	gpt2	467730	3672024	3.50
2026-05-09T22:29:17+02:00	arity	gpt2	467730	3784692	3.61
2026-05-09T22:29:27+02:00	arity	gpt2	467730	3672048	3.50
2026-05-09T22:29:37+02:00	arity	gpt2	467730	3784732	3.61
2026-05-09T22:29:47+02:00	arity	gpt2	467730	3671816	3.50
2026-05-09T22:29:57+02:00	arity	gpt2	467730	3892908	3.71
2026-05-09T22:30:07+02:00	arity	gpt2	467730	3671888	3.50
2026-05-09T22:30:17+02:00	arity	gpt2	467730	3627900	3.46
2026-05-09T22:30:27+02:00	arity	gpt2	467730	3671972	3.50
2026-05-09T22:30:37+02:00	arity	gpt2	467730	3672060	3.50
2026-05-09T22:30:47+02:00	arity	gpt2	467730	3784744	3.61
2026-05-09T22:30:57+02:00	arity	gpt2	467730	3671840	3.50
2026-05-09T22:31:07+02:00	arity	gpt2	467730	3635780	3.47
2026-05-09T22:31:17+02:00	arity	gpt2	467730	3671912	3.50
2026-05-09T22:31:27+02:00	arity	gpt2	467730	3672028	3.50
2026-05-09T22:31:37+02:00	arity	gpt2	467730	3784720	3.61
2026-05-09T22:31:47+02:00	arity	gpt2	467730	3671864	3.50
2026-05-09T22:31:57+02:00	arity	gpt2	467730	3784800	3.61
2026-05-09T22:32:07+02:00	arity	gpt2	467730	3671940	3.50
2026-05-09T22:32:17+02:00	arity	gpt2	467730	3463108	3.30
2026-05-09T22:32:27+02:00	arity	gpt2	467730	3671972	3.50
2026-05-09T22:32:37+02:00	arity	gpt2	467730	3672060	3.50
2026-05-09T22:32:47+02:00	arity	gpt2	467730	3684448	3.51
2026-05-09T22:32:57+02:00	arity	gpt2	467730	3671876	3.50
2026-05-09T22:33:07+02:00	arity	gpt2	467730	3376828	3.22
2026-05-09T22:33:17+02:00	arity	gpt2	467730	3671908	3.50
2026-05-09T22:33:27+02:00	arity	gpt2	467730	3663300	3.49
2026-05-09T22:33:37+02:00	arity	gpt2	467730	3684380	3.51
2026-05-09T22:33:47+02:00	arity	gpt2	467730	3672076	3.50
2026-05-09T22:33:57+02:00	arity	gpt2	467730	3758184	3.58
2026-05-09T22:34:07+02:00	arity	gpt2	467730	3758172	3.58
2026-05-09T22:34:17+02:00	arity	gpt2	467730	3758180	3.58
2026-05-09T22:34:27+02:00	arity	gpt2	467730	3758196	3.58
2026-05-09T22:34:37+02:00	arity	gpt2	467730	3758208	3.58
2026-05-09T22:34:47+02:00	arity	gpt2	467730	3603512	3.44
2026-05-09T22:34:57+02:00	arity	gpt2	467730	3603512	3.44
2026-05-09T22:35:07+02:00	arity	gpt2	467730	3591108	3.42
2026-05-09T22:35:17+02:00	arity	gpt2	467730	3591112	3.42
2026-05-09T22:35:27+02:00	arity	gpt2	467730	3591116	3.42
2026-05-09T22:35:37+02:00	arity	gpt2	467730	3591104	3.42
2026-05-09T22:35:47+02:00	arity	gpt2	467730	3591112	3.42
2026-05-09T22:35:57+02:00	arity	gpt2	467730	3591100	3.42
2026-05-09T22:36:07+02:00	arity	gpt2	467730	3591080	3.42
2026-05-09T22:36:17+02:00	arity	gpt2	467730	3591068	3.42
2026-05-09T22:36:27+02:00	arity	gpt2	467730	3591064	3.42
2026-05-09T22:36:37+02:00	arity	gpt2	467730	3591056	3.42
2026-05-09T22:36:47+02:00	arity	gpt2	467730	3591064	3.42
2026-05-09T22:36:57+02:00	arity	gpt2	467730	3591076	3.42
2026-05-09T22:37:07+02:00	arity	gpt2	467730	3591080	3.42
2026-05-09T22:37:17+02:00	arity	gpt2	467730	3591064	3.42
2026-05-09T22:37:27+02:00	arity	gpt2	467730	3591028	3.42
2026-05-09T22:37:37+02:00	arity	gpt2	467730	3591048	3.42
2026-05-09T22:37:47+02:00	arity	gpt2	467730	3591036	3.42
2026-05-09T22:37:57+02:00	arity	gpt2	467730	3591028	3.42
2026-05-09T22:38:07+02:00	arity	gpt2	467730	3591032	3.42
2026-05-09T22:38:17+02:00	arity	gpt2	467730	3379080	3.22
2026-05-09T22:38:27+02:00	arity	gpt2	467730	3611904	3.44
2026-05-09T22:38:37+02:00	arity	gpt2	467730	3599736	3.43
2026-05-09T22:38:47+02:00	arity	gpt2	467730	3772804	3.60
2026-05-09T22:38:57+02:00	arity	gpt2	467730	3612088	3.44
2026-05-09T22:39:07+02:00	arity	gpt2	467730	3599936	3.43
2026-05-09T22:39:17+02:00	arity	gpt2	467730	3772720	3.60
2026-05-09T22:39:27+02:00	arity	gpt2	467730	3611988	3.44
2026-05-09T22:39:37+02:00	arity	gpt2	467730	3599800	3.43
2026-05-09T22:39:48+02:00	arity	gpt2	467730	3377032	3.22
2026-05-09T22:39:58+02:00	arity	gpt2	467730	3688464	3.52
2026-05-09T22:40:08+02:00	arity	gpt2	467730	3599752	3.43
2026-05-09T22:40:18+02:00	arity	gpt2	467730	3379036	3.22
2026-05-09T22:40:28+02:00	arity	gpt2	467730	3612100	3.44
2026-05-09T22:40:38+02:00	arity	gpt2	467730	3599908	3.43
2026-05-09T22:40:48+02:00	arity	gpt2	467730	3617812	3.45
2026-05-09T22:40:58+02:00	arity	gpt2	467730	3612004	3.44
2026-05-09T22:41:08+02:00	arity	gpt2	467730	3599816	3.43
2026-05-09T22:41:18+02:00	arity	gpt2	467730	3772852	3.60
2026-05-09T22:41:28+02:00	arity	gpt2	467730	3599964	3.43
2026-05-09T22:41:38+02:00	arity	gpt2	467730	3599944	3.43
2026-05-09T22:41:48+02:00	arity	gpt2	467730	3688632	3.52
2026-05-09T22:41:58+02:00	arity	gpt2	467730	3599892	3.43
2026-05-09T22:42:08+02:00	arity	gpt2	467730	3548144	3.38
2026-05-09T22:42:18+02:00	arity	gpt2	467730	3688560	3.52
2026-05-09T22:42:28+02:00	arity	gpt2	467730	3599844	3.43
2026-05-09T22:42:38+02:00	arity	gpt2	467730	3522976	3.36
2026-05-09T22:42:48+02:00	arity	gpt2	467730	3342232	3.19
2026-05-09T22:42:58+02:00	arity	gpt2	467730	3379096	3.22
2026-05-09T22:43:08+02:00	arity	gpt2	467730	3339656	3.18
2026-05-09T22:43:18+02:00	arity	gpt2	467730	3383712	3.23
2026-05-09T22:43:28+02:00	arity	gpt2	467730	3338348	3.18
2026-05-09T22:43:38+02:00	arity	gpt2	467730	3379096	3.22
2026-05-09T22:43:48+02:00	arity	gpt2	467730	3379096	3.22
2026-05-09T22:43:58+02:00	arity	gpt2	467730	3339656	3.18
2026-05-09T22:44:08+02:00	arity	gpt2	467730	3347636	3.19
2026-05-09T22:44:18+02:00	arity	gpt2	467730	3347636	3.19
2026-05-09T22:44:28+02:00	arity	gpt2	467730	3383712	3.23
2026-05-09T22:44:38+02:00	arity	gpt2	467730	3383712	3.23
2026-05-09T22:44:48+02:00	arity	gpt2	467730	3363388	3.21
2026-05-09T22:44:58+02:00	arity	gpt2	467730	3363388	3.21
2026-05-09T22:45:08+02:00	arity	gpt2	467730	3363388	3.21
2026-05-09T22:45:18+02:00	arity	gpt2	467730	3363388	3.21
2026-05-09T22:45:28+02:00	arity	gpt2	467730	3363388	3.21
2026-05-09T22:45:38+02:00	arity	gpt2	467730	3363388	3.21
2026-05-09T22:45:48+02:00	arity	gpt2	467730	3363388	3.21
2026-05-09T22:45:58+02:00	arity	gpt2	467730	3363388	3.21
2026-05-09T22:46:08+02:00	arity	gpt2	467730	3363388	3.21
2026-05-09T22:46:18+02:00	arity	gpt2	467730	3363388	3.21
2026-05-09T22:46:28+02:00	arity	gpt2	467730	3363388	3.21
2026-05-09T22:46:38+02:00	arity	gpt2	467730	3363388	3.21
2026-05-09T22:46:48+02:00	arity	gpt2	467730	3398664	3.24
2026-05-09T22:46:58+02:00	arity	gpt2	467730	3380232	3.22
2026-05-09T22:47:08+02:00	arity	gpt2	467730	3371796	3.22
2026-05-09T22:47:18+02:00	arity	gpt2	467730	3363604	3.21
2026-05-09T22:47:28+02:00	arity	gpt2	467730	3363604	3.21
2026-05-09T22:47:38+02:00	arity	gpt2	467730	3363604	3.21
2026-05-09T22:47:48+02:00	arity	gpt2	467730	3363604	3.21
2026-05-09T22:47:58+02:00	arity	gpt2	467730	3363604	3.21
2026-05-09T22:48:08+02:00	arity	gpt2	467730	3363604	3.21
2026-05-09T22:48:18+02:00	arity	gpt2	467730	3363604	3.21
2026-05-09T22:48:28+02:00	arity	gpt2	467730	3363604	3.21
2026-05-09T22:48:38+02:00	arity	gpt2	467730	3363604	3.21
2026-05-09T22:48:48+02:00	arity	gpt2	467730	3363604	3.21
2026-05-09T22:48:58+02:00	arity	gpt2	467730	3363604	3.21
2026-05-09T22:49:08+02:00	arity	gpt2	467730	3363604	3.21
2026-05-09T22:49:18+02:00	arity	gpt2	467730	3363604	3.21
2026-05-09T22:49:28+02:00	arity	gpt2	467730	3363604	3.21
2026-05-09T22:49:38+02:00	arity	gpt2	467730	3363604	3.21
2026-05-09T22:49:48+02:00	arity	gpt2	467730	3533232	3.37
2026-05-09T22:49:58+02:00	arity	gpt2	467730	3501976	3.34
2026-05-09T22:50:08+02:00	arity	gpt2	467730	3501976	3.34
2026-05-09T22:50:18+02:00	arity	gpt2	467730	3533232	3.37
2026-05-09T22:50:28+02:00	arity	gpt2	467730	3501976	3.34
2026-05-09T22:50:38+02:00	arity	gpt2	467730	3466468	3.31
2026-05-09T22:50:48+02:00	arity	gpt2	467730	3466468	3.31
2026-05-09T22:50:58+02:00	arity	gpt2	467730	3412508	3.25
2026-05-09T22:51:08+02:00	arity	gpt2	467730	3435212	3.28
2026-05-09T22:51:18+02:00	arity	gpt2	467730	3435212	3.28
2026-05-09T22:51:28+02:00	arity	gpt2	467730	3422276	3.26
2026-05-09T22:51:38+02:00	arity	gpt2	467730	3435212	3.28
2026-05-09T22:51:48+02:00	arity	gpt2	467730	3435212	3.28
2026-05-09T22:51:58+02:00	arity	gpt2	467730	3409868	3.25
2026-05-09T22:52:08+02:00	arity	gpt2	467730	3420164	3.26
2026-05-09T22:52:18+02:00	arity	gpt2	467730	3424388	3.27
2026-05-09T22:52:28+02:00	arity	gpt2	467730	3409076	3.25
2026-05-09T22:52:38+02:00	arity	gpt2	467730	3466468	3.31
2026-05-09T22:52:48+02:00	arity	gpt2	467730	3435212	3.28
2026-05-09T22:52:58+02:00	arity	gpt2	467730	3435212	3.28
2026-05-09T22:53:08+02:00	arity	gpt2	467730	3435212	3.28
2026-05-09T22:53:18+02:00	arity	gpt2	467730	3427820	3.27
2026-05-09T22:53:28+02:00	arity	gpt2	467730	3435212	3.28
2026-05-09T22:53:38+02:00	arity	gpt2	467730	3435212	3.28
2026-05-09T22:53:48+02:00	arity	gpt2	467730	3420164	3.26
2026-05-09T22:53:58+02:00	arity	gpt2	467730	3435212	3.28
2026-05-09T22:54:08+02:00	arity	gpt2	467730	3435212	3.28
2026-05-09T22:54:18+02:00	arity	gpt2	467730	3435212	3.28
2026-05-09T22:54:28+02:00	arity	gpt2	467730	3435212	3.28
2026-05-09T22:54:38+02:00	arity	gpt2	467730	3435212	3.28
2026-05-09T22:54:48+02:00	arity	gpt2	467730	3435212	3.28
2026-05-09T22:54:58+02:00	arity	gpt2	467730	3435212	3.28
2026-05-09T22:55:08+02:00	arity	gpt2	467730	3435212	3.28
2026-05-09T22:55:18+02:00	arity	gpt2	467730	3435212	3.28
2026-05-09T22:55:28+02:00	arity	gpt2	467730	3435212	3.28
2026-05-09T22:55:38+02:00	arity	gpt2	467730	3435212	3.28
2026-05-09T22:55:48+02:00	arity	gpt2	467730	3488492	3.33
2026-05-09T22:55:58+02:00	arity	gpt2	467730	3459820	3.30
2026-05-09T22:56:08+02:00	arity	gpt2	467730	3492060	3.33
2026-05-09T22:56:18+02:00	arity	gpt2	467730	3466956	3.31
2026-05-09T22:56:28+02:00	arity	gpt2	467730	3450836	3.29
2026-05-09T22:56:38+02:00	arity	gpt2	467730	3975508	3.79
2026-05-09T22:56:48+02:00	arity	gpt2	467730	3975636	3.79
2026-05-09T22:56:58+02:00	arity	gpt2	467730	3975516	3.79
2026-05-09T22:57:08+02:00	arity	gpt2	467730	3975636	3.79
2026-05-09T22:57:18+02:00	arity	gpt2	467730	3797668	3.62
2026-05-09T22:57:28+02:00	arity	gpt2	467730	3975468	3.79
2026-05-09T22:57:38+02:00	arity	gpt2	467730	4339752	4.14
2026-05-09T22:57:48+02:00	arity	gpt2	467730	3975536	3.79
2026-05-09T22:57:58+02:00	arity	gpt2	467730	4159928	3.97
2026-05-09T22:58:08+02:00	arity	gpt2	467730	3975616	3.79
2026-05-09T22:58:18+02:00	arity	gpt2	467730	3975480	3.79
2026-05-09T22:58:28+02:00	arity	gpt2	467730	3975692	3.79
2026-05-09T22:58:38+02:00	arity	gpt2	467730	3975548	3.79
2026-05-09T22:58:48+02:00	arity	gpt2	467730	3836140	3.66
2026-05-09T22:58:58+02:00	arity	gpt2	467730	3975608	3.79
2026-05-09T22:59:08+02:00	arity	gpt2	467730	4160004	3.97
2026-05-09T22:59:18+02:00	arity	gpt2	467730	3975548	3.79
2026-05-09T22:59:28+02:00	arity	gpt2	467730	3975592	3.79
2026-05-09T22:59:38+02:00	arity	gpt2	467730	3975504	3.79
2026-05-09T22:59:48+02:00	arity	gpt2	467730	3975492	3.79
2026-05-09T22:59:58+02:00	arity	gpt2	467730	3541700	3.38
2026-05-09T23:00:08+02:00	arity	gpt2	467730	3975508	3.79
2026-05-09T23:00:18+02:00	arity	gpt2	467730	4160092	3.97
2026-05-09T23:00:28+02:00	arity	gpt2	467730	3975516	3.79
2026-05-09T23:00:38+02:00	arity	gpt2	467730	3975660	3.79
2026-05-09T23:00:48+02:00	arity	gpt2	467730	3975544	3.79
2026-05-09T23:00:58+02:00	arity	gpt2	467730	3975592	3.79
2026-05-09T23:01:08+02:00	arity	gpt2	467730	3521456	3.36
2026-05-09T23:01:18+02:00	arity	gpt2	467730	3975484	3.79
2026-05-09T23:01:28+02:00	arity	gpt2	467730	4160084	3.97
2026-05-09T23:01:38+02:00	arity	gpt2	467730	3975692	3.79
2026-05-09T23:01:48+02:00	arity	gpt2	467730	3987808	3.80
2026-05-09T23:01:58+02:00	arity	gpt2	467730	3975436	3.79
2026-05-09T23:02:08+02:00	arity	gpt2	467730	3975488	3.79
2026-05-09T23:02:18+02:00	arity	gpt2	467730	4340072	4.14
2026-05-09T23:02:28+02:00	arity	gpt2	467730	3975548	3.79
2026-05-09T23:02:38+02:00	arity	gpt2	467730	4159920	3.97
2026-05-09T23:02:48+02:00	arity	gpt2	467730	3975600	3.79
2026-05-09T23:02:58+02:00	arity	gpt2	467730	3975456	3.79
2026-05-09T23:03:08+02:00	arity	gpt2	467730	3956400	3.77
2026-05-09T23:03:18+02:00	arity	gpt2	467730	3975460	3.79
2026-05-09T23:03:28+02:00	arity	gpt2	467730	4340332	4.14
2026-05-09T23:03:38+02:00	arity	gpt2	467730	3975544	3.79
2026-05-09T23:03:48+02:00	arity	gpt2	467730	4159892	3.97
2026-05-09T23:03:58+02:00	arity	gpt2	467730	3975564	3.79
2026-05-09T23:04:08+02:00	arity	gpt2	467730	3975692	3.79
2026-05-09T23:04:18+02:00	arity	gpt2	467730	3854544	3.68
2026-05-09T23:04:28+02:00	arity	gpt2	467730	3975548	3.79
2026-05-09T23:04:38+02:00	arity	gpt2	467730	4339576	4.14
2026-05-09T23:04:48+02:00	arity	gpt2	467730	3975548	3.79
2026-05-09T23:04:58+02:00	arity	gpt2	467730	3987656	3.80
2026-05-09T23:05:08+02:00	arity	gpt2	467730	3975452	3.79
2026-05-09T23:05:18+02:00	arity	gpt2	467730	3975508	3.79
2026-05-09T23:05:28+02:00	arity	gpt2	467730	3795476	3.62
2026-05-09T23:05:38+02:00	arity	gpt2	467730	3975536	3.79
2026-05-09T23:05:48+02:00	arity	gpt2	467730	4159884	3.97
2026-05-09T23:05:58+02:00	arity	gpt2	467730	3975532	3.79
2026-05-09T23:06:08+02:00	arity	gpt2	467730	3975620	3.79
2026-05-09T23:06:18+02:00	arity	gpt2	467730	3975532	3.79
2026-05-09T23:06:28+02:00	arity	gpt2	467730	3925768	3.74
2026-05-09T23:06:38+02:00	arity	gpt2	467730	3799676	3.62
2026-05-09T23:06:48+02:00	arity	gpt2	467730	3533700	3.37
2026-05-09T23:06:58+02:00	arity	gpt2	467730	3799624	3.62
2026-05-09T23:07:08+02:00	arity	gpt2	467730	3799688	3.62
2026-05-09T23:07:18+02:00	arity	gpt2	467730	3925856	3.74
2026-05-09T23:07:28+02:00	arity	gpt2	467730	3799736	3.62
2026-05-09T23:07:38+02:00	arity	gpt2	467730	3702724	3.53
2026-05-09T23:07:48+02:00	arity	gpt2	467730	3799788	3.62
2026-05-09T23:07:58+02:00	arity	gpt2	467730	3799576	3.62
2026-05-09T23:08:08+02:00	arity	gpt2	467730	3812476	3.64
2026-05-09T23:08:18+02:00	arity	gpt2	467730	3799636	3.62
2026-05-09T23:08:28+02:00	arity	gpt2	467730	3441028	3.28
2026-05-09T23:08:38+02:00	arity	gpt2	467730	3799688	3.62
2026-05-09T23:08:48+02:00	arity	gpt2	467730	3799732	3.62
2026-05-09T23:08:58+02:00	arity	gpt2	467730	3812088	3.64
2026-05-09T23:09:08+02:00	arity	gpt2	467730	3799528	3.62
2026-05-09T23:09:18+02:00	arity	gpt2	467730	3925916	3.74
2026-05-09T23:09:28+02:00	arity	gpt2	467730	3799612	3.62
2026-05-09T23:09:38+02:00	arity	gpt2	467730	3721336	3.55
2026-05-09T23:09:48+02:00	arity	gpt2	467730	3799644	3.62
2026-05-09T23:09:58+02:00	arity	gpt2	467730	3799752	3.62
2026-05-09T23:10:08+02:00	arity	gpt2	467730	3812152	3.64
2026-05-09T23:10:18+02:00	arity	gpt2	467730	3799696	3.62
2026-05-09T23:10:28+02:00	arity	gpt2	467730	3625940	3.46
2026-05-09T23:10:38+02:00	arity	gpt2	467730	3799528	3.62
2026-05-09T23:10:48+02:00	arity	gpt2	467730	3799668	3.62
2026-05-09T23:10:58+02:00	arity	gpt2	467730	3812108	3.64
2026-05-09T23:11:08+02:00	arity	gpt2	467730	3799548	3.62
2026-05-09T23:11:18+02:00	arity	gpt2	467730	4012396	3.83
2026-05-09T23:11:28+02:00	arity	gpt2	467730	3799588	3.62
2026-05-09T23:11:38+02:00	arity	gpt2	467730	3656568	3.49
2026-05-09T23:11:48+02:00	arity	gpt2	467730	3799576	3.62
2026-05-09T23:11:58+02:00	arity	gpt2	467730	3799680	3.62
2026-05-09T23:12:08+02:00	arity	gpt2	467730	3925804	3.74
2026-05-09T23:12:18+02:00	arity	gpt2	467730	3799608	3.62
2026-05-09T23:12:28+02:00	arity	gpt2	467730	3636084	3.47
2026-05-09T23:12:38+02:00	arity	gpt2	467730	3799620	3.62
2026-05-09T23:12:48+02:00	arity	gpt2	467730	3799740	3.62
2026-05-09T23:12:58+02:00	arity	gpt2	467730	3928348	3.75
2026-05-09T23:13:08+02:00	arity	gpt2	467730	3731204	3.56
2026-05-09T23:13:18+02:00	arity	gpt2	467730	3731396	3.56
2026-05-09T23:13:28+02:00	arity	gpt2	467730	3675392	3.51
2026-05-09T23:13:38+02:00	arity	gpt2	467730	3731252	3.56
2026-05-09T23:13:48+02:00	arity	gpt2	467730	3844152	3.67
2026-05-09T23:13:58+02:00	arity	gpt2	467730	3731220	3.56
2026-05-09T23:14:08+02:00	arity	gpt2	467730	3731428	3.56
2026-05-09T23:14:18+02:00	arity	gpt2	467730	3417736	3.26
2026-05-09T23:14:28+02:00	arity	gpt2	467730	3731224	3.56
2026-05-09T23:14:38+02:00	arity	gpt2	467730	3844164	3.67
2026-05-09T23:14:48+02:00	arity	gpt2	467730	3731252	3.56
2026-05-09T23:14:58+02:00	arity	gpt2	467730	3731420	3.56
2026-05-09T23:15:08+02:00	arity	gpt2	467730	3952412	3.77
2026-05-09T23:15:18+02:00	arity	gpt2	467730	3731364	3.56
2026-05-09T23:15:28+02:00	arity	gpt2	467730	3731384	3.56
2026-05-09T23:15:38+02:00	arity	gpt2	467730	3660436	3.49
2026-05-09T23:15:48+02:00	arity	gpt2	467730	3731328	3.56
2026-05-09T23:15:58+02:00	arity	gpt2	467730	3952412	3.77
2026-05-09T23:16:08+02:00	arity	gpt2	467730	3731344	3.56
2026-05-09T23:16:18+02:00	arity	gpt2	467730	3743688	3.57
2026-05-09T23:16:28+02:00	arity	gpt2	467730	3731364	3.56
2026-05-09T23:16:38+02:00	arity	gpt2	467730	3731316	3.56
2026-05-09T23:16:48+02:00	arity	gpt2	467730	3419884	3.26
2026-05-09T23:16:58+02:00	arity	gpt2	467730	3731312	3.56
2026-05-09T23:17:08+02:00	arity	gpt2	467730	3743688	3.57
2026-05-09T23:17:18+02:00	arity	gpt2	467730	3731348	3.56
2026-05-09T23:17:28+02:00	arity	gpt2	467730	3731260	3.56
2026-05-09T23:17:38+02:00	arity	gpt2	467730	3952288	3.77
2026-05-09T23:17:48+02:00	arity	gpt2	467730	3731240	3.56
2026-05-09T23:17:58+02:00	arity	gpt2	467730	3731436	3.56
2026-05-09T23:18:08+02:00	arity	gpt2	467730	3679252	3.51
2026-05-09T23:18:18+02:00	arity	gpt2	467730	3731424	3.56
2026-05-09T23:18:28+02:00	arity	gpt2	467730	3952228	3.77
2026-05-09T23:18:38+02:00	arity	gpt2	467730	3731412	3.56
2026-05-09T23:18:48+02:00	arity	gpt2	467730	3731360	3.56
2026-05-09T23:18:58+02:00	arity	gpt2	467730	3650492	3.48
2026-05-09T23:19:08+02:00	arity	gpt2	467730	3817656	3.64
2026-05-09T23:19:18+02:00	arity	gpt2	467730	3650536	3.48
2026-05-09T23:19:28+02:00	arity	gpt2	467730	3650524	3.48
2026-05-09T23:19:38+02:00	arity	gpt2	467730	3650456	3.48
2026-05-09T23:19:48+02:00	arity	gpt2	467730	3736340	3.56
2026-05-09T23:19:58+02:00	arity	gpt2	467730	3650512	3.48
2026-05-09T23:20:08+02:00	arity	gpt2	467730	3650476	3.48
2026-05-09T23:20:18+02:00	arity	gpt2	467730	3593360	3.43
2026-05-09T23:20:28+02:00	arity	gpt2	467730	3662880	3.49
2026-05-09T23:20:38+02:00	arity	gpt2	467730	3650440	3.48
2026-05-09T23:20:48+02:00	arity	gpt2	467730	3650400	3.48
2026-05-09T23:20:58+02:00	arity	gpt2	467730	3632680	3.46
2026-05-09T23:21:08+02:00	arity	gpt2	467730	3675236	3.50
2026-05-09T23:21:18+02:00	arity	gpt2	467730	3650392	3.48
2026-05-09T23:21:28+02:00	arity	gpt2	467730	3630008	3.46
2026-05-09T23:21:38+02:00	arity	gpt2	467730	3736480	3.56
2026-05-09T23:21:48+02:00	arity	gpt2	467730	3650372	3.48
2026-05-09T23:21:58+02:00	arity	gpt2	467730	3650580	3.48
2026-05-09T23:22:08+02:00	arity	gpt2	467730	3642616	3.47
2026-05-09T23:22:18+02:00	arity	gpt2	467730	3817172	3.64
2026-05-09T23:22:28+02:00	arity	gpt2	467730	3650568	3.48
2026-05-09T23:22:39+02:00	arity	gpt2	467730	3650528	3.48
2026-05-09T23:22:49+02:00	arity	gpt2	467730	3594272	3.43
2026-05-09T23:22:59+02:00	arity	gpt2	467730	3736340	3.56
2026-05-09T23:23:09+02:00	arity	gpt2	467730	3650556	3.48
2026-05-09T23:23:19+02:00	arity	gpt2	467730	3632876	3.46
2026-05-09T23:23:29+02:00	arity	gpt2	467730	3659160	3.49
2026-05-09T23:23:39+02:00	arity	gpt2	467730	3469508	3.31
2026-05-09T23:23:49+02:00	arity	gpt2	467730	3659232	3.49
2026-05-09T23:23:59+02:00	arity	gpt2	467730	3407460	3.25
2026-05-09T23:24:09+02:00	arity	gpt2	467730	3659328	3.49
2026-05-09T23:24:19+02:00	arity	gpt2	467730	3831540	3.65
2026-05-09T23:24:29+02:00	arity	gpt2	467730	3659148	3.49
2026-05-09T23:24:39+02:00	arity	gpt2	467730	3748020	3.57
2026-05-09T23:24:49+02:00	arity	gpt2	467730	3659272	3.49
2026-05-09T23:24:59+02:00	arity	gpt2	467730	3659224	3.49
2026-05-09T23:25:09+02:00	arity	gpt2	467730	3626184	3.46
2026-05-09T23:25:19+02:00	arity	gpt2	467730	3659324	3.49
2026-05-09T23:25:29+02:00	arity	gpt2	467730	3747948	3.57
2026-05-09T23:25:39+02:00	arity	gpt2	467730	3659176	3.49
2026-05-09T23:25:49+02:00	arity	gpt2	467730	3671500	3.50
2026-05-09T23:25:59+02:00	arity	gpt2	467730	3659316	3.49
2026-05-09T23:26:09+02:00	arity	gpt2	467730	3659252	3.49
2026-05-09T23:26:19+02:00	arity	gpt2	467730	3659236	3.49
2026-05-09T23:26:29+02:00	arity	gpt2	467730	3659168	3.49
2026-05-09T23:26:39+02:00	arity	gpt2	467730	3503316	3.34
2026-05-09T23:26:49+02:00	arity	gpt2	467730	3659260	3.49
2026-05-09T23:26:59+02:00	arity	gpt2	467730	3832028	3.65
2026-05-09T23:27:09+02:00	arity	gpt2	467730	3659368	3.49
2026-05-09T23:27:19+02:00	arity	gpt2	467730	3747964	3.57
2026-05-09T23:27:29+02:00	arity	gpt2	467730	3659200	3.49
2026-05-09T23:27:39+02:00	arity	gpt2	467730	3747828	3.57
2026-05-09T23:27:49+02:00	arity	gpt2	467730	3659304	3.49
2026-05-09T23:27:59+02:00	arity	gpt2	467730	3406624	3.25
2026-05-09T23:28:09+02:00	arity	gpt2	467730	3406624	3.25
2026-05-09T23:28:19+02:00	arity	gpt2	467730	3406624	3.25
2026-05-09T23:28:29+02:00	arity	gpt2	467730	3406624	3.25
2026-05-09T23:28:39+02:00	arity	gpt2	467730	3406624	3.25
2026-05-09T23:28:49+02:00	arity	gpt2	467730	3406624	3.25
2026-05-09T23:28:59+02:00	arity	gpt2	467730	3406624	3.25
2026-05-09T23:29:09+02:00	arity	gpt2	467730	3406624	3.25
2026-05-09T23:29:19+02:00	arity	gpt2	467730	3406624	3.25
2026-05-09T23:29:29+02:00	arity	gpt2	467730	3406624	3.25
2026-05-09T23:29:39+02:00	arity	gpt2	467730	3406624	3.25
2026-05-09T23:29:49+02:00	arity	gpt2	467730	3406624	3.25
2026-05-09T23:29:59+02:00	arity	gpt2	467730	3406624	3.25
2026-05-09T23:30:09+02:00	arity	gpt2	467730	3406624	3.25
2026-05-09T23:30:19+02:00	arity	gpt2	467730	3406624	3.25
2026-05-09T23:30:29+02:00	arity	gpt2	467730	3406624	3.25
2026-05-09T23:30:39+02:00	arity	gpt2	467730	3406624	3.25
2026-05-09T23:30:49+02:00	arity	gpt2	467730	3406624	3.25
2026-05-09T23:30:59+02:00	arity	gpt2	467730	3406624	3.25
2026-05-09T23:31:09+02:00	arity	gpt2	467730	3406624	3.25
2026-05-09T23:31:19+02:00	arity	gpt2	467730	3406624	3.25
2026-05-09T23:31:29+02:00	arity	gpt2	467730	3406624	3.25
2026-05-09T23:31:39+02:00	arity	gpt2	467730	3406624	3.25
2026-05-09T23:31:49+02:00	arity	gpt2	467730	3406624	3.25
2026-05-09T23:31:59+02:00	arity	gpt2	467730	3406624	3.25
2026-05-09T23:32:09+02:00	arity	gpt2	467730	3406624	3.25
2026-05-09T23:32:19+02:00	arity	gpt2	467730	3406624	3.25
2026-05-09T23:32:29+02:00	arity	gpt2	467730	3406624	3.25
2026-05-09T23:32:39+02:00	arity	gpt2	467730	3406624	3.25
2026-05-09T23:32:49+02:00	arity	gpt2	467730	3406624	3.25
2026-05-09T23:32:59+02:00	arity	gpt2	467730	3406624	3.25
2026-05-09T23:33:09+02:00	arity	gpt2	467730	3406624	3.25
2026-05-09T23:33:19+02:00	arity	gpt2	467730	3406624	3.25
2026-05-09T23:33:29+02:00	arity	gpt2	467730	3406624	3.25
2026-05-09T23:33:39+02:00	arity	gpt2	467730	3406624	3.25
2026-05-09T23:33:49+02:00	arity	gpt2	467730	3406624	3.25
2026-05-09T23:33:59+02:00	arity	gpt2	467730	3406624	3.25
2026-05-09T23:34:09+02:00	arity	gpt2	467730	3406624	3.25
2026-05-09T23:34:19+02:00	arity	gpt2	467730	3406624	3.25
2026-05-09T23:34:29+02:00	arity	gpt2	467730	3406624	3.25
2026-05-09T23:34:39+02:00	arity	gpt2	467730	3406624	3.25
2026-05-09T23:34:49+02:00	arity	gpt2	467730	3406624	3.25
2026-05-09T23:34:59+02:00	arity	gpt2	467730	3406624	3.25
2026-05-09T23:35:09+02:00	arity	gpt2	467730	3406624	3.25
2026-05-09T23:35:19+02:00	arity	gpt2	467730	3406624	3.25
2026-05-09T23:35:29+02:00	arity	gpt2	467730	3406624	3.25
2026-05-09T23:35:39+02:00	arity	gpt2	467730	3406624	3.25
2026-05-09T23:35:49+02:00	arity	gpt2	467730	3406624	3.25
2026-05-09T23:35:59+02:00	arity	gpt2	467730	3406624	3.25
2026-05-09T23:36:09+02:00	arity	gpt2	467730	3406624	3.25
2026-05-09T23:36:19+02:00	arity	gpt2	467730	3406624	3.25
2026-05-09T23:36:29+02:00	arity	gpt2	467730	3406624	3.25
2026-05-09T23:36:39+02:00	arity	gpt2	467730	3406624	3.25
2026-05-09T23:36:49+02:00	arity	gpt2	467730	3406624	3.25
2026-05-09T23:36:59+02:00	arity	gpt2	467730	3406624	3.25
2026-05-09T23:37:09+02:00	arity	gpt2	467730	3406624	3.25
