metric,iso,sf,vmf_kappa
iso,1.0,0.21842105263157896,-0.1791497975708502
sf,0.21842105263157896,1.0,0.37611336032388665
vmf_kappa,-0.1791497975708502,0.37611336032388665,1.0
